use super::{BitmapFont, BitmapGlyph};

static NOTO_SANS_CODEPOINTS: [u16; 410] = [
    0x0020, 0x0021, 0x0022, 0x0023, 0x0024, 0x0025, 0x0026, 0x0027, 0x0028, 0x0029, 0x002A, 0x002B,
    0x002C, 0x002D, 0x002E, 0x002F, 0x0030, 0x0031, 0x0032, 0x0033, 0x0034, 0x0035, 0x0036, 0x0037,
    0x0038, 0x0039, 0x003A, 0x003B, 0x003C, 0x003D, 0x003E, 0x003F, 0x0040, 0x0041, 0x0042, 0x0043,
    0x0044, 0x0045, 0x0046, 0x0047, 0x0048, 0x0049, 0x004A, 0x004B, 0x004C, 0x004D, 0x004E, 0x004F,
    0x0050, 0x0051, 0x0052, 0x0053, 0x0054, 0x0055, 0x0056, 0x0057, 0x0058, 0x0059, 0x005A, 0x005B,
    0x005C, 0x005D, 0x005E, 0x005F, 0x0060, 0x0061, 0x0062, 0x0063, 0x0064, 0x0065, 0x0066, 0x0067,
    0x0068, 0x0069, 0x006A, 0x006B, 0x006C, 0x006D, 0x006E, 0x006F, 0x0070, 0x0071, 0x0072, 0x0073,
    0x0074, 0x0075, 0x0076, 0x0077, 0x0078, 0x0079, 0x007A, 0x007B, 0x007C, 0x007D, 0x007E, 0x00A0,
    0x00A1, 0x00A2, 0x00A3, 0x00A4, 0x00A5, 0x00A6, 0x00A7, 0x00A8, 0x00A9, 0x00AA, 0x00AB, 0x00AC,
    0x00AD, 0x00AE, 0x00AF, 0x00B0, 0x00B1, 0x00B2, 0x00B3, 0x00B4, 0x00B5, 0x00B6, 0x00B7, 0x00B8,
    0x00B9, 0x00BA, 0x00BB, 0x00BC, 0x00BD, 0x00BE, 0x00BF, 0x00C0, 0x00C1, 0x00C2, 0x00C3, 0x00C4,
    0x00C5, 0x00C6, 0x00C7, 0x00C8, 0x00C9, 0x00CA, 0x00CB, 0x00CC, 0x00CD, 0x00CE, 0x00CF, 0x00D0,
    0x00D1, 0x00D2, 0x00D3, 0x00D4, 0x00D5, 0x00D6, 0x00D7, 0x00D8, 0x00D9, 0x00DA, 0x00DB, 0x00DC,
    0x00DD, 0x00DE, 0x00DF, 0x00E0, 0x00E1, 0x00E2, 0x00E3, 0x00E4, 0x00E5, 0x00E6, 0x00E7, 0x00E8,
    0x00E9, 0x00EA, 0x00EB, 0x00EC, 0x00ED, 0x00EE, 0x00EF, 0x00F0, 0x00F1, 0x00F2, 0x00F3, 0x00F4,
    0x00F5, 0x00F6, 0x00F7, 0x00F8, 0x00F9, 0x00FA, 0x00FB, 0x00FC, 0x00FD, 0x00FE, 0x00FF, 0x0100,
    0x0101, 0x0102, 0x0103, 0x0104, 0x0105, 0x0106, 0x0107, 0x0108, 0x0109, 0x010A, 0x010B, 0x010C,
    0x010D, 0x010E, 0x010F, 0x0110, 0x0111, 0x0112, 0x0113, 0x0114, 0x0115, 0x0116, 0x0117, 0x0118,
    0x0119, 0x011A, 0x011B, 0x011C, 0x011D, 0x011E, 0x011F, 0x0120, 0x0121, 0x0122, 0x0123, 0x0124,
    0x0125, 0x0126, 0x0127, 0x0128, 0x0129, 0x012A, 0x012B, 0x012C, 0x012D, 0x012E, 0x012F, 0x0130,
    0x0131, 0x0132, 0x0133, 0x0134, 0x0135, 0x0136, 0x0137, 0x0138, 0x0139, 0x013A, 0x013B, 0x013C,
    0x013D, 0x013E, 0x013F, 0x0140, 0x0141, 0x0142, 0x0143, 0x0144, 0x0145, 0x0146, 0x0147, 0x0148,
    0x0149, 0x014A, 0x014B, 0x014C, 0x014D, 0x014E, 0x014F, 0x0150, 0x0151, 0x0152, 0x0153, 0x0154,
    0x0155, 0x0156, 0x0157, 0x0158, 0x0159, 0x015A, 0x015B, 0x015C, 0x015D, 0x015E, 0x015F, 0x0160,
    0x0161, 0x0162, 0x0163, 0x0164, 0x0165, 0x0166, 0x0167, 0x0168, 0x0169, 0x016A, 0x016B, 0x016C,
    0x016D, 0x016E, 0x016F, 0x0170, 0x0171, 0x0172, 0x0173, 0x0174, 0x0175, 0x0176, 0x0177, 0x0178,
    0x0179, 0x017A, 0x017B, 0x017C, 0x017D, 0x017E, 0x017F, 0x2010, 0x2011, 0x2012, 0x2013, 0x2014,
    0x2015, 0x2016, 0x2017, 0x2018, 0x2019, 0x201A, 0x201B, 0x201C, 0x201D, 0x201E, 0x201F, 0x2020,
    0x2021, 0x2022, 0x2023, 0x2024, 0x2025, 0x2026, 0x2027, 0x2028, 0x2029, 0x202A, 0x202B, 0x202C,
    0x202D, 0x202E, 0x202F, 0x2030, 0x2031, 0x2032, 0x2033, 0x2034, 0x2035, 0x2036, 0x2037, 0x2038,
    0x2039, 0x203A, 0x20A0, 0x20A1, 0x20A2, 0x20A3, 0x20A4, 0x20A5, 0x20A6, 0x20A7, 0x20A8, 0x20A9,
    0x20AA, 0x20AB, 0x20AC, 0x20AD, 0x20AE, 0x20AF, 0x20B0, 0x20B1, 0x20B2, 0x20B3, 0x20B4, 0x20B5,
    0x20B6, 0x20B7, 0x20B8, 0x20B9, 0x20BA, 0x20BB, 0x20BC, 0x20BD, 0x20BE, 0x20BF, 0x20C0, 0x20C1,
    0x20C2, 0x20C3, 0x20C4, 0x20C5, 0x20C6, 0x20C7, 0x20C8, 0x20C9, 0x20CA, 0x20CB, 0x20CC, 0x20CD,
    0x20CE, 0x20CF,
];

static NOTO_SANS_14_REGULAR_GLYPHS: [BitmapGlyph; 410] = [
    BitmapGlyph::new(0, 0, 0, 0, 15, 4),
    BitmapGlyph::new(0, 2, 10, 1, 5, 4),
    BitmapGlyph::new(3, 5, 3, 0, 5, 6),
    BitmapGlyph::new(5, 9, 10, 0, 5, 9),
    BitmapGlyph::new(17, 8, 12, 0, 4, 8),
    BitmapGlyph::new(29, 11, 10, 0, 5, 12),
    BitmapGlyph::new(43, 11, 10, 0, 5, 10),
    BitmapGlyph::new(57, 3, 3, 0, 5, 3),
    BitmapGlyph::new(59, 4, 13, 0, 5, 4),
    BitmapGlyph::new(66, 4, 13, 0, 5, 4),
    BitmapGlyph::new(73, 8, 7, 0, 4, 8),
    BitmapGlyph::new(80, 8, 7, 0, 6, 8),
    BitmapGlyph::new(87, 3, 4, 0, 13, 4),
    BitmapGlyph::new(89, 4, 2, 0, 10, 5),
    BitmapGlyph::new(90, 2, 2, 1, 13, 4),
    BitmapGlyph::new(91, 6, 10, 0, 5, 5),
    BitmapGlyph::new(99, 8, 10, 0, 5, 8),
    BitmapGlyph::new(109, 4, 10, 1, 5, 8),
    BitmapGlyph::new(114, 8, 10, 0, 5, 8),
    BitmapGlyph::new(124, 8, 10, 0, 5, 8),
    BitmapGlyph::new(134, 8, 10, 0, 5, 8),
    BitmapGlyph::new(144, 8, 10, 0, 5, 8),
    BitmapGlyph::new(154, 8, 10, 0, 5, 8),
    BitmapGlyph::new(164, 8, 10, 0, 5, 8),
    BitmapGlyph::new(174, 8, 10, 0, 5, 8),
    BitmapGlyph::new(184, 8, 10, 0, 5, 8),
    BitmapGlyph::new(194, 2, 8, 1, 7, 4),
    BitmapGlyph::new(196, 3, 10, 0, 7, 4),
    BitmapGlyph::new(200, 8, 8, 0, 6, 8),
    BitmapGlyph::new(208, 8, 5, 0, 8, 8),
    BitmapGlyph::new(213, 8, 8, 0, 6, 8),
    BitmapGlyph::new(221, 6, 10, 0, 5, 6),
    BitmapGlyph::new(229, 12, 12, 0, 5, 13),
    BitmapGlyph::new(247, 9, 10, 0, 5, 9),
    BitmapGlyph::new(259, 8, 10, 1, 5, 9),
    BitmapGlyph::new(269, 9, 10, 0, 5, 9),
    BitmapGlyph::new(281, 9, 10, 1, 5, 10),
    BitmapGlyph::new(293, 6, 10, 1, 5, 8),
    BitmapGlyph::new(301, 6, 10, 1, 5, 7),
    BitmapGlyph::new(309, 10, 10, 0, 5, 10),
    BitmapGlyph::new(322, 8, 10, 1, 5, 10),
    BitmapGlyph::new(332, 5, 10, 0, 5, 5),
    BitmapGlyph::new(339, 5, 14, -2, 5, 4),
    BitmapGlyph::new(348, 8, 10, 1, 5, 9),
    BitmapGlyph::new(358, 6, 10, 1, 5, 7),
    BitmapGlyph::new(366, 11, 10, 1, 5, 13),
    BitmapGlyph::new(380, 9, 10, 1, 5, 11),
    BitmapGlyph::new(392, 11, 10, 0, 5, 11),
    BitmapGlyph::new(406, 7, 10, 1, 5, 8),
    BitmapGlyph::new(415, 11, 13, 0, 5, 11),
    BitmapGlyph::new(433, 8, 10, 1, 5, 9),
    BitmapGlyph::new(443, 8, 10, 0, 5, 8),
    BitmapGlyph::new(453, 8, 10, 0, 5, 8),
    BitmapGlyph::new(463, 8, 10, 1, 5, 10),
    BitmapGlyph::new(473, 9, 10, 0, 5, 8),
    BitmapGlyph::new(485, 13, 10, 0, 5, 13),
    BitmapGlyph::new(502, 9, 10, 0, 5, 8),
    BitmapGlyph::new(514, 8, 10, 0, 5, 8),
    BitmapGlyph::new(524, 8, 10, 0, 5, 8),
    BitmapGlyph::new(534, 4, 14, 1, 5, 5),
    BitmapGlyph::new(541, 6, 10, 0, 5, 5),
    BitmapGlyph::new(549, 4, 14, 0, 5, 5),
    BitmapGlyph::new(556, 8, 7, 0, 4, 8),
    BitmapGlyph::new(563, 8, 2, -1, 16, 6),
    BitmapGlyph::new(565, 4, 3, 0, 3, 4),
    BitmapGlyph::new(567, 7, 8, 0, 7, 8),
    BitmapGlyph::new(574, 7, 11, 1, 4, 9),
    BitmapGlyph::new(584, 7, 8, 0, 7, 7),
    BitmapGlyph::new(591, 8, 11, 0, 4, 9),
    BitmapGlyph::new(602, 8, 8, 0, 7, 8),
    BitmapGlyph::new(610, 6, 11, 0, 4, 5),
    BitmapGlyph::new(619, 8, 12, 0, 7, 9),
    BitmapGlyph::new(631, 7, 11, 1, 4, 9),
    BitmapGlyph::new(641, 2, 11, 1, 4, 4),
    BitmapGlyph::new(644, 4, 15, -1, 4, 4),
    BitmapGlyph::new(652, 7, 11, 1, 4, 7),
    BitmapGlyph::new(662, 2, 11, 1, 4, 4),
    BitmapGlyph::new(665, 11, 8, 1, 7, 13),
    BitmapGlyph::new(676, 7, 8, 1, 7, 9),
    BitmapGlyph::new(683, 8, 8, 0, 7, 8),
    BitmapGlyph::new(691, 7, 12, 1, 7, 9),
    BitmapGlyph::new(702, 8, 12, 0, 7, 9),
    BitmapGlyph::new(714, 5, 8, 1, 7, 6),
    BitmapGlyph::new(719, 7, 8, 0, 7, 7),
    BitmapGlyph::new(726, 5, 10, 0, 5, 5),
    BitmapGlyph::new(733, 7, 8, 1, 7, 9),
    BitmapGlyph::new(740, 8, 8, 0, 7, 7),
    BitmapGlyph::new(748, 11, 8, 0, 7, 11),
    BitmapGlyph::new(759, 8, 8, 0, 7, 7),
    BitmapGlyph::new(767, 8, 12, 0, 7, 7),
    BitmapGlyph::new(779, 7, 8, 0, 7, 7),
    BitmapGlyph::new(786, 5, 14, 0, 5, 5),
    BitmapGlyph::new(795, 2, 15, 3, 4, 8),
    BitmapGlyph::new(799, 5, 14, 0, 5, 5),
    BitmapGlyph::new(808, 8, 3, 0, 9, 8),
    BitmapGlyph::new(811, 0, 0, 0, 15, 4),
    BitmapGlyph::new(811, 2, 10, 1, 7, 4),
    BitmapGlyph::new(814, 6, 10, 1, 5, 8),
    BitmapGlyph::new(822, 8, 10, 0, 5, 8),
    BitmapGlyph::new(832, 8, 8, 0, 6, 8),
    BitmapGlyph::new(840, 8, 10, 0, 5, 8),
    BitmapGlyph::new(850, 2, 15, 3, 4, 8),
    BitmapGlyph::new(854, 7, 11, 0, 4, 7),
    BitmapGlyph::new(864, 5, 2, 2, 4, 8),
    BitmapGlyph::new(866, 11, 12, 0, 4, 12),
    BitmapGlyph::new(883, 5, 4, 0, 5, 5),
    BitmapGlyph::new(886, 7, 7, 0, 8, 7),
    BitmapGlyph::new(893, 8, 5, 0, 9, 8),
    BitmapGlyph::new(898, 4, 2, 0, 10, 5),
    BitmapGlyph::new(899, 11, 12, 0, 4, 12),
    BitmapGlyph::new(916, 9, 2, -1, 3, 7),
    BitmapGlyph::new(919, 6, 6, 0, 4, 6),
    BitmapGlyph::new(924, 8, 9, 0, 6, 8),
    BitmapGlyph::new(933, 5, 6, 0, 3, 5),
    BitmapGlyph::new(937, 5, 6, 0, 3, 5),
    BitmapGlyph::new(941, 4, 3, 0, 3, 4),
    BitmapGlyph::new(943, 7, 12, 1, 7, 9),
    BitmapGlyph::new(954, 8, 14, 0, 4, 9),
    BitmapGlyph::new(968, 2, 2, 1, 9, 4),
    BitmapGlyph::new(969, 3, 4, 0, 15, 3),
    BitmapGlyph::new(971, 4, 6, 0, 3, 5),
    BitmapGlyph::new(974, 5, 5, 0, 5, 5),
    BitmapGlyph::new(978, 7, 7, 0, 8, 7),
    BitmapGlyph::new(985, 11, 10, 0, 5, 10),
    BitmapGlyph::new(999, 11, 11, 0, 5, 11),
    BitmapGlyph::new(1015, 11, 11, 0, 4, 11),
    BitmapGlyph::new(1031, 6, 12, 0, 7, 6),
    BitmapGlyph::new(1040, 9, 14, 0, 1, 9),
    BitmapGlyph::new(1056, 9, 14, 0, 1, 9),
    BitmapGlyph::new(1072, 9, 14, 0, 1, 9),
    BitmapGlyph::new(1088, 9, 13, 0, 2, 9),
    BitmapGlyph::new(1103, 9, 13, 0, 2, 9),
    BitmapGlyph::new(1118, 9, 13, 0, 2, 9),
    BitmapGlyph::new(1133, 13, 10, -1, 5, 12),
    BitmapGlyph::new(1150, 9, 14, 0, 5, 9),
    BitmapGlyph::new(1166, 6, 14, 1, 1, 8),
    BitmapGlyph::new(1177, 6, 14, 1, 1, 8),
    BitmapGlyph::new(1188, 6, 14, 1, 1, 8),
    BitmapGlyph::new(1199, 6, 13, 1, 2, 8),
    BitmapGlyph::new(1209, 5, 14, 0, 1, 5),
    BitmapGlyph::new(1218, 5, 14, 0, 1, 5),
    BitmapGlyph::new(1227, 5, 14, 0, 1, 5),
    BitmapGlyph::new(1236, 5, 13, 0, 2, 5),
    BitmapGlyph::new(1245, 10, 10, 0, 5, 10),
    BitmapGlyph::new(1258, 9, 13, 1, 2, 11),
    BitmapGlyph::new(1273, 11, 14, 0, 1, 11),
    BitmapGlyph::new(1293, 11, 14, 0, 1, 11),
    BitmapGlyph::new(1313, 11, 14, 0, 1, 11),
    BitmapGlyph::new(1333, 11, 13, 0, 2, 11),
    BitmapGlyph::new(1351, 11, 13, 0, 2, 11),
    BitmapGlyph::new(1369, 8, 8, 0, 6, 8),
    BitmapGlyph::new(1377, 11, 12, 0, 4, 11),
    BitmapGlyph::new(1394, 8, 14, 1, 1, 10),
    BitmapGlyph::new(1408, 8, 14, 1, 1, 10),
    BitmapGlyph::new(1422, 8, 14, 1, 1, 10),
    BitmapGlyph::new(1436, 8, 13, 1, 2, 10),
    BitmapGlyph::new(1449, 8, 14, 0, 1, 8),
    BitmapGlyph::new(1463, 7, 10, 1, 5, 8),
    BitmapGlyph::new(1472, 8, 11, 1, 4, 9),
    BitmapGlyph::new(1483, 7, 12, 0, 3, 8),
    BitmapGlyph::new(1494, 7, 12, 0, 3, 8),
    BitmapGlyph::new(1505, 7, 12, 0, 3, 8),
    BitmapGlyph::new(1516, 7, 11, 0, 4, 8),
    BitmapGlyph::new(1526, 7, 11, 0, 4, 8),
    BitmapGlyph::new(1536, 7, 12, 0, 3, 8),
    BitmapGlyph::new(1547, 12, 8, 0, 7, 12),
    BitmapGlyph::new(1559, 7, 12, 0, 7, 7),
    BitmapGlyph::new(1570, 8, 12, 0, 3, 8),
    BitmapGlyph::new(1582, 8, 12, 0, 3, 8),
    BitmapGlyph::new(1594, 8, 12, 0, 3, 8),
    BitmapGlyph::new(1606, 8, 11, 0, 4, 8),
    BitmapGlyph::new(1617, 4, 12, -1, 3, 4),
    BitmapGlyph::new(1623, 3, 12, 1, 3, 4),
    BitmapGlyph::new(1628, 6, 12, -1, 3, 4),
    BitmapGlyph::new(1637, 5, 11, -1, 4, 4),
    BitmapGlyph::new(1644, 8, 12, 0, 3, 8),
    BitmapGlyph::new(1656, 7, 11, 1, 4, 9),
    BitmapGlyph::new(1666, 8, 12, 0, 3, 8),
    BitmapGlyph::new(1678, 8, 12, 0, 3, 8),
    BitmapGlyph::new(1690, 8, 12, 0, 3, 8),
    BitmapGlyph::new(1702, 8, 11, 0, 4, 8),
    BitmapGlyph::new(1713, 8, 11, 0, 4, 8),
    BitmapGlyph::new(1724, 8, 7, 0, 6, 8),
    BitmapGlyph::new(1731, 8, 10, 0, 6, 8),
    BitmapGlyph::new(1741, 7, 12, 1, 3, 9),
    BitmapGlyph::new(1752, 7, 12, 1, 3, 9),
    BitmapGlyph::new(1763, 7, 12, 1, 3, 9),
    BitmapGlyph::new(1774, 7, 11, 1, 4, 9),
    BitmapGlyph::new(1784, 8, 16, 0, 3, 7),
    BitmapGlyph::new(1800, 7, 15, 1, 4, 9),
    BitmapGlyph::new(1814, 8, 15, 0, 4, 7),
    BitmapGlyph::new(1829, 9, 12, 0, 3, 9),
    BitmapGlyph::new(1843, 7, 10, 0, 5, 8),
    BitmapGlyph::new(1852, 9, 13, 0, 2, 9),
    BitmapGlyph::new(1867, 7, 11, 0, 4, 8),
    BitmapGlyph::new(1877, 9, 14, 0, 5, 9),
    BitmapGlyph::new(1893, 8, 12, 0, 7, 8),
    BitmapGlyph::new(1905, 9, 14, 0, 1, 9),
    BitmapGlyph::new(1921, 7, 12, 0, 3, 7),
    BitmapGlyph::new(1932, 9, 14, 0, 1, 9),
    BitmapGlyph::new(1948, 7, 12, 0, 3, 7),
    BitmapGlyph::new(1959, 9, 13, 0, 2, 9),
    BitmapGlyph::new(1974, 7, 11, 0, 4, 7),
    BitmapGlyph::new(1984, 9, 14, 0, 1, 9),
    BitmapGlyph::new(2000, 7, 12, 0, 3, 7),
    BitmapGlyph::new(2011, 9, 14, 1, 1, 10),
    BitmapGlyph::new(2027, 10, 11, 0, 4, 9),
    BitmapGlyph::new(2041, 10, 10, 0, 5, 10),
    BitmapGlyph::new(2054, 9, 11, 0, 4, 9),
    BitmapGlyph::new(2067, 6, 12, 1, 3, 8),
    BitmapGlyph::new(2076, 8, 10, 0, 5, 8),
    BitmapGlyph::new(2086, 6, 13, 1, 2, 8),
    BitmapGlyph::new(2096, 8, 11, 0, 4, 8),
    BitmapGlyph::new(2107, 6, 13, 1, 2, 8),
    BitmapGlyph::new(2117, 8, 11, 0, 4, 8),
    BitmapGlyph::new(2128, 6, 14, 1, 5, 8),
    BitmapGlyph::new(2139, 8, 12, 0, 7, 8),
    BitmapGlyph::new(2151, 6, 14, 1, 1, 8),
    BitmapGlyph::new(2162, 8, 12, 0, 3, 8),
    BitmapGlyph::new(2174, 10, 14, 0, 1, 10),
    BitmapGlyph::new(2192, 8, 16, 0, 3, 9),
    BitmapGlyph::new(2208, 10, 13, 0, 2, 10),
    BitmapGlyph::new(2225, 8, 15, 0, 4, 9),
    BitmapGlyph::new(2240, 10, 13, 0, 2, 10),
    BitmapGlyph::new(2257, 8, 15, 0, 4, 9),
    BitmapGlyph::new(2272, 10, 13, 0, 5, 10),
    BitmapGlyph::new(2289, 8, 15, 0, 4, 9),
    BitmapGlyph::new(2304, 8, 14, 1, 1, 10),
    BitmapGlyph::new(2318, 9, 15, -1, 0, 9),
    BitmapGlyph::new(2335, 11, 10, 0, 5, 10),
    BitmapGlyph::new(2349, 8, 11, 0, 4, 9),
    BitmapGlyph::new(2360, 6, 13, -1, 2, 5),
    BitmapGlyph::new(2370, 6, 11, -1, 4, 4),
    BitmapGlyph::new(2379, 5, 12, 0, 3, 5),
    BitmapGlyph::new(2387, 5, 10, -1, 5, 4),
    BitmapGlyph::new(2394, 5, 13, 0, 2, 5),
    BitmapGlyph::new(2403, 5, 11, -1, 4, 4),
    BitmapGlyph::new(2410, 5, 14, 0, 5, 5),
    BitmapGlyph::new(2419, 3, 15, 0, 4, 4),
    BitmapGlyph::new(2425, 5, 13, 0, 2, 5),
    BitmapGlyph::new(2434, 2, 8, 1, 7, 4),
    BitmapGlyph::new(2436, 8, 14, 0, 5, 9),
    BitmapGlyph::new(2450, 6, 15, 1, 4, 7),
    BitmapGlyph::new(2462, 7, 18, -2, 1, 4),
    BitmapGlyph::new(2478, 6, 16, -1, 3, 4),
    BitmapGlyph::new(2490, 8, 13, 1, 5, 9),
    BitmapGlyph::new(2503, 7, 14, 1, 4, 7),
    BitmapGlyph::new(2516, 7, 8, 1, 7, 7),
    BitmapGlyph::new(2523, 6, 14, 1, 1, 7),
    BitmapGlyph::new(2534, 3, 15, 1, 0, 4),
    BitmapGlyph::new(2540, 6, 13, 1, 5, 7),
    BitmapGlyph::new(2550, 3, 14, 0, 4, 4),
    BitmapGlyph::new(2556, 6, 10, 1, 5, 7),
    BitmapGlyph::new(2564, 4, 11, 1, 4, 4),
    BitmapGlyph::new(2570, 6, 10, 1, 5, 7),
    BitmapGlyph::new(2578, 4, 11, 1, 4, 4),
    BitmapGlyph::new(2584, 7, 10, 0, 5, 7),
    BitmapGlyph::new(2593, 5, 11, -1, 4, 4),
    BitmapGlyph::new(2600, 9, 14, 1, 1, 11),
    BitmapGlyph::new(2616, 7, 12, 1, 3, 9),
    BitmapGlyph::new(2627, 9, 13, 1, 5, 11),
    BitmapGlyph::new(2642, 7, 11, 1, 7, 9),
    BitmapGlyph::new(2652, 9, 14, 1, 1, 11),
    BitmapGlyph::new(2668, 7, 12, 1, 3, 9),
    BitmapGlyph::new(2679, 9, 10, 0, 5, 10),
    BitmapGlyph::new(2691, 9, 14, 1, 5, 11),
    BitmapGlyph::new(2707, 7, 12, 1, 7, 9),
    BitmapGlyph::new(2718, 11, 12, 0, 3, 11),
    BitmapGlyph::new(2735, 8, 10, 0, 5, 8),
    BitmapGlyph::new(2745, 11, 13, 0, 2, 11),
    BitmapGlyph::new(2763, 8, 11, 0, 4, 8),
    BitmapGlyph::new(2774, 11, 14, 0, 1, 11),
    BitmapGlyph::new(2794, 8, 12, 0, 3, 8),
    BitmapGlyph::new(2806, 13, 10, 0, 5, 13),
    BitmapGlyph::new(2823, 13, 8, 0, 7, 13),
    BitmapGlyph::new(2836, 8, 14, 1, 1, 9),
    BitmapGlyph::new(2850, 5, 12, 1, 3, 6),
    BitmapGlyph::new(2858, 8, 13, 1, 5, 9),
    BitmapGlyph::new(2871, 6, 11, 0, 7, 6),
    BitmapGlyph::new(2880, 8, 14, 1, 1, 9),
    BitmapGlyph::new(2894, 5, 12, 1, 3, 6),
    BitmapGlyph::new(2902, 8, 14, 0, 1, 8),
    BitmapGlyph::new(2916, 7, 12, 0, 3, 7),
    BitmapGlyph::new(2927, 8, 14, 0, 1, 8),
    BitmapGlyph::new(2941, 7, 12, 0, 3, 7),
    BitmapGlyph::new(2952, 8, 14, 0, 5, 8),
    BitmapGlyph::new(2966, 7, 12, 0, 7, 7),
    BitmapGlyph::new(2977, 8, 14, 0, 1, 8),
    BitmapGlyph::new(2991, 7, 12, 0, 3, 7),
    BitmapGlyph::new(3002, 8, 14, 0, 5, 8),
    BitmapGlyph::new(3016, 5, 14, 0, 5, 5),
    BitmapGlyph::new(3025, 8, 14, 0, 1, 8),
    BitmapGlyph::new(3039, 7, 11, 0, 4, 5),
    BitmapGlyph::new(3049, 8, 10, 0, 5, 8),
    BitmapGlyph::new(3059, 5, 10, 0, 5, 5),
    BitmapGlyph::new(3066, 8, 13, 1, 2, 10),
    BitmapGlyph::new(3079, 7, 11, 1, 4, 9),
    BitmapGlyph::new(3089, 8, 12, 1, 3, 10),
    BitmapGlyph::new(3101, 7, 10, 1, 5, 9),
    BitmapGlyph::new(3110, 8, 13, 1, 2, 10),
    BitmapGlyph::new(3123, 7, 11, 1, 4, 9),
    BitmapGlyph::new(3133, 8, 14, 1, 1, 10),
    BitmapGlyph::new(3147, 7, 12, 1, 3, 9),
    BitmapGlyph::new(3158, 8, 14, 1, 1, 10),
    BitmapGlyph::new(3172, 7, 12, 1, 3, 9),
    BitmapGlyph::new(3183, 8, 14, 1, 5, 10),
    BitmapGlyph::new(3197, 7, 12, 1, 7, 9),
    BitmapGlyph::new(3208, 13, 14, 0, 1, 13),
    BitmapGlyph::new(3231, 11, 12, 0, 3, 11),
    BitmapGlyph::new(3248, 8, 14, 0, 1, 8),
    BitmapGlyph::new(3262, 8, 16, 0, 3, 7),
    BitmapGlyph::new(3278, 8, 13, 0, 2, 8),
    BitmapGlyph::new(3291, 8, 14, 0, 1, 8),
    BitmapGlyph::new(3305, 7, 12, 0, 3, 7),
    BitmapGlyph::new(3316, 8, 13, 0, 2, 8),
    BitmapGlyph::new(3329, 7, 11, 0, 4, 7),
    BitmapGlyph::new(3339, 8, 14, 0, 1, 8),
    BitmapGlyph::new(3353, 7, 12, 0, 3, 7),
    BitmapGlyph::new(3364, 5, 11, 1, 4, 5),
    BitmapGlyph::new(3371, 4, 2, 0, 10, 5),
    BitmapGlyph::new(3372, 4, 2, 0, 10, 5),
    BitmapGlyph::new(3373, 8, 2, 0, 9, 8),
    BitmapGlyph::new(3375, 7, 2, 0, 10, 7),
    BitmapGlyph::new(3377, 14, 2, 0, 10, 14),
    BitmapGlyph::new(3381, 14, 2, 0, 10, 14),
    BitmapGlyph::new(3385, 5, 15, 1, 4, 8),
    BitmapGlyph::new(3395, 7, 4, -1, 15, 6),
    BitmapGlyph::new(3399, 3, 3, 0, 5, 2),
    BitmapGlyph::new(3401, 3, 3, 0, 5, 2),
    BitmapGlyph::new(3403, 3, 3, 0, 13, 4),
    BitmapGlyph::new(3405, 3, 3, 0, 5, 2),
    BitmapGlyph::new(3407, 5, 3, 0, 5, 5),
    BitmapGlyph::new(3409, 5, 3, 0, 5, 5),
    BitmapGlyph::new(3411, 6, 3, 0, 13, 6),
    BitmapGlyph::new(3414, 5, 3, 0, 5, 5),
    BitmapGlyph::new(3416, 7, 11, 0, 4, 7),
    BitmapGlyph::new(3426, 7, 11, 0, 4, 7),
    BitmapGlyph::new(3436, 4, 4, 1, 7, 5),
    BitmapGlyph::new(3438, 5, 5, 0, 7, 5),
    BitmapGlyph::new(3442, 3, 2, 2, 13, 7),
    BitmapGlyph::new(3443, 6, 2, 1, 13, 8),
    BitmapGlyph::new(3445, 10, 2, 1, 13, 11),
    BitmapGlyph::new(3448, 2, 2, 1, 10, 4),
    BitmapGlyph::new(3449, 0, 0, 0, 15, 8),
    BitmapGlyph::new(3449, 0, 0, 0, 15, 8),
    BitmapGlyph::new(3449, 4, 12, -1, 6, 1),
    BitmapGlyph::new(3455, 4, 12, -3, 6, 1),
    BitmapGlyph::new(3461, 4, 12, -2, 5, 1),
    BitmapGlyph::new(3467, 4, 13, -2, 5, 1),
    BitmapGlyph::new(3474, 4, 13, -2, 5, 1),
    BitmapGlyph::new(3481, 0, 0, 0, 15, 2),
    BitmapGlyph::new(3481, 16, 10, 0, 5, 16),
    BitmapGlyph::new(3501, 21, 10, 0, 5, 22),
    BitmapGlyph::new(3528, 4, 4, 0, 5, 3),
    BitmapGlyph::new(3530, 7, 4, 0, 5, 6),
    BitmapGlyph::new(3534, 9, 3, 0, 5, 8),
    BitmapGlyph::new(3538, 4, 4, -1, 5, 3),
    BitmapGlyph::new(3540, 6, 4, -1, 5, 6),
    BitmapGlyph::new(3543, 9, 4, -1, 5, 8),
    BitmapGlyph::new(3548, 6, 5, 0, 14, 6),
    BitmapGlyph::new(3552, 4, 7, 0, 8, 4),
    BitmapGlyph::new(3556, 4, 7, 0, 8, 4),
    BitmapGlyph::new(3560, 8, 10, 0, 5, 8),
    BitmapGlyph::new(3570, 8, 12, 0, 4, 8),
    BitmapGlyph::new(3582, 8, 10, 0, 5, 8),
    BitmapGlyph::new(3592, 8, 10, 0, 5, 8),
    BitmapGlyph::new(3602, 8, 10, 0, 5, 8),
    BitmapGlyph::new(3612, 11, 12, 1, 5, 13),
    BitmapGlyph::new(3629, 8, 10, 0, 5, 8),
    BitmapGlyph::new(3639, 10, 10, 1, 5, 11),
    BitmapGlyph::new(3652, 11, 10, 1, 5, 12),
    BitmapGlyph::new(3666, 10, 10, 0, 5, 9),
    BitmapGlyph::new(3679, 10, 10, 1, 5, 11),
    BitmapGlyph::new(3692, 9, 14, 0, 4, 9),
    BitmapGlyph::new(3708, 8, 10, 0, 5, 8),
    BitmapGlyph::new(3718, 9, 10, 0, 5, 8),
    BitmapGlyph::new(3730, 8, 10, 0, 5, 8),
    BitmapGlyph::new(3740, 14, 14, 0, 5, 14),
    BitmapGlyph::new(3765, 8, 14, 0, 5, 8),
    BitmapGlyph::new(3779, 8, 10, 0, 5, 8),
    BitmapGlyph::new(3789, 10, 12, 0, 4, 10),
    BitmapGlyph::new(3804, 9, 10, 0, 5, 9),
    BitmapGlyph::new(3816, 8, 10, 0, 5, 8),
    BitmapGlyph::new(3826, 9, 12, 0, 4, 9),
    BitmapGlyph::new(3840, 9, 10, 0, 5, 9),
    BitmapGlyph::new(3852, 10, 11, 0, 5, 10),
    BitmapGlyph::new(3866, 8, 10, 0, 5, 8),
    BitmapGlyph::new(3876, 6, 10, 1, 5, 8),
    BitmapGlyph::new(3884, 8, 10, 0, 5, 8),
    BitmapGlyph::new(3894, 11, 10, 0, 5, 11),
    BitmapGlyph::new(3908, 11, 10, 0, 5, 11),
    BitmapGlyph::new(3922, 8, 10, 0, 5, 8),
    BitmapGlyph::new(3932, 9, 12, 0, 3, 9),
    BitmapGlyph::new(3946, 7, 14, 1, 3, 8),
    BitmapGlyph::new(3959, 7, 10, 1, 5, 8),
    BitmapGlyph::new(3968, 7, 10, 1, 5, 8),
    BitmapGlyph::new(3977, 7, 10, 1, 5, 8),
    BitmapGlyph::new(3986, 7, 10, 1, 5, 8),
    BitmapGlyph::new(3995, 7, 10, 1, 5, 8),
    BitmapGlyph::new(4004, 7, 10, 1, 5, 8),
    BitmapGlyph::new(4013, 7, 10, 1, 5, 8),
    BitmapGlyph::new(4022, 7, 10, 1, 5, 8),
    BitmapGlyph::new(4031, 7, 10, 1, 5, 8),
    BitmapGlyph::new(4040, 7, 10, 1, 5, 8),
    BitmapGlyph::new(4049, 7, 10, 1, 5, 8),
    BitmapGlyph::new(4058, 7, 10, 1, 5, 8),
    BitmapGlyph::new(4067, 7, 10, 1, 5, 8),
    BitmapGlyph::new(4076, 7, 10, 1, 5, 8),
    BitmapGlyph::new(4085, 7, 10, 1, 5, 8),
    BitmapGlyph::new(4094, 7, 10, 1, 5, 8),
];

static NOTO_SANS_14_REGULAR_BITMAP: [u8; 4103] = [
    0xFF, 0xE8, 0xF0, 0x5A, 0xD2, 0x1A, 0x09, 0x04, 0x8F, 0xF3, 0x61, 0xB3, 0xFC, 0x48, 0x24, 0x12,
    0x00, 0x18, 0x3C, 0x7E, 0x58, 0x78, 0x3C, 0x1E, 0x1A, 0x1E, 0x7C, 0x18, 0x18, 0x70, 0x8B, 0x21,
    0x24, 0x25, 0xE5, 0xF6, 0xEA, 0x43, 0x48, 0x49, 0x19, 0x62, 0x18, 0x3C, 0x04, 0xC0, 0x98, 0x1E,
    0x03, 0x80, 0xD9, 0x91, 0xA2, 0x1C, 0x67, 0x87, 0x98, 0x49, 0x00, 0x32, 0x64, 0x44, 0xCC, 0x44,
    0x62, 0x30, 0x46, 0x22, 0x33, 0x33, 0x32, 0x26, 0x40, 0x18, 0x10, 0x7E, 0x7E, 0x38, 0x2C, 0x00,
    0x18, 0x18, 0x18, 0x7E, 0x18, 0x18, 0x18, 0x69, 0x20, 0xF0, 0xF0, 0x08, 0x61, 0x0C, 0x30, 0x86,
    0x10, 0x43, 0x00, 0x3C, 0x66, 0x42, 0x42, 0x42, 0x42, 0x42, 0x42, 0x66, 0x3C, 0x37, 0xD1, 0x11,
    0x11, 0x11, 0x3C, 0x66, 0x06, 0x06, 0x04, 0x0C, 0x18, 0x30, 0x60, 0x7E, 0x7C, 0x46, 0x06, 0x06,
    0x3C, 0x06, 0x02, 0x02, 0x46, 0x7C, 0x0C, 0x0C, 0x14, 0x34, 0x64, 0x44, 0xFF, 0x06, 0x04, 0x04,
    0x7E, 0x60, 0x60, 0x7C, 0x06, 0x02, 0x02, 0x02, 0x46, 0x7C, 0x1E, 0x30, 0x60, 0x5C, 0x66, 0x42,
    0x42, 0x42, 0x66, 0x3C, 0xFE, 0x02, 0x06, 0x04, 0x0C, 0x08, 0x18, 0x18, 0x30, 0x30, 0x3C, 0x66,
    0x42, 0x66, 0x3C, 0x3C, 0x42, 0x42, 0x66, 0x3C, 0x3C, 0x66, 0x42, 0x42, 0x66, 0x3E, 0x02, 0x06,
    0x0C, 0x78, 0xF0, 0x0F, 0x6C, 0x00, 0x1A, 0x58, 0x00, 0x06, 0x1C, 0x70, 0x60, 0x1C, 0x06, 0x00,
    0x7E, 0x00, 0x00, 0x7E, 0x00, 0x00, 0x60, 0x38, 0x0E, 0x06, 0x38, 0x60, 0x00, 0x78, 0x30, 0xC3,
    0x18, 0xC2, 0x00, 0x20, 0x80, 0x0F, 0x81, 0x8E, 0x27, 0xA6, 0xDB, 0x49, 0x94, 0x99, 0x49, 0xB4,
    0xEE, 0x60, 0x03, 0x00, 0x1F, 0x80, 0x00, 0x08, 0x0E, 0x05, 0x06, 0xC3, 0x61, 0x11, 0xFC, 0xC6,
    0xC1, 0x60, 0xC0, 0xFC, 0xC6, 0xC2, 0xC6, 0xFC, 0xC6, 0xC2, 0xC2, 0xC6, 0xFC, 0x1F, 0x18, 0x98,
    0x0C, 0x04, 0x02, 0x01, 0x80, 0xC0, 0x30, 0x0F, 0x80, 0xFC, 0x63, 0x30, 0xD8, 0x2C, 0x16, 0x0B,
    0x05, 0x86, 0xC6, 0x7E, 0x00, 0xFF, 0x0C, 0x30, 0xFF, 0x0C, 0x30, 0xC3, 0xF0, 0xFF, 0x0C, 0x30,
    0xFF, 0x0C, 0x30, 0xC3, 0x00, 0x1F, 0x8C, 0x06, 0x01, 0x80, 0x43, 0x90, 0x26, 0x09, 0x82, 0x30,
    0x87, 0xE0, 0xC1, 0xC1, 0xC1, 0xC1, 0xFF, 0xC1, 0xC1, 0xC1, 0xC1, 0xC1, 0x71, 0x08, 0x42, 0x10,
    0x84, 0x23, 0x80, 0x18, 0xC6, 0x31, 0x8C, 0x63, 0x18, 0xC6, 0x27, 0x00, 0xC6, 0xC4, 0xC8, 0xD0,
    0xF0, 0xF0, 0xD8, 0xCC, 0xC6, 0xC2, 0xC3, 0x0C, 0x30, 0xC3, 0x0C, 0x30, 0xC3, 0xF0, 0xE0, 0xDC,
    0x1B, 0x87, 0x78, 0xAD, 0x15, 0xA6, 0xB6, 0x96, 0x72, 0xCC, 0x59, 0x88, 0xC1, 0x70, 0xBC, 0x5E,
    0x2D, 0x96, 0x4B, 0x35, 0x8E, 0xC3, 0x61, 0x80, 0x1F, 0x06, 0x31, 0x83, 0x30, 0x64, 0x04, 0x80,
    0x98, 0x33, 0x06, 0x31, 0x83, 0xE0, 0xFD, 0x9B, 0x1E, 0x3C, 0x5F, 0xB0, 0x60, 0xC1, 0x80, 0x1F,
    0x06, 0x31, 0x83, 0x30, 0x64, 0x04, 0x80, 0x98, 0x33, 0x06, 0x31, 0x83, 0xE0, 0x0C, 0x00, 0xC0,
    0x08, 0xFC, 0xC4, 0xC6, 0xC6, 0xC4, 0xF8, 0xC8, 0xCC, 0xC6, 0xC2, 0x3E, 0x60, 0x40, 0x60, 0x38,
    0x1C, 0x06, 0x02, 0x46, 0x7C, 0xFF, 0x18, 0x18, 0x18, 0x18, 0x18, 0x18, 0x18, 0x18, 0x18, 0xC1,
    0xC1, 0xC1, 0xC1, 0xC1, 0xC1, 0xC1, 0xC3, 0x66, 0x3C, 0xC1, 0x61, 0x90, 0xCC, 0x46, 0x61, 0x30,
    0xD0, 0x38, 0x18, 0x0C, 0x00, 0xC2, 0x1E, 0x38, 0xD1, 0xC4, 0x8A, 0x26, 0xDB, 0x36, 0xD0, 0xA2,
    0x87, 0x1C, 0x38, 0xE0, 0x82, 0x00, 0xC3, 0x31, 0x09, 0x07, 0x81, 0x80, 0xC0, 0xF0, 0x4C, 0x42,
    0x61, 0x80, 0xC3, 0x42, 0x66, 0x24, 0x3C, 0x18, 0x18, 0x18, 0x18, 0x18, 0x7E, 0x06, 0x04, 0x0C,
    0x18, 0x10, 0x30, 0x60, 0x60, 0xFF, 0xE8, 0x88, 0x88, 0x88, 0x88, 0x88, 0xE0, 0xC1, 0x04, 0x18,
    0x20, 0xC3, 0x04, 0x18, 0x20, 0xF3, 0x33, 0x33, 0x33, 0x33, 0x33, 0xF0, 0x00, 0x18, 0x38, 0x24,
    0x24, 0x42, 0x42, 0x7E, 0x00, 0x46, 0x20, 0x3C, 0x0C, 0x19, 0xF6, 0x68, 0xD3, 0xBD, 0xC1, 0x83,
    0x07, 0xCC, 0x58, 0xF1, 0xE3, 0xC7, 0x8A, 0xE0, 0x3C, 0xC1, 0x02, 0x04, 0x08, 0x18, 0x1E, 0x03,
    0x03, 0x03, 0x3F, 0x67, 0x43, 0x43, 0x43, 0x43, 0x67, 0x3F, 0x3C, 0x66, 0x42, 0x7E, 0x40, 0x40,
    0x62, 0x3E, 0x38, 0x86, 0x3E, 0x61, 0x86, 0x18, 0x61, 0x86, 0x00, 0x3F, 0x67, 0x43, 0x43, 0x43,
    0x43, 0x67, 0x3F, 0x03, 0x02, 0x46, 0x7C, 0xC1, 0x83, 0x07, 0xEC, 0x58, 0xF1, 0xE3, 0xC7, 0x8F,
    0x18, 0x83, 0xFF, 0xFC, 0x20, 0x03, 0x33, 0x33, 0x33, 0x33, 0x32, 0xE0, 0xC1, 0x83, 0x06, 0x6D,
    0x9E, 0x38, 0x78, 0xD9, 0x93, 0x30, 0xFF, 0xFF, 0xFC, 0xB9, 0xD9, 0xCF, 0x10, 0xE2, 0x1C, 0x43,
    0x88, 0x71, 0x0E, 0x21, 0xBD, 0x8B, 0x1E, 0x3C, 0x78, 0xF1, 0xE3, 0x3C, 0x66, 0x43, 0x43, 0x43,
    0x43, 0x66, 0x3C, 0xB9, 0x9B, 0x1E, 0x3C, 0x78, 0xF3, 0x7E, 0xC1, 0x83, 0x06, 0x00, 0x3F, 0x67,
    0x43, 0x43, 0x43, 0x43, 0x67, 0x3F, 0x03, 0x03, 0x03, 0x03, 0xBF, 0x31, 0x8C, 0x63, 0x18, 0x7C,
    0x81, 0x03, 0x81, 0xC0, 0x93, 0x3C, 0x23, 0x3E, 0xC6, 0x31, 0x8C, 0x61, 0xC0, 0x87, 0x0E, 0x1C,
    0x38, 0x78, 0xF3, 0xBF, 0xC6, 0xC6, 0x44, 0x6C, 0x6C, 0x28, 0x38, 0x18, 0xC4, 0x79, 0xCD, 0x39,
    0x25, 0x27, 0xBC, 0xE7, 0x8C, 0x61, 0x8C, 0x46, 0x64, 0x38, 0x18, 0x38, 0x2C, 0x64, 0xC6, 0xC2,
    0xC6, 0x44, 0x64, 0x2C, 0x28, 0x38, 0x18, 0x10, 0x30, 0x30, 0xE0, 0x7C, 0x18, 0x60, 0x83, 0x0C,
    0x10, 0x7E, 0x19, 0x88, 0x42, 0x13, 0x0C, 0x21, 0x08, 0x61, 0x80, 0xFF, 0xFF, 0xFF, 0xFC, 0xC3,
    0x08, 0x42, 0x18, 0x66, 0x21, 0x08, 0x4E, 0x00, 0x70, 0x5E, 0x00, 0xF2, 0xBF, 0xF0, 0x3D, 0x8C,
    0x30, 0xC3, 0x04, 0x1F, 0x10, 0x40, 0x1E, 0x30, 0x20, 0x20, 0xFC, 0x20, 0x20, 0x20, 0x60, 0xFF,
    0x00, 0x7E, 0x66, 0x42, 0x42, 0x66, 0x7E, 0x00, 0xC3, 0x42, 0x66, 0x24, 0x18, 0x7E, 0x18, 0x7E,
    0x18, 0x18, 0xFF, 0xF0, 0x3F, 0xFC, 0x3C, 0xC9, 0x81, 0xC6, 0xC8, 0x99, 0x0E, 0x04, 0x89, 0xE0,
    0x90, 0x00, 0x1F, 0x06, 0x31, 0xBD, 0x24, 0x15, 0x82, 0xB0, 0x56, 0x0A, 0x41, 0x6F, 0x46, 0x18,
    0x7C, 0x00, 0x00, 0x73, 0xB4, 0xE0, 0x00, 0x49, 0xA2, 0xC6, 0xC6, 0x80, 0x00, 0x7E, 0x02, 0x02,
    0x02, 0x00, 0xF0, 0x1F, 0x06, 0x31, 0xB9, 0x25, 0x94, 0x92, 0x9C, 0x52, 0x8A, 0x59, 0x69, 0x46,
    0x18, 0x7C, 0x00, 0x00, 0x7F, 0x00, 0x00, 0x31, 0x24, 0x92, 0x78, 0x00, 0x18, 0x18, 0x18, 0x7E,
    0x18, 0x18, 0x18, 0x00, 0x7E, 0x70, 0x84, 0x44, 0x78, 0x70, 0x9C, 0x31, 0xF8, 0x26, 0x40, 0xC7,
    0x8F, 0x1E, 0x3C, 0x78, 0xF3, 0xFF, 0xC1, 0x83, 0x06, 0x00, 0x3F, 0x7D, 0x7D, 0x7D, 0x7D, 0x7D,
    0x7D, 0x1D, 0x05, 0x05, 0x05, 0x05, 0x05, 0x00, 0xF0, 0x4C, 0xF0, 0x66, 0x22, 0x22, 0x76, 0x62,
    0x97, 0x00, 0x00, 0x90, 0xB1, 0xB6, 0xCB, 0x00, 0x00, 0x61, 0x8C, 0x20, 0x8C, 0x11, 0x02, 0x4C,
    0x5B, 0x82, 0x70, 0x96, 0x13, 0xC4, 0x18, 0x61, 0x1C, 0x60, 0x88, 0x13, 0x02, 0x5C, 0x50, 0x86,
    0x10, 0x84, 0x21, 0x04, 0x78, 0x00, 0x00, 0x70, 0x82, 0x10, 0x44, 0x39, 0x81, 0x20, 0x2D, 0xBD,
    0x30, 0x6A, 0x0B, 0x42, 0x7C, 0x41, 0x00, 0x10, 0x40, 0x04, 0x10, 0xC6, 0x30, 0xC3, 0x07, 0xC0,
    0x10, 0x0C, 0x02, 0x00, 0x00, 0x80, 0xE0, 0x50, 0x6C, 0x36, 0x11, 0x1F, 0xCC, 0x6C, 0x16, 0x0C,
    0x04, 0x06, 0x02, 0x00, 0x00, 0x80, 0xE0, 0x50, 0x6C, 0x36, 0x11, 0x1F, 0xCC, 0x6C, 0x16, 0x0C,
    0x08, 0x0E, 0x0D, 0x80, 0x00, 0x80, 0xE0, 0x50, 0x6C, 0x36, 0x11, 0x1F, 0xCC, 0x6C, 0x16, 0x0C,
    0x3A, 0x17, 0x00, 0x01, 0x01, 0xC0, 0xA0, 0xD8, 0x6C, 0x22, 0x3F, 0x98, 0xD8, 0x2C, 0x18, 0x14,
    0x00, 0x00, 0x01, 0x01, 0xC0, 0xA0, 0xD8, 0x6C, 0x22, 0x3F, 0x98, 0xD8, 0x2C, 0x18, 0x1C, 0x0A,
    0x07, 0x01, 0x01, 0xC0, 0xA0, 0xD8, 0x6C, 0x22, 0x3F, 0x98, 0xD8, 0x2C, 0x18, 0x07, 0xF8, 0x2C,
    0x03, 0x60, 0x1B, 0x01, 0x9F, 0x0C, 0xC0, 0x7E, 0x06, 0x30, 0x21, 0x83, 0x0F, 0xC0, 0x1F, 0x18,
    0x98, 0x0C, 0x04, 0x02, 0x01, 0x80, 0xC0, 0x30, 0x0F, 0x80, 0x01, 0x80, 0x60, 0x60, 0x20, 0xC1,
    0x00, 0xFF, 0x0C, 0x30, 0xFF, 0x0C, 0x30, 0xC3, 0xF0, 0x08, 0x61, 0x00, 0xFF, 0x0C, 0x30, 0xFF,
    0x0C, 0x30, 0xC3, 0xF0, 0x10, 0xE4, 0x80, 0xFF, 0x0C, 0x30, 0xFF, 0x0C, 0x30, 0xC3, 0xF0, 0x68,
    0x00, 0x3F, 0xC3, 0x0C, 0x3F, 0xC3, 0x0C, 0x30, 0xFC, 0x43, 0x08, 0x07, 0x10, 0x84, 0x21, 0x08,
    0x42, 0x38, 0x11, 0x88, 0x07, 0x10, 0x84, 0x21, 0x08, 0x42, 0x38, 0x23, 0xB6, 0x07, 0x10, 0x84,
    0x21, 0x08, 0x42, 0x38, 0xD0, 0x00, 0xE2, 0x10, 0x84, 0x21, 0x08, 0x47, 0x00, 0x7E, 0x18, 0xC6,
    0x19, 0x82, 0xF8, 0x98, 0x26, 0x09, 0x86, 0x63, 0x1F, 0x80, 0x3A, 0x17, 0x00, 0x18, 0x2E, 0x17,
    0x8B, 0xC5, 0xB2, 0xC9, 0x66, 0xB1, 0xD8, 0x6C, 0x30, 0x08, 0x01, 0x80, 0x10, 0x00, 0x01, 0xF0,
    0x63, 0x18, 0x33, 0x06, 0x40, 0x48, 0x09, 0x83, 0x30, 0x63, 0x18, 0x3E, 0x00, 0x02, 0x00, 0xC0,
    0x10, 0x00, 0x01, 0xF0, 0x63, 0x18, 0x33, 0x06, 0x40, 0x48, 0x09, 0x83, 0x30, 0x63, 0x18, 0x3E,
    0x00, 0x04, 0x01, 0xC0, 0x6C, 0x00, 0x01, 0xF0, 0x63, 0x18, 0x33, 0x06, 0x40, 0x48, 0x09, 0x83,
    0x30, 0x63, 0x18, 0x3E, 0x00, 0x1D, 0x02, 0xE0, 0x00, 0x0F, 0x83, 0x18, 0xC1, 0x98, 0x32, 0x02,
    0x40, 0x4C, 0x19, 0x83, 0x18, 0xC1, 0xF0, 0x0A, 0x00, 0x00, 0x00, 0x0F, 0x83, 0x18, 0xC1, 0x98,
    0x32, 0x02, 0x40, 0x4C, 0x19, 0x83, 0x18, 0xC1, 0xF0, 0x00, 0x42, 0x24, 0x18, 0x18, 0x24, 0x42,
    0x00, 0x00, 0x03, 0xF0, 0xC6, 0x30, 0xE6, 0x2C, 0x8C, 0x93, 0x13, 0x46, 0x70, 0xC6, 0x31, 0xFC,
    0x00, 0x00, 0x10, 0x10, 0x08, 0x00, 0xC1, 0xC1, 0xC1, 0xC1, 0xC1, 0xC1, 0xC1, 0xC3, 0x66, 0x3C,
    0x04, 0x0C, 0x18, 0x00, 0xC1, 0xC1, 0xC1, 0xC1, 0xC1, 0xC1, 0xC1, 0xC3, 0x66, 0x3C, 0x08, 0x1C,
    0x24, 0x00, 0xC1, 0xC1, 0xC1, 0xC1, 0xC1, 0xC1, 0xC1, 0xC3, 0x66, 0x3C, 0x24, 0x00, 0x00, 0xC1,
    0xC1, 0xC1, 0xC1, 0xC1, 0xC1, 0xC1, 0xC3, 0x66, 0x3C, 0x04, 0x0C, 0x18, 0x00, 0xC3, 0x42, 0x66,
    0x24, 0x3C, 0x18, 0x18, 0x18, 0x18, 0x18, 0xC1, 0xF3, 0x36, 0x3C, 0x78, 0xF3, 0x7C, 0xC1, 0x80,
    0x78, 0xC4, 0xC4, 0xCC, 0xD8, 0xD8, 0xCC, 0xC6, 0xC2, 0xC2, 0xDC, 0x20, 0x20, 0x60, 0x03, 0xC0,
    0xC1, 0x9F, 0x66, 0x8D, 0x3B, 0xD0, 0x04, 0x18, 0x60, 0x03, 0xC0, 0xC1, 0x9F, 0x66, 0x8D, 0x3B,
    0xD0, 0x10, 0x70, 0x90, 0x03, 0xC0, 0xC1, 0x9F, 0x66, 0x8D, 0x3B, 0xD0, 0x32, 0xF8, 0x01, 0xE0,
    0x60, 0xCF, 0xB3, 0x46, 0x9D, 0xE8, 0x24, 0x00, 0x01, 0xE0, 0x60, 0xCF, 0xB3, 0x46, 0x9D, 0xE8,
    0x18, 0x78, 0x60, 0x03, 0xC0, 0xC1, 0x9F, 0x66, 0x8D, 0x3B, 0xD0, 0x3D, 0xC0, 0x66, 0x06, 0x23,
    0xFE, 0x66, 0x04, 0x60, 0x4F, 0x27, 0x9E, 0x3C, 0xC1, 0x02, 0x04, 0x08, 0x18, 0x1E, 0x00, 0x30,
    0x20, 0xC0, 0x30, 0x10, 0x08, 0x00, 0x3C, 0x66, 0x42, 0x7E, 0x40, 0x40, 0x62, 0x3E, 0x04, 0x0C,
    0x18, 0x00, 0x3C, 0x66, 0x42, 0x7E, 0x40, 0x40, 0x62, 0x3E, 0x18, 0x18, 0x24, 0x00, 0x3C, 0x66,
    0x42, 0x7E, 0x40, 0x40, 0x62, 0x3E, 0x24, 0x00, 0x00, 0x3C, 0x66, 0x42, 0x7E, 0x40, 0x40, 0x62,
    0x3E, 0x46, 0x30, 0x33, 0x33, 0x33, 0x33, 0x2B, 0x0D, 0xB6, 0xDB, 0x60, 0x21, 0xC4, 0x80, 0x30,
    0xC3, 0x0C, 0x30, 0xC3, 0x0C, 0x48, 0x00, 0x63, 0x18, 0xC6, 0x31, 0x8C, 0x00, 0x1E, 0x1C, 0x36,
    0x02, 0x3E, 0x67, 0x43, 0x43, 0x43, 0x66, 0x3C, 0x74, 0xB8, 0x05, 0xEC, 0x58, 0xF1, 0xE3, 0xC7,
    0x8F, 0x18, 0x10, 0x18, 0x08, 0x00, 0x3C, 0x66, 0x43, 0x43, 0x43, 0x43, 0x66, 0x3C, 0x04, 0x0C,
    0x08, 0x00, 0x3C, 0x66, 0x43, 0x43, 0x43, 0x43, 0x66, 0x3C, 0x08, 0x1C, 0x24, 0x00, 0x3C, 0x66,
    0x43, 0x43, 0x43, 0x43, 0x66, 0x3C, 0x32, 0x2C, 0x00, 0x3C, 0x66, 0x43, 0x43, 0x43, 0x43, 0x66,
    0x3C, 0x34, 0x00, 0x00, 0x3C, 0x66, 0x43, 0x43, 0x43, 0x43, 0x66, 0x3C, 0x18, 0x18, 0x00, 0x7E,
    0x00, 0x18, 0x18, 0x00, 0x3E, 0x66, 0x47, 0x4B, 0x5B, 0x73, 0x66, 0x7C, 0x00, 0x20, 0x60, 0x40,
    0x08, 0x70, 0xE1, 0xC3, 0x87, 0x8F, 0x3B, 0xF0, 0x08, 0x30, 0x40, 0x08, 0x70, 0xE1, 0xC3, 0x87,
    0x8F, 0x3B, 0xF0, 0x10, 0x71, 0xB0, 0x08, 0x70, 0xE1, 0xC3, 0x87, 0x8F, 0x3B, 0xF0, 0x68, 0x00,
    0x04, 0x38, 0x70, 0xE1, 0xC3, 0xC7, 0x9D, 0xF8, 0x08, 0x08, 0x10, 0x00, 0xC2, 0xC6, 0x44, 0x64,
    0x2C, 0x28, 0x38, 0x18, 0x10, 0x30, 0x30, 0xE0, 0xC1, 0x83, 0x07, 0xEC, 0x58, 0xF1, 0xE3, 0xC7,
    0x8B, 0xF6, 0x0C, 0x18, 0x30, 0x00, 0x28, 0x00, 0x00, 0xC2, 0xC6, 0x44, 0x64, 0x2C, 0x28, 0x38,
    0x18, 0x10, 0x30, 0x30, 0xE0, 0x3E, 0x00, 0x02, 0x03, 0x81, 0x41, 0xB0, 0xD8, 0x44, 0x7F, 0x31,
    0xB0, 0x58, 0x30, 0x3C, 0x00, 0xF0, 0x30, 0x67, 0xD9, 0xA3, 0x4E, 0xF4, 0x22, 0x0E, 0x00, 0x01,
    0x01, 0xC0, 0xA0, 0xD8, 0x6C, 0x22, 0x3F, 0x98, 0xD8, 0x2C, 0x18, 0x24, 0x78, 0x01, 0xE0, 0x60,
    0xCF, 0xB3, 0x46, 0x9D, 0xE8, 0x08, 0x0E, 0x05, 0x06, 0xC3, 0x61, 0x11, 0xFC, 0xC6, 0xC1, 0x60,
    0xC0, 0x40, 0x20, 0x18, 0x00, 0x3C, 0x06, 0x06, 0x3E, 0x66, 0x46, 0x4E, 0x7E, 0x04, 0x04, 0x06,
    0x00, 0x02, 0x03, 0x01, 0x00, 0x01, 0xF1, 0x89, 0x80, 0xC0, 0x40, 0x20, 0x18, 0x0C, 0x03, 0x00,
    0xF8, 0x04, 0x18, 0x60, 0x03, 0xCC, 0x10, 0x20, 0x40, 0x81, 0x81, 0xE0, 0x04, 0x07, 0x06, 0xC0,
    0x01, 0xF1, 0x89, 0x80, 0xC0, 0x40, 0x20, 0x18, 0x0C, 0x03, 0x00, 0xF8, 0x18, 0x30, 0x90, 0x03,
    0xCC, 0x10, 0x20, 0x40, 0x81, 0x81, 0xE0, 0x04, 0x00, 0x00, 0x03, 0xE3, 0x13, 0x01, 0x80, 0x80,
    0x40, 0x30, 0x18, 0x06, 0x01, 0xF0, 0x18, 0x00, 0x01, 0xE6, 0x08, 0x10, 0x20, 0x40, 0xC0, 0xF0,
    0x10, 0x0D, 0x03, 0x00, 0x01, 0xF1, 0x89, 0x80, 0xC0, 0x40, 0x20, 0x18, 0x0C, 0x03, 0x00, 0xF8,
    0x04, 0x78, 0x60, 0x03, 0xCC, 0x10, 0x20, 0x40, 0x81, 0x81, 0xE0, 0x20, 0x1E, 0x06, 0x00, 0x0F,
    0xC6, 0x33, 0x0D, 0x82, 0xC1, 0x60, 0xB0, 0x58, 0x6C, 0x67, 0xE0, 0x03, 0xC0, 0xE0, 0x30, 0xFC,
    0x67, 0x10, 0xC4, 0x31, 0x0C, 0x43, 0x19, 0xC3, 0xF0, 0x7E, 0x18, 0xC6, 0x19, 0x82, 0xF8, 0x98,
    0x26, 0x09, 0x86, 0x63, 0x1F, 0x80, 0x03, 0x0F, 0xC0, 0xC7, 0xE6, 0x72, 0x19, 0x0C, 0x86, 0x43,
    0x33, 0x8F, 0xC0, 0x78, 0x0F, 0xF0, 0xC3, 0x0F, 0xF0, 0xC3, 0x0C, 0x3F, 0x3C, 0x00, 0x3C, 0x66,
    0x42, 0x7E, 0x40, 0x40, 0x62, 0x3E, 0x48, 0xE0, 0x3F, 0xC3, 0x0C, 0x3F, 0xC3, 0x0C, 0x30, 0xFC,
    0x24, 0x3C, 0x00, 0x3C, 0x66, 0x42, 0x7E, 0x40, 0x40, 0x62, 0x3E, 0x10, 0x00, 0x3F, 0xC3, 0x0C,
    0x3F, 0xC3, 0x0C, 0x30, 0xFC, 0x18, 0x00, 0x00, 0x3C, 0x66, 0x42, 0x7E, 0x40, 0x40, 0x62, 0x3E,
    0xFF, 0x0C, 0x30, 0xFF, 0x0C, 0x30, 0xC3, 0xF0, 0x82, 0x0C, 0x00, 0x3C, 0x66, 0x62, 0x42, 0x7E,
    0x40, 0x60, 0x3E, 0x04, 0x0C, 0x0C, 0x06, 0x41, 0xE3, 0x00, 0xFF, 0x0C, 0x30, 0xFF, 0x0C, 0x30,
    0xC3, 0xF0, 0x24, 0x3C, 0x18, 0x00, 0x3C, 0x66, 0x42, 0x7E, 0x40, 0x40, 0x62, 0x3E, 0x04, 0x03,
    0x81, 0xB0, 0x00, 0x1F, 0x8C, 0x06, 0x01, 0x80, 0x43, 0x90, 0x26, 0x09, 0x82, 0x30, 0x87, 0xE0,
    0x08, 0x1C, 0x24, 0x00, 0x3F, 0x67, 0x43, 0x43, 0x43, 0x43, 0x67, 0x3F, 0x03, 0x02, 0x46, 0x7C,
    0x09, 0x03, 0x80, 0x00, 0x7E, 0x30, 0x18, 0x06, 0x01, 0x0E, 0x40, 0x98, 0x26, 0x08, 0xC2, 0x1F,
    0x80, 0x24, 0x3C, 0x00, 0x3F, 0x67, 0x43, 0x43, 0x43, 0x43, 0x67, 0x3F, 0x03, 0x02, 0x46, 0x7C,
    0x04, 0x00, 0x00, 0x00, 0x7E, 0x30, 0x18, 0x06, 0x01, 0x0E, 0x40, 0x98, 0x26, 0x08, 0xC2, 0x1F,
    0x80, 0x18, 0x00, 0x00, 0x3F, 0x67, 0x43, 0x43, 0x43, 0x43, 0x67, 0x3F, 0x03, 0x02, 0x46, 0x7C,
    0x1F, 0x8C, 0x06, 0x01, 0x80, 0x43, 0x90, 0x26, 0x09, 0x82, 0x30, 0x87, 0xE0, 0x00, 0x10, 0x04,
    0x00, 0x08, 0x18, 0x00, 0x3F, 0x67, 0x43, 0x43, 0x43, 0x43, 0x67, 0x3F, 0x03, 0x02, 0x46, 0x7C,
    0x08, 0x1C, 0x24, 0x00, 0xC1, 0xC1, 0xC1, 0xC1, 0xFF, 0xC1, 0xC1, 0xC1, 0xC1, 0xC1, 0x20, 0x38,
    0x12, 0x00, 0x03, 0x01, 0x80, 0xC0, 0x7E, 0x31, 0x18, 0xCC, 0x66, 0x33, 0x19, 0x8C, 0xC6, 0x60,
    0x9F, 0xF9, 0x82, 0x30, 0x47, 0xF8, 0xC1, 0x18, 0x23, 0x04, 0x60, 0x8C, 0x10, 0x60, 0xF8, 0x60,
    0x7E, 0x62, 0x63, 0x63, 0x63, 0x63, 0x63, 0x63, 0x75, 0x70, 0x0E, 0x10, 0x41, 0x04, 0x10, 0x41,
    0x04, 0x38, 0x6A, 0xE0, 0x0C, 0x30, 0xC3, 0x0C, 0x30, 0xC3, 0x00, 0xF8, 0x1C, 0x42, 0x10, 0x84,
    0x21, 0x08, 0xE0, 0x78, 0x0C, 0x63, 0x18, 0xC6, 0x31, 0x80, 0x93, 0x80, 0xE2, 0x10, 0x84, 0x21,
    0x08, 0x47, 0x00, 0x4B, 0x80, 0x63, 0x18, 0xC6, 0x31, 0x8C, 0x71, 0x08, 0x42, 0x10, 0x84, 0x23,
    0x88, 0x43, 0x00, 0x40, 0x36, 0xDB, 0x6D, 0xAD, 0xC0, 0x20, 0x00, 0xE2, 0x10, 0x84, 0x21, 0x08,
    0x47, 0x00, 0xFF, 0xFF, 0x72, 0x22, 0x22, 0x22, 0x22, 0x22, 0x22, 0x22, 0x22, 0x72, 0x02, 0x02,
    0x0E, 0x00, 0x88, 0x00, 0x32, 0xCB, 0x2C, 0xB2, 0xCB, 0x2C, 0x82, 0x08, 0x63, 0x00, 0x10, 0x70,
    0x90, 0x01, 0x83, 0x06, 0x0C, 0x18, 0x30, 0x60, 0xC1, 0x83, 0x06, 0x08, 0x70, 0x00, 0x21, 0xC4,
    0x80, 0x30, 0xC3, 0x0C, 0x30, 0xC3, 0x0C, 0x30, 0xC2, 0x38, 0xC6, 0xC4, 0xC8, 0xD0, 0xF0, 0xF0,
    0xD8, 0xCC, 0xC6, 0xC2, 0x00, 0x10, 0x10, 0xC1, 0x83, 0x06, 0x6D, 0x9E, 0x38, 0x78, 0xD9, 0x93,
    0x30, 0x03, 0x04, 0x00, 0xCD, 0xB3, 0x47, 0x8F, 0x1B, 0x32, 0x66, 0x21, 0x8C, 0x00, 0xC3, 0x0C,
    0x30, 0xC3, 0x0C, 0x30, 0xC3, 0xF0, 0x2B, 0x0D, 0xB6, 0xDB, 0x6D, 0xB0, 0xC3, 0x0C, 0x30, 0xC3,
    0x0C, 0x30, 0xC3, 0xF0, 0x04, 0x20, 0x6D, 0xB6, 0xDB, 0x6D, 0x86, 0x80, 0xC7, 0x2C, 0x30, 0xC3,
    0x0C, 0x30, 0xC3, 0xF0, 0xFE, 0xCC, 0xCC, 0xCC, 0xCC, 0xC0, 0xC3, 0x0C, 0x30, 0xCB, 0x0C, 0x30,
    0xC3, 0xF0, 0xCC, 0xCC, 0xEC, 0xCC, 0xCC, 0xC0, 0x60, 0xC1, 0x83, 0x07, 0x8C, 0x38, 0x30, 0x60,
    0xFC, 0x21, 0x08, 0x43, 0x19, 0x84, 0x21, 0x08, 0x04, 0x06, 0x02, 0x00, 0x0C, 0x17, 0x0B, 0xC5,
    0xE2, 0xD9, 0x64, 0xB3, 0x58, 0xEC, 0x36, 0x18, 0x08, 0x30, 0x40, 0x0B, 0xD8, 0xB1, 0xE3, 0xC7,
    0x8F, 0x1E, 0x30, 0xC1, 0x70, 0xBC, 0x5E, 0x2D, 0x96, 0x4B, 0x35, 0x8E, 0xC3, 0x61, 0x80, 0x01,
    0x01, 0x80, 0xBD, 0x8B, 0x1E, 0x3C, 0x78, 0xF1, 0xE3, 0x00, 0x20, 0xC0, 0x20, 0x1A, 0x06, 0x00,
    0x0C, 0x17, 0x0B, 0xC5, 0xE2, 0xD9, 0x64, 0xB3, 0x58, 0xEC, 0x36, 0x18, 0x40, 0xD0, 0xC0, 0x0B,
    0xD8, 0xB1, 0xE3, 0xC7, 0x8F, 0x1E, 0x30, 0xC0, 0x60, 0x2B, 0xC6, 0x23, 0x19, 0x8C, 0xC6, 0x63,
    0x31, 0x98, 0xC0, 0xC1, 0x70, 0xBC, 0x5A, 0x2D, 0x96, 0x6B, 0x15, 0x8E, 0xC3, 0x60, 0x80, 0x40,
    0x20, 0xF0, 0x00, 0xBD, 0x8B, 0x1E, 0x3C, 0x78, 0xF1, 0xE3, 0x06, 0x0C, 0x18, 0xE0, 0x1F, 0x00,
    0x00, 0x7C, 0x18, 0xC6, 0x0C, 0xC1, 0x90, 0x12, 0x02, 0x60, 0xCC, 0x18, 0xC6, 0x0F, 0x80, 0x3C,
    0x00, 0x3C, 0x66, 0x43, 0x43, 0x43, 0x43, 0x66, 0x3C, 0x11, 0x01, 0xC0, 0x00, 0x0F, 0x83, 0x18,
    0xC1, 0x98, 0x32, 0x02, 0x40, 0x4C, 0x19, 0x83, 0x18, 0xC1, 0xF0, 0x24, 0x1C, 0x00, 0x3C, 0x66,
    0x43, 0x43, 0x43, 0x43, 0x66, 0x3C, 0x00, 0x01, 0x60, 0x48, 0x00, 0x01, 0xF0, 0x63, 0x18, 0x33,
    0x06, 0x40, 0x48, 0x09, 0x83, 0x30, 0x63, 0x18, 0x3E, 0x00, 0x00, 0x34, 0x2C, 0x00, 0x3C, 0x66,
    0x43, 0x43, 0x43, 0x43, 0x66, 0x3C, 0x1F, 0xF1, 0x88, 0x18, 0x40, 0xC2, 0x04, 0x1F, 0x20, 0x81,
    0x84, 0x0C, 0x20, 0x31, 0x00, 0xFF, 0x80, 0x3C, 0xE3, 0x39, 0x90, 0xC6, 0x87, 0xF4, 0x30, 0x21,
    0x81, 0x9E, 0x07, 0x9E, 0x08, 0x18, 0x10, 0x00, 0xFC, 0xC4, 0xC6, 0xC6, 0xC4, 0xF8, 0xC8, 0xCC,
    0xC6, 0xC2, 0x11, 0x88, 0x0B, 0xF3, 0x18, 0xC6, 0x31, 0x80, 0xFC, 0xC4, 0xC6, 0xC6, 0xC4, 0xF8,
    0xC8, 0xCC, 0xC6, 0xC2, 0x00, 0x10, 0x10, 0x5D, 0xC6, 0x18, 0x61, 0x86, 0x18, 0x01, 0x84, 0x00,
    0x40, 0x28, 0x30, 0x00, 0xFC, 0xC4, 0xC6, 0xC6, 0xC4, 0xF8, 0xC8, 0xCC, 0xC6, 0xC2, 0x82, 0x98,
    0x0B, 0xF3, 0x18, 0xC6, 0x31, 0x80, 0x04, 0x0C, 0x18, 0x00, 0x3E, 0x60, 0x40, 0x60, 0x38, 0x1C,
    0x06, 0x02, 0x46, 0x7C, 0x08, 0x30, 0x40, 0x07, 0xC8, 0x10, 0x38, 0x1C, 0x09, 0x33, 0xC0, 0x18,
    0x18, 0x24, 0x00, 0x3E, 0x60, 0x40, 0x60, 0x38, 0x1C, 0x06, 0x02, 0x46, 0x7C, 0x10, 0x71, 0xB0,
    0x07, 0xC8, 0x10, 0x38, 0x1C, 0x09, 0x33, 0xC0, 0x3E, 0x60, 0x40, 0x60, 0x38, 0x1C, 0x06, 0x02,
    0x46, 0x7C, 0x10, 0x18, 0x08, 0x38, 0x7C, 0x81, 0x03, 0x81, 0xC0, 0x93, 0x3C, 0x10, 0x20, 0x21,
    0x80, 0x24, 0x3C, 0x18, 0x00, 0x3E, 0x60, 0x40, 0x60, 0x38, 0x1C, 0x06, 0x02, 0x46, 0x7C, 0x40,
    0x50, 0xC0, 0x07, 0xC8, 0x10, 0x38, 0x1C, 0x09, 0x33, 0xC0, 0xFF, 0x18, 0x18, 0x18, 0x18, 0x18,
    0x18, 0x18, 0x18, 0x18, 0x00, 0x18, 0x08, 0x18, 0x23, 0x3E, 0xC6, 0x31, 0x8C, 0x61, 0xC0, 0x61,
    0x18, 0x04, 0x3C, 0x18, 0x00, 0xFF, 0x18, 0x18, 0x18, 0x18, 0x18, 0x18, 0x18, 0x18, 0x18, 0x06,
    0x09, 0x87, 0xC6, 0x0C, 0x18, 0x30, 0x60, 0xC0, 0xE0, 0xFF, 0x18, 0x18, 0x18, 0x7E, 0x18, 0x18,
    0x18, 0x18, 0x18, 0x23, 0x3E, 0xC6, 0x7D, 0x8C, 0x61, 0xC0, 0x32, 0x2C, 0x00, 0xC1, 0xC1, 0xC1,
    0xC1, 0xC1, 0xC1, 0xC1, 0xC3, 0x66, 0x3C, 0x74, 0xB8, 0x04, 0x38, 0x70, 0xE1, 0xC3, 0xC7, 0x9D,
    0xF8, 0x3C, 0x00, 0xC1, 0xC1, 0xC1, 0xC1, 0xC1, 0xC1, 0xC1, 0xC3, 0x66, 0x3C, 0x7C, 0x02, 0x1C,
    0x38, 0x70, 0xE1, 0xE3, 0xCE, 0xFC, 0x24, 0x3C, 0x00, 0xC1, 0xC1, 0xC1, 0xC1, 0xC1, 0xC1, 0xC1,
    0xC3, 0x66, 0x3C, 0x48, 0x70, 0x04, 0x38, 0x70, 0xE1, 0xC3, 0xC7, 0x9D, 0xF8, 0x18, 0x3C, 0x18,
    0x00, 0xC1, 0xC1, 0xC1, 0xC1, 0xC1, 0xC1, 0xC1, 0xC3, 0x66, 0x3C, 0x30, 0x50, 0xE0, 0x08, 0x70,
    0xE1, 0xC3, 0x87, 0x8F, 0x3B, 0xF0, 0x00, 0x34, 0x28, 0x00, 0xC1, 0xC1, 0xC1, 0xC1, 0xC1, 0xC1,
    0xC1, 0xC3, 0x66, 0x3C, 0x00, 0x59, 0x60, 0x08, 0x70, 0xE1, 0xC3, 0x87, 0x8F, 0x3B, 0xF0, 0xC1,
    0xC1, 0xC1, 0xC1, 0xC1, 0xC1, 0xC1, 0xC3, 0x67, 0x3E, 0x04, 0x0C, 0x0C, 0x06, 0x87, 0x0E, 0x1C,
    0x38, 0x78, 0xF3, 0xBF, 0x04, 0x10, 0x38, 0x00, 0x02, 0x00, 0x38, 0x03, 0x60, 0x00, 0x0C, 0x21,
    0xE3, 0x8D, 0x1C, 0x48, 0xA2, 0x6D, 0xB3, 0x6D, 0x0A, 0x28, 0x71, 0xC3, 0x8E, 0x08, 0x20, 0x04,
    0x01, 0xC0, 0x6C, 0x00, 0x0C, 0x47, 0x9C, 0xD3, 0x92, 0x52, 0x7B, 0xCE, 0x78, 0xC6, 0x18, 0xC0,
    0x10, 0x18, 0x24, 0x00, 0xC3, 0x42, 0x66, 0x24, 0x3C, 0x18, 0x18, 0x18, 0x18, 0x18, 0x10, 0x38,
    0x6C, 0x00, 0xC2, 0xC6, 0x44, 0x64, 0x2C, 0x28, 0x38, 0x18, 0x10, 0x30, 0x30, 0xE0, 0x24, 0x00,
    0x00, 0xC3, 0x42, 0x66, 0x24, 0x3C, 0x18, 0x18, 0x18, 0x18, 0x18, 0x04, 0x0C, 0x18, 0x00, 0x7E,
    0x06, 0x04, 0x0C, 0x18, 0x10, 0x30, 0x60, 0x60, 0xFF, 0x08, 0x30, 0x40, 0x07, 0xC1, 0x86, 0x08,
    0x30, 0xC1, 0x07, 0xE0, 0x18, 0x00, 0x00, 0x7E, 0x06, 0x04, 0x0C, 0x18, 0x10, 0x30, 0x60, 0x60,
    0xFF, 0x10, 0x00, 0x03, 0xE0, 0xC3, 0x04, 0x18, 0x60, 0x83, 0xF0, 0x20, 0x3C, 0x18, 0x00, 0x7E,
    0x06, 0x04, 0x0C, 0x18, 0x10, 0x30, 0x60, 0x60, 0xFF, 0x40, 0xD0, 0xC0, 0x07, 0xC1, 0x86, 0x08,
    0x30, 0xC1, 0x07, 0xE0, 0x76, 0x31, 0x8C, 0x63, 0x18, 0xC6, 0x30, 0xF0, 0xF0, 0xFF, 0x00, 0xFE,
    0x00, 0xFF, 0xFC, 0x00, 0x00, 0xFF, 0xFC, 0x00, 0x00, 0x4A, 0x52, 0x94, 0xA5, 0x29, 0x4A, 0x52,
    0x94, 0xA5, 0x20, 0x7E, 0x01, 0xF8, 0x00, 0x4B, 0x00, 0x5A, 0x00, 0x6B, 0x00, 0xC9, 0x00, 0x4A,
    0xF4, 0x5E, 0xA4, 0x79, 0x6D, 0x00, 0xD2, 0xD2, 0x10, 0x20, 0x43, 0xE1, 0x02, 0x04, 0x08, 0x10,
    0x20, 0x40, 0x10, 0x21, 0x53, 0xE1, 0x02, 0x04, 0x3E, 0x7C, 0x20, 0x40, 0xEE, 0xEE, 0x03, 0x1C,
    0xE4, 0x00, 0x48, 0xCB, 0x20, 0xC9, 0xB2, 0x60, 0xF0, 0x74, 0x00, 0x00, 0x00, 0x00, 0x00, 0xE2,
    0x00, 0x00, 0x00, 0x00, 0x00, 0xFF, 0xF0, 0x00, 0x00, 0x00, 0x00, 0xF8, 0xF0, 0x00, 0x00, 0x00,
    0x00, 0x00, 0xF1, 0xF0, 0x00, 0x00, 0x00, 0x00, 0x00, 0x70, 0x80, 0x59, 0x00, 0x49, 0x00, 0x4B,
    0xCE, 0x5F, 0x6B, 0x75, 0x29, 0x0D, 0x29, 0x09, 0x29, 0x19, 0x6B, 0x10, 0xCE, 0x70, 0x80, 0x02,
    0xC8, 0x00, 0x12, 0x40, 0x00, 0x97, 0x8C, 0x65, 0xBE, 0xF5, 0xBA, 0x94, 0xA4, 0x34, 0xA5, 0x21,
    0x25, 0x29, 0x19, 0xAB, 0x58, 0x86, 0x31, 0x80, 0x22, 0x44, 0x2C, 0x51, 0x22, 0x80, 0x2D, 0x35,
    0x94, 0x80, 0x46, 0x23, 0x59, 0xA2, 0x8D, 0x5E, 0x35, 0x0A, 0xC6, 0xA0, 0x00, 0xC5, 0x12, 0x88,
    0x02, 0x64, 0x63, 0x00, 0x04, 0x23, 0x64, 0x00, 0x38, 0x60, 0x40, 0xCF, 0xC8, 0x48, 0x3E, 0x08,
    0x08, 0x0F, 0x0A, 0x1E, 0x3E, 0x7E, 0x74, 0x54, 0x54, 0x54, 0x74, 0x78, 0x3E, 0x28, 0x1E, 0x30,
    0x60, 0x4E, 0x4C, 0x48, 0x48, 0x68, 0x38, 0x1E, 0x3E, 0x20, 0x20, 0x20, 0x3E, 0x20, 0x20, 0x78,
    0x20, 0x20, 0x1E, 0x30, 0x20, 0xFC, 0x20, 0x20, 0xFC, 0x20, 0x60, 0xFF, 0x01, 0x00, 0x62, 0xEF,
    0x67, 0x3C, 0x43, 0x88, 0x73, 0x0E, 0x61, 0xDC, 0x3A, 0x84, 0xC0, 0x10, 0x00, 0x62, 0x62, 0x72,
    0xFF, 0x7E, 0xFF, 0x6E, 0x4E, 0x46, 0x46, 0xF0, 0x26, 0x08, 0xD2, 0x3C, 0x9F, 0xBC, 0xC8, 0x32,
    0x0C, 0x83, 0x20, 0x60, 0xF0, 0x1B, 0x02, 0x27, 0x45, 0xA9, 0xA1, 0xE7, 0x34, 0x34, 0xC2, 0x88,
    0xD1, 0xF0, 0xCC, 0xB3, 0x25, 0xD9, 0x56, 0xFF, 0x95, 0xC7, 0x31, 0xCC, 0x33, 0x08, 0xC0, 0xF8,
    0xA3, 0x29, 0x4A, 0x5A, 0x96, 0xA5, 0xA9, 0x6A, 0x42, 0x91, 0xA7, 0xC0, 0x03, 0x0F, 0xC0, 0xC7,
    0xE6, 0x72, 0x19, 0x0C, 0x86, 0x43, 0x33, 0x8F, 0xC0, 0x03, 0xF0, 0x00, 0x1F, 0x30, 0x60, 0xFC,
    0x60, 0xFC, 0x60, 0x20, 0x30, 0x1E, 0x63, 0x33, 0x1B, 0x0F, 0x0F, 0xE3, 0x41, 0xB0, 0xC8, 0x62,
    0x31, 0x80, 0xFF, 0x18, 0x18, 0x1C, 0x18, 0x7E, 0x1C, 0x38, 0x58, 0x18, 0x7C, 0x01, 0x18, 0x02,
    0x30, 0x08, 0xC0, 0x23, 0x00, 0x8C, 0x06, 0x37, 0x99, 0xB6, 0x4C, 0xD9, 0xE3, 0xC0, 0x08, 0x00,
    0x60, 0x01, 0x80, 0x04, 0x00, 0x0E, 0x1A, 0x1A, 0x1A, 0x0E, 0x0C, 0x0C, 0x6C, 0x76, 0xD2, 0x02,
    0x02, 0x02, 0x0E, 0x7C, 0xFF, 0x62, 0x62, 0xFF, 0x7C, 0x60, 0x60, 0x60, 0x60, 0x04, 0x07, 0xE3,
    0xC1, 0x90, 0x64, 0x11, 0xE4, 0x49, 0x92, 0x64, 0x8D, 0x21, 0xF8, 0x10, 0x18, 0x0E, 0x0D, 0x1F,
    0xE2, 0x67, 0xF9, 0x8C, 0x86, 0xC1, 0x60, 0x80, 0x7C, 0x06, 0x02, 0xFF, 0x3C, 0xFF, 0x40, 0x40,
    0x62, 0x3E, 0x04, 0x0F, 0x8F, 0x4C, 0x86, 0x42, 0x21, 0x10, 0xC8, 0x64, 0x1A, 0x07, 0xC0, 0x80,
    0x24, 0x32, 0x3F, 0xCC, 0x86, 0x43, 0x21, 0x90, 0xC8, 0x64, 0x33, 0x80, 0x0F, 0x86, 0x21, 0x80,
    0x60, 0x0E, 0x00, 0xED, 0x6B, 0xAB, 0x6B, 0x9F, 0xC4, 0xA0, 0xFF, 0x00, 0xFF, 0x18, 0x18, 0x18,
    0x18, 0x18, 0x18, 0x18, 0xFC, 0xCF, 0xCC, 0xE3, 0x04, 0x18, 0x30, 0x40, 0x20, 0x2C, 0x78, 0xEC,
    0x78, 0xE3, 0x23, 0x22, 0x2E, 0x38, 0x60, 0x1A, 0x01, 0xFF, 0x08, 0x21, 0x02, 0x3F, 0x46, 0xB1,
    0x80, 0x08, 0x00, 0xF0, 0x04, 0x00, 0x80, 0x10, 0x0F, 0xC3, 0x5C, 0xC8, 0x91, 0x12, 0x23, 0x40,
    0x68, 0x0C, 0x7C, 0x66, 0x63, 0x63, 0x66, 0xFC, 0x60, 0xF8, 0x60, 0x60, 0x0A, 0x05, 0x07, 0xC7,
    0x46, 0xA2, 0x51, 0x00, 0x80, 0x60, 0x10, 0x06, 0x0F, 0xE0, 0x38, 0x73, 0xE6, 0x6C, 0x59, 0xBE,
    0x66, 0xC7, 0x8F, 0x37, 0xC3, 0x80, 0x00, 0xFD, 0x0A, 0x14, 0x28, 0x50, 0xA1, 0x42, 0x85, 0xF8,
    0xFD, 0x0A, 0x14, 0x28, 0x50, 0xA1, 0x42, 0x85, 0xF8, 0xFD, 0x0A, 0x14, 0x28, 0x50, 0xA1, 0x42,
    0x85, 0xF8, 0xFD, 0x0A, 0x14, 0x28, 0x50, 0xA1, 0x42, 0x85, 0xF8, 0xFD, 0x0A, 0x14, 0x28, 0x50,
    0xA1, 0x42, 0x85, 0xF8, 0xFD, 0x0A, 0x14, 0x28, 0x50, 0xA1, 0x42, 0x85, 0xF8, 0xFD, 0x0A, 0x14,
    0x28, 0x50, 0xA1, 0x42, 0x85, 0xF8, 0xFD, 0x0A, 0x14, 0x28, 0x50, 0xA1, 0x42, 0x85, 0xF8, 0xFD,
    0x0A, 0x14, 0x28, 0x50, 0xA1, 0x42, 0x85, 0xF8, 0xFD, 0x0A, 0x14, 0x28, 0x50, 0xA1, 0x42, 0x85,
    0xF8, 0xFD, 0x0A, 0x14, 0x28, 0x50, 0xA1, 0x42, 0x85, 0xF8, 0xFD, 0x0A, 0x14, 0x28, 0x50, 0xA1,
    0x42, 0x85, 0xF8, 0xFD, 0x0A, 0x14, 0x28, 0x50, 0xA1, 0x42, 0x85, 0xF8, 0xFD, 0x0A, 0x14, 0x28,
    0x50, 0xA1, 0x42, 0x85, 0xF8, 0xFD, 0x0A, 0x14, 0x28, 0x50, 0xA1, 0x42, 0x85, 0xF8, 0xFD, 0x0A,
    0x14, 0x28, 0x50, 0xA1, 0x42, 0x85, 0xF8,
];

pub(crate) static NOTO_SANS_14_REGULAR: BitmapFont = BitmapFont::new(
    &NOTO_SANS_CODEPOINTS,
    &NOTO_SANS_14_REGULAR_GLYPHS,
    &NOTO_SANS_14_REGULAR_BITMAP,
    19,
);

static NOTO_SANS_18_REGULAR_GLYPHS: [BitmapGlyph; 410] = [
    BitmapGlyph::new(0, 0, 0, 0, 20, 5),
    BitmapGlyph::new(0, 3, 13, 1, 7, 5),
    BitmapGlyph::new(5, 6, 5, 1, 7, 7),
    BitmapGlyph::new(9, 12, 13, 0, 7, 12),
    BitmapGlyph::new(29, 9, 15, 1, 6, 10),
    BitmapGlyph::new(46, 15, 13, 0, 7, 15),
    BitmapGlyph::new(71, 14, 13, 0, 7, 13),
    BitmapGlyph::new(94, 2, 5, 1, 7, 4),
    BitmapGlyph::new(96, 5, 16, 0, 7, 5),
    BitmapGlyph::new(106, 5, 16, 0, 7, 5),
    BitmapGlyph::new(116, 10, 9, 0, 6, 10),
    BitmapGlyph::new(128, 10, 9, 0, 9, 10),
    BitmapGlyph::new(140, 4, 4, 0, 18, 5),
    BitmapGlyph::new(142, 6, 3, 0, 13, 6),
    BitmapGlyph::new(145, 3, 3, 1, 17, 5),
    BitmapGlyph::new(147, 7, 13, 0, 7, 7),
    BitmapGlyph::new(159, 10, 13, 0, 7, 10),
    BitmapGlyph::new(176, 6, 13, 1, 7, 10),
    BitmapGlyph::new(186, 10, 13, 0, 7, 10),
    BitmapGlyph::new(203, 10, 13, 0, 7, 10),
    BitmapGlyph::new(220, 10, 13, 0, 7, 10),
    BitmapGlyph::new(237, 9, 13, 1, 7, 10),
    BitmapGlyph::new(252, 10, 13, 0, 7, 10),
    BitmapGlyph::new(269, 10, 13, 0, 7, 10),
    BitmapGlyph::new(286, 10, 13, 0, 7, 10),
    BitmapGlyph::new(303, 10, 13, 0, 7, 10),
    BitmapGlyph::new(320, 3, 10, 1, 10, 5),
    BitmapGlyph::new(324, 4, 13, 0, 10, 5),
    BitmapGlyph::new(331, 10, 9, 0, 9, 10),
    BitmapGlyph::new(343, 9, 7, 1, 10, 10),
    BitmapGlyph::new(351, 10, 9, 0, 9, 10),
    BitmapGlyph::new(363, 8, 13, 0, 7, 8),
    BitmapGlyph::new(376, 15, 15, 1, 7, 16),
    BitmapGlyph::new(405, 12, 13, 0, 7, 12),
    BitmapGlyph::new(425, 10, 13, 1, 7, 12),
    BitmapGlyph::new(442, 10, 13, 1, 7, 11),
    BitmapGlyph::new(459, 12, 13, 1, 7, 13),
    BitmapGlyph::new(479, 8, 13, 1, 7, 10),
    BitmapGlyph::new(492, 8, 13, 1, 7, 9),
    BitmapGlyph::new(505, 11, 13, 1, 7, 13),
    BitmapGlyph::new(523, 11, 13, 1, 7, 13),
    BitmapGlyph::new(541, 6, 13, 0, 7, 6),
    BitmapGlyph::new(551, 6, 17, -2, 7, 5),
    BitmapGlyph::new(564, 11, 13, 1, 7, 11),
    BitmapGlyph::new(582, 8, 13, 1, 7, 9),
    BitmapGlyph::new(595, 14, 13, 1, 7, 16),
    BitmapGlyph::new(618, 11, 13, 1, 7, 14),
    BitmapGlyph::new(636, 12, 13, 1, 7, 14),
    BitmapGlyph::new(656, 9, 13, 1, 7, 11),
    BitmapGlyph::new(671, 12, 16, 1, 7, 14),
    BitmapGlyph::new(695, 10, 13, 1, 7, 11),
    BitmapGlyph::new(712, 10, 13, 0, 7, 10),
    BitmapGlyph::new(729, 10, 13, 0, 7, 10),
    BitmapGlyph::new(746, 11, 13, 1, 7, 13),
    BitmapGlyph::new(764, 11, 13, 0, 7, 11),
    BitmapGlyph::new(782, 17, 13, 0, 7, 17),
    BitmapGlyph::new(810, 11, 13, 0, 7, 11),
    BitmapGlyph::new(828, 11, 13, 0, 7, 10),
    BitmapGlyph::new(846, 10, 13, 0, 7, 10),
    BitmapGlyph::new(863, 5, 17, 1, 7, 6),
    BitmapGlyph::new(874, 7, 13, 0, 7, 7),
    BitmapGlyph::new(886, 5, 17, 0, 7, 6),
    BitmapGlyph::new(897, 10, 9, 0, 6, 10),
    BitmapGlyph::new(909, 10, 3, -1, 21, 8),
    BitmapGlyph::new(913, 5, 3, 0, 6, 5),
    BitmapGlyph::new(915, 9, 10, 0, 10, 10),
    BitmapGlyph::new(927, 10, 14, 1, 6, 11),
    BitmapGlyph::new(945, 9, 10, 0, 10, 9),
    BitmapGlyph::new(957, 10, 14, 0, 6, 11),
    BitmapGlyph::new(975, 10, 10, 0, 10, 10),
    BitmapGlyph::new(988, 7, 14, 0, 6, 6),
    BitmapGlyph::new(1001, 10, 14, 0, 10, 11),
    BitmapGlyph::new(1019, 9, 14, 1, 6, 11),
    BitmapGlyph::new(1035, 3, 14, 1, 6, 5),
    BitmapGlyph::new(1041, 5, 18, -1, 6, 5),
    BitmapGlyph::new(1053, 9, 14, 1, 6, 10),
    BitmapGlyph::new(1069, 3, 14, 1, 6, 5),
    BitmapGlyph::new(1075, 15, 10, 1, 10, 17),
    BitmapGlyph::new(1094, 9, 10, 1, 10, 11),
    BitmapGlyph::new(1106, 10, 10, 0, 10, 11),
    BitmapGlyph::new(1119, 10, 14, 1, 10, 11),
    BitmapGlyph::new(1137, 10, 14, 0, 10, 11),
    BitmapGlyph::new(1155, 7, 10, 1, 10, 7),
    BitmapGlyph::new(1164, 8, 10, 0, 10, 9),
    BitmapGlyph::new(1174, 7, 12, 0, 8, 7),
    BitmapGlyph::new(1185, 9, 10, 1, 10, 11),
    BitmapGlyph::new(1197, 10, 10, 0, 10, 9),
    BitmapGlyph::new(1210, 14, 10, 0, 10, 14),
    BitmapGlyph::new(1228, 10, 10, 0, 10, 10),
    BitmapGlyph::new(1241, 10, 14, 0, 10, 9),
    BitmapGlyph::new(1259, 8, 10, 0, 10, 8),
    BitmapGlyph::new(1269, 7, 17, 0, 7, 7),
    BitmapGlyph::new(1284, 2, 18, 4, 6, 10),
    BitmapGlyph::new(1289, 7, 17, 0, 7, 7),
    BitmapGlyph::new(1304, 10, 4, 0, 11, 10),
    BitmapGlyph::new(1309, 0, 0, 0, 20, 5),
    BitmapGlyph::new(1309, 3, 13, 1, 10, 5),
    BitmapGlyph::new(1314, 8, 13, 1, 7, 10),
    BitmapGlyph::new(1327, 10, 13, 0, 7, 10),
    BitmapGlyph::new(1344, 9, 9, 1, 9, 10),
    BitmapGlyph::new(1355, 11, 13, 0, 7, 10),
    BitmapGlyph::new(1373, 2, 18, 4, 6, 10),
    BitmapGlyph::new(1378, 8, 14, 1, 6, 9),
    BitmapGlyph::new(1392, 6, 3, 2, 6, 10),
    BitmapGlyph::new(1395, 15, 15, 0, 6, 15),
    BitmapGlyph::new(1424, 6, 6, 0, 7, 6),
    BitmapGlyph::new(1429, 9, 8, 0, 11, 9),
    BitmapGlyph::new(1438, 10, 6, 0, 12, 10),
    BitmapGlyph::new(1446, 6, 3, 0, 13, 6),
    BitmapGlyph::new(1449, 15, 15, 0, 6, 15),
    BitmapGlyph::new(1478, 11, 3, -1, 4, 9),
    BitmapGlyph::new(1483, 7, 7, 0, 6, 8),
    BitmapGlyph::new(1490, 10, 11, 0, 9, 10),
    BitmapGlyph::new(1504, 6, 9, 0, 4, 6),
    BitmapGlyph::new(1511, 6, 9, 0, 5, 6),
    BitmapGlyph::new(1518, 5, 3, 0, 6, 5),
    BitmapGlyph::new(1520, 9, 14, 1, 10, 11),
    BitmapGlyph::new(1536, 10, 17, 0, 6, 12),
    BitmapGlyph::new(1558, 3, 3, 1, 12, 5),
    BitmapGlyph::new(1560, 4, 5, 0, 19, 4),
    BitmapGlyph::new(1563, 5, 8, 0, 5, 6),
    BitmapGlyph::new(1568, 7, 6, 0, 7, 7),
    BitmapGlyph::new(1574, 9, 8, 0, 11, 9),
    BitmapGlyph::new(1583, 14, 13, 0, 7, 13),
    BitmapGlyph::new(1606, 14, 14, 0, 7, 14),
    BitmapGlyph::new(1631, 14, 14, 0, 6, 14),
    BitmapGlyph::new(1656, 8, 14, 0, 10, 8),
    BitmapGlyph::new(1670, 12, 17, 0, 3, 12),
    BitmapGlyph::new(1696, 12, 17, 0, 3, 12),
    BitmapGlyph::new(1722, 12, 17, 0, 3, 12),
    BitmapGlyph::new(1748, 12, 17, 0, 3, 12),
    BitmapGlyph::new(1774, 12, 17, 0, 3, 12),
    BitmapGlyph::new(1800, 12, 17, 0, 3, 12),
    BitmapGlyph::new(1826, 16, 13, -1, 7, 16),
    BitmapGlyph::new(1852, 10, 17, 1, 7, 11),
    BitmapGlyph::new(1874, 8, 17, 1, 3, 10),
    BitmapGlyph::new(1891, 8, 17, 1, 3, 10),
    BitmapGlyph::new(1908, 8, 17, 1, 3, 10),
    BitmapGlyph::new(1925, 8, 17, 1, 3, 10),
    BitmapGlyph::new(1942, 6, 17, 0, 3, 6),
    BitmapGlyph::new(1955, 6, 17, 0, 3, 6),
    BitmapGlyph::new(1968, 7, 17, 0, 3, 6),
    BitmapGlyph::new(1983, 6, 17, 0, 3, 6),
    BitmapGlyph::new(1996, 13, 13, 0, 7, 13),
    BitmapGlyph::new(2018, 11, 17, 1, 3, 14),
    BitmapGlyph::new(2042, 12, 17, 1, 3, 14),
    BitmapGlyph::new(2068, 12, 17, 1, 3, 14),
    BitmapGlyph::new(2094, 12, 17, 1, 3, 14),
    BitmapGlyph::new(2120, 12, 17, 1, 3, 14),
    BitmapGlyph::new(2146, 12, 17, 1, 3, 14),
    BitmapGlyph::new(2172, 9, 9, 1, 9, 10),
    BitmapGlyph::new(2183, 12, 15, 1, 6, 14),
    BitmapGlyph::new(2206, 11, 17, 1, 3, 13),
    BitmapGlyph::new(2230, 11, 17, 1, 3, 13),
    BitmapGlyph::new(2254, 11, 17, 1, 3, 13),
    BitmapGlyph::new(2278, 11, 17, 1, 3, 13),
    BitmapGlyph::new(2302, 11, 17, 0, 3, 10),
    BitmapGlyph::new(2326, 9, 13, 1, 7, 11),
    BitmapGlyph::new(2341, 10, 14, 1, 6, 11),
    BitmapGlyph::new(2359, 9, 14, 0, 6, 10),
    BitmapGlyph::new(2375, 9, 14, 0, 6, 10),
    BitmapGlyph::new(2391, 9, 14, 0, 6, 10),
    BitmapGlyph::new(2407, 9, 14, 0, 6, 10),
    BitmapGlyph::new(2423, 9, 14, 0, 6, 10),
    BitmapGlyph::new(2439, 9, 16, 0, 4, 10),
    BitmapGlyph::new(2457, 15, 10, 0, 10, 16),
    BitmapGlyph::new(2476, 9, 14, 0, 10, 9),
    BitmapGlyph::new(2492, 10, 14, 0, 6, 10),
    BitmapGlyph::new(2510, 10, 14, 0, 6, 10),
    BitmapGlyph::new(2528, 10, 14, 0, 6, 10),
    BitmapGlyph::new(2546, 10, 14, 0, 6, 10),
    BitmapGlyph::new(2564, 5, 14, -1, 6, 5),
    BitmapGlyph::new(2573, 4, 14, 1, 6, 5),
    BitmapGlyph::new(2580, 7, 14, -1, 6, 5),
    BitmapGlyph::new(2593, 6, 14, -1, 6, 5),
    BitmapGlyph::new(2604, 10, 15, 0, 5, 11),
    BitmapGlyph::new(2623, 9, 14, 1, 6, 11),
    BitmapGlyph::new(2639, 10, 14, 0, 6, 11),
    BitmapGlyph::new(2657, 10, 14, 0, 6, 11),
    BitmapGlyph::new(2675, 10, 14, 0, 6, 11),
    BitmapGlyph::new(2693, 10, 14, 0, 6, 11),
    BitmapGlyph::new(2711, 10, 14, 0, 6, 11),
    BitmapGlyph::new(2729, 10, 9, 0, 9, 10),
    BitmapGlyph::new(2741, 10, 12, 0, 9, 11),
    BitmapGlyph::new(2756, 9, 14, 1, 6, 11),
    BitmapGlyph::new(2772, 9, 14, 1, 6, 11),
    BitmapGlyph::new(2788, 9, 14, 1, 6, 11),
    BitmapGlyph::new(2804, 9, 14, 1, 6, 11),
    BitmapGlyph::new(2820, 10, 18, 0, 6, 9),
    BitmapGlyph::new(2843, 10, 18, 1, 6, 11),
    BitmapGlyph::new(2866, 10, 18, 0, 6, 9),
    BitmapGlyph::new(2889, 12, 16, 0, 4, 12),
    BitmapGlyph::new(2913, 9, 13, 0, 7, 10),
    BitmapGlyph::new(2928, 12, 17, 0, 3, 12),
    BitmapGlyph::new(2954, 9, 14, 0, 6, 10),
    BitmapGlyph::new(2970, 12, 18, 0, 7, 12),
    BitmapGlyph::new(2997, 10, 15, 0, 10, 10),
    BitmapGlyph::new(3016, 10, 17, 1, 3, 11),
    BitmapGlyph::new(3038, 9, 14, 0, 6, 9),
    BitmapGlyph::new(3054, 10, 17, 1, 3, 11),
    BitmapGlyph::new(3076, 9, 14, 0, 6, 9),
    BitmapGlyph::new(3092, 10, 17, 1, 3, 11),
    BitmapGlyph::new(3114, 9, 14, 0, 6, 9),
    BitmapGlyph::new(3130, 10, 17, 1, 3, 11),
    BitmapGlyph::new(3152, 9, 14, 0, 6, 9),
    BitmapGlyph::new(3168, 12, 17, 1, 3, 13),
    BitmapGlyph::new(3194, 13, 14, 0, 6, 11),
    BitmapGlyph::new(3217, 13, 13, 0, 7, 13),
    BitmapGlyph::new(3239, 11, 14, 0, 6, 11),
    BitmapGlyph::new(3259, 8, 16, 1, 4, 10),
    BitmapGlyph::new(3275, 10, 13, 0, 7, 10),
    BitmapGlyph::new(3292, 8, 17, 1, 3, 10),
    BitmapGlyph::new(3309, 10, 14, 0, 6, 10),
    BitmapGlyph::new(3327, 8, 17, 1, 3, 10),
    BitmapGlyph::new(3344, 10, 14, 0, 6, 10),
    BitmapGlyph::new(3362, 8, 18, 1, 7, 10),
    BitmapGlyph::new(3380, 10, 14, 0, 10, 10),
    BitmapGlyph::new(3398, 8, 17, 1, 3, 10),
    BitmapGlyph::new(3415, 10, 14, 0, 6, 10),
    BitmapGlyph::new(3433, 11, 17, 1, 3, 13),
    BitmapGlyph::new(3457, 10, 18, 0, 6, 11),
    BitmapGlyph::new(3480, 11, 17, 1, 3, 13),
    BitmapGlyph::new(3504, 10, 18, 0, 6, 11),
    BitmapGlyph::new(3527, 11, 17, 1, 3, 13),
    BitmapGlyph::new(3551, 10, 18, 0, 6, 11),
    BitmapGlyph::new(3574, 11, 17, 1, 7, 13),
    BitmapGlyph::new(3598, 10, 18, 0, 6, 11),
    BitmapGlyph::new(3621, 11, 17, 1, 3, 13),
    BitmapGlyph::new(3645, 11, 18, -1, 2, 11),
    BitmapGlyph::new(3670, 14, 13, 0, 7, 13),
    BitmapGlyph::new(3693, 10, 14, 0, 6, 11),
    BitmapGlyph::new(3711, 8, 17, -1, 3, 6),
    BitmapGlyph::new(3728, 7, 14, -1, 6, 5),
    BitmapGlyph::new(3741, 6, 16, 0, 4, 6),
    BitmapGlyph::new(3753, 6, 13, -1, 7, 5),
    BitmapGlyph::new(3763, 6, 17, 0, 3, 6),
    BitmapGlyph::new(3776, 7, 14, -1, 6, 5),
    BitmapGlyph::new(3789, 6, 18, 0, 7, 6),
    BitmapGlyph::new(3803, 4, 19, 0, 6, 5),
    BitmapGlyph::new(3813, 6, 17, 0, 3, 6),
    BitmapGlyph::new(3826, 3, 10, 1, 10, 5),
    BitmapGlyph::new(3830, 10, 17, 0, 7, 11),
    BitmapGlyph::new(3852, 7, 18, 1, 6, 9),
    BitmapGlyph::new(3868, 8, 21, -2, 3, 5),
    BitmapGlyph::new(3889, 7, 18, -1, 6, 5),
    BitmapGlyph::new(3905, 11, 17, 1, 7, 11),
    BitmapGlyph::new(3929, 9, 18, 1, 6, 10),
    BitmapGlyph::new(3950, 9, 10, 1, 10, 10),
    BitmapGlyph::new(3962, 8, 17, 1, 3, 9),
    BitmapGlyph::new(3979, 4, 18, 1, 2, 5),
    BitmapGlyph::new(3988, 8, 17, 1, 7, 9),
    BitmapGlyph::new(4005, 3, 18, 1, 6, 5),
    BitmapGlyph::new(4012, 8, 13, 1, 7, 9),
    BitmapGlyph::new(4025, 6, 14, 1, 6, 5),
    BitmapGlyph::new(4036, 8, 13, 1, 7, 9),
    BitmapGlyph::new(4049, 5, 14, 1, 6, 5),
    BitmapGlyph::new(4058, 9, 13, 0, 7, 9),
    BitmapGlyph::new(4073, 6, 14, -1, 6, 5),
    BitmapGlyph::new(4084, 11, 17, 1, 3, 14),
    BitmapGlyph::new(4108, 9, 14, 1, 6, 11),
    BitmapGlyph::new(4124, 11, 17, 1, 7, 14),
    BitmapGlyph::new(4148, 9, 14, 1, 10, 11),
    BitmapGlyph::new(4164, 11, 17, 1, 3, 14),
    BitmapGlyph::new(4188, 9, 14, 1, 6, 11),
    BitmapGlyph::new(4204, 11, 13, 0, 7, 12),
    BitmapGlyph::new(4222, 11, 17, 1, 7, 14),
    BitmapGlyph::new(4246, 9, 14, 1, 10, 11),
    BitmapGlyph::new(4262, 12, 16, 1, 4, 14),
    BitmapGlyph::new(4286, 10, 13, 0, 7, 11),
    BitmapGlyph::new(4303, 12, 17, 1, 3, 14),
    BitmapGlyph::new(4329, 10, 14, 0, 6, 11),
    BitmapGlyph::new(4347, 12, 17, 1, 3, 14),
    BitmapGlyph::new(4373, 10, 14, 0, 6, 11),
    BitmapGlyph::new(4391, 15, 13, 1, 7, 17),
    BitmapGlyph::new(4416, 17, 10, 0, 10, 17),
    BitmapGlyph::new(4438, 10, 17, 1, 3, 11),
    BitmapGlyph::new(4460, 7, 14, 1, 6, 7),
    BitmapGlyph::new(4473, 10, 17, 1, 7, 11),
    BitmapGlyph::new(4495, 7, 14, 1, 10, 7),
    BitmapGlyph::new(4508, 10, 17, 1, 3, 11),
    BitmapGlyph::new(4530, 7, 14, 1, 6, 7),
    BitmapGlyph::new(4543, 10, 17, 0, 3, 10),
    BitmapGlyph::new(4565, 8, 14, 0, 6, 9),
    BitmapGlyph::new(4579, 10, 17, 0, 3, 10),
    BitmapGlyph::new(4601, 8, 14, 0, 6, 9),
    BitmapGlyph::new(4615, 10, 17, 0, 7, 10),
    BitmapGlyph::new(4637, 8, 14, 0, 10, 9),
    BitmapGlyph::new(4651, 10, 17, 0, 3, 10),
    BitmapGlyph::new(4673, 8, 14, 0, 6, 9),
    BitmapGlyph::new(4687, 10, 17, 0, 7, 10),
    BitmapGlyph::new(4709, 7, 16, 0, 8, 7),
    BitmapGlyph::new(4723, 10, 17, 0, 3, 10),
    BitmapGlyph::new(4745, 9, 14, 0, 6, 7),
    BitmapGlyph::new(4761, 10, 13, 0, 7, 10),
    BitmapGlyph::new(4778, 7, 12, 0, 8, 7),
    BitmapGlyph::new(4789, 11, 17, 1, 3, 13),
    BitmapGlyph::new(4813, 9, 14, 1, 6, 11),
    BitmapGlyph::new(4829, 11, 16, 1, 4, 13),
    BitmapGlyph::new(4851, 9, 13, 1, 7, 11),
    BitmapGlyph::new(4866, 11, 17, 1, 3, 13),
    BitmapGlyph::new(4890, 9, 14, 1, 6, 11),
    BitmapGlyph::new(4906, 11, 19, 1, 1, 13),
    BitmapGlyph::new(4933, 9, 16, 1, 4, 11),
    BitmapGlyph::new(4951, 11, 17, 1, 3, 13),
    BitmapGlyph::new(4975, 9, 14, 1, 6, 11),
    BitmapGlyph::new(4991, 11, 17, 1, 7, 13),
    BitmapGlyph::new(5015, 9, 15, 1, 10, 11),
    BitmapGlyph::new(5032, 17, 17, 0, 3, 17),
    BitmapGlyph::new(5069, 14, 14, 0, 6, 14),
    BitmapGlyph::new(5094, 11, 17, 0, 3, 10),
    BitmapGlyph::new(5118, 10, 18, 0, 6, 9),
    BitmapGlyph::new(5141, 11, 17, 0, 3, 10),
    BitmapGlyph::new(5165, 10, 17, 0, 3, 10),
    BitmapGlyph::new(5187, 8, 14, 0, 6, 8),
    BitmapGlyph::new(5201, 10, 17, 0, 3, 10),
    BitmapGlyph::new(5223, 8, 14, 0, 6, 8),
    BitmapGlyph::new(5237, 10, 17, 0, 3, 10),
    BitmapGlyph::new(5259, 8, 14, 0, 6, 8),
    BitmapGlyph::new(5273, 6, 14, 1, 6, 6),
    BitmapGlyph::new(5284, 6, 3, 0, 13, 6),
    BitmapGlyph::new(5287, 6, 3, 0, 13, 6),
    BitmapGlyph::new(5290, 10, 3, 0, 12, 10),
    BitmapGlyph::new(5294, 9, 3, 0, 13, 9),
    BitmapGlyph::new(5298, 18, 3, 0, 13, 18),
    BitmapGlyph::new(5305, 18, 3, 0, 13, 18),
    BitmapGlyph::new(5312, 6, 18, 2, 6, 10),
    BitmapGlyph::new(5326, 9, 5, -1, 20, 7),
    BitmapGlyph::new(5332, 3, 4, 0, 7, 3),
    BitmapGlyph::new(5334, 3, 4, 0, 7, 3),
    BitmapGlyph::new(5336, 4, 4, 0, 18, 5),
    BitmapGlyph::new(5338, 3, 4, 0, 7, 3),
    BitmapGlyph::new(5340, 7, 4, 0, 7, 6),
    BitmapGlyph::new(5344, 7, 4, 0, 7, 6),
    BitmapGlyph::new(5348, 7, 4, 0, 18, 7),
    BitmapGlyph::new(5352, 7, 4, 0, 7, 6),
    BitmapGlyph::new(5356, 8, 14, 1, 6, 9),
    BitmapGlyph::new(5370, 8, 14, 1, 6, 9),
    BitmapGlyph::new(5384, 5, 5, 1, 11, 7),
    BitmapGlyph::new(5388, 5, 6, 1, 10, 7),
    BitmapGlyph::new(5392, 3, 3, 3, 17, 9),
    BitmapGlyph::new(5394, 8, 3, 1, 17, 10),
    BitmapGlyph::new(5397, 12, 3, 1, 17, 14),
    BitmapGlyph::new(5402, 3, 3, 1, 14, 5),
    BitmapGlyph::new(5404, 0, 0, 0, 20, 11),
    BitmapGlyph::new(5404, 0, 0, 0, 20, 11),
    BitmapGlyph::new(5404, 5, 15, -1, 8, 1),
    BitmapGlyph::new(5414, 5, 15, -4, 8, 1),
    BitmapGlyph::new(5424, 6, 15, -3, 7, 1),
    BitmapGlyph::new(5436, 6, 17, -3, 6, 1),
    BitmapGlyph::new(5449, 6, 17, -3, 6, 1),
    BitmapGlyph::new(5462, 0, 0, 0, 20, 3),
    BitmapGlyph::new(5462, 21, 13, 0, 7, 21),
    BitmapGlyph::new(5497, 27, 13, 0, 7, 28),
    BitmapGlyph::new(5541, 5, 5, 0, 7, 4),
    BitmapGlyph::new(5545, 8, 5, 0, 7, 7),
    BitmapGlyph::new(5550, 11, 5, 0, 7, 11),
    BitmapGlyph::new(5557, 5, 5, -1, 7, 4),
    BitmapGlyph::new(5561, 8, 5, -1, 7, 8),
    BitmapGlyph::new(5566, 11, 5, -1, 7, 11),
    BitmapGlyph::new(5573, 7, 6, 0, 18, 7),
    BitmapGlyph::new(5579, 5, 8, 0, 11, 6),
    BitmapGlyph::new(5584, 5, 8, 0, 11, 6),
    BitmapGlyph::new(5589, 10, 13, 0, 7, 10),
    BitmapGlyph::new(5606, 10, 15, 0, 6, 10),
    BitmapGlyph::new(5625, 9, 13, 1, 7, 10),
    BitmapGlyph::new(5640, 10, 13, 0, 7, 10),
    BitmapGlyph::new(5657, 10, 13, 0, 7, 10),
    BitmapGlyph::new(5674, 15, 14, 1, 8, 17),
    BitmapGlyph::new(5701, 11, 13, 0, 7, 10),
    BitmapGlyph::new(5719, 13, 13, 1, 7, 14),
    BitmapGlyph::new(5741, 14, 13, 1, 7, 15),
    BitmapGlyph::new(5764, 12, 13, 0, 7, 12),
    BitmapGlyph::new(5784, 12, 13, 1, 7, 14),
    BitmapGlyph::new(5804, 11, 18, 0, 6, 11),
    BitmapGlyph::new(5829, 11, 13, 0, 7, 10),
    BitmapGlyph::new(5847, 11, 13, 0, 7, 10),
    BitmapGlyph::new(5865, 10, 13, 0, 7, 10),
    BitmapGlyph::new(5882, 17, 17, 0, 7, 17),
    BitmapGlyph::new(5919, 10, 17, 0, 7, 10),
    BitmapGlyph::new(5941, 11, 13, 0, 7, 10),
    BitmapGlyph::new(5959, 11, 16, 1, 6, 13),
    BitmapGlyph::new(5981, 11, 13, 0, 7, 11),
    BitmapGlyph::new(5999, 10, 13, 0, 7, 10),
    BitmapGlyph::new(6016, 10, 16, 1, 6, 11),
    BitmapGlyph::new(6036, 11, 12, 0, 8, 11),
    BitmapGlyph::new(6053, 13, 15, 0, 7, 13),
    BitmapGlyph::new(6078, 10, 13, 0, 7, 10),
    BitmapGlyph::new(6095, 8, 13, 1, 7, 10),
    BitmapGlyph::new(6108, 10, 13, 0, 7, 10),
    BitmapGlyph::new(6125, 14, 13, 0, 7, 14),
    BitmapGlyph::new(6148, 13, 13, 1, 7, 15),
    BitmapGlyph::new(6170, 10, 13, 0, 7, 10),
    BitmapGlyph::new(6187, 11, 15, 0, 5, 11),
    BitmapGlyph::new(6208, 9, 17, 1, 5, 10),
    BitmapGlyph::new(6228, 9, 13, 1, 7, 11),
    BitmapGlyph::new(6243, 9, 13, 1, 7, 11),
    BitmapGlyph::new(6258, 9, 13, 1, 7, 11),
    BitmapGlyph::new(6273, 9, 13, 1, 7, 11),
    BitmapGlyph::new(6288, 9, 13, 1, 7, 11),
    BitmapGlyph::new(6303, 9, 13, 1, 7, 11),
    BitmapGlyph::new(6318, 9, 13, 1, 7, 11),
    BitmapGlyph::new(6333, 9, 13, 1, 7, 11),
    BitmapGlyph::new(6348, 9, 13, 1, 7, 11),
    BitmapGlyph::new(6363, 9, 13, 1, 7, 11),
    BitmapGlyph::new(6378, 9, 13, 1, 7, 11),
    BitmapGlyph::new(6393, 9, 13, 1, 7, 11),
    BitmapGlyph::new(6408, 9, 13, 1, 7, 11),
    BitmapGlyph::new(6423, 9, 13, 1, 7, 11),
    BitmapGlyph::new(6438, 9, 13, 1, 7, 11),
    BitmapGlyph::new(6453, 9, 13, 1, 7, 11),
];

static NOTO_SANS_18_REGULAR_BITMAP: [u8; 6468] = [
    0xDB, 0x24, 0x92, 0x40, 0x7C, 0xDB, 0x6C, 0xB2, 0xC8, 0x0C, 0xC0, 0xC8, 0x08, 0x80, 0x88, 0x7F,
    0xE1, 0x98, 0x19, 0x81, 0x90, 0xFF, 0xE3, 0x30, 0x33, 0x03, 0x30, 0x32, 0x00, 0x18, 0x0C, 0x1F,
    0xDF, 0x6D, 0x86, 0xC1, 0xE0, 0x7C, 0x1F, 0x0D, 0x86, 0x5B, 0xEF, 0xE0, 0xC0, 0x60, 0x38, 0x30,
    0xF8, 0xC1, 0x91, 0x02, 0x26, 0x04, 0x48, 0x08, 0xB7, 0x1B, 0x5B, 0x1D, 0xA6, 0x02, 0x44, 0x0C,
    0x88, 0x31, 0x30, 0x63, 0xE1, 0x83, 0x80, 0x1F, 0x00, 0xEC, 0x03, 0x18, 0x0C, 0x40, 0x1F, 0x00,
    0x70, 0x03, 0xE3, 0x1D, 0xCC, 0x63, 0xB1, 0x87, 0x86, 0x0E, 0x1E, 0xFC, 0x1F, 0x38, 0xFF, 0xC0,
    0x19, 0x8C, 0xC6, 0x31, 0x88, 0x43, 0x18, 0xC6, 0x18, 0xC3, 0x43, 0x0C, 0x63, 0x0C, 0x63, 0x18,
    0xC6, 0x63, 0x19, 0x88, 0x0C, 0x03, 0x00, 0xC1, 0xFE, 0x1E, 0x07, 0x83, 0x60, 0xCC, 0x00, 0x00,
    0x0C, 0x03, 0x00, 0xC0, 0x30, 0x7F, 0x83, 0x00, 0xC0, 0x30, 0x0C, 0x00, 0x66, 0x64, 0x01, 0xE0,
    0x00, 0x1F, 0x00, 0x04, 0x18, 0x30, 0x41, 0x83, 0x0C, 0x18, 0x30, 0xC1, 0x82, 0x0C, 0x00, 0x1E,
    0x0F, 0xC6, 0x19, 0x86, 0x60, 0x98, 0x26, 0x0D, 0x82, 0x60, 0x98, 0x66, 0x18, 0xFC, 0x1E, 0x00,
    0x1C, 0xF6, 0xD3, 0x0C, 0x30, 0xC3, 0x0C, 0x30, 0xC3, 0x0C, 0x1E, 0x1F, 0xC0, 0x18, 0x06, 0x01,
    0x80, 0x40, 0x30, 0x18, 0x0C, 0x06, 0x03, 0x01, 0xC0, 0x7F, 0x80, 0x3F, 0x1D, 0xE0, 0x18, 0x06,
    0x03, 0x07, 0x80, 0x70, 0x06, 0x01, 0x80, 0x60, 0x19, 0xDC, 0x7E, 0x00, 0x03, 0x01, 0xC0, 0x70,
    0x3C, 0x1B, 0x04, 0xC3, 0x31, 0x8C, 0x43, 0x3F, 0xF0, 0x30, 0x0C, 0x03, 0x00, 0x7F, 0x30, 0x10,
    0x08, 0x0C, 0x07, 0xF1, 0x3C, 0x06, 0x03, 0x01, 0x80, 0xDD, 0xCF, 0xC0, 0x0F, 0x87, 0x43, 0x01,
    0x80, 0x60, 0x1B, 0xC7, 0xB9, 0x86, 0x60, 0xD8, 0x36, 0x18, 0xEE, 0x1F, 0x00, 0x7F, 0xC0, 0x60,
    0x18, 0x04, 0x03, 0x00, 0xC0, 0x60, 0x18, 0x0C, 0x03, 0x01, 0x80, 0x60, 0x18, 0x00, 0x1F, 0x0F,
    0xE6, 0x19, 0x86, 0x31, 0x8F, 0xC1, 0xE0, 0xCE, 0x61, 0x98, 0x26, 0x19, 0xEE, 0x3F, 0x00, 0x1E,
    0x0F, 0xC6, 0x19, 0x86, 0x60, 0x98, 0x67, 0x38, 0xFE, 0x01, 0x80, 0x60, 0x30, 0xBC, 0x3C, 0x00,
    0xDD, 0x00, 0x00, 0xF8, 0x67, 0x20, 0x00, 0x00, 0x06, 0x66, 0x40, 0x00, 0x80, 0xE0, 0xE0, 0xE0,
    0x60, 0x1E, 0x00, 0xE0, 0x0E, 0x00, 0x80, 0x00, 0x7F, 0x80, 0x00, 0x00, 0x07, 0xF8, 0x00, 0x40,
    0x1C, 0x01, 0xC0, 0x1C, 0x01, 0x81, 0xE1, 0xE1, 0xC0, 0x40, 0x00, 0x7C, 0xEE, 0x02, 0x02, 0x06,
    0x0C, 0x18, 0x10, 0x30, 0x00, 0x00, 0x30, 0x30, 0x0F, 0xE0, 0x3D, 0xE0, 0xC0, 0x63, 0x3E, 0x64,
    0xEC, 0xD9, 0x88, 0xB2, 0x11, 0x44, 0x22, 0xC8, 0xCD, 0x99, 0xDB, 0x1D, 0xE3, 0x00, 0x03, 0x80,
    0x03, 0xF8, 0x00, 0x00, 0x00, 0x06, 0x00, 0xE0, 0x0F, 0x00, 0xB0, 0x1B, 0x01, 0x98, 0x31, 0x83,
    0x18, 0x3F, 0xC6, 0x0C, 0x60, 0x6C, 0x06, 0xC0, 0x60, 0x7F, 0x19, 0xE4, 0x19, 0x06, 0x41, 0x98,
    0xE7, 0xF1, 0x8E, 0x40, 0xD0, 0x34, 0x0D, 0x8E, 0x7F, 0x00, 0x1F, 0x8F, 0xF6, 0x01, 0x80, 0xC0,
    0x30, 0x0C, 0x03, 0x00, 0xC0, 0x38, 0x06, 0x00, 0xF6, 0x1F, 0x80, 0x7F, 0x06, 0x78, 0x40, 0xC4,
    0x06, 0x40, 0x64, 0x06, 0x40, 0x64, 0x06, 0x40, 0x64, 0x0E, 0x40, 0xC6, 0x78, 0x7F, 0x00, 0x7F,
    0x60, 0x40, 0x40, 0x40, 0x60, 0x7F, 0x60, 0x40, 0x40, 0x40, 0x60, 0x7F, 0x7F, 0x60, 0x40, 0x40,
    0x40, 0x60, 0x7F, 0x60, 0x40, 0x40, 0x40, 0x40, 0x40, 0x0F, 0xC7, 0xB9, 0x80, 0x30, 0x0C, 0x01,
    0x80, 0x30, 0xFE, 0x03, 0xC0, 0x6C, 0x0D, 0x81, 0x9E, 0x71, 0xFC, 0x40, 0x68, 0x0D, 0x01, 0xA0,
    0x34, 0x06, 0xC0, 0xDF, 0xFB, 0x03, 0x40, 0x68, 0x0D, 0x01, 0xA0, 0x34, 0x06, 0x78, 0xC3, 0x0C,
    0x30, 0xC3, 0x0C, 0x30, 0xC3, 0x0C, 0x78, 0x08, 0x20, 0x82, 0x08, 0x20, 0x82, 0x08, 0x20, 0x82,
    0x08, 0x61, 0xBC, 0x00, 0x41, 0xC8, 0x31, 0x0C, 0x23, 0x04, 0xC0, 0xF0, 0x1F, 0x03, 0x60, 0x46,
    0x08, 0x61, 0x0C, 0x20, 0xC4, 0x0C, 0x40, 0x40, 0x40, 0x40, 0x40, 0x40, 0x40, 0x40, 0x40, 0x40,
    0x40, 0x7F, 0x7F, 0x60, 0x1D, 0xC0, 0x77, 0x03, 0xD6, 0x0B, 0x58, 0x6D, 0x61, 0xB4, 0xC4, 0xD3,
    0x33, 0x44, 0xCD, 0x1E, 0x34, 0x78, 0xD0, 0xC3, 0x43, 0x0C, 0x60, 0x6E, 0x0D, 0xC1, 0xAC, 0x35,
    0xC6, 0x98, 0xD1, 0x9A, 0x3B, 0x43, 0x68, 0x3D, 0x07, 0xA0, 0x74, 0x06, 0x1F, 0x83, 0xDC, 0x60,
    0x6E, 0x03, 0xC0, 0x3C, 0x03, 0xC0, 0x3C, 0x03, 0xC0, 0x3E, 0x03, 0x60, 0x63, 0x9C, 0x1F, 0x80,
    0x7E, 0x37, 0x90, 0x68, 0x34, 0x1A, 0x0D, 0x8C, 0xFC, 0x60, 0x20, 0x10, 0x08, 0x04, 0x00, 0x1F,
    0x83, 0xDC, 0x60, 0x6E, 0x03, 0xC0, 0x3C, 0x03, 0xC0, 0x3C, 0x03, 0xC0, 0x3E, 0x03, 0x60, 0x63,
    0x9C, 0x1F, 0x80, 0x18, 0x00, 0xC0, 0x0E, 0x7E, 0x19, 0xE4, 0x19, 0x06, 0x41, 0x98, 0xC7, 0xE1,
    0x98, 0x46, 0x10, 0xC4, 0x19, 0x06, 0x40, 0xC0, 0x1F, 0x0F, 0xE6, 0x01, 0x80, 0x60, 0x0E, 0x01,
    0xE0, 0x1E, 0x01, 0x80, 0x60, 0x19, 0xDC, 0x7E, 0x00, 0xFF, 0xC3, 0x00, 0xC0, 0x30, 0x0C, 0x03,
    0x00, 0xC0, 0x30, 0x0C, 0x03, 0x00, 0xC0, 0x30, 0x0C, 0x00, 0xC0, 0x78, 0x0F, 0x01, 0xE0, 0x3C,
    0x07, 0x80, 0xF0, 0x1E, 0x03, 0x40, 0x6C, 0x09, 0x83, 0x1D, 0xE1, 0xF0, 0xC0, 0x78, 0x19, 0x83,
    0x30, 0x66, 0x18, 0x63, 0x0C, 0x60, 0x98, 0x1B, 0x03, 0x60, 0x38, 0x07, 0x00, 0xE0, 0xC1, 0x81,
    0x60, 0xE1, 0x98, 0x70, 0xCC, 0x68, 0x66, 0x36, 0x21, 0x1B, 0x30, 0xD9, 0x98, 0x6C, 0x4C, 0x36,
    0x34, 0x0E, 0x1E, 0x07, 0x07, 0x03, 0x83, 0x81, 0xC1, 0x80, 0x60, 0xCC, 0x30, 0xC6, 0x19, 0x81,
    0xA0, 0x1C, 0x03, 0x80, 0xF0, 0x1B, 0x06, 0x60, 0x86, 0x30, 0x6C, 0x0C, 0xC0, 0xCC, 0x19, 0x86,
    0x19, 0x83, 0x30, 0x3C, 0x07, 0x80, 0x60, 0x0C, 0x01, 0x80, 0x30, 0x06, 0x00, 0xC0, 0x7F, 0xC0,
    0x60, 0x18, 0x0C, 0x06, 0x01, 0x80, 0xC0, 0x60, 0x18, 0x0C, 0x07, 0x01, 0x80, 0x7F, 0xC0, 0xFE,
    0x31, 0x8C, 0x63, 0x18, 0xC6, 0x31, 0x8C, 0x63, 0x1F, 0x00, 0xC0, 0x81, 0x83, 0x03, 0x06, 0x0C,
    0x0C, 0x18, 0x10, 0x30, 0x60, 0x40, 0xF8, 0xC6, 0x31, 0x8C, 0x63, 0x18, 0xC6, 0x31, 0x8C, 0x7F,
    0x00, 0x00, 0x03, 0x01, 0xE0, 0x78, 0x13, 0x0C, 0xC2, 0x11, 0x86, 0x40, 0x80, 0x00, 0x1F, 0xE0,
    0x00, 0x61, 0x84, 0x3E, 0x1F, 0x80, 0x60, 0x33, 0xFB, 0x8D, 0x86, 0xC3, 0x77, 0x9E, 0xC0, 0xC0,
    0x30, 0x0C, 0x03, 0x00, 0xDE, 0x3F, 0xCE, 0x1B, 0x06, 0xC1, 0xB0, 0x6C, 0x1B, 0x86, 0xFF, 0x37,
    0x80, 0x1F, 0x1D, 0x98, 0x0C, 0x06, 0x03, 0x01, 0x80, 0xC0, 0x3B, 0x0F, 0x80, 0x00, 0xC0, 0x30,
    0x0C, 0x03, 0x1E, 0xCF, 0xF6, 0x1D, 0x83, 0x60, 0xD8, 0x36, 0x0D, 0x87, 0x3F, 0xC7, 0xB0, 0x1E,
    0x0F, 0xE6, 0x19, 0x86, 0x7F, 0x98, 0x06, 0x01, 0x80, 0x3B, 0x87, 0xE0, 0x1E, 0x78, 0xC1, 0x8F,
    0xC6, 0x0C, 0x18, 0x30, 0x60, 0xC1, 0x83, 0x06, 0x00, 0x1E, 0xCF, 0xF6, 0x1D, 0x83, 0x60, 0xD8,
    0x36, 0x0D, 0x87, 0x3F, 0xC7, 0xB0, 0x0C, 0x06, 0x3B, 0x8F, 0xC0, 0xC0, 0x60, 0x30, 0x18, 0x0D,
    0xE7, 0xBB, 0x87, 0x83, 0xC1, 0xE0, 0xF0, 0x78, 0x3C, 0x1E, 0x0C, 0xD8, 0x0D, 0xB6, 0xDB, 0x6D,
    0x80, 0x31, 0x80, 0x03, 0x18, 0xC6, 0x31, 0x8C, 0x63, 0x18, 0xC6, 0xF7, 0x00, 0xC0, 0x60, 0x30,
    0x18, 0x0C, 0x36, 0x33, 0x31, 0xB0, 0xF8, 0x7C, 0x33, 0x18, 0xCC, 0x66, 0x18, 0xDB, 0x6D, 0xB6,
    0xDB, 0x6D, 0x80, 0xDE, 0x79, 0xFF, 0xFB, 0x8E, 0x36, 0x08, 0x2C, 0x10, 0x78, 0x20, 0xF0, 0x41,
    0xE0, 0x83, 0xC1, 0x07, 0x82, 0x0C, 0xDE, 0x7F, 0xB8, 0x78, 0x3C, 0x1E, 0x0F, 0x07, 0x83, 0xC1,
    0xE0, 0xC0, 0x1F, 0x0F, 0xE6, 0x0D, 0x83, 0x60, 0xD8, 0x36, 0x0D, 0x83, 0x3F, 0x87, 0xC0, 0xDE,
    0x3F, 0xCE, 0x1B, 0x06, 0xC1, 0xB0, 0x6C, 0x1B, 0x86, 0xFF, 0x37, 0x8C, 0x03, 0x00, 0xC0, 0x30,
    0x00, 0x1E, 0xCF, 0xF6, 0x1D, 0x83, 0x60, 0xD8, 0x36, 0x0D, 0x87, 0x3F, 0xC7, 0xB0, 0x0C, 0x03,
    0x00, 0xC0, 0x30, 0xDD, 0xFB, 0x86, 0x0C, 0x18, 0x30, 0x60, 0xC1, 0x80, 0x3E, 0x76, 0x60, 0x60,
    0x3C, 0x0E, 0x03, 0x03, 0x77, 0x7E, 0x20, 0x43, 0xF3, 0x82, 0x04, 0x08, 0x10, 0x20, 0x40, 0xF0,
    0xE0, 0xC1, 0xE0, 0xF0, 0x78, 0x3C, 0x1E, 0x0F, 0x07, 0x87, 0x7F, 0x9E, 0xC0, 0xC1, 0xB0, 0x66,
    0x31, 0x8C, 0x23, 0x0D, 0x83, 0x60, 0x58, 0x1C, 0x07, 0x00, 0xC3, 0x0F, 0x0E, 0x36, 0x78, 0x99,
    0xE6, 0x64, 0x98, 0xB3, 0x63, 0xCD, 0x0F, 0x1C, 0x38, 0x70, 0x61, 0xC0, 0x61, 0x98, 0xC3, 0x60,
    0x78, 0x1C, 0x07, 0x01, 0xE0, 0xCC, 0x63, 0x18, 0x60, 0xC1, 0xB0, 0x66, 0x31, 0x8C, 0x33, 0x0D,
    0x83, 0x60, 0x70, 0x1C, 0x03, 0x01, 0x80, 0x60, 0x30, 0x38, 0x00, 0x7F, 0x07, 0x06, 0x0C, 0x0C,
    0x18, 0x30, 0x20, 0x60, 0x7F, 0x0C, 0x38, 0x40, 0x81, 0x02, 0x0C, 0x70, 0x70, 0x60, 0x40, 0x81,
    0x02, 0x06, 0x06, 0x00, 0xFF, 0xFF, 0xFF, 0xFF, 0xF0, 0xE0, 0xE0, 0xC1, 0x83, 0x06, 0x06, 0x06,
    0x18, 0x20, 0xC1, 0x83, 0x06, 0x0C, 0x70, 0x00, 0x00, 0x1F, 0x24, 0xF8, 0x00, 0xDC, 0x04, 0x92,
    0x5B, 0x6C, 0x0C, 0x1F, 0x72, 0x60, 0x60, 0x40, 0x40, 0x60, 0x60, 0x70, 0x3F, 0x0C, 0x08, 0x0F,
    0x87, 0xE3, 0x00, 0xC0, 0x30, 0x0C, 0x0F, 0xF0, 0xC0, 0x30, 0x0C, 0x03, 0x01, 0xC0, 0xFF, 0xC0,
    0x00, 0x7F, 0x9F, 0x88, 0x64, 0x32, 0x19, 0x99, 0xFE, 0x01, 0x00, 0xC0, 0xCC, 0x31, 0x86, 0x19,
    0x83, 0x30, 0x3C, 0x07, 0x81, 0xFC, 0x0C, 0x07, 0xF0, 0x30, 0x06, 0x00, 0xC0, 0xFF, 0xFC, 0x03,
    0xFF, 0xF0, 0x7E, 0xEE, 0xC0, 0xE0, 0x78, 0xCE, 0xC6, 0xC6, 0x76, 0x1C, 0x06, 0x06, 0xEE, 0xFC,
    0x01, 0x30, 0x00, 0x00, 0x00, 0x1F, 0x80, 0x71, 0xC1, 0x9E, 0xC6, 0x64, 0x89, 0x81, 0x93, 0x01,
    0x26, 0x02, 0x4C, 0x04, 0x8C, 0x09, 0x9F, 0x31, 0x80, 0xC1, 0xC7, 0x01, 0xFC, 0x00, 0x00, 0x00,
    0x78, 0x37, 0xD3, 0x4D, 0xF0, 0x00, 0x0D, 0x8C, 0x8C, 0xC6, 0xC1, 0xB0, 0xCC, 0x32, 0x00, 0x1F,
    0xE0, 0x08, 0x02, 0x00, 0x80, 0x20, 0x01, 0xE0, 0x00, 0x00, 0x00, 0x1F, 0x80, 0x71, 0xC1, 0x80,
    0xC6, 0x7C, 0x88, 0xD9, 0x91, 0xB1, 0x23, 0xC2, 0x47, 0x84, 0x8D, 0x89, 0x99, 0xB1, 0x80, 0xC1,
    0xC7, 0x01, 0xFC, 0x00, 0x00, 0x00, 0x00, 0x0F, 0xF8, 0x00, 0x00, 0x00, 0x79, 0x9A, 0x36, 0x67,
    0x80, 0x00, 0x0C, 0x03, 0x00, 0xC0, 0x30, 0x7F, 0x83, 0x00, 0xC0, 0x30, 0x0C, 0x00, 0x07, 0xFC,
    0x79, 0x20, 0xC2, 0x18, 0xC6, 0x3F, 0x00, 0x79, 0x30, 0x9E, 0x0C, 0x30, 0xFE, 0x00, 0x33, 0x10,
    0xC1, 0xE0, 0xF0, 0x78, 0x3C, 0x1E, 0x0F, 0x07, 0x87, 0xFF, 0xFE, 0xF0, 0x18, 0x0C, 0x06, 0x00,
    0x1F, 0xCF, 0xB7, 0xE5, 0xF9, 0x7E, 0x5F, 0x97, 0xE5, 0xF9, 0x3E, 0x40, 0x90, 0x24, 0x09, 0x02,
    0x40, 0x90, 0x24, 0x09, 0x00, 0x00, 0x1F, 0x00, 0x06, 0x33, 0xE0, 0x33, 0x94, 0x21, 0x08, 0x42,
    0x38, 0x89, 0x12, 0x24, 0xC7, 0x00, 0x00, 0x36, 0x0D, 0x86, 0x61, 0xB1, 0x99, 0x98, 0x88, 0x30,
    0x21, 0xC1, 0x81, 0x0C, 0x04, 0x20, 0x11, 0x80, 0x44, 0xC1, 0x33, 0x05, 0x9C, 0x04, 0xD0, 0x32,
    0x40, 0x9F, 0x86, 0x04, 0x30, 0x10, 0x30, 0x61, 0xC1, 0x01, 0x0C, 0x04, 0x60, 0x11, 0x00, 0x4D,
    0xC1, 0x2D, 0x85, 0x82, 0x0C, 0x18, 0x20, 0xC1, 0x86, 0x04, 0x30, 0x30, 0xF8, 0x00, 0x00, 0x00,
    0x01, 0xE0, 0xC4, 0xC2, 0x02, 0x18, 0x78, 0x40, 0x73, 0x00, 0xD9, 0xA3, 0x4E, 0xFB, 0x38, 0x09,
    0x60, 0x6D, 0x83, 0x3F, 0x08, 0x18, 0x60, 0x60, 0x0C, 0x1C, 0x00, 0x00, 0x08, 0x18, 0x38, 0x70,
    0x60, 0xC0, 0xC0, 0x62, 0x7E, 0x00, 0x0C, 0x00, 0xC0, 0x06, 0x00, 0x00, 0x06, 0x00, 0xE0, 0x0F,
    0x00, 0xB0, 0x1B, 0x01, 0x98, 0x31, 0x83, 0x18, 0x3F, 0xC6, 0x0C, 0x60, 0x6C, 0x06, 0xC0, 0x60,
    0x03, 0x00, 0x20, 0x06, 0x00, 0x00, 0x06, 0x00, 0xE0, 0x0F, 0x00, 0xB0, 0x1B, 0x01, 0x98, 0x31,
    0x83, 0x18, 0x3F, 0xC6, 0x0C, 0x60, 0x6C, 0x06, 0xC0, 0x60, 0x0E, 0x00, 0xF0, 0x19, 0x80, 0x00,
    0x06, 0x00, 0xE0, 0x0F, 0x00, 0xB0, 0x1B, 0x01, 0x98, 0x31, 0x83, 0x18, 0x3F, 0xC6, 0x0C, 0x60,
    0x6C, 0x06, 0xC0, 0x60, 0x00, 0x01, 0xC8, 0x37, 0x80, 0x00, 0x06, 0x00, 0xE0, 0x0F, 0x00, 0xB0,
    0x1B, 0x01, 0x98, 0x31, 0x83, 0x18, 0x3F, 0xC6, 0x0C, 0x60, 0x6C, 0x06, 0xC0, 0x60, 0x00, 0x01,
    0x90, 0x00, 0x00, 0x00, 0x06, 0x00, 0xE0, 0x0F, 0x00, 0xB0, 0x1B, 0x01, 0x98, 0x31, 0x83, 0x18,
    0x3F, 0xC6, 0x0C, 0x60, 0x6C, 0x06, 0xC0, 0x60, 0x00, 0x00, 0xE0, 0x0B, 0x00, 0xB0, 0x0E, 0x00,
    0xE0, 0x0F, 0x00, 0xB0, 0x1B, 0x01, 0x98, 0x31, 0x83, 0x18, 0x3F, 0xC6, 0x0C, 0x60, 0x6C, 0x06,
    0xC0, 0x60, 0x01, 0xFF, 0x03, 0x60, 0x03, 0x60, 0x06, 0x60, 0x06, 0x60, 0x0C, 0x60, 0x0C, 0x7F,
    0x1C, 0x60, 0x1F, 0xE0, 0x38, 0x60, 0x30, 0x60, 0x30, 0x60, 0x60, 0x7F, 0x1F, 0x8F, 0xF6, 0x01,
    0x80, 0xC0, 0x30, 0x0C, 0x03, 0x00, 0xC0, 0x38, 0x06, 0x00, 0xF6, 0x1F, 0x81, 0x00, 0x60, 0x0C,
    0x0E, 0x00, 0x30, 0x18, 0x0C, 0x00, 0x7F, 0x60, 0x40, 0x40, 0x40, 0x60, 0x7F, 0x60, 0x40, 0x40,
    0x40, 0x60, 0x7F, 0x06, 0x0C, 0x08, 0x00, 0x7F, 0x60, 0x40, 0x40, 0x40, 0x60, 0x7F, 0x60, 0x40,
    0x40, 0x40, 0x60, 0x7F, 0x1C, 0x3C, 0x22, 0x00, 0x7F, 0x60, 0x40, 0x40, 0x40, 0x60, 0x7F, 0x60,
    0x40, 0x40, 0x40, 0x60, 0x7F, 0x00, 0x36, 0x00, 0x00, 0x7F, 0x60, 0x40, 0x40, 0x40, 0x60, 0x7F,
    0x60, 0x40, 0x40, 0x40, 0x60, 0x7F, 0x60, 0xC1, 0x00, 0x78, 0xC3, 0x0C, 0x30, 0xC3, 0x0C, 0x30,
    0xC3, 0x0C, 0x78, 0x1C, 0x63, 0x00, 0x78, 0xC3, 0x0C, 0x30, 0xC3, 0x0C, 0x30, 0xC3, 0x0C, 0x78,
    0x30, 0xF3, 0x30, 0x07, 0x86, 0x0C, 0x18, 0x30, 0x60, 0xC1, 0x83, 0x06, 0x0C, 0x18, 0x78, 0x01,
    0x30, 0x00, 0x78, 0xC3, 0x0C, 0x30, 0xC3, 0x0C, 0x30, 0xC3, 0x0C, 0x78, 0x3F, 0x81, 0x9E, 0x0C,
    0x18, 0x60, 0x63, 0x03, 0x18, 0x1B, 0xF8, 0xC6, 0x06, 0x30, 0x31, 0x83, 0x8C, 0x18, 0x67, 0x83,
    0xF8, 0x00, 0x00, 0x03, 0x90, 0x5E, 0x00, 0x06, 0x06, 0xE0, 0xDC, 0x1A, 0xC3, 0x5C, 0x69, 0x8D,
    0x19, 0xA3, 0xB4, 0x36, 0x83, 0xD0, 0x7A, 0x07, 0x40, 0x60, 0x0C, 0x00, 0x60, 0x02, 0x00, 0x00,
    0x1F, 0x83, 0xDC, 0x60, 0x6E, 0x03, 0xC0, 0x3C, 0x03, 0xC0, 0x3C, 0x03, 0xC0, 0x3E, 0x03, 0x60,
    0x63, 0x9C, 0x1F, 0x80, 0x03, 0x80, 0x30, 0x06, 0x00, 0x00, 0x1F, 0x83, 0xDC, 0x60, 0x6E, 0x03,
    0xC0, 0x3C, 0x03, 0xC0, 0x3C, 0x03, 0xC0, 0x3E, 0x03, 0x60, 0x63, 0x9C, 0x1F, 0x80, 0x06, 0x00,
    0xF0, 0x19, 0x80, 0x00, 0x1F, 0x83, 0xDC, 0x60, 0x6E, 0x03, 0xC0, 0x3C, 0x03, 0xC0, 0x3C, 0x03,
    0xC0, 0x3E, 0x03, 0x60, 0x63, 0x9C, 0x1F, 0x80, 0x00, 0x01, 0xE8, 0x17, 0x80, 0x00, 0x1F, 0x83,
    0xDC, 0x60, 0x6E, 0x03, 0xC0, 0x3C, 0x03, 0xC0, 0x3C, 0x03, 0xC0, 0x3E, 0x03, 0x60, 0x63, 0x9C,
    0x1F, 0x80, 0x00, 0x00, 0x98, 0x00, 0x00, 0x00, 0x1F, 0x83, 0xDC, 0x60, 0x6E, 0x03, 0xC0, 0x3C,
    0x03, 0xC0, 0x3C, 0x03, 0xC0, 0x3E, 0x03, 0x60, 0x63, 0x9C, 0x1F, 0x80, 0x00, 0x61, 0x99, 0x87,
    0x81, 0x81, 0xE1, 0x99, 0x86, 0x00, 0x00, 0x00, 0x01, 0xFE, 0x3F, 0xE6, 0x0E, 0xE1, 0xFC, 0x33,
    0xC3, 0x3C, 0x63, 0xCC, 0x3C, 0x83, 0xF8, 0x37, 0x06, 0x7D, 0xC7, 0xF8, 0x00, 0x00, 0x1C, 0x01,
    0x80, 0x18, 0x00, 0x0C, 0x07, 0x80, 0xF0, 0x1E, 0x03, 0xC0, 0x78, 0x0F, 0x01, 0xE0, 0x34, 0x06,
    0xC0, 0x98, 0x31, 0xDE, 0x1F, 0x00, 0x03, 0x00, 0xC0, 0x10, 0x00, 0x0C, 0x07, 0x80, 0xF0, 0x1E,
    0x03, 0xC0, 0x78, 0x0F, 0x01, 0xE0, 0x34, 0x06, 0xC0, 0x98, 0x31, 0xDE, 0x1F, 0x00, 0x0E, 0x01,
    0xE0, 0x44, 0x00, 0x0C, 0x07, 0x80, 0xF0, 0x1E, 0x03, 0xC0, 0x78, 0x0F, 0x01, 0xE0, 0x34, 0x06,
    0xC0, 0x98, 0x31, 0xDE, 0x1F, 0x00, 0x00, 0x03, 0x60, 0x00, 0x00, 0x0C, 0x07, 0x80, 0xF0, 0x1E,
    0x03, 0xC0, 0x78, 0x0F, 0x01, 0xE0, 0x34, 0x06, 0xC0, 0x98, 0x31, 0xDE, 0x1F, 0x00, 0x07, 0x00,
    0xC0, 0x30, 0x00, 0x0C, 0x0C, 0xC1, 0x98, 0x61, 0x98, 0x33, 0x03, 0xC0, 0x78, 0x06, 0x00, 0xC0,
    0x18, 0x03, 0x00, 0x60, 0x0C, 0x00, 0x40, 0x30, 0x1F, 0x8C, 0xE4, 0x1A, 0x0D, 0x06, 0x83, 0x63,
    0x3F, 0x18, 0x08, 0x04, 0x00, 0x3E, 0x1D, 0xC4, 0x13, 0x0C, 0xC7, 0x31, 0x8C, 0xC3, 0x18, 0xC7,
    0x30, 0x6C, 0x0F, 0x03, 0xDD, 0xB3, 0xC0, 0x18, 0x06, 0x01, 0x00, 0x03, 0xE1, 0xF8, 0x06, 0x03,
    0x3F, 0xB8, 0xD8, 0x6C, 0x37, 0x79, 0xEC, 0x07, 0x03, 0x03, 0x00, 0x03, 0xE1, 0xF8, 0x06, 0x03,
    0x3F, 0xB8, 0xD8, 0x6C, 0x37, 0x79, 0xEC, 0x0C, 0x0F, 0x0C, 0xC0, 0x03, 0xE1, 0xF8, 0x06, 0x03,
    0x3F, 0xB8, 0xD8, 0x6C, 0x37, 0x79, 0xEC, 0x00, 0x1E, 0x8B, 0xC0, 0x03, 0xE1, 0xF8, 0x06, 0x03,
    0x3F, 0xB8, 0xD8, 0x6C, 0x37, 0x79, 0xEC, 0x00, 0x09, 0x80, 0x00, 0x03, 0xE1, 0xF8, 0x06, 0x03,
    0x3F, 0xB8, 0xD8, 0x6C, 0x37, 0x79, 0xEC, 0x00, 0x07, 0x07, 0x82, 0x41, 0xE0, 0x00, 0xF8, 0x7E,
    0x01, 0x80, 0xCF, 0xEE, 0x36, 0x1B, 0x0D, 0xDE, 0x7B, 0x3E, 0x78, 0x7F, 0xF8, 0x06, 0x10, 0x0C,
    0x33, 0xFF, 0xEE, 0x70, 0x18, 0x60, 0x31, 0xC0, 0x7E, 0xEC, 0x78, 0xF8, 0x1F, 0x1D, 0x98, 0x0C,
    0x06, 0x03, 0x01, 0x80, 0xC0, 0x3B, 0x0F, 0x83, 0x00, 0xC0, 0x60, 0xE0, 0x18, 0x03, 0x00, 0x40,
    0x00, 0x1E, 0x0F, 0xE6, 0x19, 0x86, 0x7F, 0x98, 0x06, 0x01, 0x80, 0x3B, 0x87, 0xE0, 0x03, 0x01,
    0x80, 0xC0, 0x00, 0x1E, 0x0F, 0xE6, 0x19, 0x86, 0x7F, 0x98, 0x06, 0x01, 0x80, 0x3B, 0x87, 0xE0,
    0x0C, 0x07, 0x83, 0x30, 0x00, 0x1E, 0x0F, 0xE6, 0x19, 0x86, 0x7F, 0x98, 0x06, 0x01, 0x80, 0x3B,
    0x87, 0xE0, 0x00, 0x04, 0xC0, 0x00, 0x00, 0x1E, 0x0F, 0xE6, 0x19, 0x86, 0x7F, 0x98, 0x06, 0x01,
    0x80, 0x3B, 0x87, 0xE0, 0x61, 0x86, 0x03, 0x18, 0xC6, 0x31, 0x8C, 0x63, 0x18, 0x36, 0xC0, 0xCC,
    0xCC, 0xCC, 0xCC, 0xCC, 0x38, 0xF3, 0x30, 0x03, 0x06, 0x0C, 0x18, 0x30, 0x60, 0xC1, 0x83, 0x06,
    0x00, 0x01, 0x30, 0x00, 0x30, 0xC3, 0x0C, 0x30, 0xC3, 0x0C, 0x30, 0xC0, 0x00, 0x07, 0x60, 0xF0,
    0x7C, 0x11, 0x80, 0x61, 0xFC, 0xEF, 0x60, 0xD8, 0x36, 0x0D, 0x83, 0x60, 0xCE, 0xE1, 0xF0, 0x00,
    0x1D, 0x9B, 0x80, 0x0D, 0xE7, 0xFB, 0x87, 0x83, 0xC1, 0xE0, 0xF0, 0x78, 0x3C, 0x1E, 0x0C, 0x18,
    0x03, 0x00, 0x60, 0x00, 0x1F, 0x0F, 0xE6, 0x0D, 0x83, 0x60, 0xD8, 0x36, 0x0D, 0x83, 0x3F, 0x87,
    0xC0, 0x03, 0x01, 0x80, 0x40, 0x00, 0x1F, 0x0F, 0xE6, 0x0D, 0x83, 0x60, 0xD8, 0x36, 0x0D, 0x83,
    0x3F, 0x87, 0xC0, 0x0E, 0x07, 0x81, 0x10, 0x00, 0x1F, 0x0F, 0xE6, 0x0D, 0x83, 0x60, 0xD8, 0x36,
    0x0D, 0x83, 0x3F, 0x87, 0xC0, 0x00, 0x07, 0x63, 0x70, 0x00, 0x1F, 0x0F, 0xE6, 0x0D, 0x83, 0x60,
    0xD8, 0x36, 0x0D, 0x83, 0x3F, 0x87, 0xC0, 0x00, 0x06, 0xC0, 0x00, 0x00, 0x1F, 0x0F, 0xE6, 0x0D,
    0x83, 0x60, 0xD8, 0x36, 0x0D, 0x83, 0x3F, 0x87, 0xC0, 0x00, 0x03, 0x00, 0xC0, 0x00, 0x7F, 0xC0,
    0x00, 0x00, 0x30, 0x0C, 0x00, 0x00, 0x07, 0xE3, 0xB9, 0x8E, 0x63, 0xD9, 0xB6, 0xCD, 0xA3, 0x78,
    0xCE, 0xE7, 0xF0, 0x00, 0x30, 0x0C, 0x03, 0x00, 0x0C, 0x1E, 0x0F, 0x07, 0x83, 0xC1, 0xE0, 0xF0,
    0x78, 0x77, 0xF9, 0xEC, 0x06, 0x06, 0x02, 0x00, 0x0C, 0x1E, 0x0F, 0x07, 0x83, 0xC1, 0xE0, 0xF0,
    0x78, 0x77, 0xF9, 0xEC, 0x1C, 0x0F, 0x08, 0x80, 0x0C, 0x1E, 0x0F, 0x07, 0x83, 0xC1, 0xE0, 0xF0,
    0x78, 0x77, 0xF9, 0xEC, 0x00, 0x1B, 0x00, 0x00, 0x0C, 0x1E, 0x0F, 0x07, 0x83, 0xC1, 0xE0, 0xF0,
    0x78, 0x77, 0xF9, 0xEC, 0x06, 0x03, 0x00, 0x80, 0x00, 0xC1, 0xB0, 0x66, 0x31, 0x8C, 0x33, 0x0D,
    0x83, 0x60, 0x70, 0x1C, 0x03, 0x01, 0x80, 0x60, 0x30, 0x38, 0x00, 0xC0, 0x30, 0x0C, 0x03, 0x00,
    0xDE, 0x3F, 0xCE, 0x1B, 0x06, 0xC1, 0xB0, 0x6C, 0x1B, 0x86, 0xFF, 0x37, 0x8C, 0x03, 0x00, 0xC0,
    0x30, 0x00, 0x00, 0x0D, 0x80, 0x00, 0x00, 0xC1, 0xB0, 0x66, 0x31, 0x8C, 0x33, 0x0D, 0x83, 0x60,
    0x70, 0x1C, 0x03, 0x01, 0x80, 0x60, 0x30, 0x38, 0x00, 0x00, 0x01, 0xF8, 0x00, 0x00, 0x60, 0x0E,
    0x00, 0xF0, 0x0B, 0x01, 0xB0, 0x19, 0x83, 0x18, 0x31, 0x83, 0xFC, 0x60, 0xC6, 0x06, 0xC0, 0x6C,
    0x06, 0x00, 0x1F, 0x80, 0x07, 0xC3, 0xF0, 0x0C, 0x06, 0x7F, 0x71, 0xB0, 0xD8, 0x6E, 0xF3, 0xD8,
    0x00, 0x01, 0x10, 0x0F, 0x00, 0x00, 0x06, 0x00, 0xE0, 0x0F, 0x00, 0xB0, 0x1B, 0x01, 0x98, 0x31,
    0x83, 0x18, 0x3F, 0xC6, 0x0C, 0x60, 0x6C, 0x06, 0xC0, 0x60, 0x00, 0x19, 0x87, 0x80, 0x03, 0xE1,
    0xF8, 0x06, 0x03, 0x3F, 0xB8, 0xD8, 0x6C, 0x37, 0x79, 0xEC, 0x06, 0x00, 0xE0, 0x0F, 0x00, 0xB0,
    0x1B, 0x01, 0x98, 0x31, 0x83, 0x18, 0x3F, 0xC6, 0x0C, 0x60, 0x6C, 0x06, 0xC0, 0x60, 0x06, 0x00,
    0x40, 0x0C, 0x00, 0x70, 0x00, 0x3E, 0x0F, 0xC0, 0x18, 0x06, 0x3F, 0x9C, 0x66, 0x19, 0x86, 0x77,
    0x8F, 0x60, 0x10, 0x0C, 0x03, 0x00, 0xE0, 0x00, 0x03, 0x00, 0xC0, 0x60, 0x00, 0x1F, 0x8F, 0xF6,
    0x01, 0x80, 0xC0, 0x30, 0x0C, 0x03, 0x00, 0xC0, 0x38, 0x06, 0x00, 0xF6, 0x1F, 0x80, 0x07, 0x03,
    0x03, 0x00, 0x01, 0xF1, 0xD9, 0x80, 0xC0, 0x60, 0x30, 0x18, 0x0C, 0x03, 0xB0, 0xF8, 0x06, 0x03,
    0xC1, 0x98, 0x00, 0x1F, 0x8F, 0xF6, 0x01, 0x80, 0xC0, 0x30, 0x0C, 0x03, 0x00, 0xC0, 0x38, 0x06,
    0x00, 0xF6, 0x1F, 0x80, 0x0C, 0x0F, 0x0C, 0xC0, 0x01, 0xF1, 0xD9, 0x80, 0xC0, 0x60, 0x30, 0x18,
    0x0C, 0x03, 0xB0, 0xF8, 0x00, 0x01, 0x80, 0x60, 0x00, 0x1F, 0x8F, 0xF6, 0x01, 0x80, 0xC0, 0x30,
    0x0C, 0x03, 0x00, 0xC0, 0x38, 0x06, 0x00, 0xF6, 0x1F, 0x80, 0x00, 0x06, 0x03, 0x00, 0x01, 0xF1,
    0xD9, 0x80, 0xC0, 0x60, 0x30, 0x18, 0x0C, 0x03, 0xB0, 0xF8, 0x19, 0x83, 0xC0, 0x60, 0x00, 0x1F,
    0x8F, 0xF6, 0x01, 0x80, 0xC0, 0x30, 0x0C, 0x03, 0x00, 0xC0, 0x38, 0x06, 0x00, 0xF6, 0x1F, 0x80,
    0x33, 0x0F, 0x03, 0x00, 0x01, 0xF1, 0xD9, 0x80, 0xC0, 0x60, 0x30, 0x18, 0x0C, 0x03, 0xB0, 0xF8,
    0x11, 0x01, 0xF0, 0x0E, 0x00, 0x00, 0x7F, 0x06, 0x78, 0x40, 0xC4, 0x06, 0x40, 0x64, 0x06, 0x40,
    0x64, 0x06, 0x40, 0x64, 0x0E, 0x40, 0xC6, 0x78, 0x7F, 0x00, 0x00, 0xD0, 0x07, 0x80, 0x38, 0x01,
    0x81, 0xEC, 0x1F, 0xE1, 0x87, 0x0C, 0x18, 0x60, 0xC3, 0x06, 0x18, 0x30, 0xC3, 0x83, 0xFC, 0x0F,
    0x60, 0x3F, 0x81, 0x9E, 0x0C, 0x18, 0x60, 0x63, 0x03, 0x18, 0x1B, 0xF8, 0xC6, 0x06, 0x30, 0x31,
    0x83, 0x8C, 0x18, 0x67, 0x83, 0xF8, 0x00, 0x00, 0xC0, 0x18, 0x3F, 0x80, 0x61, 0xEC, 0x7F, 0x98,
    0x73, 0x06, 0x60, 0xCC, 0x19, 0x83, 0x30, 0xE3, 0xFC, 0x3D, 0x80, 0x00, 0x3E, 0x00, 0x7F, 0x60,
    0x40, 0x40, 0x40, 0x60, 0x7F, 0x60, 0x40, 0x40, 0x40, 0x60, 0x7F, 0x00, 0x0F, 0xC0, 0x00, 0x78,
    0x3F, 0x98, 0x66, 0x19, 0xFE, 0x60, 0x18, 0x06, 0x00, 0xEE, 0x1F, 0x80, 0x00, 0x22, 0x3E, 0x00,
    0x7F, 0x60, 0x40, 0x40, 0x40, 0x60, 0x7F, 0x60, 0x40, 0x40, 0x40, 0x60, 0x7F, 0x00, 0x0C, 0xC1,
    0xE0, 0x00, 0x1E, 0x0F, 0xE6, 0x19, 0x86, 0x7F, 0x98, 0x06, 0x01, 0x80, 0x3B, 0x87, 0xE0, 0x00,
    0x08, 0x08, 0x00, 0x7F, 0x60, 0x40, 0x40, 0x40, 0x60, 0x7F, 0x60, 0x40, 0x40, 0x40, 0x60, 0x7F,
    0x00, 0x03, 0x00, 0xC0, 0x00, 0x1E, 0x0F, 0xE6, 0x19, 0x86, 0x7F, 0x98, 0x06, 0x01, 0x80, 0x3B,
    0x87, 0xE0, 0x7F, 0x60, 0x40, 0x40, 0x40, 0x60, 0x7F, 0x60, 0x40, 0x40, 0x40, 0x60, 0x7F, 0x02,
    0x04, 0x06, 0x07, 0x00, 0x1E, 0x0F, 0xE6, 0x19, 0x86, 0x7F, 0x98, 0x06, 0x01, 0x80, 0x3B, 0x87,
    0xE0, 0x30, 0x08, 0x03, 0x00, 0xE0, 0x22, 0x3E, 0x1C, 0x00, 0x7F, 0x60, 0x40, 0x40, 0x40, 0x60,
    0x7F, 0x60, 0x40, 0x40, 0x40, 0x60, 0x7F, 0x33, 0x07, 0x80, 0xC0, 0x00, 0x1E, 0x0F, 0xE6, 0x19,
    0x86, 0x7F, 0x98, 0x06, 0x01, 0x80, 0x3B, 0x87, 0xE0, 0x07, 0x01, 0xE0, 0x66, 0x00, 0x00, 0xFC,
    0x7B, 0x98, 0x03, 0x00, 0xC0, 0x18, 0x03, 0x0F, 0xE0, 0x3C, 0x06, 0xC0, 0xD8, 0x19, 0xE7, 0x1F,
    0xC0, 0x0E, 0x07, 0x83, 0x30, 0x00, 0x1E, 0xCF, 0xF6, 0x1D, 0x83, 0x60, 0xD8, 0x36, 0x0D, 0x87,
    0x3F, 0xC7, 0xB0, 0x0C, 0x06, 0x3B, 0x8F, 0xC0, 0x00, 0x01, 0x30, 0x3C, 0x00, 0x00, 0xFC, 0x7B,
    0x98, 0x03, 0x00, 0xC0, 0x18, 0x03, 0x0F, 0xE0, 0x3C, 0x06, 0xC0, 0xD8, 0x19, 0xE7, 0x1F, 0xC0,
    0x00, 0x04, 0x41, 0xE0, 0x00, 0x1E, 0xCF, 0xF6, 0x1D, 0x83, 0x60, 0xD8, 0x36, 0x0D, 0x87, 0x3F,
    0xC7, 0xB0, 0x0C, 0x06, 0x3B, 0x8F, 0xC0, 0x00, 0x00, 0xC0, 0x18, 0x00, 0x00, 0xFC, 0x7B, 0x98,
    0x03, 0x00, 0xC0, 0x18, 0x03, 0x0F, 0xE0, 0x3C, 0x06, 0xC0, 0xD8, 0x19, 0xE7, 0x1F, 0xC0, 0x00,
    0x03, 0x00, 0xC0, 0x00, 0x1E, 0xCF, 0xF6, 0x1D, 0x83, 0x60, 0xD8, 0x36, 0x0D, 0x87, 0x3F, 0xC7,
    0xB0, 0x0C, 0x06, 0x3B, 0x8F, 0xC0, 0x0F, 0xC7, 0xB9, 0x80, 0x30, 0x0C, 0x01, 0x80, 0x30, 0xFE,
    0x03, 0xC0, 0x6C, 0x0D, 0x81, 0x9E, 0x71, 0xFC, 0x00, 0x00, 0x80, 0x30, 0x04, 0x00, 0x06, 0x01,
    0x00, 0xC0, 0x00, 0x1E, 0xCF, 0xF6, 0x1D, 0x83, 0x60, 0xD8, 0x36, 0x0D, 0x87, 0x3F, 0xC7, 0xB0,
    0x0C, 0x06, 0x3B, 0x8F, 0xC0, 0x0E, 0x01, 0xE0, 0x66, 0x00, 0x04, 0x06, 0x80, 0xD0, 0x1A, 0x03,
    0x40, 0x6C, 0x0D, 0xFF, 0xB0, 0x34, 0x06, 0x80, 0xD0, 0x1A, 0x03, 0x40, 0x60, 0x38, 0x0F, 0x03,
    0x30, 0x00, 0x03, 0x00, 0x60, 0x0C, 0x01, 0x80, 0x37, 0x87, 0xB8, 0xE1, 0x98, 0x33, 0x06, 0x60,
    0xCC, 0x19, 0x83, 0x30, 0x66, 0x0C, 0x20, 0x30, 0xC0, 0xCF, 0xFF, 0x9C, 0x0C, 0x20, 0x30, 0xC0,
    0xC3, 0xFF, 0x0C, 0x0C, 0x20, 0x30, 0x80, 0xC2, 0x03, 0x08, 0x0C, 0x20, 0x30, 0x60, 0x18, 0x0F,
    0xE1, 0x80, 0x6F, 0x1E, 0xE7, 0x0D, 0x83, 0x60, 0xD8, 0x36, 0x0D, 0x83, 0x60, 0xD8, 0x30, 0x00,
    0x7A, 0x5E, 0x00, 0x3C, 0x18, 0x18, 0x18, 0x18, 0x18, 0x18, 0x18, 0x18, 0x18, 0x18, 0x18, 0x3C,
    0x00, 0xEF, 0xF0, 0x03, 0x06, 0x0C, 0x18, 0x30, 0x60, 0xC1, 0x83, 0x06, 0x00, 0x03, 0xF0, 0x1E,
    0x30, 0xC3, 0x0C, 0x30, 0xC3, 0x0C, 0x30, 0xC3, 0x1E, 0x03, 0xF0, 0x0C, 0x30, 0xC3, 0x0C, 0x30,
    0xC3, 0x0C, 0x30, 0x03, 0x37, 0x80, 0x78, 0xC3, 0x0C, 0x30, 0xC3, 0x0C, 0x30, 0xC3, 0x0C, 0x78,
    0x00, 0x99, 0xE0, 0x03, 0x06, 0x0C, 0x18, 0x30, 0x60, 0xC1, 0x83, 0x06, 0x00, 0x78, 0xC3, 0x0C,
    0x30, 0xC3, 0x0C, 0x30, 0xC3, 0x0C, 0x78, 0x61, 0x0C, 0x18, 0x00, 0x66, 0x00, 0x66, 0x66, 0x66,
    0x66, 0x66, 0x64, 0xC7, 0x00, 0x00, 0xC3, 0x00, 0x78, 0xC3, 0x0C, 0x30, 0xC3, 0x0C, 0x30, 0xC3,
    0x0C, 0x78, 0xDB, 0x6D, 0xB6, 0xD8, 0x78, 0xCC, 0x33, 0x0C, 0xC3, 0x30, 0xCC, 0x33, 0x0C, 0xC3,
    0x30, 0xCC, 0x33, 0x0C, 0xC3, 0x78, 0xC0, 0x20, 0x18, 0x1C, 0x00, 0x00, 0xC7, 0x8C, 0x00, 0x0C,
    0x78, 0xF1, 0xE3, 0xC7, 0x8F, 0x1E, 0x3C, 0x78, 0xC1, 0x83, 0x0E, 0x38, 0x1C, 0x3C, 0x22, 0x00,
    0x08, 0x08, 0x08, 0x08, 0x08, 0x08, 0x08, 0x08, 0x08, 0x08, 0x08, 0x08, 0x08, 0x18, 0x18, 0xF0,
    0x00, 0x38, 0xF3, 0x30, 0x03, 0x06, 0x0C, 0x18, 0x30, 0x60, 0xC1, 0x83, 0x06, 0x0C, 0x18, 0xF1,
    0xC0, 0x41, 0xC8, 0x31, 0x0C, 0x23, 0x04, 0xC0, 0xF0, 0x1F, 0x03, 0x60, 0x46, 0x08, 0x61, 0x0C,
    0x20, 0xC4, 0x0C, 0x00, 0x03, 0x00, 0x60, 0x08, 0x00, 0xC0, 0x60, 0x30, 0x18, 0x0C, 0x36, 0x33,
    0x31, 0xB0, 0xF8, 0x7C, 0x33, 0x18, 0xCC, 0x66, 0x18, 0x00, 0x30, 0x18, 0x08, 0x00, 0xC3, 0x63,
    0x33, 0x1B, 0x0F, 0x87, 0xC3, 0x31, 0x8C, 0xC7, 0x61, 0x80, 0x30, 0x60, 0x40, 0x00, 0x40, 0x40,
    0x40, 0x40, 0x40, 0x40, 0x40, 0x40, 0x40, 0x40, 0x40, 0x7F, 0x7F, 0x36, 0xC0, 0xCC, 0xCC, 0xCC,
    0xCC, 0xCC, 0xCC, 0xCC, 0x40, 0x40, 0x40, 0x40, 0x40, 0x40, 0x40, 0x40, 0x40, 0x40, 0x40, 0x7F,
    0x7F, 0x00, 0x0C, 0x08, 0x18, 0xDB, 0x6D, 0xB6, 0xDB, 0x6D, 0x82, 0xD8, 0x43, 0x43, 0x42, 0x40,
    0x40, 0x40, 0x40, 0x40, 0x40, 0x40, 0x40, 0x7F, 0x7F, 0xDB, 0x6D, 0x30, 0xC3, 0x0C, 0x30, 0xC3,
    0x0C, 0x30, 0xC3, 0x00, 0x40, 0x40, 0x40, 0x40, 0x40, 0x40, 0x46, 0x46, 0x40, 0x40, 0x40, 0x7F,
    0x7F, 0xC6, 0x31, 0x8C, 0x63, 0x7B, 0xC6, 0x31, 0x8C, 0x60, 0x20, 0x10, 0x08, 0x04, 0x02, 0x01,
    0xE0, 0xE0, 0xE0, 0xE0, 0x10, 0x08, 0x07, 0xF3, 0xF8, 0x30, 0xC3, 0x0C, 0x30, 0xC3, 0xCE, 0x70,
    0xC3, 0x0C, 0x30, 0xC0, 0x03, 0x00, 0x60, 0x18, 0x00, 0x06, 0x06, 0xE0, 0xDC, 0x1A, 0xC3, 0x5C,
    0x69, 0x8D, 0x19, 0xA3, 0xB4, 0x36, 0x83, 0xD0, 0x7A, 0x07, 0x40, 0x60, 0x06, 0x06, 0x02, 0x00,
    0x0D, 0xE7, 0xFB, 0x87, 0x83, 0xC1, 0xE0, 0xF0, 0x78, 0x3C, 0x1E, 0x0C, 0x60, 0x6E, 0x0D, 0xC1,
    0xAC, 0x35, 0xC6, 0x98, 0xD1, 0x9A, 0x3B, 0x43, 0x68, 0x3D, 0x07, 0xA0, 0x74, 0x06, 0x00, 0x01,
    0x80, 0x30, 0x04, 0x00, 0xDE, 0x7F, 0xB8, 0x78, 0x3C, 0x1E, 0x0F, 0x07, 0x83, 0xC1, 0xE0, 0xC0,
    0x01, 0x80, 0x80, 0xC0, 0x19, 0x81, 0xE0, 0x18, 0x00, 0x06, 0x06, 0xE0, 0xDC, 0x1A, 0xC3, 0x5C,
    0x69, 0x8D, 0x19, 0xA3, 0xB4, 0x36, 0x83, 0xD0, 0x7A, 0x07, 0x40, 0x60, 0x22, 0x1F, 0x07, 0x00,
    0x0D, 0xE7, 0xFB, 0x87, 0x83, 0xC1, 0xE0, 0xF0, 0x78, 0x3C, 0x1E, 0x0C, 0x60, 0x18, 0x03, 0x00,
    0x6B, 0xE1, 0xFE, 0x30, 0xC6, 0x18, 0xC3, 0x18, 0x63, 0x0C, 0x61, 0x8C, 0x31, 0x86, 0x60, 0x6E,
    0x0D, 0xC1, 0xAC, 0x34, 0xC6, 0x98, 0xD1, 0x9A, 0x1B, 0x43, 0x68, 0x3D, 0x03, 0xA0, 0x74, 0x06,
    0x00, 0xC0, 0x18, 0x1E, 0x00, 0x00, 0xDE, 0x7F, 0xB8, 0x78, 0x3C, 0x1E, 0x0F, 0x07, 0x83, 0xC1,
    0xE0, 0xC0, 0x60, 0x30, 0x38, 0x38, 0x00, 0x01, 0xF8, 0x00, 0x01, 0xF8, 0x3D, 0xC6, 0x06, 0xE0,
    0x3C, 0x03, 0xC0, 0x3C, 0x03, 0xC0, 0x3C, 0x03, 0xE0, 0x36, 0x06, 0x39, 0xC1, 0xF8, 0x00, 0x07,
    0xC0, 0x00, 0x7C, 0x3F, 0x98, 0x36, 0x0D, 0x83, 0x60, 0xD8, 0x36, 0x0C, 0xFE, 0x1F, 0x00, 0x00,
    0x01, 0x98, 0x0F, 0x00, 0x00, 0x1F, 0x83, 0xDC, 0x60, 0x6E, 0x03, 0xC0, 0x3C, 0x03, 0xC0, 0x3C,
    0x03, 0xC0, 0x3E, 0x03, 0x60, 0x63, 0x9C, 0x1F, 0x80, 0x00, 0x04, 0x41, 0xF0, 0x00, 0x1F, 0x0F,
    0xE6, 0x0D, 0x83, 0x60, 0xD8, 0x36, 0x0D, 0x83, 0x3F, 0x87, 0xC0, 0x0D, 0x81, 0x90, 0x13, 0x00,
    0x00, 0x1F, 0x83, 0xDC, 0x60, 0x6E, 0x03, 0xC0, 0x3C, 0x03, 0xC0, 0x3C, 0x03, 0xC0, 0x3E, 0x03,
    0x60, 0x63, 0x9C, 0x1F, 0x80, 0x19, 0x86, 0xC3, 0x60, 0x00, 0x1F, 0x0F, 0xE6, 0x0D, 0x83, 0x60,
    0xD8, 0x36, 0x0D, 0x83, 0x3F, 0x87, 0xC0, 0x1F, 0xFE, 0x7B, 0x81, 0x83, 0x07, 0x06, 0x0C, 0x0C,
    0x18, 0x18, 0x30, 0x3F, 0x60, 0x60, 0xC0, 0xC1, 0xC1, 0x81, 0x83, 0x01, 0xEE, 0x01, 0xFF, 0xE0,
    0x1F, 0x3C, 0x1F, 0xFF, 0x18, 0x70, 0xCC, 0x18, 0x66, 0x0F, 0xF3, 0x06, 0x01, 0x83, 0x00, 0xC3,
    0x80, 0x3F, 0xF7, 0x0F, 0x9F, 0x00, 0x06, 0x03, 0x00, 0x80, 0x00, 0x7E, 0x19, 0xE4, 0x19, 0x06,
    0x41, 0x98, 0xC7, 0xE1, 0x98, 0x46, 0x10, 0xC4, 0x19, 0x06, 0x40, 0xC0, 0x0C, 0x30, 0xC0, 0x0D,
    0xDF, 0xB8, 0x60, 0xC1, 0x83, 0x06, 0x0C, 0x18, 0x00, 0x7E, 0x19, 0xE4, 0x19, 0x06, 0x41, 0x98,
    0xC7, 0xE1, 0x98, 0x46, 0x10, 0xC4, 0x19, 0x06, 0x40, 0xC0, 0x00, 0xC0, 0x30, 0x08, 0x00, 0xDD,
    0xFB, 0x86, 0x0C, 0x18, 0x30, 0x60, 0xC1, 0x80, 0x02, 0x0C, 0x10, 0x00, 0x23, 0x0F, 0x81, 0xC0,
    0x00, 0x7E, 0x19, 0xE4, 0x19, 0x06, 0x41, 0x98, 0xC7, 0xE1, 0x98, 0x46, 0x10, 0xC4, 0x19, 0x06,
    0x40, 0xC0, 0xCC, 0xF0, 0xE0, 0x0D, 0xDF, 0xB8, 0x60, 0xC1, 0x83, 0x06, 0x0C, 0x18, 0x00, 0x03,
    0x01, 0x80, 0xC0, 0x00, 0x1F, 0x0F, 0xE6, 0x01, 0x80, 0x60, 0x0E, 0x01, 0xE0, 0x1E, 0x01, 0x80,
    0x60, 0x19, 0xDC, 0x7E, 0x00, 0x06, 0x0C, 0x18, 0x00, 0x3E, 0x76, 0x60, 0x60, 0x3C, 0x0E, 0x03,
    0x03, 0x77, 0x7E, 0x0C, 0x07, 0x83, 0x30, 0x00, 0x1F, 0x0F, 0xE6, 0x01, 0x80, 0x60, 0x0E, 0x01,
    0xE0, 0x1E, 0x01, 0x80, 0x60, 0x19, 0xDC, 0x7E, 0x00, 0x1C, 0x3C, 0x66, 0x00, 0x3E, 0x76, 0x60,
    0x60, 0x3C, 0x0E, 0x03, 0x03, 0x77, 0x7E, 0x1F, 0x0F, 0xE6, 0x01, 0x80, 0x60, 0x0E, 0x01, 0xE0,
    0x1E, 0x01, 0x80, 0x60, 0x19, 0xDC, 0x7E, 0x02, 0x00, 0xC0, 0x10, 0x1C, 0x00, 0x3E, 0x76, 0x60,
    0x60, 0x3C, 0x0E, 0x03, 0x03, 0x77, 0x7E, 0x18, 0x0C, 0x04, 0x38, 0x33, 0x07, 0x80, 0xC0, 0x00,
    0x1F, 0x0F, 0xE6, 0x01, 0x80, 0x60, 0x0E, 0x01, 0xE0, 0x1E, 0x01, 0x80, 0x60, 0x19, 0xDC, 0x7E,
    0x00, 0x66, 0x3C, 0x1C, 0x00, 0x3E, 0x76, 0x60, 0x60, 0x3C, 0x0E, 0x03, 0x03, 0x77, 0x7E, 0xFF,
    0xC3, 0x00, 0xC0, 0x30, 0x0C, 0x03, 0x00, 0xC0, 0x30, 0x0C, 0x03, 0x00, 0xC0, 0x30, 0x0C, 0x03,
    0x00, 0x60, 0x18, 0x1C, 0x00, 0x20, 0x43, 0xF3, 0x82, 0x04, 0x08, 0x10, 0x20, 0x40, 0xF0, 0xE1,
    0x81, 0x83, 0x1C, 0x33, 0x07, 0x80, 0xC0, 0x00, 0xFF, 0xC3, 0x00, 0xC0, 0x30, 0x0C, 0x03, 0x00,
    0xC0, 0x30, 0x0C, 0x03, 0x00, 0xC0, 0x30, 0x0C, 0x00, 0x01, 0x01, 0x88, 0xC4, 0x0F, 0xC3, 0x80,
    0x80, 0x40, 0x20, 0x10, 0x08, 0x04, 0x03, 0xC0, 0xE0, 0xFF, 0xC3, 0x00, 0xC0, 0x30, 0x0C, 0x03,
    0x07, 0xF8, 0x30, 0x0C, 0x03, 0x00, 0xC0, 0x30, 0x0C, 0x00, 0x20, 0x43, 0xF3, 0x82, 0x0C, 0x3F,
    0x38, 0x20, 0x40, 0xF1, 0xE0, 0x00, 0x03, 0xB0, 0xDC, 0x00, 0x0C, 0x07, 0x80, 0xF0, 0x1E, 0x03,
    0xC0, 0x78, 0x0F, 0x01, 0xE0, 0x34, 0x06, 0xC0, 0x98, 0x31, 0xDE, 0x1F, 0x00, 0x00, 0x1D, 0x9B,
    0x80, 0x0C, 0x1E, 0x0F, 0x07, 0x83, 0xC1, 0xE0, 0xF0, 0x78, 0x77, 0xF9, 0xEC, 0x00, 0x03, 0xE0,
    0x00, 0x60, 0x3C, 0x07, 0x80, 0xF0, 0x1E, 0x03, 0xC0, 0x78, 0x0F, 0x01, 0xA0, 0x36, 0x04, 0xC1,
    0x8E, 0xF0, 0xF8, 0x00, 0x1F, 0x00, 0x18, 0x3C, 0x1E, 0x0F, 0x07, 0x83, 0xC1, 0xE0, 0xF0, 0xEF,
    0xF3, 0xD8, 0x00, 0x02, 0x20, 0x7C, 0x00, 0x0C, 0x07, 0x80, 0xF0, 0x1E, 0x03, 0xC0, 0x78, 0x0F,
    0x01, 0xE0, 0x34, 0x06, 0xC0, 0x98, 0x31, 0xDE, 0x1F, 0x00, 0x00, 0x11, 0x0F, 0x80, 0x0C, 0x1E,
    0x0F, 0x07, 0x83, 0xC1, 0xE0, 0xF0, 0x78, 0x77, 0xF9, 0xEC, 0x00, 0x01, 0xC0, 0x2C, 0x05, 0x80,
    0xE0, 0x00, 0x30, 0x1E, 0x03, 0xC0, 0x78, 0x0F, 0x01, 0xE0, 0x3C, 0x07, 0x80, 0xD0, 0x1B, 0x02,
    0x60, 0xC7, 0x78, 0x7C, 0x00, 0x00, 0x0E, 0x05, 0x82, 0xC1, 0xC0, 0x03, 0x07, 0x83, 0xC1, 0xE0,
    0xF0, 0x78, 0x3C, 0x1E, 0x1D, 0xFE, 0x7B, 0x0D, 0x83, 0x60, 0xC8, 0x00, 0x0C, 0x07, 0x80, 0xF0,
    0x1E, 0x03, 0xC0, 0x78, 0x0F, 0x01, 0xE0, 0x34, 0x06, 0xC0, 0x98, 0x31, 0xDE, 0x1F, 0x00, 0x13,
    0x1B, 0x19, 0x00, 0x0C, 0x1E, 0x0F, 0x07, 0x83, 0xC1, 0xE0, 0xF0, 0x78, 0x77, 0xF9, 0xEC, 0xC0,
    0x78, 0x0F, 0x01, 0xE0, 0x3C, 0x07, 0x80, 0xF0, 0x1E, 0x03, 0x40, 0x6C, 0x09, 0x83, 0x1D, 0xC1,
    0xF8, 0x02, 0x00, 0xC0, 0x18, 0x03, 0x80, 0xC1, 0xE0, 0xF0, 0x78, 0x3C, 0x1E, 0x0F, 0x07, 0x87,
    0x7F, 0x9E, 0xC0, 0x40, 0x40, 0x20, 0x1C, 0x00, 0x01, 0xC0, 0x01, 0xE0, 0x01, 0x98, 0x00, 0x00,
    0x0C, 0x18, 0x16, 0x0E, 0x19, 0x87, 0x0C, 0xC6, 0x86, 0x63, 0x62, 0x11, 0xB3, 0x0D, 0x99, 0x86,
    0xC4, 0xC3, 0x63, 0x40, 0xE1, 0xE0, 0x70, 0x70, 0x38, 0x38, 0x1C, 0x18, 0x00, 0x03, 0x00, 0x1E,
    0x00, 0xCC, 0x00, 0x00, 0xC3, 0x0F, 0x0E, 0x36, 0x78, 0x99, 0xE6, 0x64, 0x98, 0xB3, 0x63, 0xCD,
    0x0F, 0x1C, 0x38, 0x70, 0x61, 0xC0, 0x0C, 0x03, 0xC0, 0xCC, 0x00, 0x0C, 0x0C, 0xC1, 0x98, 0x61,
    0x98, 0x33, 0x03, 0xC0, 0x78, 0x06, 0x00, 0xC0, 0x18, 0x03, 0x00, 0x60, 0x0C, 0x00, 0x1C, 0x07,
    0x82, 0x20, 0x00, 0xC1, 0xB0, 0x66, 0x31, 0x8C, 0x33, 0x0D, 0x83, 0x60, 0x70, 0x1C, 0x03, 0x01,
    0x80, 0x60, 0x30, 0x38, 0x00, 0x00, 0x02, 0x60, 0x00, 0x00, 0x0C, 0x0C, 0xC1, 0x98, 0x61, 0x98,
    0x33, 0x03, 0xC0, 0x78, 0x06, 0x00, 0xC0, 0x18, 0x03, 0x00, 0x60, 0x0C, 0x00, 0x03, 0x01, 0x80,
    0xC0, 0x00, 0x7F, 0xC0, 0x60, 0x18, 0x0C, 0x06, 0x01, 0x80, 0xC0, 0x60, 0x18, 0x0C, 0x07, 0x01,
    0x80, 0x7F, 0xC0, 0x06, 0x0C, 0x18, 0x00, 0x7F, 0x07, 0x06, 0x0C, 0x0C, 0x18, 0x30, 0x20, 0x60,
    0x7F, 0x00, 0x03, 0x00, 0xC0, 0x00, 0x7F, 0xC0, 0x60, 0x18, 0x0C, 0x06, 0x01, 0x80, 0xC0, 0x60,
    0x18, 0x0C, 0x07, 0x01, 0x80, 0x7F, 0xC0, 0x00, 0x18, 0x18, 0x00, 0x7F, 0x07, 0x06, 0x0C, 0x0C,
    0x18, 0x30, 0x20, 0x60, 0x7F, 0x33, 0x07, 0x80, 0xC0, 0x00, 0x7F, 0xC0, 0x60, 0x18, 0x0C, 0x06,
    0x01, 0x80, 0xC0, 0x60, 0x18, 0x0C, 0x07, 0x01, 0x80, 0x7F, 0xC0, 0x66, 0x3C, 0x18, 0x00, 0x7F,
    0x07, 0x06, 0x0C, 0x0C, 0x18, 0x30, 0x20, 0x60, 0x7F, 0x39, 0xEC, 0x30, 0xC3, 0x0C, 0x30, 0xC3,
    0x0C, 0x30, 0xC3, 0x00, 0x01, 0xE0, 0x00, 0x01, 0xE0, 0x00, 0x00, 0x1F, 0xF0, 0x00, 0x00, 0x3F,
    0x80, 0x00, 0x00, 0x00, 0x1F, 0xFF, 0xE0, 0x00, 0x00, 0x00, 0x00, 0x1F, 0xFF, 0xE0, 0x00, 0x00,
    0xCF, 0x3C, 0xF3, 0xCF, 0x3C, 0xF3, 0xCF, 0x3C, 0xF3, 0xCF, 0x3C, 0xF3, 0xCF, 0x30, 0x00, 0x3F,
    0xC0, 0x0F, 0xF0, 0x00, 0x6D, 0x60, 0x6F, 0x60, 0x66, 0x64, 0xC9, 0xB0, 0x64, 0xD9, 0x36, 0x60,
    0x6C, 0xDB, 0x36, 0x40, 0x66, 0xD9, 0xB2, 0x40, 0xCC, 0x99, 0xB3, 0x20, 0x18, 0x10, 0x10, 0x12,
    0xFE, 0x10, 0x10, 0x10, 0x10, 0x10, 0x10, 0x10, 0x10, 0x18, 0x18, 0x10, 0x10, 0xFE, 0xFE, 0x10,
    0x10, 0x10, 0x10, 0xFE, 0xFE, 0x10, 0x10, 0x18, 0x77, 0xBD, 0xE7, 0x00, 0x06, 0x3D, 0xFE, 0x40,
    0x1F, 0x80, 0x00, 0xE6, 0xC6, 0x00, 0x0E, 0x63, 0xC6, 0x30, 0x1F, 0x00, 0x03, 0xD0, 0x84, 0x21,
    0x08, 0x42, 0x10, 0x84, 0x20, 0x00, 0x07, 0x84, 0x21, 0x08, 0x42, 0x10, 0x84, 0x21, 0x08, 0x00,
    0x79, 0xE7, 0x9E, 0x30, 0xC3, 0x0C, 0x30, 0xC3, 0x0C, 0x30, 0xC0, 0x00, 0x01, 0xE4, 0x10, 0x78,
    0xC3, 0x0C, 0x30, 0xC3, 0x0C, 0x30, 0xC3, 0x0C, 0x00, 0x01, 0xE0, 0x82, 0x78, 0xC3, 0x0C, 0x30,
    0xC3, 0x0C, 0x30, 0xC3, 0x0C, 0x00, 0x38, 0x30, 0x03, 0xE3, 0x00, 0x19, 0x10, 0x00, 0x89, 0x80,
    0x04, 0x48, 0x00, 0x22, 0xDC, 0x71, 0xB5, 0xB6, 0xC7, 0x69, 0xB2, 0x02, 0x45, 0x10, 0x32, 0x28,
    0x83, 0x13, 0x64, 0x18, 0xFB, 0xE1, 0x83, 0x8E, 0x00, 0x38, 0x30, 0x00, 0x0F, 0x84, 0x00, 0x01,
    0x91, 0x80, 0x00, 0x22, 0x60, 0x00, 0x04, 0x48, 0x00, 0x00, 0x8B, 0x71, 0xE7, 0x9B, 0x5B, 0x3C,
    0xD9, 0xDB, 0x2C, 0xD3, 0x02, 0x45, 0x9E, 0x60, 0xC8, 0xB3, 0xCC, 0x11, 0x96, 0x69, 0x86, 0x3E,
    0x79, 0xF1, 0x83, 0x8F, 0x1C, 0x11, 0x88, 0xC4, 0x00, 0x13, 0x36, 0x24, 0x6C, 0x48, 0x13, 0x66,
    0xC8, 0x93, 0x36, 0x44, 0x90, 0x63, 0x0C, 0x20, 0x00, 0x68, 0x6C, 0x36, 0x12, 0x02, 0x69, 0x0D,
    0xB0, 0xDA, 0x09, 0x20, 0x24, 0x10, 0x70, 0xA3, 0x64, 0x58, 0xC0, 0x00, 0xCC, 0xC6, 0x18, 0xC3,
    0x03, 0x0C, 0x61, 0x99, 0x88, 0x3E, 0x1F, 0x86, 0x01, 0x00, 0x47, 0xD1, 0x86, 0x61, 0xD8, 0x3F,
    0xC1, 0x80, 0x60, 0x18, 0x07, 0xC0, 0x06, 0x81, 0x21, 0xFC, 0xF7, 0x7D, 0x1B, 0x46, 0x91, 0xAC,
    0x6B, 0x1E, 0x87, 0xA0, 0xF8, 0x1F, 0x85, 0x83, 0x40, 0x1F, 0x1F, 0x98, 0x18, 0x0C, 0x06, 0x7F,
    0x39, 0x98, 0xCC, 0x66, 0x1B, 0x0F, 0xE1, 0xF0, 0x3F, 0x8C, 0x03, 0x00, 0xC0, 0x30, 0x0C, 0x03,
    0xF8, 0xC0, 0x30, 0x1F, 0x83, 0x00, 0xC0, 0x30, 0x00, 0x0F, 0x87, 0xE3, 0x00, 0xC0, 0x30, 0x1F,
    0xC3, 0x00, 0xC0, 0x7F, 0x0C, 0x03, 0x01, 0xC0, 0xFF, 0xC0, 0x00, 0x60, 0x00, 0x83, 0x7B, 0xE7,
    0xFF, 0xEE, 0x38, 0xD8, 0x20, 0xB0, 0xC1, 0xE1, 0x83, 0xC7, 0x07, 0x8E, 0x0F, 0x34, 0x1E, 0x48,
    0x30, 0x80, 0x03, 0x00, 0x00, 0x71, 0x8E, 0x31, 0xE6, 0x3C, 0xCF, 0xFC, 0xDB, 0x1B, 0x67, 0xFE,
    0x67, 0x8C, 0xF1, 0x8E, 0x31, 0xC6, 0x18, 0xFC, 0x06, 0xF0, 0x31, 0x81, 0x8C, 0x8C, 0x24, 0x63,
    0x7B, 0x3B, 0x1F, 0x98, 0xC0, 0xC6, 0x06, 0x30, 0x11, 0x80, 0xCC, 0x07, 0x00, 0xFC, 0x03, 0x78,
    0x0C, 0x60, 0x31, 0x9E, 0xC6, 0xFB, 0x3B, 0x0F, 0xCC, 0x36, 0x1C, 0xCC, 0x3B, 0x30, 0x6C, 0x60,
    0xB1, 0xBE, 0xC3, 0xF0, 0xC6, 0x3C, 0x63, 0x46, 0x24, 0xF2, 0x6F, 0x26, 0xF6, 0xFF, 0xF6, 0x96,
    0x29, 0x43, 0x9C, 0x39, 0xC3, 0x8C, 0x30, 0xC0, 0xFE, 0x3C, 0x73, 0xC1, 0x3C, 0x9B, 0xC9, 0xBC,
    0x9B, 0xC9, 0xBC, 0x9B, 0xC9, 0xBC, 0x93, 0xC8, 0x3C, 0xC6, 0xCF, 0xC0, 0x00, 0xC0, 0x18, 0x3F,
    0x80, 0x61, 0xEC, 0x7F, 0x98, 0x73, 0x06, 0x60, 0xCC, 0x19, 0x83, 0x30, 0xE3, 0xFC, 0x3D, 0x80,
    0x00, 0x00, 0x3F, 0xC0, 0x00, 0x0F, 0xC3, 0xF8, 0x60, 0x18, 0x03, 0x01, 0xFE, 0x1C, 0x07, 0xF0,
    0x30, 0x06, 0x00, 0x60, 0x0F, 0xE0, 0xFC, 0x20, 0xC4, 0x30, 0x8C, 0x11, 0x82, 0x60, 0x78, 0x3F,
    0xE1, 0xF0, 0x36, 0x04, 0x60, 0x86, 0x10, 0xC2, 0x0C, 0xFF, 0xC3, 0x00, 0xC0, 0x36, 0x0F, 0x03,
    0x83, 0xD0, 0xBC, 0x0E, 0x07, 0x03, 0xC0, 0x30, 0x0C, 0x00, 0x7E, 0x00, 0x3F, 0xC0, 0x04, 0x60,
    0x03, 0x18, 0x01, 0x0C, 0x01, 0x86, 0x00, 0xC3, 0x00, 0x61, 0x9E, 0x20, 0xDB, 0xB0, 0xC8, 0xD8,
    0xEC, 0x6F, 0xE7, 0xE7, 0xC3, 0xE0, 0x01, 0x80, 0x01, 0x80, 0x00, 0xC0, 0x00, 0x60, 0x00, 0x07,
    0x03, 0xE0, 0xC8, 0x32, 0x0D, 0x81, 0x60, 0x70, 0x1C, 0x07, 0x0D, 0xC7, 0xD1, 0xE6, 0xC9, 0x80,
    0x20, 0x08, 0x06, 0x07, 0x00, 0x3F, 0x07, 0xF3, 0xFF, 0x38, 0xC2, 0x19, 0xFF, 0x9D, 0xE1, 0xF8,
    0x30, 0x04, 0x00, 0x80, 0x10, 0x02, 0x00, 0x02, 0x01, 0xF8, 0xFF, 0x31, 0x06, 0x21, 0x84, 0x30,
    0x86, 0x1F, 0xC2, 0x78, 0x4F, 0x89, 0xB1, 0x33, 0xEE, 0x3F, 0xC0, 0x80, 0x10, 0x0E, 0x01, 0xC0,
    0x38, 0x0D, 0x81, 0xB1, 0xFF, 0xCC, 0x67, 0xFF, 0x60, 0xCC, 0x19, 0x83, 0x60, 0x3C, 0x06, 0x3F,
    0x0F, 0xE0, 0x18, 0x06, 0xFF, 0xC3, 0xC3, 0xC3, 0xFF, 0x60, 0x18, 0x06, 0x01, 0xEE, 0x3F, 0x80,
    0x06, 0x07, 0xE3, 0xFD, 0x98, 0x66, 0x31, 0x8C, 0x63, 0x18, 0xC6, 0x31, 0x8E, 0x61, 0x98, 0x3F,
    0x87, 0xE0, 0x60, 0x00, 0x23, 0x04, 0x61, 0xFF, 0xB9, 0x82, 0x30, 0x46, 0x08, 0xC1, 0x18, 0x23,
    0x04, 0x60, 0x8E, 0x10, 0xF0, 0x03, 0xF0, 0x3B, 0x83, 0x00, 0x18, 0x00, 0xE0, 0x03, 0x80, 0x07,
    0x80, 0x0E, 0x7F, 0xB7, 0xB4, 0x99, 0x2C, 0xFD, 0xE3, 0xFC, 0x12, 0x40, 0x90, 0x00, 0xFF, 0xC0,
    0x00, 0x03, 0xFF, 0x0C, 0x03, 0x00, 0xC0, 0x30, 0x0C, 0x03, 0x00, 0xC0, 0x30, 0x0C, 0x00, 0xFF,
    0x38, 0x08, 0xFF, 0x0C, 0x18, 0xF0, 0x60, 0x60, 0x30, 0x30, 0x18, 0x08, 0x30, 0x0C, 0x03, 0xF1,
    0xE0, 0xF3, 0x0F, 0x8F, 0x02, 0xC3, 0x30, 0xCC, 0x63, 0x18, 0xFC, 0x3E, 0x00, 0x70, 0x03, 0xE0,
    0x0C, 0x80, 0x1F, 0xFC, 0x1C, 0x38, 0x20, 0x30, 0xB4, 0xC3, 0xFB, 0x0D, 0xB8, 0x70, 0x03, 0xC0,
    0x01, 0xD8, 0x03, 0xE0, 0x06, 0x00, 0x30, 0x01, 0x80, 0x0C, 0x03, 0xFC, 0x3B, 0x71, 0x98, 0xD8,
    0xC6, 0xC6, 0x16, 0x30, 0xB0, 0x07, 0x80, 0x3C, 0x01, 0x80, 0x3F, 0x0D, 0xE2, 0x0C, 0x83, 0x20,
    0xCC, 0x6F, 0xF1, 0xC0, 0x30, 0x3F, 0x07, 0x00, 0x80, 0x20, 0x00, 0x04, 0x80, 0x90, 0x3F, 0x0F,
    0xE3, 0x48, 0xC9, 0x19, 0x23, 0x00, 0x60, 0x0C, 0x00, 0x80, 0x18, 0x01, 0x80, 0x3E, 0x1F, 0xF8,
    0x34, 0x1A, 0x1F, 0x8D, 0xE4, 0x32, 0x19, 0x0C, 0xCE, 0x7E, 0x33, 0x90, 0x68, 0x34, 0x1B, 0x39,
    0xF8, 0x68, 0x34, 0x00, 0x7F, 0x20, 0x90, 0x48, 0x24, 0x12, 0x09, 0x04, 0x82, 0x41, 0x20, 0x90,
    0x48, 0x27, 0xF0, 0x7F, 0x20, 0x90, 0x48, 0x24, 0x12, 0x09, 0x04, 0x82, 0x41, 0x20, 0x90, 0x48,
    0x27, 0xF0, 0x7F, 0x20, 0x90, 0x48, 0x24, 0x12, 0x09, 0x04, 0x82, 0x41, 0x20, 0x90, 0x48, 0x27,
    0xF0, 0x7F, 0x20, 0x90, 0x48, 0x24, 0x12, 0x09, 0x04, 0x82, 0x41, 0x20, 0x90, 0x48, 0x27, 0xF0,
    0x7F, 0x20, 0x90, 0x48, 0x24, 0x12, 0x09, 0x04, 0x82, 0x41, 0x20, 0x90, 0x48, 0x27, 0xF0, 0x7F,
    0x20, 0x90, 0x48, 0x24, 0x12, 0x09, 0x04, 0x82, 0x41, 0x20, 0x90, 0x48, 0x27, 0xF0, 0x7F, 0x20,
    0x90, 0x48, 0x24, 0x12, 0x09, 0x04, 0x82, 0x41, 0x20, 0x90, 0x48, 0x27, 0xF0, 0x7F, 0x20, 0x90,
    0x48, 0x24, 0x12, 0x09, 0x04, 0x82, 0x41, 0x20, 0x90, 0x48, 0x27, 0xF0, 0x7F, 0x20, 0x90, 0x48,
    0x24, 0x12, 0x09, 0x04, 0x82, 0x41, 0x20, 0x90, 0x48, 0x27, 0xF0, 0x7F, 0x20, 0x90, 0x48, 0x24,
    0x12, 0x09, 0x04, 0x82, 0x41, 0x20, 0x90, 0x48, 0x27, 0xF0, 0x7F, 0x20, 0x90, 0x48, 0x24, 0x12,
    0x09, 0x04, 0x82, 0x41, 0x20, 0x90, 0x48, 0x27, 0xF0, 0x7F, 0x20, 0x90, 0x48, 0x24, 0x12, 0x09,
    0x04, 0x82, 0x41, 0x20, 0x90, 0x48, 0x27, 0xF0, 0x7F, 0x20, 0x90, 0x48, 0x24, 0x12, 0x09, 0x04,
    0x82, 0x41, 0x20, 0x90, 0x48, 0x27, 0xF0, 0x7F, 0x20, 0x90, 0x48, 0x24, 0x12, 0x09, 0x04, 0x82,
    0x41, 0x20, 0x90, 0x48, 0x27, 0xF0, 0x7F, 0x20, 0x90, 0x48, 0x24, 0x12, 0x09, 0x04, 0x82, 0x41,
    0x20, 0x90, 0x48, 0x27, 0xF0, 0x7F, 0x20, 0x90, 0x48, 0x24, 0x12, 0x09, 0x04, 0x82, 0x41, 0x20,
    0x90, 0x48, 0x27, 0xF0,
];

pub(crate) static NOTO_SANS_18_REGULAR: BitmapFont = BitmapFont::new(
    &NOTO_SANS_CODEPOINTS,
    &NOTO_SANS_18_REGULAR_GLYPHS,
    &NOTO_SANS_18_REGULAR_BITMAP,
    25,
);

static NOTO_SANS_22_REGULAR_GLYPHS: [BitmapGlyph; 410] = [
    BitmapGlyph::new(0, 0, 0, 0, 24, 6),
    BitmapGlyph::new(0, 4, 16, 1, 8, 6),
    BitmapGlyph::new(8, 7, 6, 1, 8, 9),
    BitmapGlyph::new(14, 14, 16, 0, 8, 14),
    BitmapGlyph::new(42, 11, 18, 1, 8, 13),
    BitmapGlyph::new(67, 17, 16, 1, 8, 18),
    BitmapGlyph::new(101, 16, 16, 1, 8, 16),
    BitmapGlyph::new(133, 3, 6, 1, 8, 5),
    BitmapGlyph::new(136, 6, 19, 0, 8, 7),
    BitmapGlyph::new(151, 6, 19, 0, 8, 7),
    BitmapGlyph::new(166, 12, 10, 0, 8, 12),
    BitmapGlyph::new(181, 11, 11, 1, 11, 13),
    BitmapGlyph::new(197, 5, 5, 0, 22, 6),
    BitmapGlyph::new(201, 7, 2, 0, 17, 7),
    BitmapGlyph::new(203, 4, 3, 1, 21, 6),
    BitmapGlyph::new(205, 8, 16, 0, 8, 8),
    BitmapGlyph::new(221, 11, 16, 1, 8, 13),
    BitmapGlyph::new(243, 7, 16, 1, 8, 13),
    BitmapGlyph::new(257, 11, 16, 1, 8, 13),
    BitmapGlyph::new(279, 12, 16, 0, 8, 13),
    BitmapGlyph::new(303, 13, 16, 0, 8, 13),
    BitmapGlyph::new(329, 11, 16, 1, 8, 13),
    BitmapGlyph::new(351, 11, 16, 1, 8, 13),
    BitmapGlyph::new(373, 12, 16, 0, 8, 13),
    BitmapGlyph::new(397, 11, 16, 1, 8, 13),
    BitmapGlyph::new(419, 11, 16, 1, 8, 13),
    BitmapGlyph::new(441, 4, 12, 1, 12, 6),
    BitmapGlyph::new(447, 5, 15, 0, 12, 6),
    BitmapGlyph::new(457, 11, 12, 1, 10, 13),
    BitmapGlyph::new(474, 11, 6, 1, 13, 13),
    BitmapGlyph::new(483, 11, 12, 1, 10, 13),
    BitmapGlyph::new(500, 9, 16, 0, 8, 10),
    BitmapGlyph::new(518, 18, 18, 1, 8, 20),
    BitmapGlyph::new(559, 15, 16, 0, 8, 14),
    BitmapGlyph::new(589, 12, 16, 2, 8, 14),
    BitmapGlyph::new(613, 13, 16, 1, 8, 14),
    BitmapGlyph::new(639, 13, 16, 2, 8, 16),
    BitmapGlyph::new(665, 9, 16, 2, 8, 12),
    BitmapGlyph::new(683, 9, 16, 2, 8, 11),
    BitmapGlyph::new(701, 14, 16, 1, 8, 16),
    BitmapGlyph::new(729, 13, 16, 2, 8, 16),
    BitmapGlyph::new(755, 7, 16, 0, 8, 7),
    BitmapGlyph::new(769, 6, 20, -2, 8, 6),
    BitmapGlyph::new(784, 12, 16, 2, 8, 14),
    BitmapGlyph::new(808, 9, 16, 2, 8, 12),
    BitmapGlyph::new(826, 16, 16, 2, 8, 20),
    BitmapGlyph::new(858, 13, 16, 2, 8, 17),
    BitmapGlyph::new(884, 15, 16, 1, 8, 17),
    BitmapGlyph::new(914, 11, 16, 2, 8, 13),
    BitmapGlyph::new(936, 15, 20, 1, 8, 17),
    BitmapGlyph::new(974, 12, 16, 2, 8, 14),
    BitmapGlyph::new(998, 11, 16, 1, 8, 12),
    BitmapGlyph::new(1020, 12, 16, 0, 8, 12),
    BitmapGlyph::new(1044, 14, 16, 1, 8, 16),
    BitmapGlyph::new(1072, 14, 16, 0, 8, 13),
    BitmapGlyph::new(1100, 21, 16, 0, 8, 20),
    BitmapGlyph::new(1142, 13, 16, 0, 8, 13),
    BitmapGlyph::new(1168, 13, 16, 0, 8, 12),
    BitmapGlyph::new(1194, 12, 16, 0, 8, 13),
    BitmapGlyph::new(1218, 6, 19, 1, 8, 7),
    BitmapGlyph::new(1233, 8, 16, 0, 8, 8),
    BitmapGlyph::new(1249, 6, 19, 0, 8, 7),
    BitmapGlyph::new(1264, 12, 10, 0, 8, 13),
    BitmapGlyph::new(1279, 11, 2, -1, 25, 10),
    BitmapGlyph::new(1282, 6, 4, 0, 7, 6),
    BitmapGlyph::new(1285, 10, 12, 1, 12, 12),
    BitmapGlyph::new(1300, 12, 16, 1, 8, 14),
    BitmapGlyph::new(1324, 9, 12, 1, 12, 11),
    BitmapGlyph::new(1338, 11, 16, 1, 8, 14),
    BitmapGlyph::new(1360, 11, 12, 1, 12, 12),
    BitmapGlyph::new(1377, 9, 16, 0, 8, 8),
    BitmapGlyph::new(1395, 11, 17, 1, 12, 14),
    BitmapGlyph::new(1419, 11, 16, 1, 8, 14),
    BitmapGlyph::new(1441, 3, 16, 1, 8, 6),
    BitmapGlyph::new(1447, 6, 21, -2, 8, 6),
    BitmapGlyph::new(1463, 11, 16, 1, 8, 12),
    BitmapGlyph::new(1485, 3, 16, 1, 8, 6),
    BitmapGlyph::new(1491, 18, 12, 1, 12, 21),
    BitmapGlyph::new(1518, 11, 12, 1, 12, 14),
    BitmapGlyph::new(1535, 12, 12, 1, 12, 13),
    BitmapGlyph::new(1553, 12, 17, 1, 12, 14),
    BitmapGlyph::new(1579, 11, 17, 1, 12, 14),
    BitmapGlyph::new(1603, 8, 12, 1, 12, 9),
    BitmapGlyph::new(1615, 9, 12, 1, 12, 11),
    BitmapGlyph::new(1629, 8, 15, 0, 9, 8),
    BitmapGlyph::new(1644, 11, 12, 1, 12, 14),
    BitmapGlyph::new(1661, 12, 12, 0, 12, 11),
    BitmapGlyph::new(1679, 18, 12, 0, 12, 17),
    BitmapGlyph::new(1706, 12, 12, 0, 12, 12),
    BitmapGlyph::new(1724, 12, 17, 0, 12, 11),
    BitmapGlyph::new(1750, 10, 12, 0, 12, 10),
    BitmapGlyph::new(1765, 8, 19, 0, 8, 8),
    BitmapGlyph::new(1784, 2, 21, 5, 8, 12),
    BitmapGlyph::new(1790, 8, 19, 0, 8, 8),
    BitmapGlyph::new(1809, 11, 3, 1, 15, 13),
    BitmapGlyph::new(1814, 0, 0, 0, 24, 6),
    BitmapGlyph::new(1814, 4, 16, 1, 12, 6),
    BitmapGlyph::new(1822, 9, 16, 2, 8, 13),
    BitmapGlyph::new(1840, 12, 16, 0, 8, 13),
    BitmapGlyph::new(1864, 11, 11, 1, 11, 13),
    BitmapGlyph::new(1880, 13, 16, 0, 8, 13),
    BitmapGlyph::new(1906, 2, 21, 5, 8, 12),
    BitmapGlyph::new(1912, 9, 16, 1, 8, 11),
    BitmapGlyph::new(1930, 7, 2, 3, 8, 13),
    BitmapGlyph::new(1932, 17, 17, 1, 7, 18),
    BitmapGlyph::new(1969, 7, 7, 0, 8, 8),
    BitmapGlyph::new(1976, 11, 10, 0, 13, 11),
    BitmapGlyph::new(1990, 11, 6, 1, 15, 13),
    BitmapGlyph::new(1999, 7, 2, 0, 17, 7),
    BitmapGlyph::new(2001, 17, 17, 1, 7, 18),
    BitmapGlyph::new(2038, 13, 2, -1, 5, 11),
    BitmapGlyph::new(2042, 8, 7, 1, 8, 9),
    BitmapGlyph::new(2049, 11, 13, 1, 11, 13),
    BitmapGlyph::new(2067, 7, 11, 0, 5, 8),
    BitmapGlyph::new(2077, 8, 12, 0, 4, 8),
    BitmapGlyph::new(2089, 6, 4, 0, 7, 6),
    BitmapGlyph::new(2092, 11, 17, 1, 12, 14),
    BitmapGlyph::new(2116, 12, 21, 1, 8, 14),
    BitmapGlyph::new(2148, 4, 3, 1, 14, 6),
    BitmapGlyph::new(2150, 5, 7, 0, 23, 5),
    BitmapGlyph::new(2155, 6, 9, 0, 6, 8),
    BitmapGlyph::new(2162, 8, 7, 0, 8, 8),
    BitmapGlyph::new(2169, 11, 10, 0, 13, 11),
    BitmapGlyph::new(2183, 17, 16, 0, 8, 16),
    BitmapGlyph::new(2217, 17, 16, 0, 8, 17),
    BitmapGlyph::new(2251, 17, 16, 0, 8, 17),
    BitmapGlyph::new(2285, 10, 16, 0, 12, 10),
    BitmapGlyph::new(2305, 15, 21, 0, 3, 14),
    BitmapGlyph::new(2345, 15, 21, 0, 3, 14),
    BitmapGlyph::new(2385, 15, 21, 0, 3, 14),
    BitmapGlyph::new(2425, 15, 20, 0, 4, 14),
    BitmapGlyph::new(2463, 15, 20, 0, 4, 14),
    BitmapGlyph::new(2501, 15, 19, 0, 5, 14),
    BitmapGlyph::new(2537, 20, 16, -1, 8, 19),
    BitmapGlyph::new(2577, 13, 22, 1, 8, 14),
    BitmapGlyph::new(2613, 9, 21, 2, 3, 12),
    BitmapGlyph::new(2637, 9, 21, 2, 3, 12),
    BitmapGlyph::new(2661, 9, 21, 2, 3, 12),
    BitmapGlyph::new(2685, 9, 20, 2, 4, 12),
    BitmapGlyph::new(2708, 7, 21, 0, 3, 7),
    BitmapGlyph::new(2727, 7, 21, 0, 3, 7),
    BitmapGlyph::new(2746, 8, 21, 0, 3, 7),
    BitmapGlyph::new(2767, 7, 20, 0, 4, 7),
    BitmapGlyph::new(2785, 15, 16, 0, 8, 16),
    BitmapGlyph::new(2815, 13, 20, 2, 4, 17),
    BitmapGlyph::new(2848, 15, 21, 1, 3, 17),
    BitmapGlyph::new(2888, 15, 21, 1, 3, 17),
    BitmapGlyph::new(2928, 15, 21, 1, 3, 17),
    BitmapGlyph::new(2968, 15, 20, 1, 4, 17),
    BitmapGlyph::new(3006, 15, 20, 1, 4, 17),
    BitmapGlyph::new(3044, 11, 11, 1, 11, 13),
    BitmapGlyph::new(3060, 15, 18, 1, 7, 17),
    BitmapGlyph::new(3094, 14, 21, 1, 3, 16),
    BitmapGlyph::new(3131, 14, 21, 1, 3, 16),
    BitmapGlyph::new(3168, 14, 21, 1, 3, 16),
    BitmapGlyph::new(3205, 14, 20, 1, 4, 16),
    BitmapGlyph::new(3240, 13, 21, 0, 3, 12),
    BitmapGlyph::new(3275, 11, 16, 2, 8, 13),
    BitmapGlyph::new(3297, 12, 16, 1, 8, 14),
    BitmapGlyph::new(3321, 10, 17, 1, 7, 12),
    BitmapGlyph::new(3343, 10, 17, 1, 7, 12),
    BitmapGlyph::new(3365, 10, 17, 1, 7, 12),
    BitmapGlyph::new(3387, 10, 16, 1, 8, 12),
    BitmapGlyph::new(3407, 10, 16, 1, 8, 12),
    BitmapGlyph::new(3427, 10, 18, 1, 6, 12),
    BitmapGlyph::new(3450, 17, 12, 1, 12, 19),
    BitmapGlyph::new(3476, 9, 18, 1, 12, 11),
    BitmapGlyph::new(3497, 11, 17, 1, 7, 12),
    BitmapGlyph::new(3521, 11, 17, 1, 7, 12),
    BitmapGlyph::new(3545, 11, 17, 1, 7, 12),
    BitmapGlyph::new(3569, 11, 16, 1, 8, 12),
    BitmapGlyph::new(3591, 6, 17, -1, 7, 6),
    BitmapGlyph::new(3604, 6, 17, 1, 7, 6),
    BitmapGlyph::new(3617, 8, 17, -1, 7, 6),
    BitmapGlyph::new(3634, 7, 16, -1, 8, 6),
    BitmapGlyph::new(3648, 12, 18, 1, 6, 13),
    BitmapGlyph::new(3675, 11, 16, 1, 8, 14),
    BitmapGlyph::new(3697, 12, 17, 1, 7, 13),
    BitmapGlyph::new(3723, 12, 17, 1, 7, 13),
    BitmapGlyph::new(3749, 12, 17, 1, 7, 13),
    BitmapGlyph::new(3775, 12, 16, 1, 8, 13),
    BitmapGlyph::new(3799, 12, 16, 1, 8, 13),
    BitmapGlyph::new(3823, 11, 10, 1, 11, 13),
    BitmapGlyph::new(3837, 12, 14, 1, 11, 13),
    BitmapGlyph::new(3858, 11, 17, 1, 7, 14),
    BitmapGlyph::new(3882, 11, 17, 1, 7, 14),
    BitmapGlyph::new(3906, 11, 17, 1, 7, 14),
    BitmapGlyph::new(3930, 11, 16, 1, 8, 14),
    BitmapGlyph::new(3952, 12, 22, 0, 7, 11),
    BitmapGlyph::new(3985, 12, 21, 1, 8, 14),
    BitmapGlyph::new(4017, 12, 21, 0, 8, 11),
    BitmapGlyph::new(4049, 15, 19, 0, 5, 14),
    BitmapGlyph::new(4085, 10, 15, 1, 9, 12),
    BitmapGlyph::new(4104, 15, 20, 0, 4, 14),
    BitmapGlyph::new(4142, 10, 16, 1, 8, 12),
    BitmapGlyph::new(4162, 15, 21, 0, 8, 14),
    BitmapGlyph::new(4202, 11, 17, 1, 12, 12),
    BitmapGlyph::new(4226, 13, 21, 1, 3, 14),
    BitmapGlyph::new(4261, 9, 17, 1, 7, 11),
    BitmapGlyph::new(4281, 13, 21, 1, 3, 14),
    BitmapGlyph::new(4316, 9, 17, 1, 7, 11),
    BitmapGlyph::new(4336, 13, 21, 1, 3, 14),
    BitmapGlyph::new(4371, 9, 17, 1, 7, 11),
    BitmapGlyph::new(4391, 13, 21, 1, 3, 14),
    BitmapGlyph::new(4426, 9, 17, 1, 7, 11),
    BitmapGlyph::new(4446, 13, 21, 2, 3, 16),
    BitmapGlyph::new(4481, 15, 16, 1, 8, 14),
    BitmapGlyph::new(4511, 15, 16, 0, 8, 16),
    BitmapGlyph::new(4541, 13, 16, 1, 8, 14),
    BitmapGlyph::new(4567, 9, 19, 2, 5, 12),
    BitmapGlyph::new(4589, 11, 15, 1, 9, 12),
    BitmapGlyph::new(4610, 9, 20, 2, 4, 12),
    BitmapGlyph::new(4633, 11, 16, 1, 8, 12),
    BitmapGlyph::new(4655, 9, 21, 2, 3, 12),
    BitmapGlyph::new(4679, 11, 17, 1, 7, 12),
    BitmapGlyph::new(4703, 9, 21, 2, 8, 12),
    BitmapGlyph::new(4727, 11, 17, 1, 12, 12),
    BitmapGlyph::new(4751, 9, 21, 2, 3, 12),
    BitmapGlyph::new(4775, 11, 17, 1, 7, 12),
    BitmapGlyph::new(4799, 14, 21, 1, 3, 16),
    BitmapGlyph::new(4836, 11, 22, 1, 7, 14),
    BitmapGlyph::new(4867, 14, 20, 1, 4, 16),
    BitmapGlyph::new(4902, 11, 21, 1, 8, 14),
    BitmapGlyph::new(4931, 14, 21, 1, 3, 16),
    BitmapGlyph::new(4968, 11, 22, 1, 7, 14),
    BitmapGlyph::new(4999, 14, 21, 1, 8, 16),
    BitmapGlyph::new(5036, 11, 21, 1, 8, 14),
    BitmapGlyph::new(5065, 13, 21, 2, 3, 16),
    BitmapGlyph::new(5100, 13, 22, -1, 2, 14),
    BitmapGlyph::new(5136, 17, 16, 0, 8, 16),
    BitmapGlyph::new(5170, 12, 16, 0, 8, 14),
    BitmapGlyph::new(5194, 9, 20, -1, 4, 7),
    BitmapGlyph::new(5217, 9, 16, -2, 8, 6),
    BitmapGlyph::new(5235, 7, 19, 0, 5, 7),
    BitmapGlyph::new(5252, 8, 15, -1, 9, 6),
    BitmapGlyph::new(5267, 8, 20, 0, 4, 7),
    BitmapGlyph::new(5287, 8, 16, -1, 8, 6),
    BitmapGlyph::new(5303, 7, 21, 0, 8, 7),
    BitmapGlyph::new(5322, 5, 21, 0, 8, 6),
    BitmapGlyph::new(5336, 7, 21, 0, 3, 7),
    BitmapGlyph::new(5355, 3, 12, 1, 12, 6),
    BitmapGlyph::new(5360, 12, 20, 0, 8, 13),
    BitmapGlyph::new(5390, 9, 21, 1, 8, 11),
    BitmapGlyph::new(5414, 9, 25, -2, 3, 6),
    BitmapGlyph::new(5443, 9, 22, -2, 7, 6),
    BitmapGlyph::new(5468, 12, 21, 2, 8, 14),
    BitmapGlyph::new(5500, 11, 21, 1, 8, 12),
    BitmapGlyph::new(5529, 11, 12, 1, 12, 12),
    BitmapGlyph::new(5546, 10, 21, 1, 3, 12),
    BitmapGlyph::new(5573, 6, 22, 1, 2, 6),
    BitmapGlyph::new(5590, 9, 21, 2, 8, 12),
    BitmapGlyph::new(5614, 4, 21, 1, 8, 6),
    BitmapGlyph::new(5625, 9, 16, 2, 8, 12),
    BitmapGlyph::new(5643, 7, 16, 1, 8, 6),
    BitmapGlyph::new(5657, 9, 16, 2, 8, 12),
    BitmapGlyph::new(5675, 6, 16, 1, 8, 6),
    BitmapGlyph::new(5687, 11, 16, 0, 8, 12),
    BitmapGlyph::new(5709, 7, 16, -1, 8, 6),
    BitmapGlyph::new(5723, 13, 21, 2, 3, 17),
    BitmapGlyph::new(5758, 11, 17, 1, 7, 14),
    BitmapGlyph::new(5782, 13, 21, 2, 8, 17),
    BitmapGlyph::new(5817, 11, 17, 1, 12, 14),
    BitmapGlyph::new(5841, 13, 21, 2, 3, 17),
    BitmapGlyph::new(5876, 11, 17, 1, 7, 14),
    BitmapGlyph::new(5900, 14, 16, 0, 8, 15),
    BitmapGlyph::new(5928, 13, 20, 2, 8, 17),
    BitmapGlyph::new(5961, 11, 17, 1, 12, 14),
    BitmapGlyph::new(5985, 15, 19, 1, 5, 17),
    BitmapGlyph::new(6021, 12, 15, 1, 9, 13),
    BitmapGlyph::new(6044, 15, 20, 1, 4, 17),
    BitmapGlyph::new(6082, 12, 16, 1, 8, 13),
    BitmapGlyph::new(6106, 15, 21, 1, 3, 17),
    BitmapGlyph::new(6146, 12, 17, 1, 7, 13),
    BitmapGlyph::new(6172, 19, 16, 1, 8, 20),
    BitmapGlyph::new(6210, 19, 12, 1, 12, 21),
    BitmapGlyph::new(6239, 12, 21, 2, 3, 14),
    BitmapGlyph::new(6271, 8, 17, 1, 7, 9),
    BitmapGlyph::new(6288, 12, 21, 2, 8, 14),
    BitmapGlyph::new(6320, 8, 17, 1, 12, 9),
    BitmapGlyph::new(6337, 12, 21, 2, 3, 14),
    BitmapGlyph::new(6369, 8, 17, 1, 7, 9),
    BitmapGlyph::new(6386, 11, 21, 1, 3, 12),
    BitmapGlyph::new(6415, 9, 17, 1, 7, 11),
    BitmapGlyph::new(6435, 11, 21, 1, 3, 12),
    BitmapGlyph::new(6464, 9, 17, 1, 7, 11),
    BitmapGlyph::new(6484, 11, 22, 1, 8, 12),
    BitmapGlyph::new(6515, 9, 18, 1, 12, 11),
    BitmapGlyph::new(6536, 11, 21, 1, 3, 12),
    BitmapGlyph::new(6565, 9, 17, 1, 7, 11),
    BitmapGlyph::new(6585, 12, 22, 0, 8, 12),
    BitmapGlyph::new(6618, 8, 21, 0, 9, 8),
    BitmapGlyph::new(6639, 12, 21, 0, 3, 12),
    BitmapGlyph::new(6671, 11, 16, 0, 8, 8),
    BitmapGlyph::new(6693, 12, 16, 0, 8, 12),
    BitmapGlyph::new(6717, 8, 15, 0, 9, 8),
    BitmapGlyph::new(6732, 14, 20, 1, 4, 16),
    BitmapGlyph::new(6767, 11, 16, 1, 8, 14),
    BitmapGlyph::new(6789, 14, 19, 1, 5, 16),
    BitmapGlyph::new(6823, 11, 15, 1, 9, 14),
    BitmapGlyph::new(6844, 14, 20, 1, 4, 16),
    BitmapGlyph::new(6879, 11, 16, 1, 8, 14),
    BitmapGlyph::new(6901, 14, 22, 1, 2, 16),
    BitmapGlyph::new(6940, 11, 18, 1, 6, 14),
    BitmapGlyph::new(6965, 14, 21, 1, 3, 16),
    BitmapGlyph::new(7002, 11, 17, 1, 7, 14),
    BitmapGlyph::new(7026, 14, 21, 1, 8, 16),
    BitmapGlyph::new(7063, 11, 17, 1, 12, 14),
    BitmapGlyph::new(7087, 21, 21, 0, 3, 20),
    BitmapGlyph::new(7143, 18, 17, 0, 7, 17),
    BitmapGlyph::new(7182, 13, 21, 0, 3, 12),
    BitmapGlyph::new(7217, 12, 22, 0, 7, 11),
    BitmapGlyph::new(7250, 13, 20, 0, 4, 12),
    BitmapGlyph::new(7283, 12, 21, 0, 3, 13),
    BitmapGlyph::new(7315, 10, 17, 0, 7, 10),
    BitmapGlyph::new(7337, 12, 21, 0, 3, 13),
    BitmapGlyph::new(7369, 10, 17, 0, 7, 10),
    BitmapGlyph::new(7391, 12, 21, 0, 3, 13),
    BitmapGlyph::new(7423, 10, 17, 0, 7, 10),
    BitmapGlyph::new(7445, 7, 16, 1, 8, 7),
    BitmapGlyph::new(7459, 7, 2, 0, 17, 7),
    BitmapGlyph::new(7461, 7, 2, 0, 17, 7),
    BitmapGlyph::new(7463, 12, 2, 0, 15, 13),
    BitmapGlyph::new(7466, 11, 2, 0, 17, 11),
    BitmapGlyph::new(7469, 22, 2, 0, 17, 22),
    BitmapGlyph::new(7475, 22, 2, 0, 17, 22),
    BitmapGlyph::new(7481, 8, 21, 2, 8, 12),
    BitmapGlyph::new(7502, 11, 5, -1, 24, 9),
    BitmapGlyph::new(7509, 4, 5, 0, 8, 4),
    BitmapGlyph::new(7512, 4, 5, 0, 8, 4),
    BitmapGlyph::new(7515, 5, 5, 0, 21, 6),
    BitmapGlyph::new(7519, 4, 5, 0, 8, 4),
    BitmapGlyph::new(7522, 8, 5, 0, 8, 8),
    BitmapGlyph::new(7527, 8, 5, 0, 8, 8),
    BitmapGlyph::new(7532, 9, 5, 0, 21, 9),
    BitmapGlyph::new(7538, 8, 5, 0, 8, 8),
    BitmapGlyph::new(7543, 9, 16, 1, 8, 11),
    BitmapGlyph::new(7561, 9, 16, 1, 8, 11),
    BitmapGlyph::new(7579, 6, 5, 1, 14, 8),
    BitmapGlyph::new(7583, 7, 8, 1, 12, 8),
    BitmapGlyph::new(7590, 3, 3, 4, 21, 11),
    BitmapGlyph::new(7592, 10, 3, 1, 21, 12),
    BitmapGlyph::new(7596, 15, 3, 1, 21, 17),
    BitmapGlyph::new(7602, 4, 3, 1, 17, 6),
    BitmapGlyph::new(7604, 0, 0, 0, 24, 13),
    BitmapGlyph::new(7604, 0, 0, 0, 24, 13),
    BitmapGlyph::new(7604, 6, 17, -1, 11, 1),
    BitmapGlyph::new(7617, 6, 17, -5, 11, 1),
    BitmapGlyph::new(7630, 6, 19, -3, 8, 1),
    BitmapGlyph::new(7645, 6, 19, -3, 8, 1),
    BitmapGlyph::new(7660, 6, 19, -3, 8, 1),
    BitmapGlyph::new(7675, 0, 0, 0, 24, 4),
    BitmapGlyph::new(7675, 24, 16, 1, 8, 26),
    BitmapGlyph::new(7723, 33, 16, 0, 8, 34),
    BitmapGlyph::new(7789, 6, 6, 0, 8, 5),
    BitmapGlyph::new(7794, 10, 6, 0, 8, 9),
    BitmapGlyph::new(7802, 14, 6, 0, 8, 13),
    BitmapGlyph::new(7813, 6, 6, -1, 8, 5),
    BitmapGlyph::new(7818, 9, 6, -1, 8, 10),
    BitmapGlyph::new(7825, 13, 6, -1, 8, 13),
    BitmapGlyph::new(7835, 9, 7, 0, 22, 9),
    BitmapGlyph::new(7843, 6, 10, 0, 13, 7),
    BitmapGlyph::new(7851, 6, 10, 0, 13, 7),
    BitmapGlyph::new(7859, 12, 16, 0, 8, 13),
    BitmapGlyph::new(7883, 12, 18, 1, 8, 13),
    BitmapGlyph::new(7910, 11, 16, 1, 8, 13),
    BitmapGlyph::new(7932, 12, 16, 0, 8, 13),
    BitmapGlyph::new(7956, 12, 16, 0, 8, 13),
    BitmapGlyph::new(7980, 18, 18, 1, 9, 21),
    BitmapGlyph::new(8021, 13, 16, 0, 8, 13),
    BitmapGlyph::new(8047, 16, 16, 1, 8, 17),
    BitmapGlyph::new(8079, 17, 16, 1, 8, 18),
    BitmapGlyph::new(8113, 15, 16, 0, 8, 15),
    BitmapGlyph::new(8143, 15, 16, 1, 8, 18),
    BitmapGlyph::new(8173, 13, 19, 1, 8, 14),
    BitmapGlyph::new(8204, 13, 16, 0, 8, 13),
    BitmapGlyph::new(8230, 13, 16, 0, 8, 13),
    BitmapGlyph::new(8256, 13, 16, 0, 8, 13),
    BitmapGlyph::new(8282, 21, 21, 0, 8, 21),
    BitmapGlyph::new(8338, 12, 21, 0, 8, 13),
    BitmapGlyph::new(8370, 13, 16, 0, 8, 13),
    BitmapGlyph::new(8396, 14, 18, 1, 8, 16),
    BitmapGlyph::new(8428, 14, 16, 0, 8, 13),
    BitmapGlyph::new(8456, 12, 16, 0, 8, 12),
    BitmapGlyph::new(8480, 13, 18, 1, 8, 14),
    BitmapGlyph::new(8510, 13, 15, 0, 9, 14),
    BitmapGlyph::new(8535, 15, 18, 0, 8, 16),
    BitmapGlyph::new(8569, 12, 16, 0, 8, 12),
    BitmapGlyph::new(8593, 10, 16, 1, 8, 13),
    BitmapGlyph::new(8613, 12, 16, 0, 8, 13),
    BitmapGlyph::new(8637, 17, 16, 0, 8, 17),
    BitmapGlyph::new(8671, 16, 16, 1, 8, 18),
    BitmapGlyph::new(8703, 12, 16, 0, 8, 13),
    BitmapGlyph::new(8727, 12, 18, 1, 6, 14),
    BitmapGlyph::new(8754, 10, 20, 2, 6, 13),
    BitmapGlyph::new(8779, 10, 16, 2, 8, 13),
    BitmapGlyph::new(8799, 10, 16, 2, 8, 13),
    BitmapGlyph::new(8819, 10, 16, 2, 8, 13),
    BitmapGlyph::new(8839, 10, 16, 2, 8, 13),
    BitmapGlyph::new(8859, 10, 16, 2, 8, 13),
    BitmapGlyph::new(8879, 10, 16, 2, 8, 13),
    BitmapGlyph::new(8899, 10, 16, 2, 8, 13),
    BitmapGlyph::new(8919, 10, 16, 2, 8, 13),
    BitmapGlyph::new(8939, 10, 16, 2, 8, 13),
    BitmapGlyph::new(8959, 10, 16, 2, 8, 13),
    BitmapGlyph::new(8979, 10, 16, 2, 8, 13),
    BitmapGlyph::new(8999, 10, 16, 2, 8, 13),
    BitmapGlyph::new(9019, 10, 16, 2, 8, 13),
    BitmapGlyph::new(9039, 10, 16, 2, 8, 13),
    BitmapGlyph::new(9059, 10, 16, 2, 8, 13),
    BitmapGlyph::new(9079, 10, 16, 2, 8, 13),
];

static NOTO_SANS_22_REGULAR_BITMAP: [u8; 9099] = [
    0x66, 0x66, 0x66, 0x66, 0x66, 0x60, 0x06, 0xE6, 0xEF, 0xDF, 0x12, 0x24, 0x48, 0x80, 0x06, 0x30,
    0x18, 0xC0, 0x62, 0x01, 0x98, 0x04, 0x61, 0xFF, 0xF7, 0xFF, 0xC3, 0x18, 0x0C, 0xC0, 0x23, 0x0F,
    0xFF, 0x9F, 0xFE, 0x18, 0xC0, 0x62, 0x01, 0x18, 0x0C, 0x60, 0x0C, 0x01, 0x80, 0xFE, 0x3F, 0xEE,
    0xC1, 0x98, 0x3B, 0x03, 0xE0, 0x3F, 0x01, 0xF0, 0x37, 0x06, 0x60, 0xCD, 0x9B, 0xBF, 0xE1, 0xF0,
    0x0C, 0x01, 0x80, 0x78, 0x18, 0x3E, 0x0C, 0x33, 0x0C, 0x18, 0xC6, 0x0C, 0x66, 0x06, 0x32, 0x03,
    0x1B, 0x31, 0x9B, 0x7C, 0x7D, 0xB3, 0x1D, 0x99, 0x80, 0xC8, 0xC0, 0xC4, 0x60, 0x63, 0x30, 0x61,
    0x98, 0x30, 0xFC, 0x30, 0x3C, 0x1F, 0x00, 0x3F, 0x80, 0x31, 0xC0, 0x31, 0xC0, 0x31, 0x80, 0x3B,
    0x80, 0x1F, 0x00, 0x1E, 0x00, 0x3F, 0x0C, 0x63, 0x8C, 0xE1, 0xD8, 0xC0, 0xF8, 0xC0, 0x70, 0xE0,
    0xF8, 0x7F, 0xDC, 0x3F, 0x0E, 0xFF, 0x24, 0x80, 0x0C, 0x63, 0x8C, 0x31, 0xC6, 0x18, 0x61, 0x86,
    0x18, 0x61, 0xC3, 0x0C, 0x38, 0x60, 0xC0, 0x61, 0xC3, 0x0E, 0x18, 0x61, 0xC7, 0x0C, 0x30, 0xC7,
    0x1C, 0x61, 0x8E, 0x31, 0xC6, 0x00, 0x06, 0x00, 0x60, 0x06, 0x06, 0x66, 0x7F, 0xE0, 0xF0, 0x0F,
    0x01, 0x98, 0x39, 0xC1, 0x88, 0x0C, 0x01, 0x80, 0x30, 0x06, 0x00, 0xC1, 0xFF, 0xFF, 0xF0, 0x60,
    0x0C, 0x01, 0x80, 0x30, 0x00, 0x31, 0x9C, 0xC6, 0x00, 0x7C, 0xF8, 0x6E, 0x60, 0x03, 0x07, 0x06,
    0x06, 0x0C, 0x0C, 0x0C, 0x18, 0x18, 0x38, 0x30, 0x30, 0x70, 0x60, 0x60, 0xC0, 0x1F, 0x07, 0xF1,
    0x87, 0x30, 0x6C, 0x0D, 0x81, 0xB0, 0x3E, 0x07, 0xC0, 0xF8, 0x1F, 0x03, 0x60, 0x66, 0x0C, 0xC3,
    0x8F, 0xE0, 0xF8, 0x0E, 0x3C, 0xFB, 0xB0, 0x60, 0xC1, 0x83, 0x06, 0x0C, 0x18, 0x30, 0x60, 0xC1,
    0x83, 0x3F, 0x0F, 0xF1, 0x07, 0x00, 0x60, 0x0C, 0x01, 0x80, 0x60, 0x0C, 0x03, 0x00, 0xC0, 0x30,
    0x0C, 0x03, 0x80, 0xE0, 0x3F, 0xF7, 0xFF, 0x1F, 0x87, 0xFC, 0x20, 0xE0, 0x06, 0x00, 0x60, 0x0E,
    0x01, 0xC1, 0xF8, 0x0F, 0xC0, 0x0E, 0x00, 0x60, 0x06, 0x00, 0x64, 0x0E, 0x7F, 0xC3, 0xF8, 0x01,
    0xC0, 0x0E, 0x00, 0xF0, 0x0D, 0x80, 0x6C, 0x06, 0x60, 0x63, 0x03, 0x18, 0x30, 0xC3, 0x06, 0x18,
    0x31, 0xFF, 0xEF, 0xFF, 0x00, 0x60, 0x03, 0x00, 0x18, 0x7F, 0x8F, 0xF1, 0x80, 0x30, 0x06, 0x00,
    0xC0, 0x1F, 0xC3, 0xFC, 0x01, 0xC0, 0x18, 0x03, 0x00, 0x60, 0x0C, 0x03, 0xBF, 0xE3, 0xF8, 0x0F,
    0x83, 0xF0, 0xE0, 0x30, 0x06, 0x01, 0xC0, 0x33, 0xC7, 0xFE, 0xE0, 0xDC, 0x1F, 0x03, 0xE0, 0x76,
    0x0C, 0xE1, 0x8F, 0xE0, 0xF8, 0x7F, 0xF7, 0xFF, 0x00, 0x60, 0x0E, 0x00, 0xC0, 0x0C, 0x01, 0x80,
    0x18, 0x03, 0x80, 0x30, 0x07, 0x00, 0x60, 0x0E, 0x00, 0xC0, 0x0C, 0x01, 0x80, 0x1F, 0x0F, 0xF1,
    0x87, 0x70, 0x66, 0x0C, 0xC3, 0x8E, 0xE0, 0xF8, 0x3F, 0x8C, 0x3B, 0x03, 0x60, 0x7C, 0x0F, 0xC1,
    0x9F, 0xF1, 0xF8, 0x1F, 0x0F, 0xF1, 0x87, 0x60, 0x6C, 0x0D, 0x81, 0xB0, 0x3F, 0x0F, 0x7F, 0xC7,
    0xD8, 0x03, 0x00, 0x60, 0x18, 0x07, 0x1F, 0xC3, 0xE0, 0x6E, 0x60, 0x00, 0x00, 0x06, 0xE6, 0x33,
    0x8C, 0x00, 0x00, 0x00, 0x00, 0x0C, 0xE6, 0x31, 0x00, 0x00, 0x00, 0x1C, 0x0F, 0x07, 0x83, 0xC1,
    0xE0, 0x38, 0x03, 0xC0, 0x1F, 0x00, 0x78, 0x03, 0x80, 0x00, 0xFF, 0xDF, 0xF8, 0x00, 0x00, 0x0F,
    0xFD, 0xFF, 0x80, 0x00, 0x18, 0x03, 0xC0, 0x1E, 0x00, 0xF0, 0x07, 0x80, 0x38, 0x3C, 0x1E, 0x1F,
    0x03, 0x80, 0x00, 0x00, 0x7E, 0x7F, 0x80, 0x60, 0x30, 0x18, 0x1C, 0x1C, 0x1C, 0x0C, 0x0C, 0x06,
    0x00, 0x00, 0x00, 0xC0, 0xE0, 0x30, 0x03, 0xF8, 0x03, 0xFF, 0x81, 0xC0, 0x70, 0xC0, 0x0C, 0x61,
    0xF1, 0x98, 0xFE, 0x64, 0x61, 0x8B, 0x18, 0x63, 0xC6, 0x18, 0xF1, 0x86, 0x2C, 0x63, 0x9B, 0x18,
    0xE6, 0x63, 0xEF, 0x18, 0x61, 0x83, 0x00, 0x00, 0xF0, 0x20, 0x0F, 0xF8, 0x00, 0xF8, 0x00, 0x03,
    0x00, 0x0F, 0x00, 0x1E, 0x00, 0x3C, 0x00, 0xCC, 0x01, 0x98, 0x03, 0x38, 0x0C, 0x30, 0x18, 0x60,
    0x7F, 0xE0, 0xFF, 0xC1, 0x81, 0x86, 0x01, 0x8C, 0x03, 0x38, 0x07, 0x60, 0x06, 0xFF, 0x0F, 0xFC,
    0xC0, 0xCC, 0x0E, 0xC0, 0xEC, 0x0C, 0xC1, 0xCF, 0xF8, 0xFF, 0xCC, 0x0E, 0xC0, 0x6C, 0x06, 0xC0,
    0x6C, 0x0E, 0xFF, 0xCF, 0xF8, 0x07, 0xE0, 0xFF, 0x8E, 0x00, 0xE0, 0x06, 0x00, 0x30, 0x03, 0x80,
    0x1C, 0x00, 0xE0, 0x07, 0x00, 0x38, 0x00, 0xC0, 0x07, 0x00, 0x1C, 0x00, 0x7F, 0xC1, 0xFC, 0xFF,
    0x07, 0xFE, 0x30, 0x39, 0x80, 0xEC, 0x03, 0x60, 0x1F, 0x00, 0xF8, 0x07, 0xC0, 0x3E, 0x01, 0xF0,
    0x0F, 0x80, 0x6C, 0x07, 0x60, 0x73, 0xFF, 0x1F, 0xE0, 0xFF, 0xFF, 0xF0, 0x18, 0x0C, 0x06, 0x03,
    0x01, 0xFF, 0xFF, 0x60, 0x30, 0x18, 0x0C, 0x06, 0x03, 0xFF, 0xFF, 0xFF, 0xFF, 0xF0, 0x18, 0x0C,
    0x06, 0x03, 0x01, 0xFE, 0xFF, 0xE0, 0x30, 0x18, 0x0C, 0x06, 0x03, 0x01, 0x80, 0x07, 0xF0, 0x7F,
    0xE3, 0x80, 0x1C, 0x00, 0x60, 0x01, 0x80, 0x0E, 0x00, 0x38, 0x3E, 0xE0, 0xFF, 0x80, 0x76, 0x01,
    0xD8, 0x07, 0x70, 0x1C, 0xE0, 0x71, 0xFF, 0xC1, 0xFE, 0xC0, 0x36, 0x01, 0xB0, 0x0D, 0x80, 0x6C,
    0x03, 0x60, 0x1B, 0x00, 0xDF, 0xFE, 0xFF, 0xF6, 0x01, 0xB0, 0x0D, 0x80, 0x6C, 0x03, 0x60, 0x1B,
    0x00, 0xD8, 0x06, 0x7E, 0x78, 0x60, 0xC1, 0x83, 0x06, 0x0C, 0x18, 0x30, 0x60, 0xC1, 0x83, 0x0F,
    0x3F, 0x0C, 0x30, 0xC3, 0x0C, 0x30, 0xC3, 0x0C, 0x30, 0xC3, 0x0C, 0x30, 0xC3, 0x0C, 0x7F, 0x98,
    0xC0, 0xEC, 0x0C, 0xC1, 0x8C, 0x30, 0xC7, 0x0C, 0xE0, 0xDC, 0x0F, 0xC0, 0xFC, 0x0E, 0xE0, 0xC7,
    0x0C, 0x38, 0xC1, 0x8C, 0x1C, 0xC0, 0xEC, 0x06, 0xC0, 0x60, 0x30, 0x18, 0x0C, 0x06, 0x03, 0x01,
    0x80, 0xC0, 0x60, 0x30, 0x18, 0x0C, 0x06, 0x03, 0xFF, 0xFF, 0xE0, 0x07, 0xF0, 0x0F, 0xF0, 0x0F,
    0xF0, 0x1F, 0xD8, 0x1B, 0xD8, 0x1B, 0xDC, 0x33, 0xCC, 0x33, 0xCC, 0x33, 0xC6, 0x63, 0xC6, 0x63,
    0xC6, 0xC3, 0xC3, 0xC3, 0xC3, 0xC3, 0xC3, 0x83, 0xC1, 0x83, 0xE0, 0x1F, 0x80, 0xFC, 0x07, 0xF0,
    0x3D, 0x81, 0xEE, 0x0F, 0x38, 0x78, 0xC3, 0xC7, 0x1E, 0x1C, 0xF0, 0x67, 0x83, 0xBC, 0x0F, 0xE0,
    0x3F, 0x01, 0xF8, 0x07, 0x0F, 0xE0, 0x3F, 0xE0, 0xE0, 0xE3, 0x80, 0xE6, 0x00, 0xDC, 0x01, 0xF8,
    0x01, 0xF0, 0x03, 0xE0, 0x07, 0xC0, 0x0F, 0x80, 0x3B, 0x00, 0x67, 0x01, 0xC7, 0x07, 0x07, 0xFC,
    0x07, 0xF0, 0xFF, 0x1F, 0xF3, 0x07, 0x60, 0x6C, 0x0D, 0x81, 0xB0, 0x36, 0x0E, 0xFF, 0x9F, 0xC3,
    0x00, 0x60, 0x0C, 0x01, 0x80, 0x30, 0x06, 0x00, 0x0F, 0xE0, 0x3F, 0xE0, 0xE0, 0xE3, 0x80, 0xE6,
    0x00, 0xDC, 0x01, 0xF8, 0x01, 0xF0, 0x03, 0xE0, 0x07, 0xC0, 0x0F, 0x80, 0x3B, 0x00, 0x67, 0x01,
    0xC7, 0x07, 0x07, 0xFC, 0x07, 0xF0, 0x00, 0xE0, 0x00, 0xE0, 0x00, 0xE0, 0x00, 0xE0, 0xFF, 0x0F,
    0xF8, 0xC1, 0xCC, 0x0C, 0xC0, 0xCC, 0x0C, 0xC0, 0xCC, 0x18, 0xFF, 0x0F, 0xE0, 0xC3, 0x0C, 0x38,
    0xC1, 0x8C, 0x1C, 0xC0, 0xEC, 0x06, 0x3F, 0x8F, 0xF9, 0x80, 0x70, 0x0E, 0x01, 0xC0, 0x1E, 0x01,
    0xF0, 0x0F, 0x80, 0x78, 0x07, 0x00, 0x60, 0x0C, 0x03, 0xBF, 0xE7, 0xF8, 0xFF, 0xFF, 0xFF, 0x06,
    0x00, 0x60, 0x06, 0x00, 0x60, 0x06, 0x00, 0x60, 0x06, 0x00, 0x60, 0x06, 0x00, 0x60, 0x06, 0x00,
    0x60, 0x06, 0x00, 0x60, 0x60, 0x19, 0x80, 0x66, 0x01, 0x98, 0x06, 0x60, 0x19, 0x80, 0x66, 0x01,
    0x98, 0x06, 0x60, 0x19, 0x80, 0x66, 0x01, 0x98, 0x06, 0x70, 0x38, 0xC0, 0xC1, 0xFE, 0x03, 0xF0,
    0xC0, 0x1B, 0x80, 0xE6, 0x03, 0x18, 0x0C, 0x70, 0x70, 0xC1, 0x83, 0x06, 0x06, 0x38, 0x18, 0xC0,
    0x63, 0x00, 0xDC, 0x03, 0x60, 0x0F, 0x80, 0x1E, 0x00, 0x70, 0x01, 0xC0, 0xE0, 0x60, 0x33, 0x03,
    0x81, 0x98, 0x3C, 0x1C, 0xC1, 0xE0, 0xC7, 0x0D, 0x86, 0x18, 0xEC, 0x30, 0xC6, 0x63, 0x86, 0x33,
    0x98, 0x39, 0x8C, 0xC0, 0xD8, 0x66, 0x06, 0xC3, 0x70, 0x36, 0x0F, 0x01, 0xF0, 0x78, 0x07, 0x03,
    0xC0, 0x38, 0x1E, 0x01, 0xC0, 0x60, 0x60, 0x33, 0x83, 0x8C, 0x18, 0x31, 0x81, 0x9C, 0x06, 0xC0,
    0x3C, 0x00, 0xE0, 0x07, 0x00, 0x7C, 0x07, 0x60, 0x31, 0x83, 0x0E, 0x18, 0x31, 0x80, 0xDC, 0x07,
    0xE0, 0x33, 0x03, 0x9C, 0x18, 0x61, 0xC3, 0x8C, 0x0C, 0xE0, 0x76, 0x01, 0xF0, 0x0F, 0x00, 0x38,
    0x01, 0x80, 0x0C, 0x00, 0x60, 0x03, 0x00, 0x18, 0x00, 0xC0, 0x7F, 0xF7, 0xFF, 0x00, 0xE0, 0x0C,
    0x01, 0xC0, 0x18, 0x03, 0x00, 0x70, 0x06, 0x00, 0xC0, 0x1C, 0x01, 0x80, 0x38, 0x07, 0x00, 0x7F,
    0xF7, 0xFF, 0x7D, 0xF6, 0x18, 0x61, 0x86, 0x18, 0x61, 0x86, 0x18, 0x61, 0x86, 0x18, 0x61, 0xF7,
    0xC0, 0xC0, 0x60, 0x60, 0x70, 0x30, 0x30, 0x38, 0x18, 0x18, 0x0C, 0x0C, 0x0C, 0x06, 0x06, 0x07,
    0x03, 0xFD, 0xF1, 0xC7, 0x1C, 0x71, 0xC7, 0x1C, 0x71, 0xC7, 0x1C, 0x71, 0xC7, 0x1D, 0xFF, 0xC0,
    0x06, 0x00, 0x60, 0x0F, 0x00, 0xD8, 0x19, 0x81, 0x8C, 0x30, 0xC3, 0x06, 0x60, 0x66, 0x03, 0x7F,
    0xEF, 0xFC, 0x61, 0xC3, 0x86, 0x3F, 0x1F, 0xE0, 0x18, 0x07, 0x00, 0xCF, 0xF7, 0xFF, 0x87, 0xC1,
    0xF0, 0x7F, 0xFD, 0xF3, 0x60, 0x06, 0x00, 0x60, 0x06, 0x00, 0x6F, 0x87, 0xFC, 0x70, 0xE6, 0x06,
    0x60, 0x66, 0x06, 0x60, 0x66, 0x06, 0x60, 0x67, 0x0E, 0x7F, 0xC4, 0xF8, 0x1F, 0x9F, 0xD8, 0x1C,
    0x0C, 0x06, 0x03, 0x01, 0xC0, 0xE0, 0x30, 0x0F, 0xE3, 0xE0, 0x00, 0x60, 0x0C, 0x01, 0x80, 0x31,
    0xE6, 0xFF, 0xD8, 0x3F, 0x07, 0xE0, 0xF8, 0x0F, 0x01, 0xE0, 0x3E, 0x0E, 0xC1, 0xDF, 0xF8, 0xF3,
    0x1F, 0x07, 0xF1, 0x87, 0x30, 0x6C, 0x0D, 0xFF, 0xBF, 0xF6, 0x00, 0xE0, 0x0E, 0x00, 0xFF, 0x0F,
    0xC0, 0x0F, 0x0F, 0x8E, 0x06, 0x07, 0xE7, 0xF0, 0xC0, 0x60, 0x30, 0x18, 0x0C, 0x06, 0x03, 0x01,
    0x80, 0xC0, 0x60, 0x1E, 0x67, 0xFD, 0x83, 0xF0, 0x7E, 0x07, 0x80, 0xF0, 0x1F, 0x03, 0xE0, 0xEC,
    0x1D, 0xFF, 0x8F, 0x30, 0x06, 0x01, 0xC0, 0x33, 0xFE, 0x3F, 0x00, 0x60, 0x0C, 0x01, 0x80, 0x30,
    0x06, 0xF8, 0xFF, 0x9C, 0x3B, 0x03, 0x60, 0x6C, 0x0D, 0x81, 0xB0, 0x36, 0x06, 0xC0, 0xD8, 0x1B,
    0x03, 0x6C, 0x06, 0xDB, 0x6D, 0xB6, 0xDB, 0x0C, 0x30, 0x00, 0x0C, 0x30, 0xC3, 0x0C, 0x30, 0xC3,
    0x0C, 0x30, 0xC3, 0x0C, 0x30, 0xDE, 0x78, 0x60, 0x0C, 0x01, 0x80, 0x30, 0x06, 0x1C, 0xC7, 0x18,
    0xC3, 0x30, 0x6C, 0x0F, 0x81, 0xF8, 0x33, 0x06, 0x30, 0xC7, 0x18, 0x73, 0x06, 0x6D, 0xB6, 0xDB,
    0x6D, 0xB6, 0xDB, 0x6F, 0x9F, 0x1F, 0xFF, 0xE7, 0x0E, 0x1D, 0x83, 0x83, 0x60, 0xE0, 0xD8, 0x30,
    0x36, 0x0C, 0x0D, 0x83, 0x03, 0x60, 0xC0, 0xD8, 0x30, 0x36, 0x0C, 0x0D, 0x83, 0x03, 0x6F, 0x8F,
    0xF9, 0xC3, 0xB0, 0x36, 0x06, 0xC0, 0xD8, 0x1B, 0x03, 0x60, 0x6C, 0x0D, 0x81, 0xB0, 0x30, 0x1F,
    0x03, 0xFC, 0x60, 0xCE, 0x0E, 0xE0, 0x6C, 0x06, 0xC0, 0x6E, 0x06, 0x60, 0xE6, 0x0C, 0x3F, 0xC1,
    0xF0, 0x6F, 0x87, 0xFC, 0x70, 0xE6, 0x06, 0x60, 0x66, 0x06, 0x60, 0x66, 0x06, 0x60, 0x67, 0x0E,
    0x7F, 0xC6, 0xF8, 0x60, 0x06, 0x00, 0x60, 0x06, 0x00, 0x60, 0x00, 0x1E, 0x67, 0xFD, 0x83, 0xF0,
    0x7E, 0x0F, 0x80, 0xF0, 0x1E, 0x03, 0xE0, 0xEC, 0x1D, 0xFF, 0x8F, 0x30, 0x06, 0x00, 0xC0, 0x18,
    0x03, 0x00, 0x60, 0x6F, 0x7F, 0x70, 0x60, 0x60, 0x60, 0x60, 0x60, 0x60, 0x60, 0x60, 0x60, 0x3F,
    0x3F, 0xB0, 0x18, 0x0F, 0x03, 0xE0, 0x3C, 0x06, 0x03, 0x81, 0xFF, 0xCF, 0xC0, 0x10, 0x30, 0x30,
    0x7F, 0xFE, 0x30, 0x30, 0x30, 0x30, 0x30, 0x30, 0x30, 0x30, 0x3E, 0x1E, 0x60, 0x6C, 0x0D, 0x81,
    0xB0, 0x36, 0x06, 0xC0, 0xD8, 0x1B, 0x03, 0x60, 0xEC, 0x1D, 0xFF, 0x9F, 0xB0, 0xC0, 0x6E, 0x0E,
    0x60, 0xC6, 0x0C, 0x31, 0xC3, 0x18, 0x31, 0x81, 0xB0, 0x1B, 0x01, 0xF0, 0x0E, 0x00, 0xE0, 0xC1,
    0xC1, 0x98, 0x70, 0x66, 0x1E, 0x31, 0x8D, 0x8C, 0x73, 0x63, 0x0C, 0xD8, 0xC3, 0x73, 0x60, 0xD8,
    0xD8, 0x36, 0x36, 0x07, 0x87, 0x81, 0xC1, 0xC0, 0x70, 0x70, 0x60, 0xE3, 0x0C, 0x39, 0x81, 0xB8,
    0x0F, 0x00, 0xE0, 0x0F, 0x01, 0xF0, 0x19, 0x83, 0x1C, 0x70, 0xC6, 0x06, 0xC0, 0x6E, 0x0E, 0x60,
    0xC7, 0x0C, 0x31, 0xC3, 0x18, 0x19, 0x81, 0xB0, 0x1B, 0x00, 0xF0, 0x0E, 0x00, 0x60, 0x0E, 0x00,
    0xC0, 0x1C, 0x0F, 0x80, 0xF0, 0x00, 0x7F, 0x9F, 0xE0, 0x38, 0x0C, 0x06, 0x03, 0x80, 0xC0, 0x60,
    0x38, 0x0C, 0x07, 0xF9, 0xFF, 0x07, 0x0F, 0x1C, 0x18, 0x18, 0x18, 0x18, 0x18, 0x38, 0xF0, 0x70,
    0x18, 0x18, 0x18, 0x18, 0x18, 0x1C, 0x0F, 0x07, 0xFF, 0xFF, 0xFF, 0xFF, 0xFF, 0xC0, 0x60, 0x78,
    0x18, 0x18, 0x18, 0x18, 0x18, 0x18, 0x1C, 0x07, 0x0F, 0x1C, 0x18, 0x18, 0x18, 0x18, 0x18, 0x78,
    0x60, 0x78, 0x3F, 0xFE, 0x1F, 0x00, 0x6E, 0x60, 0x06, 0x66, 0x66, 0x66, 0x66, 0x66, 0x0C, 0x07,
    0x0F, 0xEE, 0x2E, 0x06, 0x03, 0x01, 0x80, 0xC0, 0x60, 0x38, 0x0C, 0x07, 0xF8, 0xF8, 0x30, 0x18,
    0x07, 0xC0, 0xFE, 0x18, 0x01, 0x80, 0x18, 0x01, 0x80, 0x18, 0x07, 0xF8, 0x7F, 0x81, 0x80, 0x18,
    0x01, 0x80, 0x18, 0x03, 0x00, 0x7F, 0xF7, 0xFF, 0x00, 0x1F, 0xD9, 0xFE, 0x30, 0xC6, 0x0C, 0xC1,
    0x98, 0x33, 0x0C, 0x7F, 0x9F, 0xD8, 0x00, 0x00, 0xE0, 0x33, 0x03, 0x9C, 0x18, 0x61, 0xC1, 0x8C,
    0x0C, 0xC0, 0x36, 0x01, 0xE0, 0x3F, 0xC1, 0xFF, 0x01, 0x80, 0x7F, 0x83, 0xFE, 0x03, 0x00, 0x18,
    0x00, 0xC0, 0xFF, 0xFF, 0x00, 0x3F, 0xFF, 0xC0, 0x3F, 0x3F, 0xF8, 0x0C, 0x07, 0x81, 0xF1, 0x9D,
    0x83, 0xE1, 0xB9, 0x87, 0xC0, 0xE0, 0x18, 0x0F, 0xFC, 0xFC, 0x45, 0x98, 0x03, 0xC0, 0x07, 0xF8,
    0x0F, 0x0F, 0x06, 0x01, 0xC6, 0x3E, 0x62, 0x3F, 0x1B, 0x18, 0x0D, 0x98, 0x02, 0x8C, 0x01, 0x66,
    0x00, 0xB3, 0x00, 0x59, 0xC0, 0x66, 0x7E, 0x33, 0x1F, 0x30, 0xE0, 0x70, 0x3F, 0xF0, 0x07, 0xE0,
    0x00, 0x7C, 0x0C, 0x1B, 0xF6, 0x68, 0xDF, 0x80, 0x00, 0x01, 0x98, 0x67, 0x19, 0xC7, 0x30, 0xCE,
    0x0C, 0xC0, 0xCC, 0x1C, 0xC1, 0x08, 0xFF, 0xDF, 0xFC, 0x01, 0x80, 0x30, 0x06, 0x00, 0xC0, 0x7C,
    0xF8, 0x03, 0xC0, 0x07, 0xF8, 0x0F, 0x0F, 0x06, 0x01, 0xC6, 0x7C, 0x62, 0x3F, 0x1B, 0x19, 0x8D,
    0x8C, 0xC2, 0x87, 0xE1, 0x63, 0xE0, 0xB1, 0xB0, 0x58, 0xCC, 0x66, 0x63, 0x33, 0x31, 0xB0, 0xE0,
    0x70, 0x3F, 0xF0, 0x07, 0xE0, 0x00, 0x7F, 0xF3, 0xFF, 0x80, 0x3C, 0x7E, 0xC6, 0xC2, 0xC6, 0x7E,
    0x3C, 0x0C, 0x01, 0x80, 0x30, 0x06, 0x0F, 0xFD, 0xFF, 0xC3, 0x00, 0x60, 0x0C, 0x01, 0x80, 0x30,
    0x7F, 0xEF, 0xFE, 0x00, 0xF9, 0xB8, 0x30, 0x61, 0x86, 0x18, 0x61, 0xFC, 0x00, 0x00, 0x7C, 0x6E,
    0x06, 0x06, 0x0C, 0x3C, 0x0E, 0x06, 0x86, 0xFC, 0x00, 0x18, 0xE3, 0x18, 0x60, 0x6C, 0x0D, 0x81,
    0xB0, 0x36, 0x06, 0xC0, 0xD8, 0x1B, 0x03, 0x60, 0xEE, 0x1D, 0xFF, 0xBF, 0xB6, 0x00, 0xC0, 0x18,
    0x03, 0x00, 0x60, 0x00, 0x3F, 0xE7, 0xFE, 0x7F, 0x2F, 0xF2, 0xFF, 0x2F, 0xF2, 0xFF, 0x2F, 0xF2,
    0xFF, 0x27, 0xF2, 0x3F, 0x20, 0xB2, 0x03, 0x20, 0x32, 0x03, 0x20, 0x32, 0x03, 0x20, 0x32, 0x03,
    0x20, 0x32, 0x00, 0x00, 0x6E, 0x60, 0x01, 0x1C, 0x31, 0xF8, 0x00, 0x19, 0xE4, 0x82, 0x08, 0x20,
    0x82, 0x08, 0x3C, 0x66, 0x43, 0x43, 0x43, 0x66, 0x3C, 0x00, 0x0C, 0xC0, 0xCC, 0x1C, 0xC1, 0xCC,
    0x19, 0x86, 0x61, 0x9C, 0x67, 0x04, 0x40, 0x18, 0x0C, 0x1C, 0x0C, 0x1A, 0x06, 0x01, 0x06, 0x00,
    0x82, 0x00, 0x43, 0x00, 0x23, 0x00, 0x11, 0x8C, 0x09, 0x8E, 0x00, 0x8F, 0x00, 0xC5, 0x80, 0xC4,
    0xC0, 0x66, 0x60, 0x63, 0xF8, 0x20, 0x18, 0x30, 0x0C, 0x38, 0x18, 0x3C, 0x0C, 0x16, 0x0C, 0x03,
    0x0C, 0x01, 0x86, 0x00, 0xC6, 0x00, 0x63, 0x78, 0x33, 0x66, 0x1B, 0x03, 0x01, 0x81, 0x81, 0x80,
    0xC0, 0xC0, 0xC0, 0xC0, 0xC0, 0xC0, 0xC0, 0x60, 0xFC, 0x60, 0x7E, 0x7C, 0x06, 0x7F, 0x06, 0x01,
    0x83, 0x00, 0xC3, 0x03, 0xC1, 0x01, 0xF1, 0x80, 0x19, 0x80, 0x0C, 0xC6, 0xFE, 0xC7, 0x3E, 0x45,
    0x80, 0x66, 0xC0, 0x62, 0x60, 0x33, 0x30, 0x31, 0xFC, 0x10, 0x0C, 0x18, 0x06, 0x0E, 0x03, 0x80,
    0xE0, 0x00, 0x00, 0x01, 0x80, 0xC0, 0x30, 0x18, 0x0C, 0x06, 0x03, 0x80, 0xE0, 0x18, 0x07, 0xF8,
    0xFC, 0x0C, 0x00, 0x0C, 0x00, 0x0C, 0x00, 0x08, 0x00, 0x00, 0x00, 0x60, 0x01, 0xE0, 0x03, 0xC0,
    0x07, 0x80, 0x19, 0x80, 0x33, 0x00, 0x67, 0x01, 0x86, 0x03, 0x0C, 0x0F, 0xFC, 0x1F, 0xF8, 0x30,
    0x30, 0xC0, 0x31, 0x80, 0x67, 0x00, 0xEC, 0x00, 0xC0, 0x00, 0xC0, 0x03, 0x80, 0x06, 0x00, 0x18,
    0x00, 0x00, 0x00, 0x60, 0x01, 0xE0, 0x03, 0xC0, 0x07, 0x80, 0x19, 0x80, 0x33, 0x00, 0x67, 0x01,
    0x86, 0x03, 0x0C, 0x0F, 0xFC, 0x1F, 0xF8, 0x30, 0x30, 0xC0, 0x31, 0x80, 0x67, 0x00, 0xEC, 0x00,
    0xC0, 0x03, 0x00, 0x0F, 0x00, 0x3F, 0x00, 0xC7, 0x00, 0x00, 0x00, 0x60, 0x01, 0xE0, 0x03, 0xC0,
    0x07, 0x80, 0x19, 0x80, 0x33, 0x00, 0x67, 0x01, 0x86, 0x03, 0x0C, 0x0F, 0xFC, 0x1F, 0xF8, 0x30,
    0x30, 0xC0, 0x31, 0x80, 0x67, 0x00, 0xEC, 0x00, 0xC0, 0x0E, 0x20, 0x3F, 0xC0, 0x47, 0x00, 0x00,
    0x00, 0x30, 0x00, 0xF0, 0x01, 0xE0, 0x03, 0xC0, 0x0C, 0xC0, 0x19, 0x80, 0x33, 0x80, 0xC3, 0x01,
    0x86, 0x07, 0xFE, 0x0F, 0xFC, 0x18, 0x18, 0x60, 0x18, 0xC0, 0x33, 0x80, 0x76, 0x00, 0x60, 0x0C,
    0xC0, 0x19, 0x80, 0x00, 0x00, 0x00, 0x00, 0x30, 0x00, 0xF0, 0x01, 0xE0, 0x03, 0xC0, 0x0C, 0xC0,
    0x19, 0x80, 0x33, 0x80, 0xC3, 0x01, 0x86, 0x07, 0xFE, 0x0F, 0xFC, 0x18, 0x18, 0x60, 0x18, 0xC0,
    0x33, 0x80, 0x76, 0x00, 0x60, 0x07, 0x80, 0x0F, 0x00, 0x33, 0x00, 0x3C, 0x00, 0x78, 0x00, 0xF0,
    0x01, 0xE0, 0x06, 0x60, 0x0C, 0xC0, 0x19, 0xC0, 0x61, 0x80, 0xC3, 0x03, 0xFF, 0x07, 0xFE, 0x0C,
    0x0C, 0x30, 0x0C, 0x60, 0x19, 0xC0, 0x3B, 0x00, 0x30, 0x00, 0xFF, 0xE0, 0x0F, 0xFE, 0x01, 0x98,
    0x00, 0x19, 0x80, 0x03, 0x18, 0x00, 0x31, 0x80, 0x07, 0x18, 0x00, 0x61, 0xFE, 0x0E, 0x1F, 0xE0,
    0xFF, 0x80, 0x1F, 0xF8, 0x01, 0x81, 0x80, 0x38, 0x18, 0x03, 0x01, 0x80, 0x30, 0x1F, 0xE6, 0x01,
    0xFE, 0x07, 0xE0, 0xFF, 0x8E, 0x00, 0xE0, 0x06, 0x00, 0x30, 0x03, 0x80, 0x1C, 0x00, 0xE0, 0x07,
    0x00, 0x38, 0x00, 0xC0, 0x07, 0x00, 0x1C, 0x00, 0x7F, 0xC1, 0xFC, 0x03, 0x00, 0x1C, 0x00, 0x60,
    0x03, 0x00, 0x78, 0x00, 0x00, 0x30, 0x1C, 0x07, 0x01, 0x80, 0x07, 0xFF, 0xFF, 0x80, 0xC0, 0x60,
    0x30, 0x18, 0x0F, 0xFF, 0xFB, 0x01, 0x80, 0xC0, 0x60, 0x30, 0x1F, 0xFF, 0xF8, 0x03, 0x03, 0x03,
    0x81, 0x80, 0x07, 0xFF, 0xFF, 0x80, 0xC0, 0x60, 0x30, 0x18, 0x0F, 0xFF, 0xFB, 0x01, 0x80, 0xC0,
    0x60, 0x30, 0x1F, 0xFF, 0xF8, 0x0C, 0x0F, 0x0D, 0x8C, 0x60, 0x07, 0xFF, 0xFF, 0x80, 0xC0, 0x60,
    0x30, 0x18, 0x0F, 0xFF, 0xFB, 0x01, 0x80, 0xC0, 0x60, 0x30, 0x1F, 0xFF, 0xF8, 0x22, 0x19, 0x80,
    0x00, 0x0F, 0xFF, 0xFF, 0x01, 0x80, 0xC0, 0x60, 0x30, 0x1F, 0xFF, 0xF6, 0x03, 0x01, 0x80, 0xC0,
    0x60, 0x3F, 0xFF, 0xF0, 0x60, 0xE0, 0xE0, 0xC0, 0x0F, 0xCF, 0x0C, 0x18, 0x30, 0x60, 0xC1, 0x83,
    0x06, 0x0C, 0x18, 0x30, 0x61, 0xE7, 0xE0, 0x06, 0x1C, 0x70, 0xC0, 0x0F, 0xCF, 0x0C, 0x18, 0x30,
    0x60, 0xC1, 0x83, 0x06, 0x0C, 0x18, 0x30, 0x61, 0xE7, 0xE0, 0x18, 0x3C, 0x6C, 0xC6, 0x00, 0x7E,
    0x3C, 0x18, 0x18, 0x18, 0x18, 0x18, 0x18, 0x18, 0x18, 0x18, 0x18, 0x18, 0x18, 0x3C, 0x7E, 0x44,
    0xCC, 0x00, 0x07, 0xE7, 0x86, 0x0C, 0x18, 0x30, 0x60, 0xC1, 0x83, 0x06, 0x0C, 0x18, 0x30, 0xF3,
    0xF0, 0x3F, 0xC0, 0x7F, 0xE0, 0xC0, 0xE1, 0x80, 0xE3, 0x00, 0xC6, 0x01, 0xCC, 0x03, 0xBF, 0x87,
    0x7F, 0x0E, 0x60, 0x1C, 0xC0, 0x39, 0x80, 0x63, 0x01, 0xC6, 0x07, 0x0F, 0xFC, 0x1F, 0xE0, 0x1C,
    0x40, 0xFE, 0x0C, 0xE0, 0x00, 0x0E, 0x01, 0xF8, 0x0F, 0xC0, 0x7F, 0x03, 0xD8, 0x1E, 0xE0, 0xF3,
    0x87, 0x8C, 0x3C, 0x71, 0xE1, 0xCF, 0x06, 0x78, 0x3B, 0xC0, 0xFE, 0x03, 0xF0, 0x1F, 0x80, 0x70,
    0x06, 0x00, 0x0E, 0x00, 0x0C, 0x00, 0x0C, 0x00, 0x00, 0x01, 0xFC, 0x07, 0xFC, 0x1C, 0x1C, 0x70,
    0x1C, 0xC0, 0x1B, 0x80, 0x3F, 0x00, 0x3E, 0x00, 0x7C, 0x00, 0xF8, 0x01, 0xF0, 0x07, 0x60, 0x0C,
    0xE0, 0x38, 0xE0, 0xE0, 0xFF, 0x80, 0xFE, 0x00, 0x00, 0x60, 0x01, 0x80, 0x06, 0x00, 0x08, 0x00,
    0x00, 0x01, 0xFC, 0x07, 0xFC, 0x1C, 0x1C, 0x70, 0x1C, 0xC0, 0x1B, 0x80, 0x3F, 0x00, 0x3E, 0x00,
    0x7C, 0x00, 0xF8, 0x01, 0xF0, 0x07, 0x60, 0x0C, 0xE0, 0x38, 0xE0, 0xE0, 0xFF, 0x80, 0xFE, 0x00,
    0x01, 0x80, 0x07, 0x00, 0x1B, 0x00, 0x63, 0x00, 0x00, 0x01, 0xFC, 0x07, 0xFC, 0x1C, 0x1C, 0x70,
    0x1C, 0xC0, 0x1B, 0x80, 0x3F, 0x00, 0x3E, 0x00, 0x7C, 0x00, 0xF8, 0x01, 0xF0, 0x07, 0x60, 0x0C,
    0xE0, 0x38, 0xE0, 0xE0, 0xFF, 0x80, 0xFE, 0x00, 0x07, 0x30, 0x1F, 0xC0, 0x23, 0x80, 0x00, 0x00,
    0xFE, 0x03, 0xFE, 0x0E, 0x0E, 0x38, 0x0E, 0x60, 0x0D, 0xC0, 0x1F, 0x80, 0x1F, 0x00, 0x3E, 0x00,
    0x7C, 0x00, 0xF8, 0x03, 0xB0, 0x06, 0x70, 0x1C, 0x70, 0x70, 0x7F, 0xC0, 0x7F, 0x00, 0x04, 0x40,
    0x0C, 0xC0, 0x00, 0x00, 0x00, 0x00, 0xFE, 0x03, 0xFE, 0x0E, 0x0E, 0x38, 0x0E, 0x60, 0x0D, 0xC0,
    0x1F, 0x80, 0x1F, 0x00, 0x3E, 0x00, 0x7C, 0x00, 0xF8, 0x03, 0xB0, 0x06, 0x70, 0x1C, 0x70, 0x70,
    0x7F, 0xC0, 0x7F, 0x00, 0x00, 0x0C, 0x19, 0xC6, 0x1D, 0x81, 0xE0, 0x1C, 0x07, 0xC1, 0x9C, 0x61,
    0xC8, 0x18, 0x00, 0x00, 0x00, 0x00, 0x1F, 0xD8, 0x7F, 0xE1, 0xC1, 0xC7, 0x03, 0xCC, 0x0D, 0xB8,
    0x33, 0xF0, 0xE3, 0xE1, 0x87, 0xC6, 0x0F, 0x9C, 0x1F, 0x30, 0x76, 0xC0, 0xCF, 0x03, 0x8E, 0x0E,
    0x1F, 0xF8, 0x6F, 0xE0, 0x00, 0x00, 0x0C, 0x00, 0x18, 0x00, 0x30, 0x00, 0x60, 0x00, 0x01, 0x80,
    0x66, 0x01, 0x98, 0x06, 0x60, 0x19, 0x80, 0x66, 0x01, 0x98, 0x06, 0x60, 0x19, 0x80, 0x66, 0x01,
    0x98, 0x06, 0x60, 0x19, 0xC0, 0xE3, 0x03, 0x07, 0xF8, 0x0F, 0xC0, 0x00, 0xC0, 0x07, 0x00, 0x18,
    0x00, 0xC0, 0x00, 0x01, 0x80, 0x66, 0x01, 0x98, 0x06, 0x60, 0x19, 0x80, 0x66, 0x01, 0x98, 0x06,
    0x60, 0x19, 0x80, 0x66, 0x01, 0x98, 0x06, 0x60, 0x19, 0xC0, 0xE3, 0x03, 0x07, 0xF8, 0x0F, 0xC0,
    0x03, 0x00, 0x1E, 0x00, 0xFC, 0x07, 0x18, 0x00, 0x01, 0x80, 0x66, 0x01, 0x98, 0x06, 0x60, 0x19,
    0x80, 0x66, 0x01, 0x98, 0x06, 0x60, 0x19, 0x80, 0x66, 0x01, 0x98, 0x06, 0x60, 0x19, 0xC0, 0xE3,
    0x03, 0x07, 0xF8, 0x0F, 0xC0, 0x0C, 0x40, 0x33, 0x00, 0x00, 0x00, 0x00, 0x60, 0x19, 0x80, 0x66,
    0x01, 0x98, 0x06, 0x60, 0x19, 0x80, 0x66, 0x01, 0x98, 0x06, 0x60, 0x19, 0x80, 0x66, 0x01, 0x98,
    0x06, 0x70, 0x38, 0xC0, 0xC1, 0xFE, 0x03, 0xF0, 0x01, 0x80, 0x1C, 0x00, 0xC0, 0x0C, 0x00, 0x00,
    0x70, 0x19, 0x81, 0xCE, 0x0C, 0x30, 0xE1, 0xC6, 0x06, 0x70, 0x3B, 0x00, 0xF8, 0x07, 0x80, 0x1C,
    0x00, 0xC0, 0x06, 0x00, 0x30, 0x01, 0x80, 0x0C, 0x00, 0x60, 0x00, 0xC0, 0x18, 0x03, 0x00, 0x7F,
    0x8F, 0xF9, 0x83, 0xB0, 0x36, 0x06, 0xC0, 0xD8, 0x1B, 0x0E, 0x7F, 0x8F, 0xC1, 0x80, 0x30, 0x06,
    0x00, 0x1F, 0x87, 0xFC, 0x60, 0xE6, 0x0E, 0x60, 0xC6, 0x18, 0x63, 0x06, 0x70, 0x63, 0x86, 0x1C,
    0x60, 0xE6, 0x07, 0x60, 0x36, 0x03, 0x6F, 0xE6, 0x7C, 0x18, 0x06, 0x00, 0xC0, 0x18, 0x00, 0x0F,
    0xC7, 0xF8, 0x06, 0x01, 0xC0, 0x33, 0xFD, 0xFF, 0xE1, 0xF0, 0x7C, 0x1F, 0xFF, 0x7C, 0xC0, 0x03,
    0x01, 0xC0, 0x60, 0x30, 0x00, 0x0F, 0xC7, 0xF8, 0x06, 0x01, 0xC0, 0x33, 0xFD, 0xFF, 0xE1, 0xF0,
    0x7C, 0x1F, 0xFF, 0x7C, 0xC0, 0x0C, 0x07, 0x83, 0xF0, 0xC6, 0x00, 0x0F, 0xC7, 0xF8, 0x06, 0x01,
    0xC0, 0x33, 0xFD, 0xFF, 0xE1, 0xF0, 0x7C, 0x1F, 0xFF, 0x7C, 0xC0, 0x38, 0x9F, 0xE6, 0x70, 0x00,
    0x3F, 0x1F, 0xE0, 0x18, 0x07, 0x00, 0xCF, 0xF7, 0xFF, 0x87, 0xC1, 0xF0, 0x7F, 0xFD, 0xF3, 0x11,
    0x0C, 0xC0, 0x00, 0x00, 0x3F, 0x1F, 0xE0, 0x18, 0x07, 0x00, 0xCF, 0xF7, 0xFF, 0x87, 0xC1, 0xF0,
    0x7F, 0xFD, 0xF3, 0x0E, 0x07, 0xC1, 0x30, 0x7C, 0x0E, 0x00, 0x03, 0xF1, 0xFE, 0x01, 0x80, 0x70,
    0x0C, 0xFF, 0x7F, 0xF8, 0x7C, 0x1F, 0x07, 0xFF, 0xDF, 0x30, 0x3E, 0x3E, 0x3F, 0xFF, 0x80, 0x70,
    0xC0, 0x38, 0x70, 0x1C, 0x19, 0xFF, 0xFD, 0xFF, 0xFF, 0xC3, 0x80, 0xC1, 0xC0, 0x61, 0xF0, 0x3F,
    0xDF, 0xCF, 0x87, 0xE0, 0x1F, 0x9F, 0xD8, 0x1C, 0x0C, 0x06, 0x03, 0x01, 0xC0, 0xE0, 0x30, 0x0F,
    0xE3, 0xE0, 0xC0, 0x70, 0x18, 0x0C, 0x1E, 0x00, 0x00, 0x18, 0x03, 0x00, 0x30, 0x03, 0x00, 0x00,
    0x3E, 0x0F, 0xE3, 0x0E, 0x60, 0xD8, 0x1B, 0xFF, 0x7F, 0xEC, 0x01, 0xC0, 0x1C, 0x01, 0xFE, 0x1F,
    0x80, 0x03, 0x00, 0xE0, 0x18, 0x06, 0x00, 0x00, 0x3E, 0x0F, 0xE3, 0x0E, 0x60, 0xD8, 0x1B, 0xFF,
    0x7F, 0xEC, 0x01, 0xC0, 0x1C, 0x01, 0xFE, 0x1F, 0x80, 0x0C, 0x03, 0xC0, 0x6C, 0x18, 0xC0, 0x00,
    0x3E, 0x0F, 0xE3, 0x0E, 0x60, 0xD8, 0x1B, 0xFF, 0x7F, 0xEC, 0x01, 0xC0, 0x1C, 0x01, 0xFE, 0x1F,
    0x80, 0x11, 0x06, 0x60, 0x00, 0x00, 0x01, 0xF0, 0x7F, 0x18, 0x73, 0x06, 0xC0, 0xDF, 0xFB, 0xFF,
    0x60, 0x0E, 0x00, 0xE0, 0x0F, 0xF0, 0xFC, 0x61, 0xC3, 0x86, 0x00, 0x61, 0x86, 0x18, 0x61, 0x86,
    0x18, 0x61, 0x86, 0x18, 0x18, 0xE7, 0x18, 0x01, 0x86, 0x18, 0x61, 0x86, 0x18, 0x61, 0x86, 0x18,
    0x60, 0x18, 0x3C, 0x6E, 0xC6, 0x00, 0x18, 0x18, 0x18, 0x18, 0x18, 0x18, 0x18, 0x18, 0x18, 0x18,
    0x18, 0x18, 0x46, 0xCC, 0x00, 0x01, 0x83, 0x06, 0x0C, 0x18, 0x30, 0x60, 0xC1, 0x83, 0x06, 0x0C,
    0x00, 0x01, 0x88, 0x1F, 0xC0, 0xF0, 0x1F, 0x81, 0x98, 0x00, 0xC0, 0xEC, 0x3F, 0xE7, 0x1E, 0xE0,
    0xEC, 0x06, 0xC0, 0x6C, 0x06, 0xE0, 0x66, 0x0C, 0x3F, 0xC1, 0xF0, 0x1C, 0xC7, 0xF8, 0x8E, 0x00,
    0x06, 0xF8, 0xFF, 0x9C, 0x3B, 0x03, 0x60, 0x6C, 0x0D, 0x81, 0xB0, 0x36, 0x06, 0xC0, 0xD8, 0x1B,
    0x03, 0x18, 0x01, 0xC0, 0x0C, 0x00, 0x60, 0x00, 0x01, 0xF0, 0x3F, 0xC6, 0x0C, 0xE0, 0xEE, 0x06,
    0xC0, 0x6C, 0x06, 0xE0, 0x66, 0x0E, 0x60, 0xC3, 0xFC, 0x1F, 0x00, 0x01, 0x80, 0x30, 0x07, 0x00,
    0x60, 0x00, 0x01, 0xF0, 0x3F, 0xC6, 0x0C, 0xE0, 0xEE, 0x06, 0xC0, 0x6C, 0x06, 0xE0, 0x66, 0x0E,
    0x60, 0xC3, 0xFC, 0x1F, 0x00, 0x06, 0x00, 0xE0, 0x1B, 0x03, 0x18, 0x00, 0x01, 0xF0, 0x3F, 0xC6,
    0x0C, 0xE0, 0xEE, 0x06, 0xC0, 0x6C, 0x06, 0xE0, 0x66, 0x0E, 0x60, 0xC3, 0xFC, 0x1F, 0x00, 0x1C,
    0xC3, 0xF8, 0x23, 0x80, 0x00, 0x1F, 0x03, 0xFC, 0x60, 0xCE, 0x0E, 0xE0, 0x6C, 0x06, 0xC0, 0x6E,
    0x06, 0x60, 0xE6, 0x0C, 0x3F, 0xC1, 0xF0, 0x11, 0x01, 0x98, 0x00, 0x00, 0x00, 0x1F, 0x03, 0xFC,
    0x60, 0xCE, 0x0E, 0xE0, 0x6C, 0x06, 0xC0, 0x6E, 0x06, 0x60, 0xE6, 0x0C, 0x3F, 0xC1, 0xF0, 0x0C,
    0x01, 0xC0, 0x30, 0x00, 0x0F, 0xFF, 0xFF, 0x80, 0x00, 0x60, 0x0E, 0x01, 0x80, 0x00, 0x01, 0xFE,
    0x3F, 0xC6, 0x1C, 0xE3, 0xEE, 0x36, 0xC6, 0x6C, 0xC6, 0xCC, 0x6F, 0x8E, 0x70, 0xC7, 0xFC, 0x7F,
    0x00, 0x00, 0x18, 0x03, 0x80, 0x38, 0x03, 0x00, 0x00, 0xC0, 0xD8, 0x1B, 0x03, 0x60, 0x6C, 0x0D,
    0x81, 0xB0, 0x36, 0x06, 0xC1, 0xD8, 0x3B, 0xFF, 0x3F, 0x60, 0x01, 0x80, 0x70, 0x1C, 0x03, 0x00,
    0x00, 0xC0, 0xD8, 0x1B, 0x03, 0x60, 0x6C, 0x0D, 0x81, 0xB0, 0x36, 0x06, 0xC1, 0xD8, 0x3B, 0xFF,
    0x3F, 0x60, 0x06, 0x01, 0xE0, 0x6C, 0x18, 0xC0, 0x00, 0xC0, 0xD8, 0x1B, 0x03, 0x60, 0x6C, 0x0D,
    0x81, 0xB0, 0x36, 0x06, 0xC1, 0xD8, 0x3B, 0xFF, 0x3F, 0x60, 0x11, 0x03, 0x30, 0x00, 0x00, 0x06,
    0x06, 0xC0, 0xD8, 0x1B, 0x03, 0x60, 0x6C, 0x0D, 0x81, 0xB0, 0x36, 0x0E, 0xC1, 0xDF, 0xF9, 0xFB,
    0x01, 0x80, 0x30, 0x06, 0x00, 0x40, 0x00, 0x0C, 0x06, 0xE0, 0xE6, 0x0C, 0x70, 0xC3, 0x1C, 0x31,
    0x81, 0x98, 0x1B, 0x01, 0xB0, 0x0F, 0x00, 0xE0, 0x06, 0x00, 0xE0, 0x0C, 0x01, 0xC0, 0xF8, 0x0F,
    0x00, 0x60, 0x06, 0x00, 0x60, 0x06, 0x00, 0x6F, 0x87, 0xFC, 0x70, 0xE6, 0x06, 0x60, 0x66, 0x06,
    0x60, 0x66, 0x06, 0x60, 0x67, 0x0E, 0x7F, 0xC6, 0xF8, 0x60, 0x06, 0x00, 0x60, 0x06, 0x00, 0x60,
    0x00, 0x11, 0x01, 0x98, 0x00, 0x00, 0x00, 0xC0, 0x6E, 0x0E, 0x60, 0xC7, 0x0C, 0x31, 0xC3, 0x18,
    0x19, 0x81, 0xB0, 0x1B, 0x00, 0xF0, 0x0E, 0x00, 0x60, 0x0E, 0x00, 0xC0, 0x1C, 0x0F, 0x80, 0xF0,
    0x00, 0x0F, 0xC0, 0x1F, 0x80, 0x00, 0x00, 0x18, 0x00, 0x78, 0x00, 0xF0, 0x01, 0xE0, 0x06, 0x60,
    0x0C, 0xC0, 0x19, 0xC0, 0x61, 0x80, 0xC3, 0x03, 0xFF, 0x07, 0xFE, 0x0C, 0x0C, 0x30, 0x0C, 0x60,
    0x19, 0xC0, 0x3B, 0x00, 0x30, 0x3F, 0x0F, 0xE0, 0x00, 0xFC, 0x7F, 0x80, 0x60, 0x1C, 0x03, 0x3F,
    0xDF, 0xFE, 0x1F, 0x07, 0xC1, 0xFF, 0xF7, 0xCC, 0x08, 0x40, 0x1F, 0x80, 0x1E, 0x00, 0x00, 0x00,
    0x30, 0x00, 0xF0, 0x01, 0xE0, 0x03, 0xC0, 0x0C, 0xC0, 0x19, 0x80, 0x33, 0x80, 0xC3, 0x01, 0x86,
    0x07, 0xFE, 0x0F, 0xFC, 0x18, 0x18, 0x60, 0x18, 0xC0, 0x33, 0x80, 0x76, 0x00, 0x60, 0x21, 0x8F,
    0xC1, 0xE0, 0x00, 0x3F, 0x1F, 0xE0, 0x18, 0x07, 0x00, 0xCF, 0xF7, 0xFF, 0x87, 0xC1, 0xF0, 0x7F,
    0xFD, 0xF3, 0x03, 0x00, 0x0F, 0x00, 0x1E, 0x00, 0x3C, 0x00, 0xCC, 0x01, 0x98, 0x03, 0x38, 0x0C,
    0x30, 0x18, 0x60, 0x7F, 0xE0, 0xFF, 0xC1, 0x81, 0x86, 0x01, 0x8C, 0x03, 0x38, 0x07, 0x60, 0x06,
    0x00, 0x18, 0x00, 0x20, 0x00, 0xC0, 0x01, 0xE0, 0x01, 0xC0, 0x3F, 0x0F, 0xF0, 0x06, 0x00, 0xE0,
    0x0C, 0x7F, 0x9F, 0xF7, 0x0E, 0xC1, 0xD8, 0x3B, 0xFF, 0x3E, 0x60, 0x18, 0x02, 0x00, 0xC0, 0x1E,
    0x01, 0xC0, 0x00, 0xC0, 0x06, 0x00, 0x60, 0x06, 0x00, 0x00, 0x03, 0xF0, 0x7F, 0xC7, 0x00, 0x70,
    0x03, 0x00, 0x18, 0x01, 0xC0, 0x0E, 0x00, 0x70, 0x03, 0x80, 0x1C, 0x00, 0x60, 0x03, 0x80, 0x0E,
    0x00, 0x3F, 0xE0, 0xFE, 0x00, 0x03, 0x03, 0x81, 0x81, 0x80, 0x00, 0xFC, 0xFE, 0xC0, 0xE0, 0x60,
    0x30, 0x18, 0x0E, 0x07, 0x01, 0x80, 0x7F, 0x1F, 0x00, 0x03, 0x00, 0x3C, 0x01, 0xB0, 0x18, 0xC0,
    0x00, 0x03, 0xF0, 0x7F, 0xC7, 0x00, 0x70, 0x03, 0x00, 0x18, 0x01, 0xC0, 0x0E, 0x00, 0x70, 0x03,
    0x80, 0x1C, 0x00, 0x60, 0x03, 0x80, 0x0E, 0x00, 0x3F, 0xE0, 0xFE, 0x00, 0x0C, 0x0F, 0x06, 0xC6,
    0x30, 0x00, 0xFC, 0xFE, 0xC0, 0xE0, 0x60, 0x30, 0x18, 0x0E, 0x07, 0x01, 0x80, 0x7F, 0x1F, 0x00,
    0x00, 0x00, 0x18, 0x00, 0xC0, 0x00, 0x00, 0x00, 0x03, 0xF0, 0x7F, 0xC7, 0x00, 0x70, 0x03, 0x00,
    0x18, 0x01, 0xC0, 0x0E, 0x00, 0x70, 0x03, 0x80, 0x1C, 0x00, 0x60, 0x03, 0x80, 0x0E, 0x00, 0x3F,
    0xE0, 0xFE, 0x00, 0x00, 0x06, 0x03, 0x00, 0x00, 0x00, 0xFC, 0xFE, 0xC0, 0xE0, 0x60, 0x30, 0x18,
    0x0E, 0x07, 0x01, 0x80, 0x7F, 0x1F, 0x00, 0x08, 0x20, 0x67, 0x01, 0xF0, 0x07, 0x00, 0x00, 0x03,
    0xF0, 0x7F, 0xC7, 0x00, 0x70, 0x03, 0x00, 0x18, 0x01, 0xC0, 0x0E, 0x00, 0x70, 0x03, 0x80, 0x1C,
    0x00, 0x60, 0x03, 0x80, 0x0E, 0x00, 0x3F, 0xE0, 0xFE, 0x00, 0x20, 0x99, 0x87, 0x81, 0xC0, 0x00,
    0xFC, 0xFE, 0xC0, 0xE0, 0x60, 0x30, 0x18, 0x0E, 0x07, 0x01, 0x80, 0x7F, 0x1F, 0x00, 0x10, 0x80,
    0xCC, 0x03, 0xC0, 0x1C, 0x00, 0x00, 0x7F, 0x83, 0xFF, 0x18, 0x1C, 0xC0, 0x76, 0x01, 0xB0, 0x0F,
    0x80, 0x7C, 0x03, 0xE0, 0x1F, 0x00, 0xF8, 0x07, 0xC0, 0x36, 0x03, 0xB0, 0x39, 0xFF, 0x8F, 0xF0,
    0x00, 0x00, 0x6C, 0x00, 0xD8, 0x01, 0xE0, 0x03, 0x01, 0xE6, 0x0F, 0xFC, 0x18, 0x38, 0x70, 0x70,
    0xE0, 0xE1, 0x80, 0xC3, 0x01, 0x86, 0x03, 0x0E, 0x0E, 0x0C, 0x1C, 0x1F, 0xF8, 0x0F, 0x30, 0x3F,
    0xC0, 0x7F, 0xE0, 0xC0, 0xE1, 0x80, 0xE3, 0x00, 0xC6, 0x01, 0xCC, 0x03, 0xBF, 0x87, 0x7F, 0x0E,
    0x60, 0x1C, 0xC0, 0x39, 0x80, 0x63, 0x01, 0xC6, 0x07, 0x0F, 0xFC, 0x1F, 0xE0, 0x00, 0x60, 0x7F,
    0x83, 0xFC, 0x00, 0xC1, 0xE6, 0x3F, 0xF1, 0x83, 0x9C, 0x1C, 0xE0, 0xE6, 0x03, 0x30, 0x19, 0xC0,
    0xCE, 0x0E, 0x30, 0x71, 0xFF, 0x83, 0xCC, 0x3F, 0x3F, 0x80, 0x1F, 0xFF, 0xFE, 0x03, 0x01, 0x80,
    0xC0, 0x60, 0x3F, 0xFF, 0xEC, 0x06, 0x03, 0x01, 0x80, 0xC0, 0x7F, 0xFF, 0xE0, 0x3F, 0x07, 0xF0,
    0x00, 0x0F, 0x83, 0xF8, 0xC3, 0x98, 0x36, 0x06, 0xFF, 0xDF, 0xFB, 0x00, 0x70, 0x07, 0x00, 0x7F,
    0x87, 0xE0, 0x61, 0x1F, 0x87, 0x80, 0x0F, 0xFF, 0xFF, 0x01, 0x80, 0xC0, 0x60, 0x30, 0x1F, 0xFF,
    0xF6, 0x03, 0x01, 0x80, 0xC0, 0x60, 0x3F, 0xFF, 0xF0, 0x21, 0x87, 0xE0, 0x78, 0x00, 0x01, 0xF0,
    0x7F, 0x18, 0x73, 0x06, 0xC0, 0xDF, 0xFB, 0xFF, 0x60, 0x0E, 0x00, 0xE0, 0x0F, 0xF0, 0xFC, 0x00,
    0x06, 0x03, 0x00, 0x00, 0x07, 0xFF, 0xFF, 0x80, 0xC0, 0x60, 0x30, 0x18, 0x0F, 0xFF, 0xFB, 0x01,
    0x80, 0xC0, 0x60, 0x30, 0x1F, 0xFF, 0xF8, 0x00, 0x01, 0x80, 0x30, 0x00, 0x00, 0x00, 0x3E, 0x0F,
    0xE3, 0x0E, 0x60, 0xD8, 0x1B, 0xFF, 0x7F, 0xEC, 0x01, 0xC0, 0x1C, 0x01, 0xFE, 0x1F, 0x80, 0xFF,
    0xFF, 0xF0, 0x18, 0x0C, 0x06, 0x03, 0x01, 0xFF, 0xFF, 0x60, 0x30, 0x18, 0x0C, 0x06, 0x03, 0xFF,
    0xFF, 0x03, 0x03, 0x01, 0x80, 0xF0, 0x38, 0x1F, 0x07, 0xF1, 0x87, 0x30, 0x6C, 0x0D, 0xFF, 0xBF,
    0xF6, 0x00, 0xE0, 0x0E, 0x00, 0xFF, 0x0F, 0xE0, 0x18, 0x06, 0x00, 0xC0, 0x1E, 0x01, 0xC0, 0x41,
    0x39, 0x8F, 0x83, 0x80, 0x07, 0xFF, 0xFF, 0x80, 0xC0, 0x60, 0x30, 0x18, 0x0F, 0xFF, 0xFB, 0x01,
    0x80, 0xC0, 0x60, 0x30, 0x1F, 0xFF, 0xF8, 0x20, 0x86, 0x60, 0x7C, 0x07, 0x00, 0x00, 0x3E, 0x0F,
    0xE3, 0x0E, 0x60, 0xD8, 0x1B, 0xFF, 0x7F, 0xEC, 0x01, 0xC0, 0x1C, 0x01, 0xFE, 0x1F, 0x80, 0x01,
    0x80, 0x0F, 0x00, 0x7E, 0x03, 0x18, 0x00, 0x00, 0x1F, 0xC1, 0xFF, 0x8E, 0x00, 0x70, 0x01, 0x80,
    0x06, 0x00, 0x38, 0x00, 0xE0, 0xFB, 0x83, 0xFE, 0x01, 0xD8, 0x07, 0x60, 0x1D, 0xC0, 0x73, 0x81,
    0xC7, 0xFF, 0x07, 0xF8, 0x04, 0x01, 0xC0, 0x6C, 0x18, 0xC0, 0x00, 0x3C, 0xCF, 0xFB, 0x07, 0xE0,
    0xFC, 0x0F, 0x01, 0xE0, 0x3E, 0x07, 0xC1, 0xD8, 0x3B, 0xFF, 0x1E, 0x60, 0x0C, 0x03, 0x80, 0x67,
    0xFC, 0x7E, 0x00, 0x0C, 0x20, 0x1F, 0x80, 0x3C, 0x00, 0x00, 0x07, 0xF0, 0x7F, 0xE3, 0x80, 0x1C,
    0x00, 0x60, 0x01, 0x80, 0x0E, 0x00, 0x38, 0x3E, 0xE0, 0xFF, 0x80, 0x76, 0x01, 0xD8, 0x07, 0x70,
    0x1C, 0xE0, 0x71, 0xFF, 0xC1, 0xFE, 0x31, 0x87, 0xF0, 0x7C, 0x00, 0x01, 0xE6, 0x7F, 0xD8, 0x3F,
    0x07, 0xE0, 0x78, 0x0F, 0x01, 0xF0, 0x3E, 0x0E, 0xC1, 0xDF, 0xF8, 0xF3, 0x00, 0x60, 0x1C, 0x03,
    0x3F, 0xE3, 0xF0, 0x00, 0x00, 0x06, 0x00, 0x18, 0x00, 0x00, 0x00, 0x00, 0x1F, 0xC1, 0xFF, 0x8E,
    0x00, 0x70, 0x01, 0x80, 0x06, 0x00, 0x38, 0x00, 0xE0, 0xFB, 0x83, 0xFE, 0x01, 0xD8, 0x07, 0x60,
    0x1D, 0xC0, 0x73, 0x81, 0xC7, 0xFF, 0x07, 0xF8, 0x00, 0x01, 0xC0, 0x18, 0x00, 0x00, 0x00, 0x3C,
    0xCF, 0xFB, 0x07, 0xE0, 0xFC, 0x0F, 0x01, 0xE0, 0x3E, 0x07, 0xC1, 0xD8, 0x3B, 0xFF, 0x1E, 0x60,
    0x0C, 0x03, 0x80, 0x67, 0xFC, 0x7E, 0x00, 0x07, 0xF0, 0x7F, 0xE3, 0x80, 0x1C, 0x00, 0x60, 0x01,
    0x80, 0x0E, 0x00, 0x38, 0x3E, 0xE0, 0xFF, 0x80, 0x76, 0x01, 0xD8, 0x07, 0x70, 0x1C, 0xE0, 0x71,
    0xFF, 0xC1, 0xFE, 0x00, 0x00, 0x06, 0x00, 0x18, 0x00, 0x40, 0x03, 0x00, 0x06, 0x00, 0xC0, 0x30,
    0x00, 0x01, 0xE6, 0x7F, 0xD8, 0x3F, 0x07, 0xE0, 0x78, 0x0F, 0x01, 0xF0, 0x3E, 0x0E, 0xC1, 0xDF,
    0xF8, 0xF3, 0x00, 0x60, 0x1C, 0x03, 0x3F, 0xE3, 0xF0, 0x06, 0x00, 0x78, 0x07, 0xE0, 0x31, 0x80,
    0x00, 0x60, 0x1B, 0x00, 0xD8, 0x06, 0xC0, 0x36, 0x01, 0xB0, 0x0D, 0x80, 0x6F, 0xFF, 0x7F, 0xFB,
    0x00, 0xD8, 0x06, 0xC0, 0x36, 0x01, 0xB0, 0x0D, 0x80, 0x6C, 0x03, 0x00, 0x18, 0x01, 0xE0, 0x1B,
    0x81, 0x8C, 0x00, 0x00, 0x00, 0x00, 0x60, 0x03, 0x00, 0x18, 0x00, 0xC0, 0x06, 0xF8, 0x3F, 0xE1,
    0xC3, 0x8C, 0x0C, 0x60, 0x63, 0x03, 0x18, 0x18, 0xC0, 0xC6, 0x06, 0x30, 0x31, 0x81, 0x8C, 0x0C,
    0x30, 0x0C, 0x18, 0x06, 0x0C, 0x03, 0x1F, 0xFF, 0xEF, 0xFF, 0xF1, 0x80, 0x60, 0xC0, 0x30, 0x7F,
    0xF8, 0x3F, 0xFC, 0x18, 0x06, 0x0C, 0x03, 0x06, 0x01, 0x83, 0x00, 0xC1, 0x80, 0x60, 0xC0, 0x30,
    0x60, 0x18, 0x30, 0x0F, 0xF8, 0xFF, 0x03, 0x00, 0x37, 0xC3, 0xFE, 0x38, 0x73, 0x03, 0x30, 0x33,
    0x03, 0x30, 0x33, 0x03, 0x30, 0x33, 0x03, 0x30, 0x33, 0x03, 0x39, 0xBF, 0xD1, 0xC0, 0x03, 0xF0,
    0xF0, 0x30, 0x18, 0x0C, 0x06, 0x03, 0x01, 0x80, 0xC0, 0x60, 0x30, 0x18, 0x0C, 0x06, 0x07, 0x87,
    0xE0, 0x39, 0xBF, 0xD1, 0xC0, 0x00, 0xC0, 0x60, 0x30, 0x18, 0x0C, 0x06, 0x03, 0x01, 0x80, 0xC0,
    0x60, 0x30, 0x18, 0x7F, 0xFC, 0x03, 0xF3, 0xC3, 0x06, 0x0C, 0x18, 0x30, 0x60, 0xC1, 0x83, 0x06,
    0x0C, 0x18, 0x79, 0xF8, 0x7E, 0xFE, 0x00, 0x18, 0x18, 0x18, 0x18, 0x18, 0x18, 0x18, 0x18, 0x18,
    0x18, 0x18, 0x18, 0xC2, 0x7E, 0x3C, 0x00, 0x7E, 0x3C, 0x18, 0x18, 0x18, 0x18, 0x18, 0x18, 0x18,
    0x18, 0x18, 0x18, 0x18, 0x18, 0x3C, 0x7E, 0xC2, 0x7E, 0x3C, 0x00, 0x18, 0x18, 0x18, 0x18, 0x18,
    0x18, 0x18, 0x18, 0x18, 0x18, 0x18, 0x18, 0x7E, 0x78, 0x60, 0xC1, 0x83, 0x06, 0x0C, 0x18, 0x30,
    0x60, 0xC1, 0x83, 0x0F, 0x3F, 0x0C, 0x30, 0x60, 0xF1, 0xE0, 0x31, 0x80, 0x03, 0x18, 0xC6, 0x31,
    0x8C, 0x63, 0x18, 0xC6, 0x23, 0x10, 0xE7, 0x00, 0x00, 0x30, 0x60, 0x00, 0x0F, 0xCF, 0x0C, 0x18,
    0x30, 0x60, 0xC1, 0x83, 0x06, 0x0C, 0x18, 0x30, 0x61, 0xE7, 0xE0, 0x6D, 0xB6, 0xDB, 0x6D, 0xB0,
    0x7E, 0x73, 0xC7, 0x18, 0x71, 0x87, 0x18, 0x71, 0x87, 0x18, 0x71, 0x87, 0x18, 0x71, 0x87, 0x18,
    0x71, 0x87, 0x18, 0x71, 0x87, 0x3C, 0x77, 0xE7, 0x00, 0x60, 0x06, 0x03, 0xC0, 0x38, 0x63, 0xB1,
    0xC0, 0x00, 0x06, 0x3B, 0x1D, 0x8E, 0xC7, 0x63, 0xB1, 0xD8, 0xEC, 0x76, 0x3B, 0x1D, 0x8E, 0xC7,
    0x03, 0x81, 0xC0, 0xC3, 0xE1, 0xE0, 0x0C, 0x0F, 0x0F, 0xCC, 0x70, 0x00, 0x60, 0x30, 0x18, 0x0C,
    0x06, 0x03, 0x01, 0x80, 0xC0, 0x60, 0x30, 0x18, 0x0C, 0x06, 0x03, 0x01, 0x80, 0xC0, 0x60, 0x71,
    0xF0, 0x60, 0x00, 0x0C, 0x0F, 0x0D, 0xCC, 0x60, 0x00, 0x60, 0x30, 0x18, 0x0C, 0x06, 0x03, 0x01,
    0x80, 0xC0, 0x60, 0x30, 0x18, 0x0C, 0x06, 0x03, 0x01, 0x87, 0x83, 0xC0, 0xC0, 0xEC, 0x0C, 0xC1,
    0x8C, 0x30, 0xC7, 0x0C, 0xE0, 0xDC, 0x0F, 0xC0, 0xFC, 0x0E, 0xE0, 0xC7, 0x0C, 0x38, 0xC1, 0x8C,
    0x1C, 0xC0, 0xEC, 0x06, 0x00, 0x00, 0x60, 0x0C, 0x00, 0xC0, 0x08, 0x00, 0x60, 0x0C, 0x01, 0x80,
    0x30, 0x06, 0x1C, 0xC7, 0x18, 0xC3, 0x30, 0x6C, 0x0F, 0x81, 0xF8, 0x33, 0x06, 0x30, 0xC7, 0x18,
    0x73, 0x06, 0x00, 0x01, 0x80, 0x30, 0x06, 0x01, 0x80, 0x61, 0xCC, 0x71, 0x8C, 0x33, 0x06, 0xE0,
    0xF8, 0x1F, 0x83, 0x30, 0x63, 0x0C, 0x71, 0x87, 0x30, 0x60, 0x18, 0x0E, 0x03, 0x01, 0x80, 0x00,
    0x18, 0x06, 0x01, 0x80, 0x60, 0x18, 0x06, 0x01, 0x80, 0x60, 0x18, 0x06, 0x01, 0x80, 0x60, 0x18,
    0x06, 0x01, 0xFF, 0x7F, 0xC0, 0x18, 0xE7, 0x18, 0x00, 0x06, 0x18, 0x61, 0x86, 0x18, 0x61, 0x86,
    0x18, 0x61, 0x86, 0x18, 0x61, 0x80, 0xC0, 0x60, 0x30, 0x18, 0x0C, 0x06, 0x03, 0x01, 0x80, 0xC0,
    0x60, 0x30, 0x18, 0x0C, 0x06, 0x03, 0xFF, 0xFF, 0x00, 0x06, 0x03, 0x03, 0x01, 0x80, 0x66, 0x66,
    0x66, 0x66, 0x66, 0x66, 0x66, 0x66, 0x06, 0x64, 0xC0, 0xC1, 0xE0, 0xF0, 0x58, 0x6C, 0x06, 0x03,
    0x01, 0x80, 0xC0, 0x60, 0x30, 0x18, 0x0C, 0x06, 0x03, 0xFF, 0xFF, 0x6C, 0xD9, 0xA3, 0x06, 0x0C,
    0x18, 0x30, 0x60, 0xC1, 0x83, 0x06, 0x0C, 0x18, 0x30, 0xC0, 0x60, 0x30, 0x18, 0x0C, 0x06, 0x03,
    0x01, 0x8E, 0xC6, 0x60, 0x30, 0x18, 0x0C, 0x06, 0x03, 0xFF, 0xFF, 0x61, 0x86, 0x18, 0x61, 0x86,
    0x1B, 0x6D, 0x86, 0x18, 0x61, 0x86, 0x18, 0x30, 0x06, 0x00, 0xC0, 0x18, 0x03, 0x00, 0x60, 0x0C,
    0xC1, 0xF0, 0x3C, 0x0E, 0x01, 0xC0, 0x18, 0x03, 0x00, 0x60, 0x0F, 0xF9, 0xFF, 0x18, 0x30, 0x60,
    0xC1, 0x83, 0x07, 0x0F, 0x38, 0xF1, 0xE0, 0xC1, 0x83, 0x06, 0x0C, 0x01, 0x80, 0x0C, 0x00, 0xC0,
    0x0C, 0x00, 0x00, 0x70, 0x0F, 0xC0, 0x7E, 0x03, 0xF8, 0x1E, 0xC0, 0xF7, 0x07, 0x9C, 0x3C, 0x61,
    0xE3, 0x8F, 0x0E, 0x78, 0x33, 0xC1, 0xDE, 0x07, 0xF0, 0x1F, 0x80, 0xFC, 0x03, 0x80, 0x01, 0x80,
    0x70, 0x1C, 0x03, 0x00, 0x00, 0xDF, 0x1F, 0xF3, 0x87, 0x60, 0x6C, 0x0D, 0x81, 0xB0, 0x36, 0x06,
    0xC0, 0xD8, 0x1B, 0x03, 0x60, 0x60, 0xE0, 0x1F, 0x80, 0xFC, 0x07, 0xF0, 0x3D, 0x81, 0xEE, 0x0F,
    0x38, 0x78, 0xC3, 0xC7, 0x1E, 0x1C, 0xF0, 0x67, 0x83, 0xBC, 0x0F, 0xE0, 0x3F, 0x01, 0xF8, 0x07,
    0x00, 0x00, 0x18, 0x01, 0x80, 0x0C, 0x00, 0x40, 0x00, 0x6F, 0x8F, 0xF9, 0xC3, 0xB0, 0x36, 0x06,
    0xC0, 0xD8, 0x1B, 0x03, 0x60, 0x6C, 0x0D, 0x81, 0xB0, 0x30, 0x00, 0x0C, 0x01, 0x80, 0x20, 0x0C,
    0x00, 0x10, 0x40, 0xCE, 0x03, 0xE0, 0x0E, 0x00, 0x00, 0x70, 0x0F, 0xC0, 0x7E, 0x03, 0xF8, 0x1E,
    0xC0, 0xF7, 0x07, 0x9C, 0x3C, 0x61, 0xE3, 0x8F, 0x0E, 0x78, 0x33, 0xC1, 0xDE, 0x07, 0xF0, 0x1F,
    0x80, 0xFC, 0x03, 0x80, 0x20, 0x83, 0x30, 0x7C, 0x07, 0x00, 0x00, 0xDF, 0x1F, 0xF3, 0x87, 0x60,
    0x6C, 0x0D, 0x81, 0xB0, 0x36, 0x06, 0xC0, 0xD8, 0x1B, 0x03, 0x60, 0x60, 0x60, 0x01, 0x80, 0x06,
    0x00, 0x30, 0x00, 0xD9, 0xF0, 0x7F, 0xE1, 0xC1, 0x87, 0x06, 0x1C, 0x18, 0x70, 0x61, 0x81, 0x86,
    0x06, 0x18, 0x18, 0x60, 0x61, 0x81, 0x86, 0x06, 0xE0, 0x1F, 0x80, 0xFC, 0x07, 0xF0, 0x3D, 0x81,
    0xEE, 0x0F, 0x38, 0x78, 0xC3, 0xC3, 0x1E, 0x1C, 0xF0, 0x67, 0x81, 0xBC, 0x0F, 0xE0, 0x3F, 0x00,
    0xF8, 0x07, 0x00, 0x18, 0x01, 0x80, 0x7C, 0x03, 0xC0, 0x6F, 0x8F, 0xF9, 0xC3, 0xB0, 0x36, 0x06,
    0xC0, 0xD8, 0x1B, 0x03, 0x60, 0x6C, 0x0D, 0x81, 0xB0, 0x30, 0x06, 0x00, 0xC0, 0x18, 0x1E, 0x03,
    0xC0, 0x0F, 0xE0, 0x1F, 0xC0, 0x00, 0x00, 0x7F, 0x01, 0xFF, 0x07, 0x07, 0x1C, 0x07, 0x30, 0x06,
    0xE0, 0x0F, 0xC0, 0x0F, 0x80, 0x1F, 0x00, 0x3E, 0x00, 0x7C, 0x01, 0xD8, 0x03, 0x38, 0x0E, 0x38,
    0x38, 0x3F, 0xE0, 0x3F, 0x80, 0x3F, 0x83, 0xF8, 0x00, 0x01, 0xF0, 0x3F, 0xC6, 0x0C, 0xE0, 0xEE,
    0x06, 0xC0, 0x6C, 0x06, 0xE0, 0x66, 0x0E, 0x60, 0xC3, 0xFC, 0x1F, 0x00, 0x0C, 0x60, 0x0F, 0xC0,
    0x1F, 0x00, 0x00, 0x00, 0xFE, 0x03, 0xFE, 0x0E, 0x0E, 0x38, 0x0E, 0x60, 0x0D, 0xC0, 0x1F, 0x80,
    0x1F, 0x00, 0x3E, 0x00, 0x7C, 0x00, 0xF8, 0x03, 0xB0, 0x06, 0x70, 0x1C, 0x70, 0x70, 0x7F, 0xC0,
    0x7F, 0x00, 0x30, 0x81, 0xF8, 0x1F, 0x00, 0x00, 0x1F, 0x03, 0xFC, 0x60, 0xCE, 0x0E, 0xE0, 0x6C,
    0x06, 0xC0, 0x6E, 0x06, 0x60, 0xE6, 0x0C, 0x3F, 0xC1, 0xF0, 0x07, 0x70, 0x0C, 0xC0, 0x33, 0x00,
    0x44, 0x00, 0x00, 0x01, 0xFC, 0x07, 0xFC, 0x1C, 0x1C, 0x70, 0x1C, 0xC0, 0x1B, 0x80, 0x3F, 0x00,
    0x3E, 0x00, 0x7C, 0x00, 0xF8, 0x01, 0xF0, 0x07, 0x60, 0x0C, 0xE0, 0x38, 0xE0, 0xE0, 0xFF, 0x80,
    0xFE, 0x00, 0x1D, 0xC1, 0x98, 0x33, 0x02, 0x20, 0x00, 0x01, 0xF0, 0x3F, 0xC6, 0x0C, 0xE0, 0xEE,
    0x06, 0xC0, 0x6C, 0x06, 0xE0, 0x66, 0x0E, 0x60, 0xC3, 0xFC, 0x1F, 0x00, 0x0F, 0xFF, 0xC3, 0xFF,
    0xF8, 0xE0, 0xC0, 0x38, 0x18, 0x06, 0x03, 0x01, 0xC0, 0x60, 0x38, 0x0C, 0x07, 0x01, 0xFE, 0xE0,
    0x3F, 0xDC, 0x06, 0x03, 0x80, 0xC0, 0x30, 0x18, 0x07, 0x03, 0x00, 0x70, 0x60, 0x07, 0xFF, 0xF0,
    0x7F, 0xFE, 0x1F, 0x0F, 0x07, 0xF7, 0xF1, 0x83, 0xC3, 0x70, 0x70, 0x7C, 0x06, 0x0F, 0x80, 0xFF,
    0xF0, 0x1F, 0xFE, 0x03, 0x00, 0xE0, 0xE0, 0x0C, 0x1E, 0x00, 0xFE, 0xFF, 0x0F, 0x87, 0xE0, 0x03,
    0x00, 0x70, 0x0E, 0x00, 0xC0, 0x00, 0x0F, 0xF0, 0xFF, 0x8C, 0x1C, 0xC0, 0xCC, 0x0C, 0xC0, 0xCC,
    0x0C, 0xC1, 0x8F, 0xF0, 0xFE, 0x0C, 0x30, 0xC3, 0x8C, 0x18, 0xC1, 0xCC, 0x0E, 0xC0, 0x60, 0x06,
    0x06, 0x0C, 0x18, 0x00, 0x6F, 0x7F, 0x70, 0x60, 0x60, 0x60, 0x60, 0x60, 0x60, 0x60, 0x60, 0x60,
    0xFF, 0x0F, 0xF8, 0xC1, 0xCC, 0x0C, 0xC0, 0xCC, 0x0C, 0xC0, 0xCC, 0x18, 0xFF, 0x0F, 0xE0, 0xC3,
    0x0C, 0x38, 0xC1, 0x8C, 0x1C, 0xC0, 0xEC, 0x06, 0x00, 0x00, 0x60, 0x0C, 0x00, 0xC0, 0x08, 0x00,
    0x6F, 0x7F, 0x70, 0x60, 0x60, 0x60, 0x60, 0x60, 0x60, 0x60, 0x60, 0x60, 0x00, 0x60, 0x60, 0x40,
    0xC0, 0x61, 0x03, 0x30, 0x1E, 0x01, 0xC0, 0x00, 0x0F, 0xF0, 0xFF, 0x8C, 0x1C, 0xC0, 0xCC, 0x0C,
    0xC0, 0xCC, 0x0C, 0xC1, 0x8F, 0xF0, 0xFE, 0x0C, 0x30, 0xC3, 0x8C, 0x18, 0xC1, 0xCC, 0x0E, 0xC0,
    0x60, 0x41, 0x66, 0x3E, 0x1C, 0x00, 0x6F, 0x7F, 0x70, 0x60, 0x60, 0x60, 0x60, 0x60, 0x60, 0x60,
    0x60, 0x60, 0x03, 0x00, 0xE0, 0x18, 0x06, 0x00, 0x00, 0x7F, 0x1F, 0xF3, 0x00, 0xE0, 0x1C, 0x03,
    0x80, 0x3C, 0x03, 0xE0, 0x1F, 0x00, 0xF0, 0x0E, 0x00, 0xC0, 0x18, 0x07, 0x7F, 0xCF, 0xF0, 0x06,
    0x03, 0x03, 0x03, 0x00, 0x01, 0xF9, 0xFD, 0x80, 0xC0, 0x78, 0x1F, 0x01, 0xE0, 0x30, 0x1C, 0x0F,
    0xFE, 0x7E, 0x00, 0x0C, 0x03, 0xC0, 0x6C, 0x18, 0xC0, 0x00, 0x7F, 0x1F, 0xF3, 0x00, 0xE0, 0x1C,
    0x03, 0x80, 0x3C, 0x03, 0xE0, 0x1F, 0x00, 0xF0, 0x0E, 0x00, 0xC0, 0x18, 0x07, 0x7F, 0xCF, 0xF0,
    0x18, 0x1E, 0x0D, 0x8C, 0x60, 0x01, 0xF9, 0xFD, 0x80, 0xC0, 0x78, 0x1F, 0x01, 0xE0, 0x30, 0x1C,
    0x0F, 0xFE, 0x7E, 0x00, 0x3F, 0x8F, 0xF9, 0x80, 0x70, 0x0E, 0x01, 0xC0, 0x1E, 0x01, 0xF0, 0x0F,
    0x80, 0x78, 0x07, 0x00, 0x60, 0x0C, 0x03, 0xBF, 0xE7, 0xF8, 0x08, 0x03, 0x80, 0x18, 0x03, 0x03,
    0xC0, 0x00, 0x00, 0x3F, 0x3F, 0xB0, 0x18, 0x0F, 0x03, 0xE0, 0x3C, 0x06, 0x03, 0x81, 0xFF, 0xCF,
    0xC1, 0x80, 0xE0, 0x10, 0x08, 0x3C, 0x00, 0x00, 0x20, 0x86, 0x60, 0x7C, 0x07, 0x00, 0x00, 0x7F,
    0x1F, 0xF3, 0x00, 0xE0, 0x1C, 0x03, 0x80, 0x3C, 0x03, 0xE0, 0x1F, 0x00, 0xF0, 0x0E, 0x00, 0xC0,
    0x18, 0x07, 0x7F, 0xCF, 0xF0, 0x41, 0x33, 0x0F, 0x83, 0x80, 0x01, 0xF9, 0xFD, 0x80, 0xC0, 0x78,
    0x1F, 0x01, 0xE0, 0x30, 0x1C, 0x0F, 0xFE, 0x7E, 0x00, 0xFF, 0xFF, 0xFF, 0x06, 0x00, 0x60, 0x06,
    0x00, 0x60, 0x06, 0x00, 0x60, 0x06, 0x00, 0x60, 0x06, 0x00, 0x60, 0x06, 0x00, 0x60, 0x06, 0x00,
    0x60, 0x06, 0x00, 0x70, 0x03, 0x00, 0x30, 0x0F, 0x00, 0x00, 0x10, 0x30, 0x30, 0x7F, 0xFE, 0x30,
    0x30, 0x30, 0x30, 0x30, 0x30, 0x30, 0x30, 0x3E, 0x1E, 0x08, 0x1C, 0x06, 0x06, 0x3C, 0x00, 0x10,
    0xC1, 0x98, 0x0F, 0x00, 0x70, 0x00, 0x0F, 0xFF, 0xFF, 0xF0, 0x60, 0x06, 0x00, 0x60, 0x06, 0x00,
    0x60, 0x06, 0x00, 0x60, 0x06, 0x00, 0x60, 0x06, 0x00, 0x60, 0x06, 0x00, 0x60, 0x06, 0x00, 0x00,
    0xC0, 0x18, 0xC2, 0x18, 0x07, 0xF1, 0xFC, 0x0C, 0x01, 0x80, 0x30, 0x06, 0x00, 0xC0, 0x18, 0x03,
    0x00, 0x60, 0x0F, 0x80, 0xF0, 0xFF, 0xFF, 0xFF, 0x06, 0x00, 0x60, 0x06, 0x00, 0x60, 0x06, 0x03,
    0xFC, 0x3F, 0xC0, 0x60, 0x06, 0x00, 0x60, 0x06, 0x00, 0x60, 0x06, 0x00, 0x60, 0x10, 0x30, 0x30,
    0x7F, 0xFE, 0x30, 0x30, 0xFE, 0x7E, 0x30, 0x30, 0x30, 0x30, 0x3E, 0x1E, 0x0E, 0x20, 0x7F, 0x81,
    0x1C, 0x00, 0x00, 0x60, 0x19, 0x80, 0x66, 0x01, 0x98, 0x06, 0x60, 0x19, 0x80, 0x66, 0x01, 0x98,
    0x06, 0x60, 0x19, 0x80, 0x66, 0x01, 0x98, 0x06, 0x70, 0x38, 0xC0, 0xC1, 0xFE, 0x03, 0xF0, 0x1C,
    0xC7, 0xF8, 0x8E, 0x00, 0x06, 0x06, 0xC0, 0xD8, 0x1B, 0x03, 0x60, 0x6C, 0x0D, 0x81, 0xB0, 0x36,
    0x0E, 0xC1, 0xDF, 0xF9, 0xFB, 0x0F, 0xC0, 0x3F, 0x00, 0x00, 0x18, 0x06, 0x60, 0x19, 0x80, 0x66,
    0x01, 0x98, 0x06, 0x60, 0x19, 0x80, 0x66, 0x01, 0x98, 0x06, 0x60, 0x19, 0x80, 0x66, 0x01, 0x9C,
    0x0E, 0x30, 0x30, 0x7F, 0x80, 0xFC, 0x00, 0x1F, 0x87, 0xF0, 0x00, 0x30, 0x36, 0x06, 0xC0, 0xD8,
    0x1B, 0x03, 0x60, 0x6C, 0x0D, 0x81, 0xB0, 0x76, 0x0E, 0xFF, 0xCF, 0xD8, 0x08, 0x40, 0x3F, 0x00,
    0x78, 0x00, 0x00, 0x60, 0x19, 0x80, 0x66, 0x01, 0x98, 0x06, 0x60, 0x19, 0x80, 0x66, 0x01, 0x98,
    0x06, 0x60, 0x19, 0x80, 0x66, 0x01, 0x98, 0x06, 0x70, 0x38, 0xC0, 0xC1, 0xFE, 0x03, 0xF0, 0x30,
    0x83, 0xF0, 0x3C, 0x00, 0x06, 0x06, 0xC0, 0xD8, 0x1B, 0x03, 0x60, 0x6C, 0x0D, 0x81, 0xB0, 0x36,
    0x0E, 0xC1, 0xDF, 0xF9, 0xFB, 0x07, 0x80, 0x1E, 0x00, 0x4C, 0x01, 0xE0, 0x07, 0x80, 0x00, 0x06,
    0x01, 0x98, 0x06, 0x60, 0x19, 0x80, 0x66, 0x01, 0x98, 0x06, 0x60, 0x19, 0x80, 0x66, 0x01, 0x98,
    0x06, 0x60, 0x19, 0x80, 0x67, 0x03, 0x8C, 0x0C, 0x1F, 0xE0, 0x3F, 0x00, 0x0E, 0x03, 0xE0, 0x64,
    0x0F, 0x80, 0xE0, 0x00, 0x18, 0x1B, 0x03, 0x60, 0x6C, 0x0D, 0x81, 0xB0, 0x36, 0x06, 0xC0, 0xD8,
    0x3B, 0x07, 0x7F, 0xE7, 0xEC, 0x06, 0x60, 0x33, 0x00, 0xCC, 0x06, 0x60, 0x00, 0x01, 0x80, 0x66,
    0x01, 0x98, 0x06, 0x60, 0x19, 0x80, 0x66, 0x01, 0x98, 0x06, 0x60, 0x19, 0x80, 0x66, 0x01, 0x98,
    0x06, 0x60, 0x19, 0xC0, 0xE3, 0x03, 0x07, 0xF8, 0x0F, 0xC0, 0x1D, 0xC3, 0x30, 0xCC, 0x19, 0x00,
    0x00, 0xC0, 0xD8, 0x1B, 0x03, 0x60, 0x6C, 0x0D, 0x81, 0xB0, 0x36, 0x06, 0xC1, 0xD8, 0x3B, 0xFF,
    0x3F, 0x60, 0x60, 0x19, 0x80, 0x66, 0x01, 0x98, 0x06, 0x60, 0x19, 0x80, 0x66, 0x01, 0x98, 0x06,
    0x60, 0x19, 0x80, 0x66, 0x01, 0x98, 0x06, 0x70, 0x38, 0xC0, 0xC1, 0xFF, 0x03, 0xF8, 0x00, 0xC0,
    0x03, 0x00, 0x08, 0x00, 0x38, 0x00, 0xE0, 0x60, 0x6C, 0x0D, 0x81, 0xB0, 0x36, 0x06, 0xC0, 0xD8,
    0x1B, 0x03, 0x60, 0xEC, 0x1D, 0xFF, 0x9F, 0xB0, 0x0C, 0x01, 0x00, 0x60, 0x0F, 0x00, 0xE0, 0x00,
    0x60, 0x00, 0x07, 0x80, 0x00, 0x36, 0x00, 0x03, 0x18, 0x00, 0x00, 0x00, 0x70, 0x30, 0x19, 0x81,
    0xC0, 0xCC, 0x1E, 0x0E, 0x60, 0xF0, 0x63, 0x86, 0xC3, 0x0C, 0x76, 0x18, 0x63, 0x31, 0xC3, 0x19,
    0xCC, 0x1C, 0xC6, 0x60, 0x6C, 0x33, 0x03, 0x61, 0xB8, 0x1B, 0x07, 0x80, 0xF8, 0x3C, 0x03, 0x81,
    0xE0, 0x1C, 0x0F, 0x00, 0xE0, 0x30, 0x00, 0x00, 0xC0, 0x00, 0x70, 0x00, 0x36, 0x00, 0x18, 0xC0,
    0x00, 0x00, 0x30, 0x70, 0x66, 0x1C, 0x19, 0x87, 0x8C, 0x63, 0x63, 0x1C, 0xD8, 0xC3, 0x36, 0x30,
    0xDC, 0xD8, 0x36, 0x36, 0x0D, 0x8D, 0x81, 0xE1, 0xE0, 0x70, 0x70, 0x1C, 0x1C, 0x00, 0x06, 0x00,
    0x78, 0x03, 0x60, 0x31, 0x80, 0x00, 0x70, 0x19, 0x81, 0xCE, 0x0C, 0x30, 0xE1, 0xC6, 0x06, 0x70,
    0x3B, 0x00, 0xF8, 0x07, 0x80, 0x1C, 0x00, 0xC0, 0x06, 0x00, 0x30, 0x01, 0x80, 0x0C, 0x00, 0x60,
    0x00, 0x06, 0x00, 0xE0, 0x1B, 0x03, 0x18, 0x00, 0x0C, 0x06, 0xE0, 0xE6, 0x0C, 0x70, 0xC3, 0x1C,
    0x31, 0x81, 0x98, 0x1B, 0x01, 0xB0, 0x0F, 0x00, 0xE0, 0x06, 0x00, 0xE0, 0x0C, 0x01, 0xC0, 0xF8,
    0x0F, 0x00, 0x08, 0x80, 0xCC, 0x00, 0x00, 0x00, 0x0E, 0x03, 0x30, 0x39, 0xC1, 0x86, 0x1C, 0x38,
    0xC0, 0xCE, 0x07, 0x60, 0x1F, 0x00, 0xF0, 0x03, 0x80, 0x18, 0x00, 0xC0, 0x06, 0x00, 0x30, 0x01,
    0x80, 0x0C, 0x00, 0x01, 0x80, 0x18, 0x03, 0x00, 0x60, 0x00, 0x07, 0xFF, 0x7F, 0xF0, 0x0E, 0x00,
    0xC0, 0x1C, 0x01, 0x80, 0x30, 0x07, 0x00, 0x60, 0x0C, 0x01, 0xC0, 0x18, 0x03, 0x80, 0x70, 0x07,
    0xFF, 0x7F, 0xF0, 0x03, 0x01, 0xC0, 0x60, 0x30, 0x00, 0x1F, 0xE7, 0xF8, 0x0E, 0x03, 0x01, 0x80,
    0xE0, 0x30, 0x18, 0x0E, 0x03, 0x01, 0xFE, 0x7F, 0xC0, 0x00, 0x00, 0x70, 0x06, 0x00, 0x00, 0x00,
    0x07, 0xFF, 0x7F, 0xF0, 0x0E, 0x00, 0xC0, 0x1C, 0x01, 0x80, 0x30, 0x07, 0x00, 0x60, 0x0C, 0x01,
    0xC0, 0x18, 0x03, 0x80, 0x70, 0x07, 0xFF, 0x7F, 0xF0, 0x00, 0x03, 0x00, 0xC0, 0x00, 0x00, 0x1F,
    0xE7, 0xF8, 0x0E, 0x03, 0x01, 0x80, 0xE0, 0x30, 0x18, 0x0E, 0x03, 0x01, 0xFE, 0x7F, 0xC0, 0x10,
    0x41, 0x9C, 0x0F, 0x80, 0x70, 0x00, 0x07, 0xFF, 0x7F, 0xF0, 0x0E, 0x00, 0xC0, 0x1C, 0x01, 0x80,
    0x30, 0x07, 0x00, 0x60, 0x0C, 0x01, 0xC0, 0x18, 0x03, 0x80, 0x70, 0x07, 0xFF, 0x7F, 0xF0, 0x21,
    0x8C, 0xC1, 0xE0, 0x38, 0x00, 0x1F, 0xE7, 0xF8, 0x0E, 0x03, 0x01, 0x80, 0xE0, 0x30, 0x18, 0x0E,
    0x03, 0x01, 0xFE, 0x7F, 0xC0, 0x3E, 0xFD, 0x83, 0x06, 0x0C, 0x18, 0x30, 0x60, 0xC1, 0x83, 0x06,
    0x0C, 0x18, 0x30, 0x7C, 0xF8, 0x7C, 0xF8, 0x7F, 0xF7, 0xFF, 0x7F, 0xCF, 0xF8, 0x7F, 0xFF, 0xF9,
    0xFF, 0xFF, 0xE0, 0x7F, 0xFF, 0xF9, 0xFF, 0xFF, 0xE0, 0x62, 0x62, 0x62, 0x62, 0x62, 0x62, 0x62,
    0x62, 0x62, 0x62, 0x62, 0x62, 0x62, 0x62, 0x62, 0x62, 0x62, 0x62, 0x62, 0x62, 0x62, 0x7F, 0xCF,
    0xF8, 0x00, 0x3F, 0xE7, 0xFC, 0x36, 0x66, 0xE0, 0x76, 0x64, 0xC0, 0x33, 0x98, 0xC4, 0x00, 0xE6,
    0x66, 0x30, 0x33, 0x66, 0x66, 0x66, 0xEE, 0x77, 0x66, 0x66, 0x46, 0xCC, 0x33, 0x3B, 0x99, 0x8C,
    0xC4, 0x60, 0xEE, 0x66, 0x66, 0x66, 0x33, 0x1C, 0x0E, 0x02, 0x01, 0x0F, 0xFF, 0xFC, 0x20, 0x10,
    0x08, 0x04, 0x02, 0x01, 0x81, 0xC0, 0xE0, 0x70, 0x38, 0x1C, 0x06, 0x03, 0x01, 0x0F, 0xF8, 0x40,
    0x30, 0x38, 0x0C, 0x06, 0x02, 0x1F, 0xF0, 0x80, 0x40, 0x30, 0x38, 0x79, 0xF7, 0xDF, 0x78, 0x01,
    0x83, 0xC7, 0xEF, 0x9C, 0x30, 0x00, 0xFF, 0x80, 0x61, 0xB8, 0xE6, 0x18, 0x61, 0x8F, 0xC7, 0x1D,
    0x86, 0x38, 0x6E, 0x60, 0xFF, 0x0C, 0x30, 0xC3, 0x0C, 0x30, 0xC3, 0x0C, 0x30, 0xC3, 0x0C, 0x30,
    0x00, 0xFC, 0x30, 0xC3, 0x0C, 0x30, 0xC3, 0x0C, 0x30, 0xC3, 0x0C, 0x30, 0xC3, 0x00, 0xFF, 0xFF,
    0xFF, 0xFC, 0xC3, 0x0C, 0x30, 0xC3, 0x0C, 0x30, 0xC3, 0x0C, 0x30, 0xC0, 0x00, 0xFE, 0x08, 0x20,
    0xFC, 0xC3, 0x0C, 0x30, 0xC3, 0x0C, 0x30, 0xC3, 0x0C, 0x30, 0xC0, 0x00, 0xFC, 0x10, 0x41, 0xFC,
    0xC3, 0x0C, 0x30, 0xC3, 0x0C, 0x30, 0xC3, 0x0C, 0x30, 0xC0, 0x00, 0x78, 0x18, 0x00, 0x7C, 0x18,
    0x00, 0xCC, 0x30, 0x00, 0xC6, 0x30, 0x00, 0xC6, 0x60, 0x00, 0xC6, 0x40, 0x00, 0xC6, 0xCC, 0x1C,
    0xCD, 0xBE, 0x3E, 0x7D, 0xB3, 0x36, 0x3B, 0x33, 0x63, 0x03, 0x23, 0x63, 0x06, 0x23, 0x63, 0x06,
    0x33, 0x63, 0x0C, 0x33, 0x23, 0x0C, 0x3F, 0x3E, 0x18, 0x1E, 0x1C, 0x3C, 0x0C, 0x00, 0x00, 0x1F,
    0x06, 0x00, 0x00, 0x19, 0x86, 0x00, 0x00, 0x0C, 0x63, 0x00, 0x00, 0x06, 0x33, 0x00, 0x00, 0x03,
    0x19, 0x80, 0x00, 0x01, 0x8D, 0x98, 0x18, 0x38, 0xCC, 0x9F, 0x3E, 0x3E, 0x3E, 0xD9, 0x99, 0x9B,
    0x8E, 0x4C, 0x6C, 0xD8, 0xC0, 0x66, 0x34, 0x6C, 0x60, 0x63, 0x1E, 0x36, 0x30, 0x31, 0x8D, 0x9B,
    0x18, 0x30, 0xCC, 0xCD, 0xCC, 0x18, 0x3E, 0x7E, 0x7C, 0x18, 0x1E, 0x1E, 0x1C, 0x18, 0x63, 0x0C,
    0x61, 0x00, 0x19, 0x86, 0x63, 0x30, 0xC8, 0x66, 0x11, 0x00, 0x1D, 0x98, 0x66, 0x63, 0x33, 0x0C,
    0xC8, 0x66, 0x61, 0x91, 0x00, 0x61, 0x83, 0x04, 0x18, 0x20, 0x6C, 0x33, 0x0C, 0x82, 0x61, 0x90,
    0x40, 0x6C, 0xC3, 0x36, 0x0C, 0x98, 0x26, 0x61, 0x93, 0x04, 0x08, 0x08, 0x0E, 0x05, 0x06, 0xC2,
    0x23, 0x19, 0x04, 0x00, 0x31, 0x8C, 0x71, 0x83, 0x06, 0x1C, 0x20, 0x01, 0x83, 0x0E, 0x1C, 0x31,
    0x8C, 0x60, 0x80, 0x1F, 0x03, 0xF0, 0x70, 0x06, 0x00, 0x60, 0x06, 0x3F, 0x63, 0xF6, 0x30, 0x73,
    0x03, 0xFE, 0x1F, 0xF0, 0x30, 0x03, 0x00, 0x30, 0x03, 0xF0, 0x3F, 0x06, 0x40, 0x6C, 0x1F, 0xE3,
    0xFE, 0x7C, 0xC6, 0xC8, 0xED, 0x8C, 0xD8, 0xC9, 0x8C, 0x90, 0xD9, 0x0F, 0xB0, 0x7B, 0x07, 0xB0,
    0x3F, 0xE3, 0xFC, 0x36, 0x03, 0x60, 0x0F, 0xC7, 0xFC, 0xC0, 0x30, 0x06, 0x01, 0xC0, 0x31, 0xFE,
    0x3E, 0xC7, 0x18, 0xC3, 0x98, 0x33, 0x06, 0x60, 0xEC, 0x0F, 0xF0, 0x7E, 0x1F, 0xF1, 0xFE, 0x18,
    0x01, 0x80, 0x18, 0x01, 0x80, 0x18, 0x01, 0xFE, 0x1F, 0xE1, 0x80, 0x18, 0x07, 0xF0, 0x7F, 0x01,
    0x80, 0x18, 0x01, 0x80, 0x07, 0xE0, 0xFE, 0x1C, 0x01, 0x80, 0x18, 0x01, 0x80, 0x7F, 0x87, 0xF8,
    0x18, 0x07, 0xF8, 0x7F, 0x81, 0x80, 0x18, 0x03, 0x00, 0x7F, 0xF7, 0xFF, 0x00, 0x08, 0x00, 0x06,
    0x00, 0x01, 0x01, 0xBE, 0xFC, 0x7F, 0xFF, 0x9C, 0x38, 0x76, 0x0E, 0x0D, 0x83, 0x83, 0x60, 0xC0,
    0xD8, 0x70, 0x36, 0x1C, 0x0D, 0x8F, 0x03, 0x63, 0xC0, 0xD8, 0xB0, 0x36, 0x6C, 0x0C, 0x10, 0x00,
    0x0C, 0x00, 0x02, 0x00, 0x00, 0x38, 0x61, 0xC3, 0x0E, 0x18, 0x78, 0xC3, 0xC6, 0x7F, 0xFB, 0xFF,
    0xC6, 0xCC, 0x36, 0x67, 0xFF, 0xBF, 0xFC, 0x67, 0xC3, 0x1E, 0x18, 0xF0, 0xC3, 0x86, 0x1C, 0x7E,
    0x00, 0x7F, 0x00, 0x63, 0x80, 0x61, 0x80, 0x61, 0x98, 0x61, 0x98, 0x61, 0x98, 0x63, 0xFE, 0x7F,
    0x7E, 0x7C, 0x18, 0x60, 0x18, 0x60, 0x18, 0x60, 0x18, 0x60, 0x18, 0x60, 0x1E, 0x60, 0x0E, 0x7E,
    0x00, 0x3F, 0x80, 0x18, 0xE0, 0x0C, 0x30, 0x06, 0x19, 0xF3, 0x0D, 0xF9, 0x8E, 0xC0, 0xC6, 0x60,
    0x7E, 0x38, 0x3F, 0x0F, 0x19, 0x83, 0xCC, 0xE0, 0x66, 0x30, 0x3B, 0x1C, 0x19, 0x86, 0xFC, 0xC3,
    0xFC, 0xC3, 0x8C, 0xC7, 0x19, 0x8E, 0x33, 0x1C, 0x66, 0x68, 0xCC, 0xD9, 0x99, 0xB6, 0x7F, 0xFF,
    0x3E, 0xD8, 0x68, 0xB0, 0xF1, 0x61, 0xE3, 0xC3, 0xC7, 0x03, 0x8E, 0x06, 0x1C, 0x0C, 0x18, 0x7F,
    0x86, 0xFF, 0x8D, 0x83, 0x1B, 0x07, 0x36, 0x66, 0x6C, 0xCC, 0xD9, 0x99, 0xB3, 0x33, 0x66, 0x66,
    0xCC, 0xCD, 0x99, 0x9B, 0x33, 0x36, 0x60, 0x6C, 0xC1, 0x99, 0xFF, 0x33, 0xFC, 0x00, 0x60, 0x7F,
    0x83, 0xFC, 0x00, 0xC1, 0xE6, 0x3F, 0xF1, 0x83, 0x9C, 0x1C, 0xE0, 0xE6, 0x03, 0x30, 0x19, 0xC0,
    0xCE, 0x0E, 0x30, 0x71, 0xFF, 0x83, 0xCC, 0x00, 0x01, 0xFF, 0x1F, 0xFC, 0x03, 0xF0, 0x7F, 0x87,
    0x00, 0x30, 0x03, 0x80, 0x1C, 0x03, 0xFF, 0x06, 0x00, 0x30, 0x07, 0xFC, 0x0E, 0x00, 0x70, 0x01,
    0x80, 0x0E, 0x00, 0x3F, 0xC0, 0x7E, 0x30, 0x31, 0x83, 0x0C, 0x30, 0x63, 0x83, 0x38, 0x19, 0x80,
    0xD8, 0x1F, 0xFC, 0x3F, 0x01, 0xD8, 0x0C, 0x60, 0x63, 0x83, 0x0C, 0x18, 0x30, 0xC1, 0xC6, 0x06,
    0xFF, 0xF3, 0xFF, 0x81, 0x80, 0x0C, 0x00, 0x66, 0x03, 0xE0, 0x1C, 0x01, 0xC0, 0x3E, 0xE1, 0xBE,
    0x01, 0xC0, 0x1C, 0x03, 0xE0, 0x1B, 0x00, 0x18, 0x00, 0xC0, 0x7F, 0x00, 0x03, 0xFE, 0x00, 0x00,
    0x38, 0x00, 0x18, 0xE0, 0x01, 0x83, 0x00, 0x0C, 0x18, 0x00, 0x60, 0xC0, 0x03, 0x06, 0x00, 0x38,
    0x30, 0xC1, 0x81, 0x9F, 0x8C, 0x1D, 0xCC, 0x60, 0xCC, 0x73, 0x0E, 0x63, 0xB8, 0xE3, 0x19, 0xFE,
    0x3F, 0xCF, 0xC1, 0xF8, 0x00, 0x0C, 0x00, 0x00, 0x60, 0x00, 0x03, 0x00, 0x00, 0x30, 0x00, 0x01,
    0x80, 0x00, 0x01, 0xC0, 0x3E, 0x06, 0x60, 0x66, 0x06, 0x60, 0x66, 0x03, 0x60, 0x3C, 0x03, 0xC0,
    0x18, 0x01, 0x81, 0x3C, 0x3B, 0xC3, 0xEC, 0x6C, 0x6C, 0x46, 0x00, 0x60, 0x06, 0x00, 0x60, 0x3E,
    0x03, 0xC0, 0x3F, 0x01, 0xFE, 0x0C, 0x31, 0xFF, 0xEF, 0xFF, 0x18, 0x33, 0xFF, 0xDF, 0xFE, 0x30,
    0xC1, 0xFE, 0x0F, 0xC0, 0x60, 0x03, 0x00, 0x18, 0x00, 0xC0, 0x06, 0x00, 0x07, 0xF0, 0x7F, 0xE3,
    0x98, 0x1C, 0x60, 0x61, 0x81, 0x86, 0x0E, 0x18, 0x38, 0x7E, 0xE1, 0xFF, 0x86, 0x7E, 0x19, 0xD8,
    0x67, 0x71, 0x9C, 0xE6, 0x71, 0xFF, 0xC3, 0xFE, 0x01, 0x80, 0x04, 0x00, 0x07, 0x00, 0x1C, 0x00,
    0x78, 0x03, 0x60, 0x0D, 0x80, 0x33, 0x0F, 0xFF, 0xBF, 0xFE, 0x18, 0xE3, 0xFF, 0xEF, 0xFF, 0x8C,
    0x1C, 0x60, 0x31, 0x80, 0xEE, 0x01, 0xB0, 0x06, 0x3F, 0x83, 0xFC, 0x00, 0xE0, 0x06, 0x00, 0x6F,
    0xFF, 0xFF, 0xF0, 0xF8, 0x1E, 0x0F, 0xFF, 0xFF, 0xF6, 0x00, 0x60, 0x07, 0x00, 0x3F, 0xE1, 0xFC,
    0x07, 0xF0, 0xFF, 0x8E, 0x40, 0xE2, 0x06, 0x10, 0x30, 0x83, 0x84, 0x1C, 0x20, 0xE1, 0x07, 0x08,
    0x38, 0x40, 0xC2, 0x07, 0x10, 0x1C, 0x80, 0xFF, 0xC1, 0xFC, 0x01, 0x00, 0x08, 0x00, 0x10, 0x81,
    0x84, 0x0C, 0x60, 0xFF, 0xF7, 0xFF, 0x98, 0xC0, 0xC6, 0x06, 0x30, 0x31, 0x81, 0x8C, 0x0C, 0x60,
    0x63, 0x03, 0x1C, 0x18, 0x7C, 0xC1, 0xE0, 0x01, 0xFC, 0x07, 0xFC, 0x1C, 0x00, 0x30, 0x00, 0x60,
    0x00, 0xE0, 0x00, 0xF0, 0x00, 0xF8, 0x00, 0x7C, 0x00, 0x39, 0x91, 0x1F, 0xFF, 0x3F, 0x33, 0x6E,
    0x67, 0xCF, 0xFF, 0x1F, 0xF8, 0x33, 0x30, 0x00, 0x00, 0xFF, 0xFF, 0xFF, 0x00, 0x00, 0x00, 0xFF,
    0xFF, 0xFF, 0x06, 0x00, 0x60, 0x06, 0x00, 0x60, 0x06, 0x00, 0x60, 0x06, 0x00, 0x60, 0x06, 0x00,
    0x60, 0x7F, 0xDF, 0xF0, 0xE1, 0xFF, 0x7F, 0xC1, 0x80, 0xE1, 0xF0, 0x70, 0x1C, 0x03, 0x00, 0xE0,
    0x18, 0x03, 0x00, 0xE0, 0x18, 0x18, 0x01, 0x80, 0x19, 0x81, 0xF8, 0x7C, 0x0F, 0x98, 0x1F, 0x83,
    0xC0, 0xF8, 0x31, 0x83, 0x18, 0x31, 0x86, 0x18, 0x61, 0x8C, 0x1F, 0xC1, 0xF0, 0x78, 0x00, 0x7E,
    0x00, 0x33, 0x00, 0x19, 0x80, 0x07, 0xFF, 0xE0, 0xFF, 0xF8, 0x30, 0x04, 0x18, 0x03, 0x0C, 0x99,
    0x87, 0xFE, 0xC1, 0xD9, 0xC1, 0xC0, 0x41, 0xE0, 0x00, 0x98, 0x00, 0x0F, 0xF0, 0x01, 0xF0, 0x01,
    0x80, 0x01, 0x80, 0x01, 0x80, 0x01, 0x80, 0x01, 0x80, 0x0F, 0xF0, 0x3F, 0xF8, 0x71, 0x9C, 0x61,
    0x8E, 0xE1, 0x86, 0xE1, 0x86, 0xC1, 0x86, 0xC0, 0x07, 0xC0, 0x07, 0xC0, 0x07, 0xC0, 0x07, 0x3F,
    0xC3, 0xFE, 0x30, 0x73, 0x03, 0x30, 0x33, 0x03, 0x30, 0x73, 0x0E, 0xFF, 0xCF, 0xF0, 0x30, 0x0F,
    0xF0, 0xFF, 0x03, 0x00, 0x30, 0x03, 0x00, 0x06, 0xC0, 0x6C, 0x0F, 0xE1, 0xFF, 0x3E, 0xC7, 0x6C,
    0x66, 0xC6, 0x6C, 0xE6, 0xCE, 0x00, 0xE0, 0x06, 0x00, 0x60, 0x07, 0x00, 0x30, 0x01, 0xC0, 0xFF,
    0xFF, 0xFF, 0x36, 0x0D, 0x8F, 0xE3, 0xFE, 0xC1, 0xB0, 0x6C, 0x1B, 0x06, 0xC3, 0xBF, 0xCF, 0xFB,
    0x06, 0xC1, 0xF0, 0x3C, 0x1F, 0x06, 0xFF, 0xBF, 0xC3, 0x60, 0xD8, 0xFF, 0xBF, 0xE8, 0x0A, 0x02,
    0x80, 0xA0, 0x28, 0x0A, 0x02, 0x80, 0xA0, 0x28, 0x0A, 0x02, 0x80, 0xA0, 0x2F, 0xFB, 0xFE, 0xFF,
    0xBF, 0xE8, 0x0A, 0x02, 0x80, 0xA0, 0x28, 0x0A, 0x02, 0x80, 0xA0, 0x28, 0x0A, 0x02, 0x80, 0xA0,
    0x2F, 0xFB, 0xFE, 0xFF, 0xBF, 0xE8, 0x0A, 0x02, 0x80, 0xA0, 0x28, 0x0A, 0x02, 0x80, 0xA0, 0x28,
    0x0A, 0x02, 0x80, 0xA0, 0x2F, 0xFB, 0xFE, 0xFF, 0xBF, 0xE8, 0x0A, 0x02, 0x80, 0xA0, 0x28, 0x0A,
    0x02, 0x80, 0xA0, 0x28, 0x0A, 0x02, 0x80, 0xA0, 0x2F, 0xFB, 0xFE, 0xFF, 0xBF, 0xE8, 0x0A, 0x02,
    0x80, 0xA0, 0x28, 0x0A, 0x02, 0x80, 0xA0, 0x28, 0x0A, 0x02, 0x80, 0xA0, 0x2F, 0xFB, 0xFE, 0xFF,
    0xBF, 0xE8, 0x0A, 0x02, 0x80, 0xA0, 0x28, 0x0A, 0x02, 0x80, 0xA0, 0x28, 0x0A, 0x02, 0x80, 0xA0,
    0x2F, 0xFB, 0xFE, 0xFF, 0xBF, 0xE8, 0x0A, 0x02, 0x80, 0xA0, 0x28, 0x0A, 0x02, 0x80, 0xA0, 0x28,
    0x0A, 0x02, 0x80, 0xA0, 0x2F, 0xFB, 0xFE, 0xFF, 0xBF, 0xE8, 0x0A, 0x02, 0x80, 0xA0, 0x28, 0x0A,
    0x02, 0x80, 0xA0, 0x28, 0x0A, 0x02, 0x80, 0xA0, 0x2F, 0xFB, 0xFE, 0xFF, 0xBF, 0xE8, 0x0A, 0x02,
    0x80, 0xA0, 0x28, 0x0A, 0x02, 0x80, 0xA0, 0x28, 0x0A, 0x02, 0x80, 0xA0, 0x2F, 0xFB, 0xFE, 0xFF,
    0xBF, 0xE8, 0x0A, 0x02, 0x80, 0xA0, 0x28, 0x0A, 0x02, 0x80, 0xA0, 0x28, 0x0A, 0x02, 0x80, 0xA0,
    0x2F, 0xFB, 0xFE, 0xFF, 0xBF, 0xE8, 0x0A, 0x02, 0x80, 0xA0, 0x28, 0x0A, 0x02, 0x80, 0xA0, 0x28,
    0x0A, 0x02, 0x80, 0xA0, 0x2F, 0xFB, 0xFE, 0xFF, 0xBF, 0xE8, 0x0A, 0x02, 0x80, 0xA0, 0x28, 0x0A,
    0x02, 0x80, 0xA0, 0x28, 0x0A, 0x02, 0x80, 0xA0, 0x2F, 0xFB, 0xFE, 0xFF, 0xBF, 0xE8, 0x0A, 0x02,
    0x80, 0xA0, 0x28, 0x0A, 0x02, 0x80, 0xA0, 0x28, 0x0A, 0x02, 0x80, 0xA0, 0x2F, 0xFB, 0xFE, 0xFF,
    0xBF, 0xE8, 0x0A, 0x02, 0x80, 0xA0, 0x28, 0x0A, 0x02, 0x80, 0xA0, 0x28, 0x0A, 0x02, 0x80, 0xA0,
    0x2F, 0xFB, 0xFE, 0xFF, 0xBF, 0xE8, 0x0A, 0x02, 0x80, 0xA0, 0x28, 0x0A, 0x02, 0x80, 0xA0, 0x28,
    0x0A, 0x02, 0x80, 0xA0, 0x2F, 0xFB, 0xFE, 0xFF, 0xBF, 0xE8, 0x0A, 0x02, 0x80, 0xA0, 0x28, 0x0A,
    0x02, 0x80, 0xA0, 0x28, 0x0A, 0x02, 0x80, 0xA0, 0x2F, 0xFB, 0xFE,
];

pub(crate) static NOTO_SANS_22_REGULAR: BitmapFont = BitmapFont::new(
    &NOTO_SANS_CODEPOINTS,
    &NOTO_SANS_22_REGULAR_GLYPHS,
    &NOTO_SANS_22_REGULAR_BITMAP,
    30,
);

static NOTO_SANS_24_SEMIBOLD_GLYPHS: [BitmapGlyph; 410] = [
    BitmapGlyph::new(0, 0, 0, 0, 26, 6),
    BitmapGlyph::new(0, 5, 17, 1, 9, 7),
    BitmapGlyph::new(11, 9, 6, 1, 9, 11),
    BitmapGlyph::new(18, 15, 17, 0, 9, 16),
    BitmapGlyph::new(50, 12, 19, 1, 8, 14),
    BitmapGlyph::new(79, 21, 17, 0, 9, 21),
    BitmapGlyph::new(124, 17, 17, 1, 9, 18),
    BitmapGlyph::new(161, 4, 6, 1, 9, 6),
    BitmapGlyph::new(164, 8, 21, 0, 9, 8),
    BitmapGlyph::new(185, 7, 21, 0, 9, 8),
    BitmapGlyph::new(204, 13, 11, 0, 8, 13),
    BitmapGlyph::new(222, 12, 11, 1, 12, 14),
    BitmapGlyph::new(239, 6, 6, 0, 23, 7),
    BitmapGlyph::new(244, 7, 3, 0, 18, 8),
    BitmapGlyph::new(247, 5, 4, 1, 22, 7),
    BitmapGlyph::new(250, 10, 17, 0, 9, 10),
    BitmapGlyph::new(272, 13, 17, 0, 9, 14),
    BitmapGlyph::new(300, 9, 17, 1, 9, 14),
    BitmapGlyph::new(320, 12, 17, 1, 9, 14),
    BitmapGlyph::new(346, 13, 17, 0, 9, 14),
    BitmapGlyph::new(374, 14, 17, 0, 9, 14),
    BitmapGlyph::new(404, 12, 17, 1, 9, 14),
    BitmapGlyph::new(430, 12, 17, 1, 9, 14),
    BitmapGlyph::new(456, 13, 17, 0, 9, 14),
    BitmapGlyph::new(484, 13, 17, 0, 9, 14),
    BitmapGlyph::new(512, 13, 17, 0, 9, 14),
    BitmapGlyph::new(540, 5, 13, 1, 13, 7),
    BitmapGlyph::new(549, 6, 17, 0, 13, 7),
    BitmapGlyph::new(562, 12, 13, 1, 11, 14),
    BitmapGlyph::new(582, 12, 7, 1, 14, 14),
    BitmapGlyph::new(593, 12, 13, 1, 11, 14),
    BitmapGlyph::new(613, 11, 17, 0, 9, 11),
    BitmapGlyph::new(637, 20, 19, 1, 9, 22),
    BitmapGlyph::new(685, 17, 17, 0, 9, 16),
    BitmapGlyph::new(722, 13, 17, 2, 9, 16),
    BitmapGlyph::new(750, 14, 17, 1, 9, 15),
    BitmapGlyph::new(780, 15, 17, 2, 9, 18),
    BitmapGlyph::new(812, 10, 17, 2, 9, 13),
    BitmapGlyph::new(834, 10, 17, 2, 9, 13),
    BitmapGlyph::new(856, 15, 17, 1, 9, 17),
    BitmapGlyph::new(888, 14, 17, 2, 9, 18),
    BitmapGlyph::new(918, 9, 17, 0, 9, 9),
    BitmapGlyph::new(938, 8, 22, -2, 9, 7),
    BitmapGlyph::new(960, 14, 17, 2, 9, 16),
    BitmapGlyph::new(990, 11, 17, 2, 9, 13),
    BitmapGlyph::new(1014, 19, 17, 2, 9, 22),
    BitmapGlyph::new(1055, 15, 17, 2, 9, 19),
    BitmapGlyph::new(1087, 17, 17, 1, 9, 19),
    BitmapGlyph::new(1124, 12, 17, 2, 9, 15),
    BitmapGlyph::new(1150, 17, 21, 1, 9, 19),
    BitmapGlyph::new(1195, 14, 17, 2, 9, 16),
    BitmapGlyph::new(1225, 12, 17, 1, 9, 13),
    BitmapGlyph::new(1251, 14, 17, 0, 9, 14),
    BitmapGlyph::new(1281, 14, 17, 2, 9, 18),
    BitmapGlyph::new(1311, 16, 17, 0, 9, 15),
    BitmapGlyph::new(1345, 23, 17, 0, 9, 23),
    BitmapGlyph::new(1394, 16, 17, 0, 9, 15),
    BitmapGlyph::new(1428, 15, 17, 0, 9, 14),
    BitmapGlyph::new(1460, 14, 17, 0, 9, 14),
    BitmapGlyph::new(1490, 7, 21, 1, 9, 8),
    BitmapGlyph::new(1509, 10, 17, 0, 9, 10),
    BitmapGlyph::new(1531, 7, 21, 0, 9, 8),
    BitmapGlyph::new(1550, 14, 11, 0, 9, 14),
    BitmapGlyph::new(1570, 12, 2, -1, 28, 10),
    BitmapGlyph::new(1573, 7, 4, 0, 8, 8),
    BitmapGlyph::new(1577, 12, 13, 1, 13, 14),
    BitmapGlyph::new(1597, 13, 18, 1, 8, 15),
    BitmapGlyph::new(1627, 11, 13, 1, 13, 12),
    BitmapGlyph::new(1645, 13, 18, 1, 8, 15),
    BitmapGlyph::new(1675, 12, 13, 1, 13, 14),
    BitmapGlyph::new(1695, 10, 18, 0, 8, 9),
    BitmapGlyph::new(1718, 13, 19, 1, 13, 15),
    BitmapGlyph::new(1749, 13, 18, 1, 8, 15),
    BitmapGlyph::new(1779, 5, 18, 1, 8, 7),
    BitmapGlyph::new(1791, 8, 24, -2, 8, 7),
    BitmapGlyph::new(1815, 14, 18, 1, 8, 14),
    BitmapGlyph::new(1847, 4, 18, 1, 8, 7),
    BitmapGlyph::new(1856, 21, 13, 1, 13, 23),
    BitmapGlyph::new(1891, 13, 13, 1, 13, 15),
    BitmapGlyph::new(1913, 13, 13, 1, 13, 15),
    BitmapGlyph::new(1935, 13, 19, 1, 13, 15),
    BitmapGlyph::new(1966, 13, 19, 1, 13, 15),
    BitmapGlyph::new(1997, 10, 13, 1, 13, 11),
    BitmapGlyph::new(2014, 10, 13, 1, 13, 12),
    BitmapGlyph::new(2031, 10, 16, 0, 10, 10),
    BitmapGlyph::new(2051, 13, 13, 1, 13, 15),
    BitmapGlyph::new(2073, 14, 13, 0, 13, 13),
    BitmapGlyph::new(2096, 20, 13, 0, 13, 20),
    BitmapGlyph::new(2129, 14, 13, 0, 13, 13),
    BitmapGlyph::new(2152, 14, 19, 0, 13, 13),
    BitmapGlyph::new(2186, 11, 13, 0, 13, 12),
    BitmapGlyph::new(2204, 9, 21, 0, 9, 9),
    BitmapGlyph::new(2228, 3, 24, 5, 8, 13),
    BitmapGlyph::new(2237, 9, 21, 0, 9, 9),
    BitmapGlyph::new(2261, 12, 4, 1, 15, 14),
    BitmapGlyph::new(2267, 0, 0, 0, 26, 6),
    BitmapGlyph::new(2267, 5, 18, 1, 13, 7),
    BitmapGlyph::new(2279, 11, 17, 1, 9, 14),
    BitmapGlyph::new(2303, 14, 17, 0, 9, 14),
    BitmapGlyph::new(2333, 12, 12, 1, 12, 14),
    BitmapGlyph::new(2351, 14, 17, 0, 9, 14),
    BitmapGlyph::new(2381, 3, 24, 5, 8, 13),
    BitmapGlyph::new(2390, 10, 18, 1, 8, 12),
    BitmapGlyph::new(2413, 8, 3, 3, 8, 14),
    BitmapGlyph::new(2416, 18, 18, 1, 9, 20),
    BitmapGlyph::new(2457, 8, 9, 0, 9, 9),
    BitmapGlyph::new(2466, 13, 11, 0, 14, 14),
    BitmapGlyph::new(2484, 12, 8, 1, 16, 14),
    BitmapGlyph::new(2496, 7, 3, 0, 18, 8),
    BitmapGlyph::new(2499, 18, 18, 1, 9, 20),
    BitmapGlyph::new(2540, 14, 3, -1, 5, 12),
    BitmapGlyph::new(2546, 9, 8, 1, 9, 10),
    BitmapGlyph::new(2555, 12, 14, 1, 12, 14),
    BitmapGlyph::new(2576, 8, 11, 0, 5, 9),
    BitmapGlyph::new(2587, 8, 11, 0, 5, 9),
    BitmapGlyph::new(2598, 7, 4, 0, 8, 8),
    BitmapGlyph::new(2602, 13, 19, 1, 13, 16),
    BitmapGlyph::new(2633, 13, 22, 1, 8, 16),
    BitmapGlyph::new(2669, 5, 4, 1, 15, 7),
    BitmapGlyph::new(2672, 6, 6, -1, 26, 5),
    BitmapGlyph::new(2677, 6, 10, 1, 6, 9),
    BitmapGlyph::new(2685, 9, 9, 0, 9, 9),
    BitmapGlyph::new(2696, 13, 11, 0, 14, 14),
    BitmapGlyph::new(2714, 19, 17, 0, 9, 19),
    BitmapGlyph::new(2755, 20, 17, 0, 9, 20),
    BitmapGlyph::new(2798, 20, 17, 0, 9, 20),
    BitmapGlyph::new(2841, 11, 18, 0, 13, 11),
    BitmapGlyph::new(2866, 17, 22, 0, 4, 16),
    BitmapGlyph::new(2913, 17, 22, 0, 4, 16),
    BitmapGlyph::new(2960, 17, 22, 0, 4, 16),
    BitmapGlyph::new(3007, 17, 22, 0, 4, 16),
    BitmapGlyph::new(3054, 17, 22, 0, 4, 16),
    BitmapGlyph::new(3101, 17, 21, 0, 5, 16),
    BitmapGlyph::new(3146, 21, 17, 0, 9, 22),
    BitmapGlyph::new(3191, 14, 23, 1, 9, 15),
    BitmapGlyph::new(3232, 10, 22, 2, 4, 13),
    BitmapGlyph::new(3260, 10, 22, 2, 4, 13),
    BitmapGlyph::new(3288, 10, 22, 2, 4, 13),
    BitmapGlyph::new(3316, 10, 22, 2, 4, 13),
    BitmapGlyph::new(3344, 9, 22, 0, 4, 9),
    BitmapGlyph::new(3369, 9, 22, 0, 4, 9),
    BitmapGlyph::new(3394, 11, 22, -1, 4, 9),
    BitmapGlyph::new(3425, 9, 22, 0, 4, 9),
    BitmapGlyph::new(3450, 17, 17, 0, 9, 18),
    BitmapGlyph::new(3487, 15, 22, 2, 4, 19),
    BitmapGlyph::new(3529, 17, 22, 1, 4, 19),
    BitmapGlyph::new(3576, 17, 22, 1, 4, 19),
    BitmapGlyph::new(3623, 17, 22, 1, 4, 19),
    BitmapGlyph::new(3670, 17, 22, 1, 4, 19),
    BitmapGlyph::new(3717, 17, 22, 1, 4, 19),
    BitmapGlyph::new(3764, 12, 11, 1, 12, 14),
    BitmapGlyph::new(3781, 17, 19, 1, 8, 19),
    BitmapGlyph::new(3822, 14, 22, 2, 4, 18),
    BitmapGlyph::new(3861, 14, 22, 2, 4, 18),
    BitmapGlyph::new(3900, 14, 22, 2, 4, 18),
    BitmapGlyph::new(3939, 14, 22, 2, 4, 18),
    BitmapGlyph::new(3978, 15, 22, 0, 4, 14),
    BitmapGlyph::new(4020, 12, 17, 2, 9, 15),
    BitmapGlyph::new(4046, 15, 18, 1, 8, 16),
    BitmapGlyph::new(4080, 12, 18, 1, 8, 14),
    BitmapGlyph::new(4107, 12, 18, 1, 8, 14),
    BitmapGlyph::new(4134, 12, 18, 1, 8, 14),
    BitmapGlyph::new(4161, 12, 18, 1, 8, 14),
    BitmapGlyph::new(4188, 12, 18, 1, 8, 14),
    BitmapGlyph::new(4215, 12, 20, 1, 6, 14),
    BitmapGlyph::new(4245, 20, 13, 1, 13, 22),
    BitmapGlyph::new(4278, 11, 19, 1, 13, 12),
    BitmapGlyph::new(4305, 12, 18, 1, 8, 14),
    BitmapGlyph::new(4332, 12, 18, 1, 8, 14),
    BitmapGlyph::new(4359, 12, 18, 1, 8, 14),
    BitmapGlyph::new(4386, 12, 18, 1, 8, 14),
    BitmapGlyph::new(4413, 7, 18, -1, 8, 7),
    BitmapGlyph::new(4429, 7, 18, 1, 8, 7),
    BitmapGlyph::new(4445, 11, 18, -2, 8, 7),
    BitmapGlyph::new(4470, 9, 18, -1, 8, 7),
    BitmapGlyph::new(4491, 13, 19, 1, 7, 15),
    BitmapGlyph::new(4522, 13, 18, 1, 8, 15),
    BitmapGlyph::new(4552, 13, 18, 1, 8, 15),
    BitmapGlyph::new(4582, 13, 18, 1, 8, 15),
    BitmapGlyph::new(4612, 13, 18, 1, 8, 15),
    BitmapGlyph::new(4642, 13, 18, 1, 8, 15),
    BitmapGlyph::new(4672, 13, 18, 1, 8, 15),
    BitmapGlyph::new(4702, 12, 11, 1, 12, 14),
    BitmapGlyph::new(4719, 13, 15, 1, 12, 15),
    BitmapGlyph::new(4744, 13, 18, 1, 8, 15),
    BitmapGlyph::new(4774, 13, 18, 1, 8, 15),
    BitmapGlyph::new(4804, 13, 18, 1, 8, 15),
    BitmapGlyph::new(4834, 13, 18, 1, 8, 15),
    BitmapGlyph::new(4864, 14, 24, 0, 8, 13),
    BitmapGlyph::new(4906, 13, 24, 1, 8, 15),
    BitmapGlyph::new(4945, 14, 24, 0, 8, 13),
    BitmapGlyph::new(4987, 17, 21, 0, 5, 16),
    BitmapGlyph::new(5032, 12, 17, 1, 9, 14),
    BitmapGlyph::new(5058, 17, 22, 0, 4, 16),
    BitmapGlyph::new(5105, 12, 18, 1, 8, 14),
    BitmapGlyph::new(5132, 17, 22, 0, 9, 16),
    BitmapGlyph::new(5179, 12, 18, 1, 13, 14),
    BitmapGlyph::new(5206, 14, 22, 1, 4, 15),
    BitmapGlyph::new(5245, 11, 18, 1, 8, 12),
    BitmapGlyph::new(5270, 14, 22, 1, 4, 15),
    BitmapGlyph::new(5309, 11, 18, 1, 8, 12),
    BitmapGlyph::new(5334, 14, 22, 1, 4, 15),
    BitmapGlyph::new(5373, 11, 18, 1, 8, 12),
    BitmapGlyph::new(5398, 14, 22, 1, 4, 15),
    BitmapGlyph::new(5437, 11, 18, 1, 8, 12),
    BitmapGlyph::new(5462, 15, 22, 2, 4, 18),
    BitmapGlyph::new(5504, 17, 18, 1, 8, 15),
    BitmapGlyph::new(5543, 17, 17, 0, 9, 18),
    BitmapGlyph::new(5580, 14, 18, 1, 8, 15),
    BitmapGlyph::new(5612, 10, 21, 2, 5, 13),
    BitmapGlyph::new(5639, 12, 17, 1, 9, 14),
    BitmapGlyph::new(5665, 10, 22, 2, 4, 13),
    BitmapGlyph::new(5693, 12, 18, 1, 8, 14),
    BitmapGlyph::new(5720, 10, 22, 2, 4, 13),
    BitmapGlyph::new(5748, 12, 18, 1, 8, 14),
    BitmapGlyph::new(5775, 10, 22, 2, 9, 13),
    BitmapGlyph::new(5803, 12, 19, 1, 13, 14),
    BitmapGlyph::new(5832, 10, 22, 2, 4, 13),
    BitmapGlyph::new(5860, 12, 18, 1, 8, 14),
    BitmapGlyph::new(5887, 15, 22, 1, 4, 17),
    BitmapGlyph::new(5929, 13, 24, 1, 8, 15),
    BitmapGlyph::new(5968, 15, 22, 1, 4, 17),
    BitmapGlyph::new(6010, 13, 24, 1, 8, 15),
    BitmapGlyph::new(6049, 15, 22, 1, 4, 17),
    BitmapGlyph::new(6091, 13, 24, 1, 8, 15),
    BitmapGlyph::new(6130, 15, 22, 1, 9, 17),
    BitmapGlyph::new(6172, 13, 24, 1, 8, 15),
    BitmapGlyph::new(6211, 14, 22, 2, 4, 18),
    BitmapGlyph::new(6250, 16, 23, -2, 3, 15),
    BitmapGlyph::new(6296, 19, 17, 0, 9, 18),
    BitmapGlyph::new(6337, 14, 18, 0, 8, 15),
    BitmapGlyph::new(6369, 11, 22, -1, 4, 9),
    BitmapGlyph::new(6400, 11, 18, -2, 8, 7),
    BitmapGlyph::new(6425, 9, 21, 0, 5, 9),
    BitmapGlyph::new(6449, 9, 17, -1, 9, 7),
    BitmapGlyph::new(6469, 9, 22, 0, 4, 9),
    BitmapGlyph::new(6494, 9, 18, -1, 8, 7),
    BitmapGlyph::new(6515, 9, 22, 0, 9, 9),
    BitmapGlyph::new(6540, 6, 23, 0, 8, 7),
    BitmapGlyph::new(6558, 9, 22, 0, 4, 9),
    BitmapGlyph::new(6583, 4, 13, 1, 13, 7),
    BitmapGlyph::new(6590, 15, 22, 0, 9, 16),
    BitmapGlyph::new(6632, 12, 24, 1, 8, 14),
    BitmapGlyph::new(6668, 11, 27, -2, 4, 7),
    BitmapGlyph::new(6706, 11, 24, -2, 8, 7),
    BitmapGlyph::new(6739, 14, 22, 2, 9, 16),
    BitmapGlyph::new(6778, 14, 23, 1, 8, 14),
    BitmapGlyph::new(6819, 14, 13, 1, 13, 14),
    BitmapGlyph::new(6842, 11, 22, 2, 4, 13),
    BitmapGlyph::new(6873, 7, 23, 1, 3, 7),
    BitmapGlyph::new(6894, 11, 22, 2, 9, 13),
    BitmapGlyph::new(6925, 5, 23, 1, 8, 7),
    BitmapGlyph::new(6940, 11, 17, 2, 9, 13),
    BitmapGlyph::new(6964, 9, 18, 1, 8, 7),
    BitmapGlyph::new(6985, 11, 17, 2, 9, 13),
    BitmapGlyph::new(7009, 9, 18, 1, 8, 8),
    BitmapGlyph::new(7030, 13, 17, 0, 9, 13),
    BitmapGlyph::new(7058, 9, 18, -1, 8, 7),
    BitmapGlyph::new(7079, 15, 22, 2, 4, 19),
    BitmapGlyph::new(7121, 13, 18, 1, 8, 15),
    BitmapGlyph::new(7151, 15, 22, 2, 9, 19),
    BitmapGlyph::new(7193, 13, 18, 1, 13, 15),
    BitmapGlyph::new(7223, 15, 22, 2, 4, 19),
    BitmapGlyph::new(7265, 13, 18, 1, 8, 15),
    BitmapGlyph::new(7295, 16, 17, 0, 9, 18),
    BitmapGlyph::new(7329, 15, 22, 2, 9, 19),
    BitmapGlyph::new(7371, 13, 19, 1, 13, 15),
    BitmapGlyph::new(7402, 17, 21, 1, 5, 19),
    BitmapGlyph::new(7447, 13, 17, 1, 9, 15),
    BitmapGlyph::new(7475, 17, 22, 1, 4, 19),
    BitmapGlyph::new(7522, 13, 18, 1, 8, 15),
    BitmapGlyph::new(7552, 17, 22, 1, 4, 19),
    BitmapGlyph::new(7599, 13, 18, 1, 8, 15),
    BitmapGlyph::new(7629, 21, 17, 1, 9, 23),
    BitmapGlyph::new(7674, 22, 13, 1, 13, 23),
    BitmapGlyph::new(7710, 14, 22, 2, 4, 16),
    BitmapGlyph::new(7749, 10, 18, 1, 8, 11),
    BitmapGlyph::new(7772, 14, 22, 2, 9, 16),
    BitmapGlyph::new(7811, 10, 18, 1, 13, 11),
    BitmapGlyph::new(7834, 14, 22, 2, 4, 16),
    BitmapGlyph::new(7873, 10, 18, 1, 8, 11),
    BitmapGlyph::new(7896, 12, 22, 1, 4, 13),
    BitmapGlyph::new(7929, 10, 18, 1, 8, 12),
    BitmapGlyph::new(7952, 12, 22, 1, 4, 13),
    BitmapGlyph::new(7985, 10, 18, 1, 8, 12),
    BitmapGlyph::new(8008, 12, 23, 1, 9, 13),
    BitmapGlyph::new(8043, 10, 19, 1, 13, 12),
    BitmapGlyph::new(8067, 12, 22, 1, 4, 13),
    BitmapGlyph::new(8100, 10, 18, 1, 8, 12),
    BitmapGlyph::new(8123, 14, 23, 0, 9, 14),
    BitmapGlyph::new(8164, 10, 22, 0, 10, 10),
    BitmapGlyph::new(8192, 14, 22, 0, 4, 14),
    BitmapGlyph::new(8231, 13, 18, 0, 8, 10),
    BitmapGlyph::new(8261, 14, 17, 0, 9, 14),
    BitmapGlyph::new(8291, 10, 16, 0, 10, 10),
    BitmapGlyph::new(8311, 14, 22, 2, 4, 18),
    BitmapGlyph::new(8350, 13, 18, 1, 8, 15),
    BitmapGlyph::new(8380, 14, 21, 2, 5, 18),
    BitmapGlyph::new(8417, 13, 17, 1, 9, 15),
    BitmapGlyph::new(8445, 14, 22, 2, 4, 18),
    BitmapGlyph::new(8484, 13, 18, 1, 8, 15),
    BitmapGlyph::new(8514, 14, 24, 2, 2, 18),
    BitmapGlyph::new(8556, 13, 20, 1, 6, 15),
    BitmapGlyph::new(8589, 14, 22, 2, 4, 18),
    BitmapGlyph::new(8628, 13, 18, 1, 8, 15),
    BitmapGlyph::new(8658, 14, 23, 2, 9, 18),
    BitmapGlyph::new(8699, 13, 18, 1, 13, 15),
    BitmapGlyph::new(8729, 23, 22, 0, 4, 23),
    BitmapGlyph::new(8793, 20, 18, 0, 8, 20),
    BitmapGlyph::new(8838, 15, 22, 0, 4, 14),
    BitmapGlyph::new(8880, 14, 24, 0, 8, 13),
    BitmapGlyph::new(8922, 15, 22, 0, 4, 14),
    BitmapGlyph::new(8964, 14, 22, 0, 4, 14),
    BitmapGlyph::new(9003, 11, 18, 0, 8, 12),
    BitmapGlyph::new(9028, 14, 22, 0, 4, 14),
    BitmapGlyph::new(9067, 11, 18, 0, 8, 12),
    BitmapGlyph::new(9092, 14, 22, 0, 4, 14),
    BitmapGlyph::new(9131, 11, 18, 0, 8, 12),
    BitmapGlyph::new(9156, 9, 18, 1, 8, 9),
    BitmapGlyph::new(9177, 7, 3, 0, 18, 8),
    BitmapGlyph::new(9180, 7, 3, 0, 18, 8),
    BitmapGlyph::new(9183, 13, 3, 0, 16, 14),
    BitmapGlyph::new(9188, 12, 3, 0, 18, 12),
    BitmapGlyph::new(9193, 24, 3, 0, 18, 24),
    BitmapGlyph::new(9202, 24, 3, 0, 18, 24),
    BitmapGlyph::new(9211, 9, 24, 2, 8, 13),
    BitmapGlyph::new(9238, 11, 5, -1, 26, 10),
    BitmapGlyph::new(9245, 5, 6, 0, 9, 5),
    BitmapGlyph::new(9249, 5, 6, 0, 9, 5),
    BitmapGlyph::new(9253, 5, 6, 0, 23, 7),
    BitmapGlyph::new(9257, 5, 6, 0, 9, 5),
    BitmapGlyph::new(9261, 10, 6, 0, 9, 10),
    BitmapGlyph::new(9269, 10, 6, 0, 9, 10),
    BitmapGlyph::new(9277, 11, 6, 0, 23, 11),
    BitmapGlyph::new(9286, 10, 6, 0, 9, 10),
    BitmapGlyph::new(9294, 10, 18, 1, 8, 12),
    BitmapGlyph::new(9317, 10, 18, 1, 8, 12),
    BitmapGlyph::new(9340, 7, 7, 1, 14, 9),
    BitmapGlyph::new(9347, 8, 10, 1, 12, 9),
    BitmapGlyph::new(9357, 4, 4, 4, 22, 12),
    BitmapGlyph::new(9359, 11, 4, 1, 22, 13),
    BitmapGlyph::new(9365, 18, 4, 1, 22, 20),
    BitmapGlyph::new(9374, 5, 4, 1, 17, 7),
    BitmapGlyph::new(9377, 0, 0, 0, 26, 14),
    BitmapGlyph::new(9377, 0, 0, 0, 26, 14),
    BitmapGlyph::new(9377, 7, 18, -1, 12, 1),
    BitmapGlyph::new(9393, 7, 18, -6, 12, 1),
    BitmapGlyph::new(9409, 6, 20, -3, 10, 1),
    BitmapGlyph::new(9424, 6, 20, -3, 10, 1),
    BitmapGlyph::new(9439, 6, 20, -3, 10, 1),
    BitmapGlyph::new(9454, 0, 0, 0, 26, 4),
    BitmapGlyph::new(9454, 29, 17, 0, 9, 30),
    BitmapGlyph::new(9516, 38, 17, 0, 9, 39),
    BitmapGlyph::new(9597, 6, 6, 1, 9, 7),
    BitmapGlyph::new(9602, 11, 6, 1, 9, 12),
    BitmapGlyph::new(9611, 16, 6, 1, 9, 16),
    BitmapGlyph::new(9623, 7, 6, 0, 9, 8),
    BitmapGlyph::new(9629, 12, 6, 0, 9, 14),
    BitmapGlyph::new(9638, 17, 6, 0, 9, 18),
    BitmapGlyph::new(9651, 10, 8, 0, 24, 10),
    BitmapGlyph::new(9661, 8, 11, 0, 14, 8),
    BitmapGlyph::new(9672, 8, 11, 0, 14, 8),
    BitmapGlyph::new(9683, 14, 17, 0, 9, 14),
    BitmapGlyph::new(9713, 13, 20, 1, 8, 14),
    BitmapGlyph::new(9746, 13, 17, 1, 9, 14),
    BitmapGlyph::new(9774, 13, 17, 0, 9, 14),
    BitmapGlyph::new(9802, 14, 17, 0, 9, 14),
    BitmapGlyph::new(9832, 21, 19, 1, 10, 23),
    BitmapGlyph::new(9882, 14, 17, 0, 9, 14),
    BitmapGlyph::new(9912, 18, 17, 2, 9, 20),
    BitmapGlyph::new(9951, 20, 17, 1, 9, 21),
    BitmapGlyph::new(9994, 17, 17, 0, 9, 17),
    BitmapGlyph::new(10031, 17, 17, 2, 9, 21),
    BitmapGlyph::new(10068, 14, 22, 1, 8, 15),
    BitmapGlyph::new(10107, 14, 17, 0, 9, 14),
    BitmapGlyph::new(10137, 14, 17, 0, 9, 14),
    BitmapGlyph::new(10167, 14, 17, 0, 9, 14),
    BitmapGlyph::new(10197, 24, 23, 0, 9, 24),
    BitmapGlyph::new(10266, 13, 23, 0, 9, 14),
    BitmapGlyph::new(10304, 14, 17, 0, 9, 14),
    BitmapGlyph::new(10334, 15, 20, 1, 8, 18),
    BitmapGlyph::new(10372, 16, 17, 0, 9, 15),
    BitmapGlyph::new(10406, 14, 17, 0, 9, 14),
    BitmapGlyph::new(10436, 14, 20, 1, 8, 15),
    BitmapGlyph::new(10471, 16, 16, 0, 10, 16),
    BitmapGlyph::new(10503, 17, 19, 0, 9, 18),
    BitmapGlyph::new(10544, 14, 17, 0, 9, 14),
    BitmapGlyph::new(10574, 12, 18, 1, 9, 14),
    BitmapGlyph::new(10601, 14, 17, 0, 9, 14),
    BitmapGlyph::new(10631, 19, 17, 0, 9, 19),
    BitmapGlyph::new(10672, 19, 17, 1, 9, 20),
    BitmapGlyph::new(10713, 14, 17, 0, 9, 14),
    BitmapGlyph::new(10743, 14, 19, 1, 7, 15),
    BitmapGlyph::new(10777, 11, 22, 2, 7, 14),
    BitmapGlyph::new(10808, 11, 19, 2, 8, 14),
    BitmapGlyph::new(10835, 11, 19, 2, 8, 14),
    BitmapGlyph::new(10862, 11, 19, 2, 8, 14),
    BitmapGlyph::new(10889, 11, 19, 2, 8, 14),
    BitmapGlyph::new(10916, 11, 19, 2, 8, 14),
    BitmapGlyph::new(10943, 11, 19, 2, 8, 14),
    BitmapGlyph::new(10970, 11, 19, 2, 8, 14),
    BitmapGlyph::new(10997, 11, 19, 2, 8, 14),
    BitmapGlyph::new(11024, 11, 19, 2, 8, 14),
    BitmapGlyph::new(11051, 11, 19, 2, 8, 14),
    BitmapGlyph::new(11078, 11, 19, 2, 8, 14),
    BitmapGlyph::new(11105, 11, 19, 2, 8, 14),
    BitmapGlyph::new(11132, 11, 19, 2, 8, 14),
    BitmapGlyph::new(11159, 11, 19, 2, 8, 14),
    BitmapGlyph::new(11186, 11, 19, 2, 8, 14),
    BitmapGlyph::new(11213, 11, 19, 2, 8, 14),
];

static NOTO_SANS_24_SEMIBOLD_BITMAP: [u8; 11240] = [
    0x73, 0x9C, 0xE7, 0x39, 0xCE, 0x73, 0x9C, 0xE0, 0x3B, 0xDE, 0x70, 0xF7, 0x33, 0x99, 0xCC, 0xE6,
    0x33, 0x18, 0x03, 0x18, 0x0E, 0x70, 0x1C, 0xE0, 0x39, 0x80, 0x63, 0x0F, 0xFF, 0xDF, 0xFF, 0x9F,
    0xFF, 0x0E, 0x70, 0x18, 0xC3, 0xFF, 0xF7, 0xFF, 0xE7, 0xFF, 0xC3, 0x9C, 0x06, 0x30, 0x0C, 0x60,
    0x19, 0xC0, 0x06, 0x00, 0x60, 0x1F, 0xE7, 0xFE, 0xFF, 0xEE, 0x60, 0xF6, 0x07, 0xE0, 0x7F, 0x01,
    0xFC, 0x07, 0xE0, 0x6F, 0x06, 0xFC, 0x6F, 0xFF, 0xEF, 0xFC, 0x0E, 0x00, 0x60, 0x06, 0x00, 0x1E,
    0x03, 0x01, 0xF8, 0x38, 0x1F, 0xC3, 0x80, 0xE7, 0x1C, 0x07, 0x39, 0xC0, 0x39, 0xCE, 0x01, 0xCE,
    0xE2, 0x0E, 0xE6, 0x7C, 0x7F, 0x77, 0xF1, 0xF3, 0x7B, 0x82, 0x3B, 0x9C, 0x03, 0x9C, 0xE0, 0x1C,
    0xE7, 0x01, 0xC7, 0x38, 0x0C, 0x1F, 0xC0, 0xE0, 0xFC, 0x06, 0x03, 0xC0, 0x0F, 0x80, 0x1F, 0xE0,
    0x0F, 0xF8, 0x0F, 0x1C, 0x03, 0x8E, 0x01, 0xCE, 0x00, 0xFF, 0x00, 0x3E, 0x00, 0x3F, 0x07, 0x3F,
    0xC7, 0xBC, 0xF3, 0x9C, 0x3F, 0xCE, 0x0F, 0xC7, 0x83, 0xE1, 0xFF, 0xF0, 0xFF, 0xFC, 0x1F, 0x8F,
    0x00, 0xF6, 0x66, 0x66, 0x0E, 0x1C, 0x1C, 0x38, 0x38, 0x38, 0x70, 0x70, 0x70, 0x70, 0x70, 0x70,
    0x70, 0x70, 0x70, 0x38, 0x38, 0x38, 0x1C, 0x1C, 0x0E, 0x70, 0x60, 0xE1, 0xC1, 0xC3, 0x87, 0x07,
    0x0E, 0x1C, 0x38, 0x70, 0xE1, 0xC7, 0x0E, 0x1C, 0x38, 0xE1, 0x87, 0x00, 0x07, 0x00, 0x38, 0x01,
    0xC0, 0xCE, 0x67, 0xFF, 0x3F, 0xF8, 0x3E, 0x01, 0xF0, 0x1D, 0xC1, 0xE7, 0x02, 0x20, 0x06, 0x00,
    0x60, 0x06, 0x00, 0x60, 0xFF, 0xFF, 0xFF, 0xFF, 0xE0, 0x60, 0x06, 0x00, 0x60, 0x06, 0x00, 0x38,
    0xE7, 0x9C, 0x71, 0x80, 0x7E, 0xFD, 0xF8, 0x77, 0xBC, 0xE0, 0x03, 0x80, 0xE0, 0x38, 0x1C, 0x07,
    0x03, 0x80, 0xE0, 0x38, 0x1C, 0x07, 0x01, 0xC0, 0xE0, 0x38, 0x1C, 0x07, 0x01, 0xC0, 0xE0, 0x00,
    0x0F, 0x80, 0xFF, 0x0F, 0xFC, 0x70, 0xE7, 0x87, 0x38, 0x3D, 0xC1, 0xEE, 0x07, 0x70, 0x3B, 0x81,
    0xDC, 0x1E, 0xE0, 0xF7, 0x87, 0x1C, 0x38, 0xFF, 0xC3, 0xFC, 0x0F, 0xC0, 0x07, 0x87, 0xC7, 0xEF,
    0xF7, 0x79, 0x3C, 0x1E, 0x0F, 0x07, 0x83, 0xC1, 0xE0, 0xF0, 0x78, 0x3C, 0x1E, 0x0F, 0x07, 0x80,
    0x1F, 0x87, 0xFC, 0xFF, 0xE6, 0x0E, 0x00, 0xE0, 0x0E, 0x00, 0xE0, 0x1E, 0x03, 0xC0, 0x78, 0x0F,
    0x01, 0xE0, 0x3C, 0x07, 0x80, 0xFF, 0xEF, 0xFF, 0xFF, 0xF0, 0x1F, 0xC3, 0xFF, 0x1F, 0xFC, 0x40,
    0xE0, 0x07, 0x00, 0x38, 0x03, 0x83, 0xF8, 0x1F, 0xC0, 0x7F, 0x80, 0x1C, 0x00, 0xF0, 0x07, 0x80,
    0x39, 0xFF, 0xCF, 0xFC, 0x3F, 0xC0, 0x00, 0xE0, 0x07, 0x80, 0x3E, 0x00, 0xF8, 0x07, 0xE0, 0x3B,
    0x80, 0xCE, 0x07, 0x38, 0x38, 0xE0, 0xC3, 0x87, 0x0E, 0x3F, 0xFE, 0xFF, 0xF9, 0xFF, 0xE0, 0x0E,
    0x00, 0x38, 0x00, 0xE0, 0x7F, 0xC7, 0xFC, 0x7F, 0xC7, 0x00, 0x70, 0x07, 0x00, 0x7F, 0x87, 0xFC,
    0x7F, 0xE0, 0x0E, 0x00, 0xF0, 0x0F, 0x00, 0xF0, 0x0E, 0xFF, 0xEF, 0xFC, 0x7F, 0x00, 0x07, 0xE1,
    0xFE, 0x3F, 0xC7, 0x80, 0x70, 0x0E, 0x00, 0xE7, 0x8F, 0xFE, 0xFF, 0xEF, 0x0F, 0xE0, 0x7E, 0x07,
    0xE0, 0x77, 0x0F, 0x7F, 0xE3, 0xFC, 0x1F, 0x80, 0x7F, 0xFB, 0xFF, 0xDF, 0xFE, 0x00, 0xE0, 0x0F,
    0x00, 0x70, 0x03, 0x80, 0x38, 0x01, 0xC0, 0x1E, 0x00, 0xE0, 0x0F, 0x00, 0x70, 0x07, 0x80, 0x38,
    0x03, 0xC0, 0x1C, 0x00, 0x0F, 0xC1, 0xFF, 0x0F, 0xFC, 0xF0, 0xE7, 0x87, 0x1C, 0x38, 0xF3, 0x83,
    0xF8, 0x0F, 0xC1, 0xFF, 0x1E, 0x3C, 0xE0, 0xF7, 0x03, 0xB8, 0x3D, 0xFF, 0xC7, 0xFE, 0x1F, 0xC0,
    0x0F, 0x81, 0xFF, 0x0F, 0xFC, 0xF0, 0xE7, 0x07, 0x38, 0x3D, 0xC1, 0xEF, 0x0F, 0x7F, 0xF9, 0xFF,
    0xC7, 0xCE, 0x00, 0xE0, 0x07, 0x00, 0x70, 0xFF, 0x87, 0xF8, 0x3F, 0x00, 0x77, 0xBC, 0xE0, 0x00,
    0x00, 0x03, 0xBD, 0xE7, 0x00, 0x39, 0xE7, 0x8E, 0x00, 0x00, 0x00, 0x00, 0x00, 0x0E, 0x39, 0xC7,
    0x1C, 0x60, 0x00, 0x10, 0x07, 0x01, 0xF0, 0x7C, 0x1F, 0x07, 0xC0, 0xF0, 0x0F, 0xC0, 0x3F, 0x00,
    0x7E, 0x01, 0xF0, 0x07, 0x00, 0x00, 0xFF, 0xFF, 0xFF, 0x7F, 0xE0, 0x00, 0x7F, 0xEF, 0xFF, 0xFF,
    0xF0, 0x80, 0x0E, 0x00, 0xF8, 0x03, 0xE0, 0x0F, 0x80, 0x3E, 0x00, 0xF0, 0x3E, 0x1F, 0x87, 0xE0,
    0xF8, 0x0E, 0x00, 0x00, 0x00, 0x3F, 0x1F, 0xF9, 0xFF, 0x00, 0xF0, 0x1E, 0x03, 0x80, 0xF0, 0x3C,
    0x0E, 0x03, 0x80, 0x70, 0x00, 0x00, 0x00, 0x38, 0x07, 0x80, 0xF0, 0x1C, 0x00, 0x01, 0xFC, 0x00,
    0x7F, 0xF0, 0x1F, 0xFF, 0x83, 0xC0, 0x3C, 0x38, 0xFC, 0xE7, 0x3F, 0xCE, 0x67, 0xFC, 0x6E, 0x70,
    0xC6, 0xE7, 0x0C, 0x6E, 0x61, 0xC6, 0xE7, 0x1C, 0xEE, 0x7F, 0xFE, 0xE3, 0xF7, 0xC6, 0x1E, 0x78,
    0x70, 0x00, 0x03, 0x80, 0x00, 0x3F, 0xFE, 0x00, 0xFF, 0xE0, 0x03, 0xF8, 0x00, 0x03, 0xC0, 0x01,
    0xE0, 0x01, 0xF8, 0x00, 0xFC, 0x00, 0xFF, 0x00, 0x73, 0x80, 0x39, 0xC0, 0x3C, 0xF0, 0x1C, 0x38,
    0x0E, 0x1C, 0x0F, 0xFF, 0x07, 0xFF, 0x83, 0xFF, 0xE3, 0xC0, 0xF1, 0xC0, 0x39, 0xE0, 0x1E, 0xF0,
    0x07, 0x00, 0xFF, 0xC7, 0xFF, 0x3F, 0xFD, 0xC1, 0xEE, 0x07, 0x70, 0x3B, 0x83, 0xDF, 0xFC, 0xFF,
    0xE7, 0xFF, 0xB8, 0x1D, 0xC0, 0xFE, 0x07, 0xF0, 0x3F, 0xFF, 0xDF, 0xFC, 0xFF, 0xC0, 0x07, 0xF0,
    0x7F, 0xE3, 0xFF, 0x8F, 0x00, 0x78, 0x01, 0xC0, 0x0F, 0x00, 0x3C, 0x00, 0xF0, 0x03, 0xC0, 0x0F,
    0x00, 0x1C, 0x00, 0x78, 0x01, 0xE0, 0x03, 0xFF, 0x87, 0xFE, 0x07, 0xF0, 0xFF, 0x81, 0xFF, 0xC3,
    0xFF, 0xC7, 0x03, 0xCE, 0x03, 0xDC, 0x07, 0xB8, 0x07, 0x70, 0x0E, 0xE0, 0x1D, 0xC0, 0x3B, 0x80,
    0x77, 0x01, 0xEE, 0x03, 0xDC, 0x0F, 0x3F, 0xFC, 0x7F, 0xF0, 0xFF, 0x80, 0xFF, 0xFF, 0xFF, 0xFF,
    0x80, 0xE0, 0x38, 0x0E, 0x03, 0xFF, 0xFF, 0xFF, 0xEE, 0x03, 0x80, 0xE0, 0x38, 0x0F, 0xFF, 0xFF,
    0xFF, 0xC0, 0xFF, 0xFF, 0xFF, 0xFF, 0x80, 0xE0, 0x38, 0x0E, 0x03, 0xFE, 0xFF, 0xFF, 0xFE, 0x03,
    0x80, 0xE0, 0x38, 0x0E, 0x03, 0x80, 0xE0, 0x00, 0x07, 0xF8, 0x1F, 0xF8, 0xFF, 0xF1, 0xE0, 0x07,
    0x80, 0x0E, 0x00, 0x3C, 0x00, 0x78, 0x7E, 0xF0, 0xFF, 0xE1, 0xFF, 0xC0, 0x7B, 0x80, 0xF7, 0x81,
    0xEF, 0x83, 0xCF, 0xFF, 0x8F, 0xFF, 0x07, 0xFC, 0xE0, 0x1F, 0x80, 0x7E, 0x01, 0xF8, 0x07, 0xE0,
    0x1F, 0x80, 0x7E, 0x01, 0xFF, 0xFF, 0xFF, 0xFF, 0xFF, 0xFE, 0x01, 0xF8, 0x07, 0xE0, 0x1F, 0x80,
    0x7E, 0x01, 0xF8, 0x07, 0xE0, 0x1C, 0x7F, 0x3F, 0x8F, 0x83, 0x81, 0xC0, 0xE0, 0x70, 0x38, 0x1C,
    0x0E, 0x07, 0x03, 0x81, 0xC0, 0xE0, 0xF0, 0xFE, 0x7F, 0x00, 0x0E, 0x0E, 0x0E, 0x0E, 0x0E, 0x0E,
    0x0E, 0x0E, 0x0E, 0x0E, 0x0E, 0x0E, 0x0E, 0x0E, 0x0E, 0x0E, 0x0E, 0x0E, 0x1E, 0xFE, 0xFC, 0x70,
    0xE0, 0x7B, 0x81, 0xCE, 0x0E, 0x38, 0x78, 0xE3, 0xC3, 0x9E, 0x0E, 0xF0, 0x3F, 0x80, 0xFF, 0x03,
    0xFE, 0x0F, 0x78, 0x38, 0xF0, 0xE1, 0xE3, 0x87, 0x8E, 0x0F, 0x38, 0x1E, 0xE0, 0x38, 0xE0, 0x1C,
    0x03, 0x80, 0x70, 0x0E, 0x01, 0xC0, 0x38, 0x07, 0x00, 0xE0, 0x1C, 0x03, 0x80, 0x70, 0x0E, 0x01,
    0xC0, 0x3F, 0xF7, 0xFF, 0xFF, 0xE0, 0xF8, 0x03, 0xDF, 0x00, 0xFB, 0xE0, 0x1F, 0x7E, 0x07, 0xEF,
    0xC0, 0xFD, 0xD8, 0x1F, 0xBB, 0x87, 0x77, 0x70, 0xEE, 0xE6, 0x19, 0xDC, 0xE7, 0x3B, 0x9C, 0xE7,
    0x71, 0xD8, 0xEE, 0x3F, 0x1D, 0xC7, 0xE3, 0xB8, 0x78, 0x77, 0x0F, 0x0E, 0xE1, 0xE1, 0xC0, 0xF0,
    0x0F, 0xF0, 0x1F, 0xF0, 0x3F, 0xE0, 0x7F, 0xE0, 0xFD, 0xE1, 0xFB, 0xC3, 0xF3, 0xC7, 0xE3, 0x8F,
    0xC7, 0x9F, 0x87, 0xBF, 0x0F, 0x7E, 0x0F, 0xFC, 0x0F, 0xF8, 0x1F, 0xF0, 0x1F, 0xE0, 0x1E, 0x07,
    0xF0, 0x0F, 0xFE, 0x0F, 0xFF, 0x87, 0x83, 0xC7, 0x80, 0xF3, 0x80, 0x3B, 0xC0, 0x1D, 0xE0, 0x0F,
    0xF0, 0x07, 0xF8, 0x03, 0xFC, 0x01, 0xCE, 0x00, 0xE7, 0x80, 0xF1, 0xC0, 0xF0, 0xFF, 0xF8, 0x3F,
    0xF8, 0x07, 0xF0, 0x00, 0xFF, 0x8F, 0xFC, 0xFF, 0xEE, 0x0F, 0xE0, 0xFE, 0x0F, 0xE0, 0xFE, 0x0E,
    0xFF, 0xEF, 0xFC, 0xFF, 0x8E, 0x00, 0xE0, 0x0E, 0x00, 0xE0, 0x0E, 0x00, 0xE0, 0x00, 0x07, 0xF0,
    0x0F, 0xFE, 0x0F, 0xFF, 0x87, 0x83, 0xC7, 0x80, 0xF3, 0x80, 0x3B, 0xC0, 0x1D, 0xE0, 0x0F, 0xF0,
    0x07, 0xF8, 0x03, 0xFC, 0x01, 0xEE, 0x00, 0xE7, 0x80, 0xF1, 0xC0, 0xF0, 0xFF, 0xF8, 0x3F, 0xF8,
    0x07, 0xF0, 0x00, 0x3C, 0x00, 0x0F, 0x00, 0x03, 0xC0, 0x00, 0xF0, 0xFF, 0x83, 0xFF, 0x0F, 0xFE,
    0x38, 0x3C, 0xE0, 0xF3, 0x83, 0xCE, 0x0F, 0x38, 0x78, 0xFF, 0xC3, 0xFE, 0x0F, 0xF8, 0x38, 0xF0,
    0xE1, 0xC3, 0x83, 0x8E, 0x0F, 0x38, 0x1C, 0xE0, 0x78, 0x1F, 0xC7, 0xFE, 0x7F, 0xEF, 0x00, 0xF0,
    0x0F, 0x00, 0x78, 0x07, 0xE0, 0x1F, 0x80, 0xFC, 0x03, 0xE0, 0x0E, 0x00, 0xE8, 0x0E, 0xFF, 0xEF,
    0xFC, 0x7F, 0x00, 0xFF, 0xFB, 0xFF, 0xE7, 0xFF, 0x81, 0xE0, 0x07, 0x80, 0x1E, 0x00, 0x78, 0x01,
    0xE0, 0x07, 0x80, 0x1E, 0x00, 0x78, 0x01, 0xE0, 0x07, 0x80, 0x1E, 0x00, 0x78, 0x01, 0xE0, 0x07,
    0x80, 0xE0, 0x1F, 0x80, 0x7E, 0x01, 0xF8, 0x07, 0xE0, 0x1F, 0x80, 0x7E, 0x01, 0xF8, 0x07, 0xE0,
    0x1F, 0x80, 0x7E, 0x01, 0xF8, 0x07, 0xF0, 0x3F, 0xC0, 0xE7, 0xFF, 0x8F, 0xFC, 0x0F, 0xC0, 0xE0,
    0x0E, 0xF0, 0x1E, 0x70, 0x1C, 0x70, 0x1C, 0x78, 0x3C, 0x38, 0x38, 0x38, 0x38, 0x3C, 0x78, 0x1C,
    0x70, 0x1C, 0x70, 0x0E, 0xF0, 0x0E, 0xE0, 0x0E, 0xE0, 0x07, 0xE0, 0x07, 0xC0, 0x07, 0xC0, 0x03,
    0xC0, 0xE0, 0x38, 0x1F, 0xE0, 0xF0, 0x39, 0xC1, 0xF0, 0x73, 0x83, 0xE0, 0xE7, 0x07, 0xC3, 0xCF,
    0x1D, 0xC7, 0x0E, 0x3B, 0x8E, 0x1C, 0x77, 0x1C, 0x39, 0xCE, 0x78, 0x7B, 0x8E, 0xE0, 0x77, 0x1D,
    0xC0, 0xEE, 0x3B, 0x81, 0xF8, 0x3F, 0x03, 0xF0, 0x7C, 0x03, 0xE0, 0xF8, 0x07, 0x81, 0xF0, 0x0F,
    0x01, 0xE0, 0x70, 0x1E, 0x78, 0x1C, 0x38, 0x38, 0x1C, 0x78, 0x1E, 0x70, 0x0E, 0xE0, 0x0F, 0xE0,
    0x07, 0xC0, 0x07, 0xC0, 0x07, 0xC0, 0x0F, 0xE0, 0x0E, 0xF0, 0x1C, 0x70, 0x3C, 0x78, 0x38, 0x3C,
    0x70, 0x1C, 0xF0, 0x1E, 0xF0, 0x1C, 0xE0, 0x79, 0xE0, 0xE1, 0xC3, 0xC3, 0xC7, 0x03, 0x9E, 0x07,
    0xB8, 0x07, 0xE0, 0x0F, 0xC0, 0x0F, 0x00, 0x1E, 0x00, 0x1C, 0x00, 0x38, 0x00, 0x70, 0x00, 0xE0,
    0x01, 0xC0, 0x03, 0x80, 0x7F, 0xF9, 0xFF, 0xE7, 0xFF, 0x80, 0x3C, 0x00, 0xE0, 0x07, 0x80, 0x3C,
    0x00, 0xE0, 0x07, 0x80, 0x3C, 0x00, 0xE0, 0x07, 0x80, 0x3C, 0x00, 0xE0, 0x07, 0xFF, 0x9F, 0xFE,
    0x7F, 0xF8, 0x7C, 0xF9, 0xF3, 0x87, 0x0E, 0x1C, 0x38, 0x70, 0xE1, 0xC3, 0x87, 0x0E, 0x1C, 0x38,
    0x70, 0xE1, 0xF3, 0xE7, 0xC0, 0xE0, 0x1C, 0x07, 0x01, 0xC0, 0x38, 0x0E, 0x01, 0xC0, 0x70, 0x1C,
    0x03, 0x80, 0xE0, 0x38, 0x07, 0x01, 0xC0, 0x38, 0x0E, 0x03, 0x80, 0xFD, 0xF9, 0xF0, 0xE1, 0xC3,
    0x87, 0x0E, 0x1C, 0x38, 0x70, 0xE1, 0xC3, 0x87, 0x0E, 0x1C, 0x39, 0xF7, 0xEF, 0xC0, 0x07, 0x00,
    0x1C, 0x00, 0x78, 0x03, 0xE0, 0x0D, 0xC0, 0x73, 0x01, 0x8E, 0x0E, 0x18, 0x30, 0x71, 0xC0, 0xC6,
    0x03, 0x80, 0x7F, 0xE7, 0xFE, 0x78, 0x70, 0x70, 0x70, 0x1F, 0x87, 0xFC, 0x3F, 0xE0, 0x0E, 0x00,
    0xE3, 0xFE, 0x7F, 0xEF, 0xFE, 0xF0, 0xEE, 0x0E, 0xFF, 0xE7, 0xF6, 0x3E, 0x60, 0x70, 0x03, 0x80,
    0x1C, 0x00, 0xE0, 0x07, 0x00, 0x3B, 0xE1, 0xFF, 0x8F, 0xFE, 0x78, 0x7B, 0x83, 0xDC, 0x0E, 0xE0,
    0x77, 0x03, 0xB8, 0x3D, 0xE1, 0xEF, 0xFE, 0x7F, 0xE3, 0x3E, 0x00, 0x1F, 0xC7, 0xF9, 0xFF, 0x38,
    0x0F, 0x01, 0xC0, 0x38, 0x07, 0x00, 0xF0, 0x1E, 0x01, 0xFF, 0x1F, 0xE1, 0xF8, 0x00, 0x70, 0x03,
    0x80, 0x1C, 0x00, 0xE0, 0x07, 0x0F, 0xB8, 0xFF, 0xCF, 0xFE, 0xF0, 0xF7, 0x83, 0xB8, 0x1D, 0xC0,
    0xEE, 0x07, 0x78, 0x3B, 0xC3, 0xCF, 0xFE, 0x3F, 0xF0, 0xFB, 0x80, 0x1F, 0x83, 0xFC, 0x7F, 0xE7,
    0x0F, 0xF0, 0x7F, 0xFF, 0xFF, 0xFF, 0xFE, 0xF0, 0x07, 0x00, 0x7F, 0xE3, 0xFE, 0x0F, 0xC0, 0x0F,
    0xC7, 0xF1, 0xF8, 0xF0, 0x3C, 0x1F, 0xEF, 0xF9, 0xFC, 0x3C, 0x0F, 0x03, 0xC0, 0xF0, 0x3C, 0x0F,
    0x03, 0xC0, 0xF0, 0x3C, 0x0F, 0x00, 0x1F, 0x71, 0xFF, 0x9F, 0xFC, 0xE1, 0xEF, 0x07, 0x70, 0x3B,
    0x81, 0xDC, 0x0E, 0xF0, 0x77, 0x87, 0x9F, 0xFC, 0x7F, 0xE1, 0xF7, 0x00, 0x38, 0x01, 0xC0, 0x1E,
    0x7F, 0xE3, 0xFF, 0x0F, 0xE0, 0x70, 0x03, 0x80, 0x1C, 0x00, 0xE0, 0x07, 0x00, 0x3B, 0xF1, 0xFF,
    0xCF, 0xFE, 0x78, 0x7B, 0x83, 0xDC, 0x1E, 0xE0, 0xF7, 0x07, 0xB8, 0x3D, 0xC1, 0xEE, 0x0F, 0x70,
    0x7B, 0x83, 0xC0, 0x73, 0x9C, 0x00, 0x39, 0xCE, 0x73, 0x9C, 0xE7, 0x39, 0xCE, 0x73, 0x80, 0x0E,
    0x0E, 0x0E, 0x00, 0x00, 0x0E, 0x0E, 0x0E, 0x0E, 0x0E, 0x0E, 0x0E, 0x0E, 0x0E, 0x0E, 0x0E, 0x0E,
    0x0E, 0x0E, 0x0E, 0x0E, 0x7E, 0xFC, 0x78, 0x70, 0x01, 0xC0, 0x07, 0x00, 0x1C, 0x00, 0x70, 0x01,
    0xC1, 0xC7, 0x0E, 0x1C, 0x70, 0x73, 0xC1, 0xDE, 0x07, 0xF0, 0x1F, 0xC0, 0x7F, 0x81, 0xCF, 0x07,
    0x1E, 0x1C, 0x38, 0x70, 0xF1, 0xC1, 0xE0, 0x77, 0x77, 0x77, 0x77, 0x77, 0x77, 0x77, 0x77, 0x77,
    0x77, 0xC7, 0xC3, 0xFF, 0x7F, 0x9F, 0xFF, 0xFC, 0xF0, 0xF0, 0xE7, 0x07, 0x87, 0x38, 0x38, 0x39,
    0xC1, 0xC1, 0xCE, 0x0E, 0x0E, 0x70, 0x70, 0x73, 0x83, 0x83, 0x9C, 0x1C, 0x1C, 0xE0, 0xE0, 0xE7,
    0x07, 0x07, 0x00, 0x77, 0xE3, 0xFF, 0x9F, 0xFC, 0xF0, 0xF7, 0x07, 0xB8, 0x3D, 0xC1, 0xEE, 0x0F,
    0x70, 0x7B, 0x83, 0xDC, 0x1E, 0xE0, 0xF7, 0x07, 0x80, 0x1F, 0x81, 0xFF, 0x1F, 0xFC, 0xE0, 0xEF,
    0x07, 0x70, 0x3F, 0x81, 0xFC, 0x0F, 0xF0, 0x73, 0x83, 0x9F, 0xFC, 0x7F, 0xC0, 0xF8, 0x00, 0x77,
    0xC3, 0xFF, 0x1F, 0xFC, 0xF0, 0xF7, 0x07, 0xB8, 0x1D, 0xC0, 0xEE, 0x07, 0x70, 0x7B, 0xC3, 0xDF,
    0xFC, 0xFF, 0xC7, 0x7C, 0x38, 0x01, 0xC0, 0x0E, 0x00, 0x70, 0x03, 0x80, 0x1C, 0x00, 0x1F, 0x71,
    0xFF, 0x9F, 0xFD, 0xE1, 0xEF, 0x07, 0x70, 0x3B, 0x81, 0xDC, 0x0E, 0xF0, 0x77, 0x87, 0x9F, 0xFC,
    0x7F, 0xE1, 0xF7, 0x00, 0x38, 0x01, 0xC0, 0x0E, 0x00, 0x70, 0x03, 0x80, 0x1C, 0x63, 0x9F, 0xE7,
    0xF9, 0xE0, 0x70, 0x1C, 0x07, 0x01, 0xC0, 0x70, 0x1C, 0x07, 0x01, 0xC0, 0x70, 0x00, 0x3F, 0x9F,
    0xFF, 0xFB, 0x80, 0xF0, 0x1F, 0x03, 0xF0, 0x3E, 0x03, 0xC0, 0x7F, 0xFF, 0xFE, 0x7F, 0x00, 0x18,
    0x06, 0x03, 0x81, 0xFE, 0xFF, 0x9F, 0xE3, 0x80, 0xE0, 0x38, 0x0E, 0x03, 0x80, 0xE0, 0x3C, 0x0F,
    0xE1, 0xF8, 0x3E, 0x70, 0x7B, 0x83, 0xDC, 0x1E, 0xE0, 0xF7, 0x07, 0xB8, 0x3D, 0xC1, 0xEE, 0x0F,
    0x70, 0x7B, 0x83, 0xDE, 0x3E, 0x7F, 0xF1, 0xF3, 0x80, 0xE0, 0x3B, 0xC1, 0xE7, 0x07, 0x1E, 0x1C,
    0x38, 0xF0, 0xE3, 0x83, 0xCE, 0x07, 0x70, 0x1D, 0xC0, 0x7F, 0x00, 0xF8, 0x03, 0xE0, 0x07, 0x00,
    0xF0, 0xF0, 0xF7, 0x0F, 0x0E, 0x71, 0xF0, 0xE7, 0x1F, 0x8E, 0x79, 0xF9, 0xC3, 0x99, 0x9C, 0x3B,
    0x9D, 0xC3, 0xB9, 0xDC, 0x3B, 0x9F, 0x81, 0xF0, 0xF8, 0x1F, 0x0F, 0x81, 0xF0, 0xF8, 0x0E, 0x0F,
    0x00, 0x70, 0x79, 0xE3, 0xC3, 0xCE, 0x07, 0x78, 0x1F, 0xC0, 0x3E, 0x00, 0xF8, 0x03, 0xF0, 0x1F,
    0xC0, 0xF7, 0x83, 0x8F, 0x1E, 0x1C, 0xF0, 0x78, 0xF0, 0x3B, 0xC1, 0xE7, 0x07, 0x1E, 0x1C, 0x38,
    0xF0, 0xE3, 0x83, 0xCE, 0x07, 0x70, 0x1D, 0xC0, 0x3F, 0x00, 0xF8, 0x03, 0xE0, 0x07, 0x80, 0x1C,
    0x00, 0x70, 0x03, 0x80, 0x7E, 0x03, 0xF0, 0x07, 0x80, 0x00, 0x7F, 0xEF, 0xFC, 0xFF, 0x01, 0xE0,
    0x78, 0x0E, 0x03, 0x80, 0xF0, 0x1C, 0x07, 0x01, 0xFF, 0x3F, 0xF7, 0xFE, 0x07, 0x87, 0xC7, 0xC3,
    0x81, 0xC0, 0xE0, 0x70, 0x38, 0x3C, 0x7C, 0x3E, 0x0F, 0x81, 0xC0, 0xE0, 0x70, 0x38, 0x1C, 0x0E,
    0x07, 0xC1, 0xF0, 0x78, 0xFF, 0xFF, 0xFF, 0xFF, 0xFF, 0xFF, 0xFF, 0xFF, 0xFF, 0x70, 0x3C, 0x1F,
    0x03, 0x81, 0xC0, 0xE0, 0x70, 0x38, 0x1E, 0x07, 0xC1, 0xE1, 0xF1, 0xC0, 0xE0, 0x70, 0x38, 0x1C,
    0x0E, 0x1F, 0x0F, 0x07, 0x00, 0x7C, 0x1F, 0xFF, 0xFF, 0xF8, 0x3E, 0x77, 0xBC, 0xE0, 0x01, 0xCE,
    0x73, 0x9C, 0xE7, 0x39, 0xCE, 0x77, 0x80, 0x03, 0x00, 0x60, 0x7F, 0x9F, 0xF3, 0xC4, 0xF0, 0x1C,
    0x03, 0x80, 0x70, 0x0E, 0x01, 0xC0, 0x3C, 0x03, 0xFE, 0x7F, 0xC3, 0xF0, 0x18, 0x03, 0x00, 0x07,
    0xF0, 0x3F, 0xC1, 0xFF, 0x07, 0x00, 0x1C, 0x00, 0x70, 0x01, 0xC0, 0x1F, 0xF8, 0x7F, 0xE1, 0xFF,
    0x01, 0xC0, 0x07, 0x00, 0x1C, 0x00, 0xF0, 0x07, 0xFF, 0x9F, 0xFE, 0x7F, 0xF8, 0x00, 0x46, 0xFE,
    0x7F, 0xE3, 0xFC, 0x70, 0xC6, 0x0E, 0x70, 0xE3, 0x9C, 0x7F, 0xC7, 0xFE, 0x60, 0x60, 0x00, 0xF0,
    0x39, 0xC0, 0xE7, 0x87, 0x0E, 0x1C, 0x3C, 0xE0, 0x73, 0x80, 0xDC, 0x03, 0xF0, 0x1F, 0xE0, 0xFF,
    0xC3, 0xFF, 0x01, 0xC0, 0x3F, 0xF0, 0xFF, 0xC1, 0xFE, 0x01, 0xC0, 0x07, 0x00, 0xFF, 0xFF, 0xFF,
    0xE0, 0x00, 0x07, 0xFF, 0xFF, 0xFF, 0x3F, 0x1F, 0xE7, 0xFB, 0x80, 0x70, 0x1F, 0x03, 0xF1, 0x9E,
    0xE1, 0xF8, 0x77, 0xB8, 0xFC, 0x0F, 0x80, 0x70, 0x1F, 0xFE, 0xFF, 0x9F, 0xC0, 0x02, 0xE7, 0x67,
    0x03, 0xF0, 0x03, 0x87, 0x01, 0x80, 0x60, 0xC7, 0xCC, 0x63, 0xF1, 0x91, 0xC0, 0x6C, 0x60, 0x0F,
    0x38, 0x03, 0xCE, 0x00, 0xF3, 0x80, 0x3C, 0x60, 0x0D, 0x1C, 0x02, 0x63, 0xF1, 0x8C, 0x7C, 0xC3,
    0x80, 0x70, 0x78, 0x78, 0x07, 0xF8, 0x00, 0x00, 0x00, 0x3E, 0x7F, 0x03, 0x3F, 0x77, 0x63, 0x67,
    0x7F, 0x00, 0x04, 0x20, 0x71, 0xC7, 0x9C, 0x79, 0xC3, 0x9C, 0x39, 0xE1, 0xE7, 0x07, 0x9C, 0x1E,
    0x70, 0x73, 0xC1, 0x08, 0xFF, 0xEF, 0xFF, 0xFF, 0xF0, 0x07, 0x00, 0x70, 0x07, 0x00, 0x70, 0x02,
    0x7E, 0xFD, 0xF8, 0x03, 0xF0, 0x03, 0x87, 0x01, 0x80, 0x60, 0xCF, 0x8C, 0x67, 0xF1, 0x91, 0xCE,
    0x6C, 0x73, 0x8F, 0x1C, 0xC3, 0xC7, 0xF0, 0xF1, 0xF8, 0x3C, 0x77, 0x0D, 0x1C, 0xC2, 0x67, 0x39,
    0x8C, 0xC6, 0xC3, 0x80, 0x70, 0x78, 0x78, 0x07, 0xF8, 0x00, 0x00, 0x00, 0x7F, 0xF9, 0xFF, 0xE7,
    0xFF, 0x80, 0x3C, 0x3F, 0x3F, 0xD8, 0x6C, 0x37, 0xF9, 0xF8, 0x78, 0x06, 0x00, 0x60, 0x06, 0x00,
    0x60, 0xFF, 0xFF, 0xFF, 0xFF, 0xE0, 0x60, 0x06, 0x00, 0x60, 0x06, 0x0F, 0xFE, 0xFF, 0xFF, 0xFF,
    0x3C, 0x7E, 0x67, 0x07, 0x07, 0x0E, 0x1C, 0x38, 0x70, 0x7F, 0xFF, 0x3C, 0x7E, 0x67, 0x07, 0x06,
    0x3E, 0x3E, 0x07, 0x47, 0xFF, 0x7E, 0x1E, 0x78, 0xE3, 0x80, 0x70, 0x7B, 0x83, 0xDC, 0x1E, 0xE0,
    0xF7, 0x07, 0xB8, 0x3D, 0xC1, 0xEE, 0x0F, 0x70, 0x7B, 0xC3, 0xDF, 0xFE, 0xFF, 0xF7, 0xF3, 0xB8,
    0x01, 0xC0, 0x0E, 0x00, 0x70, 0x03, 0x80, 0x1C, 0x00, 0x1F, 0xF9, 0xFF, 0xDF, 0xFF, 0xFF, 0x3F,
    0xF9, 0xFF, 0xCF, 0xFE, 0x7F, 0xF3, 0xFF, 0x9B, 0xFC, 0xDF, 0xE6, 0x7F, 0x30, 0x19, 0x80, 0xCC,
    0x06, 0x60, 0x33, 0x01, 0x98, 0x0C, 0xC0, 0x66, 0x03, 0x30, 0x19, 0x80, 0x88, 0x77, 0xBC, 0xE0,
    0x10, 0xE3, 0xC7, 0x7D, 0xE0, 0x1D, 0xFF, 0xD7, 0x1C, 0x71, 0xC7, 0x1C, 0x70, 0x3E, 0x3F, 0x98,
    0xCC, 0x76, 0x3B, 0x19, 0xDC, 0x7C, 0x00, 0x00, 0x20, 0x83, 0x8E, 0x0E, 0x78, 0x79, 0xC1, 0xE7,
    0x07, 0x3C, 0x79, 0xC3, 0x9C, 0x39, 0xE3, 0x8E, 0x08, 0x20, 0x1C, 0x07, 0x07, 0x81, 0xC1, 0xF0,
    0x30, 0x36, 0x0E, 0x00, 0xC1, 0x80, 0x18, 0x70, 0x03, 0x1C, 0x00, 0x63, 0x8E, 0x0C, 0xE3, 0xC1,
    0x98, 0xF8, 0x07, 0x37, 0x00, 0xC6, 0xE0, 0x39, 0x9C, 0x0E, 0x7F, 0xC1, 0x8F, 0xF8, 0x70, 0x0E,
    0x0C, 0x01, 0xC0, 0x1C, 0x06, 0x03, 0xC0, 0xE0, 0x7C, 0x1C, 0x07, 0xC1, 0xC0, 0x1C, 0x38, 0x01,
    0xC3, 0x00, 0x1C, 0x70, 0x01, 0xC6, 0x7C, 0x1C, 0xEF, 0xE1, 0xDC, 0x4E, 0x01, 0xC0, 0xE0, 0x38,
    0x0C, 0x03, 0x01, 0x80, 0x70, 0x70, 0x06, 0x0F, 0xE0, 0xE0, 0xFE, 0x1C, 0x0F, 0xE0, 0x3E, 0x03,
    0x87, 0xF0, 0x70, 0x07, 0x06, 0x00, 0x70, 0xE0, 0x3E, 0x0C, 0x03, 0xE1, 0xC0, 0x07, 0x38, 0x00,
    0x33, 0x1C, 0x47, 0x73, 0xC7, 0xF6, 0x3C, 0x3C, 0xE7, 0xC0, 0x1C, 0xDC, 0x01, 0xCD, 0xC0, 0x39,
    0xFE, 0x03, 0x1F, 0xF0, 0x70, 0x1C, 0x06, 0x01, 0xC0, 0x07, 0x00, 0xE0, 0x1C, 0x03, 0x80, 0x00,
    0x00, 0x01, 0xC0, 0x38, 0x0F, 0x03, 0xC0, 0xF0, 0x3C, 0x07, 0x00, 0xE0, 0x1C, 0x03, 0xFE, 0x3F,
    0xE3, 0xF0, 0x0F, 0x00, 0x03, 0xC0, 0x00, 0xE0, 0x00, 0x38, 0x00, 0x00, 0x00, 0x1E, 0x00, 0x0F,
    0x00, 0x0F, 0xC0, 0x07, 0xE0, 0x07, 0xF8, 0x03, 0x9C, 0x01, 0xCE, 0x01, 0xE7, 0x80, 0xE1, 0xC0,
    0x70, 0xE0, 0x7F, 0xF8, 0x3F, 0xFC, 0x1F, 0xFF, 0x1E, 0x07, 0x8E, 0x01, 0xCF, 0x00, 0xF7, 0x80,
    0x38, 0x00, 0x70, 0x00, 0x70, 0x00, 0x70, 0x00, 0x30, 0x00, 0x00, 0x00, 0x1E, 0x00, 0x0F, 0x00,
    0x0F, 0xC0, 0x07, 0xE0, 0x07, 0xF8, 0x03, 0x9C, 0x01, 0xCE, 0x01, 0xE7, 0x80, 0xE1, 0xC0, 0x70,
    0xE0, 0x7F, 0xF8, 0x3F, 0xFC, 0x1F, 0xFF, 0x1E, 0x07, 0x8E, 0x01, 0xCF, 0x00, 0xF7, 0x80, 0x38,
    0x03, 0xC0, 0x03, 0xF0, 0x03, 0x9C, 0x03, 0x87, 0x00, 0x00, 0x00, 0x1E, 0x00, 0x0F, 0x00, 0x0F,
    0xC0, 0x07, 0xE0, 0x07, 0xF8, 0x03, 0x9C, 0x01, 0xCE, 0x01, 0xE7, 0x80, 0xE1, 0xC0, 0x70, 0xE0,
    0x7F, 0xF8, 0x3F, 0xFC, 0x1F, 0xFF, 0x1E, 0x07, 0x8E, 0x01, 0xCF, 0x00, 0xF7, 0x80, 0x38, 0x00,
    0x10, 0x07, 0xFC, 0x03, 0xFC, 0x03, 0x1C, 0x00, 0x00, 0x00, 0x1E, 0x00, 0x0F, 0x00, 0x0F, 0xC0,
    0x07, 0xE0, 0x07, 0xF8, 0x03, 0x9C, 0x01, 0xCE, 0x01, 0xE7, 0x80, 0xE1, 0xC0, 0x70, 0xE0, 0x7F,
    0xF8, 0x3F, 0xFC, 0x1F, 0xFF, 0x1E, 0x07, 0x8E, 0x01, 0xCF, 0x00, 0xF7, 0x80, 0x38, 0x04, 0x20,
    0x07, 0x38, 0x03, 0x9C, 0x00, 0x00, 0x00, 0x00, 0x00, 0x1E, 0x00, 0x0F, 0x00, 0x0F, 0xC0, 0x07,
    0xE0, 0x07, 0xF8, 0x03, 0x9C, 0x01, 0xCE, 0x01, 0xE7, 0x80, 0xE1, 0xC0, 0x70, 0xE0, 0x7F, 0xF8,
    0x3F, 0xFC, 0x1F, 0xFF, 0x1E, 0x07, 0x8E, 0x01, 0xCF, 0x00, 0xF7, 0x80, 0x38, 0x03, 0xC0, 0x03,
    0x30, 0x01, 0x98, 0x00, 0xCC, 0x00, 0x3C, 0x00, 0x1E, 0x00, 0x1F, 0x80, 0x0F, 0xC0, 0x0F, 0xF0,
    0x07, 0x38, 0x03, 0x9C, 0x03, 0xCF, 0x01, 0xC3, 0x80, 0xE1, 0xC0, 0xFF, 0xF0, 0x7F, 0xF8, 0x3F,
    0xFE, 0x3C, 0x0F, 0x1C, 0x03, 0x9E, 0x01, 0xEF, 0x00, 0x70, 0x01, 0xFF, 0xF8, 0x0F, 0xFF, 0xC0,
    0x7F, 0xFC, 0x07, 0x38, 0x00, 0x39, 0xC0, 0x03, 0x8E, 0x00, 0x1C, 0x70, 0x01, 0xE3, 0xFE, 0x0E,
    0x1F, 0xF0, 0xF0, 0xFF, 0x87, 0xFF, 0x00, 0x7F, 0xF8, 0x03, 0xFF, 0xC0, 0x3C, 0x0E, 0x01, 0xC0,
    0x7F, 0xCE, 0x03, 0xFF, 0xE0, 0x1F, 0xF8, 0x07, 0xF0, 0x7F, 0xE3, 0xFF, 0x8F, 0x00, 0x78, 0x01,
    0xC0, 0x0F, 0x00, 0x3C, 0x00, 0xF0, 0x03, 0xC0, 0x0F, 0x00, 0x1C, 0x00, 0x78, 0x01, 0xE0, 0x03,
    0xFF, 0x87, 0xFE, 0x07, 0xF0, 0x06, 0x00, 0x38, 0x00, 0x70, 0x00, 0xE0, 0x1F, 0x00, 0x7C, 0x00,
    0x78, 0x0F, 0x01, 0xE0, 0x18, 0x00, 0x3F, 0xFF, 0xFF, 0xFF, 0xE0, 0x38, 0x0E, 0x03, 0x80, 0xFF,
    0xFF, 0xFF, 0xFB, 0x80, 0xE0, 0x38, 0x0E, 0x03, 0xFF, 0xFF, 0xFF, 0xF0, 0x03, 0xC1, 0xE0, 0xF0,
    0x30, 0x00, 0x3F, 0xFF, 0xFF, 0xFF, 0xE0, 0x38, 0x0E, 0x03, 0x80, 0xFF, 0xFF, 0xFF, 0xFB, 0x80,
    0xE0, 0x38, 0x0E, 0x03, 0xFF, 0xFF, 0xFF, 0xF0, 0x1E, 0x0F, 0xC3, 0xB9, 0x87, 0x00, 0x3F, 0xFF,
    0xFF, 0xFF, 0xE0, 0x38, 0x0E, 0x03, 0x80, 0xFF, 0xFF, 0xFF, 0xFB, 0x80, 0xE0, 0x38, 0x0E, 0x03,
    0xFF, 0xFF, 0xFF, 0xF0, 0x01, 0x1C, 0xE3, 0x38, 0x00, 0x00, 0x3F, 0xFF, 0xFF, 0xFF, 0xE0, 0x38,
    0x0E, 0x03, 0x80, 0xFF, 0xFF, 0xFF, 0xFB, 0x80, 0xE0, 0x38, 0x0E, 0x03, 0xFF, 0xFF, 0xFF, 0xF0,
    0x70, 0x1C, 0x07, 0x01, 0xC0, 0x03, 0xF9, 0xFC, 0x7C, 0x1C, 0x0E, 0x07, 0x03, 0x81, 0xC0, 0xE0,
    0x70, 0x38, 0x1C, 0x0E, 0x07, 0x07, 0x87, 0xF3, 0xF8, 0x07, 0x87, 0x83, 0x83, 0x80, 0x03, 0xF9,
    0xFC, 0x7C, 0x1C, 0x0E, 0x07, 0x03, 0x81, 0xC0, 0xE0, 0x70, 0x38, 0x1C, 0x0E, 0x07, 0x07, 0x87,
    0xF3, 0xF8, 0x1F, 0x03, 0xE0, 0xEE, 0x38, 0xE0, 0x00, 0x7F, 0x0F, 0xE0, 0xF8, 0x0E, 0x01, 0xC0,
    0x38, 0x07, 0x00, 0xE0, 0x1C, 0x03, 0x80, 0x70, 0x0E, 0x01, 0xC0, 0x38, 0x0F, 0x03, 0xF8, 0x7F,
    0x00, 0x00, 0x3B, 0x98, 0xC0, 0x00, 0x03, 0xF9, 0xFC, 0x7C, 0x1C, 0x0E, 0x07, 0x03, 0x81, 0xC0,
    0xE0, 0x70, 0x38, 0x1C, 0x0E, 0x07, 0x07, 0x87, 0xF3, 0xF8, 0x3F, 0xE0, 0x1F, 0xFC, 0x0F, 0xFF,
    0x07, 0x03, 0xC3, 0x80, 0xF1, 0xC0, 0x78, 0xE0, 0x1C, 0xFE, 0x0E, 0xFF, 0x87, 0x7F, 0xC3, 0x8E,
    0x01, 0xC7, 0x01, 0xE3, 0x80, 0xF1, 0xC0, 0xF0, 0xFF, 0xF0, 0x7F, 0xF0, 0x3F, 0xE0, 0x00, 0x00,
    0x10, 0x1F, 0xE0, 0x7F, 0xC0, 0xCF, 0x00, 0x00, 0x1E, 0x01, 0xFE, 0x03, 0xFE, 0x07, 0xFC, 0x0F,
    0xFC, 0x1F, 0xBC, 0x3F, 0x78, 0x7E, 0x78, 0xFC, 0x71, 0xF8, 0xF3, 0xF0, 0xF7, 0xE1, 0xEF, 0xC1,
    0xFF, 0x81, 0xFF, 0x03, 0xFE, 0x03, 0xFC, 0x03, 0xC0, 0x07, 0x80, 0x01, 0xC0, 0x00, 0x70, 0x00,
    0x1C, 0x00, 0x00, 0x00, 0x3F, 0x80, 0x7F, 0xF0, 0x7F, 0xFC, 0x3C, 0x1E, 0x3C, 0x07, 0x9C, 0x01,
    0xDE, 0x00, 0xEF, 0x00, 0x7F, 0x80, 0x3F, 0xC0, 0x1F, 0xE0, 0x0E, 0x70, 0x07, 0x3C, 0x07, 0x8E,
    0x07, 0x87, 0xFF, 0xC1, 0xFF, 0xC0, 0x3F, 0x80, 0x00, 0x78, 0x00, 0x78, 0x00, 0x38, 0x00, 0x38,
    0x00, 0x00, 0x00, 0x3F, 0x80, 0x7F, 0xF0, 0x7F, 0xFC, 0x3C, 0x1E, 0x3C, 0x07, 0x9C, 0x01, 0xDE,
    0x00, 0xEF, 0x00, 0x7F, 0x80, 0x3F, 0xC0, 0x1F, 0xE0, 0x0E, 0x70, 0x07, 0x3C, 0x07, 0x8E, 0x07,
    0x87, 0xFF, 0xC1, 0xFF, 0xC0, 0x3F, 0x80, 0x03, 0xE0, 0x01, 0xF0, 0x01, 0xDC, 0x01, 0xC7, 0x00,
    0x00, 0x00, 0x3F, 0x80, 0x7F, 0xF0, 0x7F, 0xFC, 0x3C, 0x1E, 0x3C, 0x07, 0x9C, 0x01, 0xDE, 0x00,
    0xEF, 0x00, 0x7F, 0x80, 0x3F, 0xC0, 0x1F, 0xE0, 0x0E, 0x70, 0x07, 0x3C, 0x07, 0x8E, 0x07, 0x87,
    0xFF, 0xC1, 0xFF, 0xC0, 0x3F, 0x80, 0x00, 0x08, 0x03, 0xFC, 0x03, 0xFE, 0x01, 0x9E, 0x00, 0x00,
    0x00, 0x3F, 0x80, 0x7F, 0xF0, 0x7F, 0xFC, 0x3C, 0x1E, 0x3C, 0x07, 0x9C, 0x01, 0xDE, 0x00, 0xEF,
    0x00, 0x7F, 0x80, 0x3F, 0xC0, 0x1F, 0xE0, 0x0E, 0x70, 0x07, 0x3C, 0x07, 0x8E, 0x07, 0x87, 0xFF,
    0xC1, 0xFF, 0xC0, 0x3F, 0x80, 0x00, 0x00, 0x03, 0xB8, 0x01, 0x8C, 0x00, 0x00, 0x00, 0x00, 0x00,
    0x3F, 0x80, 0x7F, 0xF0, 0x7F, 0xFC, 0x3C, 0x1E, 0x3C, 0x07, 0x9C, 0x01, 0xDE, 0x00, 0xEF, 0x00,
    0x7F, 0x80, 0x3F, 0xC0, 0x1F, 0xE0, 0x0E, 0x70, 0x07, 0x3C, 0x07, 0x8E, 0x07, 0x87, 0xFF, 0xC1,
    0xFF, 0xC0, 0x3F, 0x80, 0x20, 0x47, 0x0E, 0x79, 0xE3, 0xFC, 0x1F, 0x80, 0xF0, 0x1F, 0x83, 0xFC,
    0x79, 0xE7, 0x0E, 0x20, 0x40, 0x00, 0x00, 0x03, 0xFB, 0x07, 0xFF, 0x87, 0xFF, 0xC3, 0xC1, 0xF3,
    0xC1, 0xF9, 0xC1, 0xDD, 0xE0, 0xCF, 0xF0, 0xE7, 0xF8, 0xE3, 0xFC, 0xE1, 0xFE, 0x70, 0xE7, 0x70,
    0x73, 0xF0, 0x79, 0xF0, 0x38, 0x7F, 0xFC, 0x3F, 0xFC, 0x1B, 0xF8, 0x00, 0x00, 0x00, 0x1E, 0x00,
    0x3C, 0x00, 0x70, 0x00, 0xE0, 0x00, 0x03, 0x80, 0x7E, 0x01, 0xF8, 0x07, 0xE0, 0x1F, 0x80, 0x7E,
    0x01, 0xF8, 0x07, 0xE0, 0x1F, 0x80, 0x7E, 0x01, 0xF8, 0x07, 0xE0, 0x1F, 0xC0, 0xFF, 0x03, 0x9F,
    0xFE, 0x3F, 0xF0, 0x3F, 0x00, 0x00, 0xE0, 0x07, 0x00, 0x38, 0x01, 0xC0, 0x00, 0x03, 0x80, 0x7E,
    0x01, 0xF8, 0x07, 0xE0, 0x1F, 0x80, 0x7E, 0x01, 0xF8, 0x07, 0xE0, 0x1F, 0x80, 0x7E, 0x01, 0xF8,
    0x07, 0xE0, 0x1F, 0xC0, 0xFF, 0x03, 0x9F, 0xFE, 0x3F, 0xF0, 0x3F, 0x00, 0x07, 0x80, 0x3F, 0x01,
    0xCE, 0x0E, 0x1C, 0x00, 0x03, 0x80, 0x7E, 0x01, 0xF8, 0x07, 0xE0, 0x1F, 0x80, 0x7E, 0x01, 0xF8,
    0x07, 0xE0, 0x1F, 0x80, 0x7E, 0x01, 0xF8, 0x07, 0xE0, 0x1F, 0xC0, 0xFF, 0x03, 0x9F, 0xFE, 0x3F,
    0xF0, 0x3F, 0x00, 0x08, 0x40, 0x73, 0x81, 0xCE, 0x00, 0x00, 0x00, 0x03, 0x80, 0x7E, 0x01, 0xF8,
    0x07, 0xE0, 0x1F, 0x80, 0x7E, 0x01, 0xF8, 0x07, 0xE0, 0x1F, 0x80, 0x7E, 0x01, 0xF8, 0x07, 0xE0,
    0x1F, 0xC0, 0xFF, 0x03, 0x9F, 0xFE, 0x3F, 0xF0, 0x3F, 0x00, 0x00, 0xF0, 0x03, 0xC0, 0x0F, 0x00,
    0x18, 0x00, 0x00, 0x1E, 0x03, 0x9C, 0x0F, 0x3C, 0x1C, 0x38, 0x78, 0x78, 0xE0, 0x73, 0xC0, 0xF7,
    0x00, 0xFC, 0x01, 0xF8, 0x01, 0xE0, 0x03, 0xC0, 0x03, 0x80, 0x07, 0x00, 0x0E, 0x00, 0x1C, 0x00,
    0x38, 0x00, 0x70, 0x00, 0xE0, 0x0E, 0x00, 0xE0, 0x0F, 0xF8, 0xFF, 0xCF, 0xFE, 0xE0, 0xFE, 0x0F,
    0xE0, 0xFE, 0x0F, 0xE1, 0xEF, 0xFE, 0xFF, 0xCF, 0xC0, 0xE0, 0x0E, 0x00, 0xE0, 0x00, 0x0F, 0xC0,
    0x7F, 0xE1, 0xFF, 0xE3, 0xC3, 0xC7, 0x03, 0x8E, 0x0E, 0x1C, 0x38, 0x38, 0xE0, 0x73, 0xC0, 0xE3,
    0xC1, 0xC7, 0xC3, 0x83, 0xC7, 0x03, 0xCE, 0x03, 0x9C, 0x07, 0x39, 0xFE, 0x73, 0xFC, 0xE7, 0xE0,
    0x3C, 0x01, 0xE0, 0x0E, 0x00, 0x70, 0x00, 0x01, 0xF8, 0x7F, 0xC3, 0xFE, 0x00, 0xE0, 0x0E, 0x3F,
    0xE7, 0xFE, 0xFF, 0xEF, 0x0E, 0xE0, 0xEF, 0xFE, 0x7F, 0x63, 0xE6, 0x01, 0xC0, 0x3C, 0x07, 0x00,
    0x60, 0x00, 0x01, 0xF8, 0x7F, 0xC3, 0xFE, 0x00, 0xE0, 0x0E, 0x3F, 0xE7, 0xFE, 0xFF, 0xEF, 0x0E,
    0xE0, 0xEF, 0xFE, 0x7F, 0x63, 0xE6, 0x0F, 0x01, 0xF8, 0x39, 0xC7, 0x0E, 0x00, 0x01, 0xF8, 0x7F,
    0xC3, 0xFE, 0x00, 0xE0, 0x0E, 0x3F, 0xE7, 0xFE, 0xFF, 0xEF, 0x0E, 0xE0, 0xEF, 0xFE, 0x7F, 0x63,
    0xE6, 0x00, 0x43, 0xFE, 0x3F, 0xC6, 0x38, 0x00, 0x01, 0xF8, 0x7F, 0xC3, 0xFE, 0x00, 0xE0, 0x0E,
    0x3F, 0xE7, 0xFE, 0xFF, 0xEF, 0x0E, 0xE0, 0xEF, 0xFE, 0x7F, 0x63, 0xE6, 0x10, 0x83, 0x9C, 0x39,
    0xC0, 0x00, 0x00, 0x01, 0xF8, 0x7F, 0xC3, 0xFE, 0x00, 0xE0, 0x0E, 0x3F, 0xE7, 0xFE, 0xFF, 0xEF,
    0x0E, 0xE0, 0xEF, 0xFE, 0x7F, 0x63, 0xE6, 0x0F, 0x01, 0x98, 0x19, 0x81, 0x98, 0x0F, 0x00, 0x00,
    0x00, 0x01, 0xF8, 0x7F, 0xC3, 0xFE, 0x00, 0xE0, 0x0E, 0x3F, 0xE7, 0xFE, 0xFF, 0xEF, 0x0E, 0xE0,
    0xEF, 0xFE, 0x7F, 0x63, 0xE6, 0x1F, 0x9F, 0x87, 0xFF, 0xFC, 0x3F, 0xFF, 0xE0, 0x0F, 0x0E, 0x00,
    0xE0, 0xE3, 0xFF, 0xFF, 0x7F, 0xFF, 0xFF, 0xFF, 0xFE, 0xF0, 0xE0, 0x0E, 0x1F, 0x00, 0xFF, 0xFF,
    0xE7, 0xF3, 0xFE, 0x3E, 0x0F, 0xC0, 0x1F, 0xC7, 0xF9, 0xFF, 0x38, 0x0F, 0x01, 0xC0, 0x38, 0x07,
    0x00, 0xF0, 0x1E, 0x01, 0xFF, 0x1F, 0xE1, 0xF8, 0x0C, 0x03, 0x80, 0x38, 0x03, 0x83, 0xE0, 0x7C,
    0x00, 0x3C, 0x01, 0xE0, 0x0E, 0x00, 0x70, 0x00, 0x01, 0xF8, 0x3F, 0xC7, 0xFE, 0x70, 0xFF, 0x07,
    0xFF, 0xFF, 0xFF, 0xFF, 0xEF, 0x00, 0x70, 0x07, 0xFE, 0x3F, 0xE0, 0xFC, 0x01, 0xC0, 0x38, 0x07,
    0x00, 0x60, 0x00, 0x01, 0xF8, 0x3F, 0xC7, 0xFE, 0x70, 0xFF, 0x07, 0xFF, 0xFF, 0xFF, 0xFF, 0xEF,
    0x00, 0x70, 0x07, 0xFE, 0x3F, 0xE0, 0xFC, 0x0F, 0x01, 0xF8, 0x39, 0xC7, 0x0E, 0x00, 0x01, 0xF8,
    0x3F, 0xC7, 0xFE, 0x70, 0xFF, 0x07, 0xFF, 0xFF, 0xFF, 0xFF, 0xEF, 0x00, 0x70, 0x07, 0xFE, 0x3F,
    0xE0, 0xFC, 0x10, 0x83, 0x9C, 0x39, 0xC0, 0x00, 0x00, 0x01, 0xF8, 0x3F, 0xC7, 0xFE, 0x70, 0xFF,
    0x07, 0xFF, 0xFF, 0xFF, 0xFF, 0xEF, 0x00, 0x70, 0x07, 0xFE, 0x3F, 0xE0, 0xFC, 0x70, 0x70, 0x70,
    0x70, 0x03, 0x87, 0x0E, 0x1C, 0x38, 0x70, 0xE1, 0xC3, 0x87, 0x0E, 0x1C, 0x38, 0x1E, 0x78, 0xE3,
    0x80, 0x0E, 0x1C, 0x38, 0x70, 0xE1, 0xC3, 0x87, 0x0E, 0x1C, 0x38, 0x70, 0xE0, 0x1F, 0x03, 0xE0,
    0xEE, 0x38, 0xE0, 0x00, 0x1C, 0x03, 0x80, 0x70, 0x0E, 0x01, 0xC0, 0x38, 0x07, 0x00, 0xE0, 0x1C,
    0x03, 0x80, 0x70, 0x0E, 0x01, 0xC0, 0x00, 0x3B, 0x98, 0xC0, 0x00, 0x00, 0xE0, 0x70, 0x38, 0x1C,
    0x0E, 0x07, 0x03, 0x81, 0xC0, 0xE0, 0x70, 0x38, 0x1C, 0x0E, 0x00, 0x00, 0x00, 0x63, 0x07, 0xF8,
    0x1F, 0x80, 0xFC, 0x0E, 0xF0, 0x23, 0x80, 0x8E, 0x3F, 0xF3, 0xFF, 0x9E, 0x3F, 0xE0, 0xFE, 0x07,
    0xF0, 0x3F, 0xC1, 0xDE, 0x0E, 0x7F, 0xF1, 0xFF, 0x07, 0xE0, 0x00, 0x20, 0xFF, 0x0F, 0xF8, 0x67,
    0x80, 0x00, 0x3B, 0xF1, 0xFF, 0xCF, 0xFE, 0x78, 0x7B, 0x83, 0xDC, 0x1E, 0xE0, 0xF7, 0x07, 0xB8,
    0x3D, 0xC1, 0xEE, 0x0F, 0x70, 0x7B, 0x83, 0xC0, 0x1C, 0x00, 0x70, 0x01, 0xC0, 0x06, 0x00, 0x00,
    0x0F, 0xC0, 0xFF, 0x8F, 0xFE, 0x70, 0x77, 0x83, 0xB8, 0x1F, 0xC0, 0xFE, 0x07, 0xF8, 0x39, 0xC1,
    0xCF, 0xFE, 0x3F, 0xE0, 0x7C, 0x00, 0x01, 0xE0, 0x1E, 0x00, 0xE0, 0x0E, 0x00, 0x00, 0x0F, 0xC0,
    0xFF, 0x8F, 0xFE, 0x70, 0x77, 0x83, 0xB8, 0x1F, 0xC0, 0xFE, 0x07, 0xF8, 0x39, 0xC1, 0xCF, 0xFE,
    0x3F, 0xE0, 0x7C, 0x00, 0x0F, 0x80, 0xFC, 0x07, 0x70, 0x71, 0xC0, 0x00, 0x0F, 0xC0, 0xFF, 0x8F,
    0xFE, 0x70, 0x77, 0x83, 0xB8, 0x1F, 0xC0, 0xFE, 0x07, 0xF8, 0x39, 0xC1, 0xCF, 0xFE, 0x3F, 0xE0,
    0x7C, 0x00, 0x00, 0x20, 0xFF, 0x0F, 0xF8, 0x67, 0x80, 0x00, 0x0F, 0xC0, 0xFF, 0x8F, 0xFE, 0x70,
    0x77, 0x83, 0xB8, 0x1F, 0xC0, 0xFE, 0x07, 0xF8, 0x39, 0xC1, 0xCF, 0xFE, 0x3F, 0xE0, 0x7C, 0x00,
    0x00, 0x80, 0xEE, 0x06, 0x70, 0x00, 0x00, 0x00, 0x0F, 0xC0, 0xFF, 0x8F, 0xFE, 0x70, 0x77, 0x83,
    0xB8, 0x1F, 0xC0, 0xFE, 0x07, 0xF8, 0x39, 0xC1, 0xCF, 0xFE, 0x3F, 0xE0, 0x7C, 0x00, 0x06, 0x00,
    0xE0, 0x06, 0x00, 0x00, 0xFF, 0xFF, 0xFF, 0xFF, 0xE0, 0x00, 0x06, 0x00, 0xE0, 0x06, 0x00, 0x00,
    0x00, 0xFF, 0x8F, 0xF8, 0xFF, 0xE7, 0x1F, 0x78, 0xFB, 0x8F, 0xFC, 0xEF, 0xEE, 0x7F, 0xE3, 0x9F,
    0x1C, 0xFF, 0xE3, 0xFE, 0x3F, 0xC0, 0x80, 0x00, 0x1E, 0x00, 0x70, 0x01, 0xC0, 0x07, 0x00, 0x00,
    0x38, 0x3D, 0xC1, 0xEE, 0x0F, 0x70, 0x7B, 0x83, 0xDC, 0x1E, 0xE0, 0xF7, 0x07, 0xB8, 0x3D, 0xC1,
    0xEF, 0x1F, 0x3F, 0xF8, 0xF9, 0xC0, 0x01, 0xE0, 0x0E, 0x00, 0xE0, 0x0E, 0x00, 0x00, 0x38, 0x3D,
    0xC1, 0xEE, 0x0F, 0x70, 0x7B, 0x83, 0xDC, 0x1E, 0xE0, 0xF7, 0x07, 0xB8, 0x3D, 0xC1, 0xEF, 0x1F,
    0x3F, 0xF8, 0xF9, 0xC0, 0x07, 0x80, 0x7E, 0x07, 0x70, 0x71, 0xC0, 0x00, 0x38, 0x3D, 0xC1, 0xEE,
    0x0F, 0x70, 0x7B, 0x83, 0xDC, 0x1E, 0xE0, 0xF7, 0x07, 0xB8, 0x3D, 0xC1, 0xEF, 0x1F, 0x3F, 0xF8,
    0xF9, 0xC0, 0x08, 0x00, 0xE7, 0x07, 0x30, 0x00, 0x00, 0x00, 0x38, 0x3D, 0xC1, 0xEE, 0x0F, 0x70,
    0x7B, 0x83, 0xDC, 0x1E, 0xE0, 0xF7, 0x07, 0xB8, 0x3D, 0xC1, 0xEF, 0x1F, 0x3F, 0xF8, 0xF9, 0xC0,
    0x01, 0xE0, 0x07, 0x00, 0x38, 0x01, 0xC0, 0x00, 0x03, 0xC0, 0xEF, 0x07, 0x9C, 0x1C, 0x78, 0x70,
    0xE3, 0xC3, 0x8E, 0x0F, 0x38, 0x1D, 0xC0, 0x77, 0x00, 0xFC, 0x03, 0xE0, 0x0F, 0x80, 0x1E, 0x00,
    0x70, 0x01, 0xC0, 0x0E, 0x01, 0xF8, 0x0F, 0xC0, 0x1E, 0x00, 0x70, 0x03, 0x80, 0x1C, 0x00, 0xE0,
    0x07, 0x00, 0x3B, 0xE1, 0xFF, 0x8F, 0xFE, 0x78, 0x7B, 0x83, 0xDC, 0x0E, 0xE0, 0x77, 0x03, 0xB8,
    0x3D, 0xE1, 0xEF, 0xFE, 0x7F, 0xE3, 0xBE, 0x1C, 0x00, 0xE0, 0x07, 0x00, 0x38, 0x01, 0xC0, 0x0E,
    0x00, 0x00, 0x00, 0x77, 0x01, 0x8C, 0x00, 0x00, 0x00, 0x03, 0xC0, 0xEF, 0x07, 0x9C, 0x1C, 0x78,
    0x70, 0xE3, 0xC3, 0x8E, 0x0F, 0x38, 0x1D, 0xC0, 0x77, 0x00, 0xFC, 0x03, 0xE0, 0x0F, 0x80, 0x1E,
    0x00, 0x70, 0x01, 0xC0, 0x0E, 0x01, 0xF8, 0x0F, 0xC0, 0x1E, 0x00, 0x07, 0xE0, 0x07, 0xF8, 0x03,
    0xFC, 0x00, 0x00, 0x00, 0x3C, 0x00, 0x1E, 0x00, 0x1F, 0x80, 0x0F, 0xC0, 0x0F, 0xF0, 0x07, 0x38,
    0x03, 0x9C, 0x03, 0xCF, 0x01, 0xC3, 0x80, 0xE1, 0xC0, 0xFF, 0xF0, 0x7F, 0xF8, 0x3F, 0xFE, 0x3C,
    0x0F, 0x1C, 0x03, 0x9E, 0x01, 0xEF, 0x00, 0x70, 0x1F, 0x83, 0xFC, 0x3F, 0xC0, 0x00, 0x1F, 0x87,
    0xFC, 0x3F, 0xE0, 0x0E, 0x00, 0xE3, 0xFE, 0x7F, 0xEF, 0xFE, 0xF0, 0xEE, 0x0E, 0xFF, 0xE7, 0xF6,
    0x3E, 0x60, 0x08, 0x10, 0x07, 0xF8, 0x03, 0xFC, 0x00, 0x78, 0x00, 0x00, 0x00, 0x1E, 0x00, 0x0F,
    0x00, 0x0F, 0xC0, 0x07, 0xE0, 0x07, 0xF8, 0x03, 0x9C, 0x01, 0xCE, 0x01, 0xE7, 0x80, 0xE1, 0xC0,
    0x70, 0xE0, 0x7F, 0xF8, 0x3F, 0xFC, 0x1F, 0xFF, 0x1E, 0x07, 0x8E, 0x01, 0xCF, 0x00, 0xF7, 0x80,
    0x38, 0x20, 0x43, 0xFC, 0x3F, 0xC0, 0xF0, 0x00, 0x01, 0xF8, 0x7F, 0xC3, 0xFE, 0x00, 0xE0, 0x0E,
    0x3F, 0xE7, 0xFE, 0xFF, 0xEF, 0x0E, 0xE0, 0xEF, 0xFE, 0x7F, 0x63, 0xE6, 0x03, 0xC0, 0x01, 0xE0,
    0x01, 0xF8, 0x00, 0xFC, 0x00, 0xFF, 0x00, 0x73, 0x80, 0x39, 0xC0, 0x3C, 0xF0, 0x1C, 0x38, 0x0E,
    0x1C, 0x0F, 0xFF, 0x07, 0xFF, 0x83, 0xFF, 0xE3, 0xC0, 0xF1, 0xC0, 0x39, 0xE0, 0x1E, 0xF0, 0x0F,
    0x00, 0x06, 0x00, 0x07, 0x00, 0x03, 0xE0, 0x01, 0xF0, 0x00, 0x78, 0x1F, 0x87, 0xFC, 0x3F, 0xE0,
    0x0E, 0x00, 0xE3, 0xFE, 0x7F, 0xEF, 0xFE, 0xF0, 0xEE, 0x0E, 0xFF, 0xE7, 0xF6, 0x3E, 0xE0, 0x0C,
    0x01, 0xC0, 0x1E, 0x01, 0xF0, 0x0F, 0x00, 0x70, 0x03, 0xC0, 0x1C, 0x00, 0x60, 0x00, 0x00, 0x1F,
    0xC1, 0xFF, 0x8F, 0xFE, 0x3C, 0x01, 0xE0, 0x07, 0x00, 0x3C, 0x00, 0xF0, 0x03, 0xC0, 0x0F, 0x00,
    0x3C, 0x00, 0x70, 0x01, 0xE0, 0x07, 0x80, 0x0F, 0xFE, 0x1F, 0xF8, 0x1F, 0xC0, 0x03, 0xC0, 0x70,
    0x1C, 0x07, 0x00, 0x00, 0x3F, 0x8F, 0xF3, 0xFE, 0x70, 0x1E, 0x03, 0x80, 0x70, 0x0E, 0x01, 0xE0,
    0x3C, 0x03, 0xFE, 0x3F, 0xC3, 0xF0, 0x03, 0xC0, 0x1F, 0x80, 0xE7, 0x07, 0x0E, 0x00, 0x00, 0x1F,
    0xC1, 0xFF, 0x8F, 0xFE, 0x3C, 0x01, 0xE0, 0x07, 0x00, 0x3C, 0x00, 0xF0, 0x03, 0xC0, 0x0F, 0x00,
    0x3C, 0x00, 0x70, 0x01, 0xE0, 0x07, 0x80, 0x0F, 0xFE, 0x1F, 0xF8, 0x1F, 0xC0, 0x0F, 0x03, 0xF0,
    0xEF, 0x38, 0x60, 0x00, 0x3F, 0x8F, 0xF3, 0xFE, 0x70, 0x1E, 0x03, 0x80, 0x70, 0x0E, 0x01, 0xE0,
    0x3C, 0x03, 0xFE, 0x3F, 0xC3, 0xF0, 0x01, 0x80, 0x0F, 0x00, 0x18, 0x00, 0x00, 0x00, 0x00, 0x1F,
    0xC1, 0xFF, 0x8F, 0xFE, 0x3C, 0x01, 0xE0, 0x07, 0x00, 0x3C, 0x00, 0xF0, 0x03, 0xC0, 0x0F, 0x00,
    0x3C, 0x00, 0x70, 0x01, 0xE0, 0x07, 0x80, 0x0F, 0xFE, 0x1F, 0xF8, 0x1F, 0xC0, 0x0E, 0x01, 0xE0,
    0x38, 0x00, 0x00, 0x00, 0x3F, 0x8F, 0xF3, 0xFE, 0x70, 0x1E, 0x03, 0x80, 0x70, 0x0E, 0x01, 0xE0,
    0x3C, 0x03, 0xFE, 0x3F, 0xC3, 0xF0, 0x1C, 0x38, 0x39, 0xC0, 0x7E, 0x00, 0xF0, 0x00, 0x00, 0x1F,
    0xC1, 0xFF, 0x8F, 0xFE, 0x3C, 0x01, 0xE0, 0x07, 0x00, 0x3C, 0x00, 0xF0, 0x03, 0xC0, 0x0F, 0x00,
    0x3C, 0x00, 0x70, 0x01, 0xE0, 0x07, 0x80, 0x0F, 0xFE, 0x1F, 0xF8, 0x1F, 0xC0, 0x70, 0xE7, 0x78,
    0x7E, 0x07, 0x80, 0x00, 0x3F, 0x8F, 0xF3, 0xFE, 0x70, 0x1E, 0x03, 0x80, 0x70, 0x0E, 0x01, 0xE0,
    0x3C, 0x03, 0xFE, 0x3F, 0xC3, 0xF0, 0x38, 0x60, 0x3B, 0xC0, 0x3F, 0x00, 0x3C, 0x00, 0x00, 0x1F,
    0xF0, 0x3F, 0xF8, 0x7F, 0xF8, 0xE0, 0x79, 0xC0, 0x7B, 0x80, 0xF7, 0x00, 0xEE, 0x01, 0xDC, 0x03,
    0xB8, 0x07, 0x70, 0x0E, 0xE0, 0x3D, 0xC0, 0x7B, 0x81, 0xE7, 0xFF, 0x8F, 0xFE, 0x1F, 0xF0, 0x00,
    0x00, 0x77, 0x80, 0x3B, 0x80, 0x1D, 0xC0, 0x0E, 0xC0, 0x07, 0x00, 0xFB, 0x80, 0xFF, 0xC0, 0xFF,
    0xE0, 0xF0, 0xF0, 0x78, 0x38, 0x38, 0x1C, 0x1C, 0x0E, 0x0E, 0x07, 0x07, 0x83, 0x83, 0xC3, 0xC0,
    0xFF, 0xE0, 0x3F, 0xF0, 0x0F, 0xB8, 0x00, 0x3F, 0xE0, 0x1F, 0xFC, 0x0F, 0xFF, 0x07, 0x03, 0xC3,
    0x80, 0xF1, 0xC0, 0x78, 0xE0, 0x1C, 0xFE, 0x0E, 0xFF, 0x87, 0x7F, 0xC3, 0x8E, 0x01, 0xC7, 0x01,
    0xE3, 0x80, 0xF1, 0xC0, 0xF0, 0xFF, 0xF0, 0x7F, 0xF0, 0x3F, 0xE0, 0x00, 0x00, 0x70, 0x1F, 0xF0,
    0x7F, 0xC1, 0xFF, 0x00, 0x70, 0x7D, 0xC3, 0xFF, 0x1F, 0xFC, 0xF0, 0xF3, 0xC1, 0xCF, 0x07, 0x38,
    0x1C, 0xE0, 0x73, 0xC1, 0xCF, 0x0F, 0x1F, 0xFC, 0x3F, 0xF0, 0x7D, 0xC0, 0x3F, 0x9F, 0xE7, 0xF8,
    0x00, 0xFF, 0xFF, 0xFF, 0xFF, 0x80, 0xE0, 0x38, 0x0E, 0x03, 0xFF, 0xFF, 0xFF, 0xEE, 0x03, 0x80,
    0xE0, 0x38, 0x0F, 0xFF, 0xFF, 0xFF, 0xC0, 0x1F, 0x83, 0xFC, 0x3F, 0xC0, 0x00, 0x1F, 0x83, 0xFC,
    0x7F, 0xE7, 0x0F, 0xF0, 0x7F, 0xFF, 0xFF, 0xFF, 0xFE, 0xF0, 0x07, 0x00, 0x7F, 0xE3, 0xFE, 0x0F,
    0xC0, 0x60, 0x9F, 0xE3, 0xF8, 0x7C, 0x00, 0x3F, 0xFF, 0xFF, 0xFF, 0xE0, 0x38, 0x0E, 0x03, 0x80,
    0xFF, 0xFF, 0xFF, 0xFB, 0x80, 0xE0, 0x38, 0x0E, 0x03, 0xFF, 0xFF, 0xFF, 0xF0, 0x20, 0x43, 0xFC,
    0x3F, 0xC1, 0xF0, 0x00, 0x01, 0xF8, 0x3F, 0xC7, 0xFE, 0x70, 0xFF, 0x07, 0xFF, 0xFF, 0xFF, 0xFF,
    0xEF, 0x00, 0x70, 0x07, 0xFE, 0x3F, 0xE0, 0xFC, 0x0E, 0x07, 0x80, 0xE0, 0x00, 0x00, 0x3F, 0xFF,
    0xFF, 0xFF, 0xE0, 0x38, 0x0E, 0x03, 0x80, 0xFF, 0xFF, 0xFF, 0xFB, 0x80, 0xE0, 0x38, 0x0E, 0x03,
    0xFF, 0xFF, 0xFF, 0xF0, 0x06, 0x00, 0xF0, 0x06, 0x00, 0x00, 0x00, 0x01, 0xF8, 0x3F, 0xC7, 0xFE,
    0x70, 0xFF, 0x07, 0xFF, 0xFF, 0xFF, 0xFF, 0xEF, 0x00, 0x70, 0x07, 0xFE, 0x3F, 0xE0, 0xFC, 0xFF,
    0xFF, 0xFF, 0xFF, 0x80, 0xE0, 0x38, 0x0E, 0x03, 0xFF, 0xFF, 0xFF, 0xEE, 0x03, 0x80, 0xE0, 0x38,
    0x0F, 0xFF, 0xFF, 0xFF, 0xC0, 0xC0, 0x70, 0x1F, 0x03, 0xC0, 0xF0, 0x1F, 0x83, 0xFC, 0x7F, 0xE7,
    0x0E, 0xF0, 0x7F, 0xFF, 0xFF, 0xFF, 0xFF, 0xE0, 0x07, 0x00, 0x7F, 0xE3, 0xFE, 0x0F, 0xE0, 0x0C,
    0x01, 0x80, 0x38, 0x03, 0xE0, 0x1E, 0x01, 0xE0, 0x61, 0xDE, 0xE3, 0xF0, 0x78, 0x00, 0x3F, 0xFF,
    0xFF, 0xFF, 0xE0, 0x38, 0x0E, 0x03, 0x80, 0xFF, 0xFF, 0xFF, 0xFB, 0x80, 0xE0, 0x38, 0x0E, 0x03,
    0xFF, 0xFF, 0xFF, 0xF0, 0x70, 0xE3, 0x9C, 0x1F, 0x80, 0xF0, 0x00, 0x01, 0xF8, 0x3F, 0xC7, 0xFE,
    0x70, 0xFF, 0x07, 0xFF, 0xFF, 0xFF, 0xFF, 0xEF, 0x00, 0x70, 0x07, 0xFE, 0x3F, 0xE0, 0xFC, 0x03,
    0xE0, 0x07, 0xE0, 0x1D, 0xC0, 0x71, 0xC0, 0x00, 0x00, 0xFF, 0x03, 0xFF, 0x1F, 0xFE, 0x3C, 0x00,
    0xF0, 0x01, 0xC0, 0x07, 0x80, 0x0F, 0x0F, 0xDE, 0x1F, 0xFC, 0x3F, 0xF8, 0x0F, 0x70, 0x1E, 0xF0,
    0x3D, 0xF0, 0x79, 0xFF, 0xF1, 0xFF, 0xE0, 0xFF, 0x80, 0x0F, 0x80, 0xFC, 0x07, 0x70, 0x71, 0xC0,
    0x00, 0x0F, 0xB8, 0xFF, 0xCF, 0xFE, 0x70, 0xF7, 0x83, 0xB8, 0x1D, 0xC0, 0xEE, 0x07, 0x78, 0x3B,
    0xC3, 0xCF, 0xFE, 0x3F, 0xF0, 0xFB, 0x80, 0x1C, 0x00, 0xE0, 0x0F, 0x3F, 0xF1, 0xFF, 0x87, 0xF0,
    0x04, 0x18, 0x1F, 0xF0, 0x1F, 0xC0, 0x1F, 0x00, 0x00, 0x00, 0xFF, 0x03, 0xFF, 0x1F, 0xFE, 0x3C,
    0x00, 0xF0, 0x01, 0xC0, 0x07, 0x80, 0x0F, 0x0F, 0xDE, 0x1F, 0xFC, 0x3F, 0xF8, 0x0F, 0x70, 0x1E,
    0xF0, 0x3D, 0xF0, 0x79, 0xFF, 0xF1, 0xFF, 0xE0, 0xFF, 0x80, 0x30, 0x41, 0xFF, 0x07, 0xF0, 0x1F,
    0x00, 0x00, 0x0F, 0xB8, 0xFF, 0xCF, 0xFE, 0x70, 0xF7, 0x83, 0xB8, 0x1D, 0xC0, 0xEE, 0x07, 0x78,
    0x3B, 0xC3, 0xCF, 0xFE, 0x3F, 0xF0, 0xFB, 0x80, 0x1C, 0x00, 0xE0, 0x0F, 0x3F, 0xF1, 0xFF, 0x87,
    0xF0, 0x01, 0xC0, 0x03, 0x80, 0x07, 0x00, 0x00, 0x00, 0x00, 0x00, 0xFF, 0x03, 0xFF, 0x1F, 0xFE,
    0x3C, 0x00, 0xF0, 0x01, 0xC0, 0x07, 0x80, 0x0F, 0x0F, 0xDE, 0x1F, 0xFC, 0x3F, 0xF8, 0x0F, 0x70,
    0x1E, 0xF0, 0x3D, 0xF0, 0x79, 0xFF, 0xF1, 0xFF, 0xE0, 0xFF, 0x80, 0x07, 0x00, 0x38, 0x01, 0xC0,
    0x00, 0x00, 0x00, 0x0F, 0xB8, 0xFF, 0xCF, 0xFE, 0x70, 0xF7, 0x83, 0xB8, 0x1D, 0xC0, 0xEE, 0x07,
    0x78, 0x3B, 0xC3, 0xCF, 0xFE, 0x3F, 0xF0, 0xFB, 0x80, 0x1C, 0x00, 0xE0, 0x0F, 0x3F, 0xF1, 0xFF,
    0x87, 0xF0, 0x07, 0xF8, 0x1F, 0xF8, 0xFF, 0xF1, 0xE0, 0x07, 0x80, 0x0E, 0x00, 0x3C, 0x00, 0x78,
    0x7E, 0xF0, 0xFF, 0xE1, 0xFF, 0xC0, 0x7B, 0x80, 0xF7, 0x81, 0xEF, 0x83, 0xCF, 0xFF, 0x8F, 0xFF,
    0x07, 0xFC, 0x00, 0x00, 0x07, 0x00, 0x0E, 0x00, 0x18, 0x00, 0x30, 0x00, 0x03, 0x00, 0x38, 0x01,
    0xC0, 0x1E, 0x00, 0x00, 0x0F, 0xB8, 0xFF, 0xCF, 0xFE, 0x70, 0xF7, 0x83, 0xB8, 0x1D, 0xC0, 0xEE,
    0x07, 0x78, 0x3B, 0xC3, 0xCF, 0xFE, 0x3F, 0xF0, 0xFB, 0x80, 0x1C, 0x00, 0xE0, 0x0F, 0x3F, 0xF1,
    0xFF, 0x87, 0xF0, 0x07, 0x80, 0x3F, 0x01, 0xCE, 0x0E, 0x1C, 0x00, 0x03, 0x80, 0x7E, 0x01, 0xF8,
    0x07, 0xE0, 0x1F, 0x80, 0x7E, 0x01, 0xF8, 0x07, 0xFF, 0xFF, 0xFF, 0xFF, 0xFF, 0xF8, 0x07, 0xE0,
    0x1F, 0x80, 0x7E, 0x01, 0xF8, 0x07, 0xE0, 0x1F, 0x80, 0x70, 0x1F, 0x00, 0x1F, 0x00, 0x3B, 0x80,
    0x71, 0xC0, 0x00, 0x00, 0x0E, 0x00, 0x0E, 0x00, 0x0E, 0x00, 0x0E, 0x00, 0x0E, 0x00, 0x0E, 0xFC,
    0x0F, 0xFE, 0x0F, 0xFE, 0x0F, 0x0F, 0x0E, 0x0F, 0x0E, 0x0F, 0x0E, 0x0F, 0x0E, 0x0F, 0x0E, 0x0F,
    0x0E, 0x0F, 0x0E, 0x0F, 0x0E, 0x0F, 0x0E, 0x0F, 0x38, 0x07, 0x07, 0x00, 0xE3, 0xFF, 0xFF, 0x7F,
    0xFF, 0xEF, 0xFF, 0xFC, 0x70, 0x0E, 0x0E, 0x01, 0xC1, 0xFF, 0xF8, 0x3F, 0xFF, 0x07, 0xFF, 0xE0,
    0xE0, 0x1C, 0x1C, 0x03, 0x83, 0x80, 0x70, 0x70, 0x0E, 0x0E, 0x01, 0xC1, 0xC0, 0x38, 0x38, 0x07,
    0x00, 0x38, 0x00, 0xE0, 0x0F, 0xF8, 0x3F, 0xE0, 0x7F, 0x80, 0xEF, 0xC3, 0xFF, 0x8F, 0xFE, 0x3C,
    0x3C, 0xE0, 0xF3, 0x83, 0xCE, 0x0F, 0x38, 0x3C, 0xE0, 0xF3, 0x83, 0xCE, 0x0F, 0x38, 0x3C, 0xE0,
    0xF0, 0x00, 0x47, 0xF9, 0xFF, 0x33, 0xC0, 0x00, 0x7F, 0x0F, 0xE0, 0xF8, 0x0E, 0x01, 0xC0, 0x38,
    0x07, 0x00, 0xE0, 0x1C, 0x03, 0x80, 0x70, 0x0E, 0x01, 0xC0, 0x38, 0x0F, 0x03, 0xF8, 0x7F, 0x00,
    0x00, 0x47, 0xF9, 0xFF, 0x33, 0xC0, 0x00, 0x1C, 0x03, 0x80, 0x70, 0x0E, 0x01, 0xC0, 0x38, 0x07,
    0x00, 0xE0, 0x1C, 0x03, 0x80, 0x70, 0x0E, 0x01, 0xC0, 0x7F, 0x7F, 0xBF, 0xC0, 0x07, 0xF3, 0xF8,
    0xF8, 0x38, 0x1C, 0x0E, 0x07, 0x03, 0x81, 0xC0, 0xE0, 0x70, 0x38, 0x1C, 0x0E, 0x0F, 0x0F, 0xE7,
    0xF0, 0x7F, 0x7F, 0xBF, 0xC0, 0x01, 0xC0, 0xE0, 0x70, 0x38, 0x1C, 0x0E, 0x07, 0x03, 0x81, 0xC0,
    0xE0, 0x70, 0x38, 0x1C, 0x00, 0xC1, 0x7F, 0xDF, 0xC7, 0xC0, 0x03, 0xF9, 0xFC, 0x7C, 0x1C, 0x0E,
    0x07, 0x03, 0x81, 0xC0, 0xE0, 0x70, 0x38, 0x1C, 0x0E, 0x07, 0x07, 0x87, 0xF3, 0xF8, 0xC1, 0x7F,
    0xDF, 0xC7, 0xC0, 0x00, 0xE0, 0x70, 0x38, 0x1C, 0x0E, 0x07, 0x03, 0x81, 0xC0, 0xE0, 0x70, 0x38,
    0x1C, 0x0E, 0x00, 0x7F, 0x3F, 0x8F, 0x83, 0x81, 0xC0, 0xE0, 0x70, 0x38, 0x1C, 0x0E, 0x07, 0x03,
    0x81, 0xC0, 0xE0, 0xF0, 0xFE, 0x7F, 0x06, 0x07, 0x03, 0xE0, 0xF0, 0x78, 0x38, 0xE3, 0x80, 0x00,
    0xE3, 0x8E, 0x38, 0xE3, 0x8E, 0x38, 0xE3, 0x8E, 0x38, 0xE7, 0x18, 0x79, 0xF3, 0x80, 0x1C, 0x0E,
    0x07, 0x00, 0x00, 0x03, 0xF9, 0xFC, 0x7C, 0x1C, 0x0E, 0x07, 0x03, 0x81, 0xC0, 0xE0, 0x70, 0x38,
    0x1C, 0x0E, 0x07, 0x07, 0x87, 0xF3, 0xF8, 0x77, 0x77, 0x77, 0x77, 0x77, 0x77, 0x70, 0x7F, 0x1C,
    0xFE, 0x38, 0xF8, 0x70, 0xE0, 0xE1, 0xC1, 0xC3, 0x83, 0x87, 0x07, 0x0E, 0x0E, 0x1C, 0x1C, 0x38,
    0x38, 0x70, 0x70, 0xE0, 0xE1, 0xC1, 0xC3, 0x83, 0x8F, 0x07, 0x3F, 0x8E, 0x7F, 0x1C, 0x00, 0x38,
    0x00, 0xF0, 0x0F, 0xC0, 0x1F, 0x80, 0x3C, 0x00, 0x70, 0xE7, 0x0E, 0x70, 0xE0, 0x00, 0x00, 0x07,
    0x0E, 0x70, 0xE7, 0x0E, 0x70, 0xE7, 0x0E, 0x70, 0xE7, 0x0E, 0x70, 0xE7, 0x0E, 0x70, 0xE7, 0x0E,
    0x70, 0xE7, 0x0E, 0x00, 0xE0, 0x0E, 0x00, 0xE0, 0x7E, 0x0F, 0xC0, 0xF8, 0x0F, 0x03, 0xF0, 0xEE,
    0x38, 0x60, 0x00, 0x1C, 0x03, 0x80, 0x70, 0x0E, 0x01, 0xC0, 0x38, 0x07, 0x00, 0xE0, 0x1C, 0x03,
    0x80, 0x70, 0x0E, 0x01, 0xC0, 0x38, 0x07, 0x00, 0xE0, 0x1C, 0x03, 0x80, 0xF0, 0xFE, 0x1F, 0x81,
    0xC0, 0x00, 0x1F, 0x03, 0xE0, 0xEE, 0x38, 0xE0, 0x00, 0x1C, 0x03, 0x80, 0x70, 0x0E, 0x01, 0xC0,
    0x38, 0x07, 0x00, 0xE0, 0x1C, 0x03, 0x80, 0x70, 0x0E, 0x01, 0xC0, 0x38, 0x07, 0x00, 0xE0, 0xFC,
    0x3F, 0x03, 0xC0, 0xE0, 0x7B, 0x81, 0xCE, 0x0E, 0x38, 0x78, 0xE3, 0xC3, 0x9E, 0x0E, 0xF0, 0x3F,
    0x80, 0xFF, 0x03, 0xFE, 0x0F, 0x78, 0x38, 0xF0, 0xE1, 0xE3, 0x87, 0x8E, 0x0F, 0x38, 0x1E, 0xE0,
    0x38, 0x00, 0x00, 0x70, 0x01, 0xC0, 0x06, 0x00, 0x38, 0x00, 0x70, 0x01, 0xC0, 0x07, 0x00, 0x1C,
    0x00, 0x70, 0x01, 0xC1, 0xC7, 0x0E, 0x1C, 0x70, 0x73, 0xC1, 0xDE, 0x07, 0xF0, 0x1F, 0xC0, 0x7F,
    0x81, 0xCF, 0x07, 0x1E, 0x1C, 0x38, 0x70, 0xF1, 0xC1, 0xE0, 0x00, 0x01, 0xC0, 0x07, 0x00, 0x38,
    0x00, 0xC0, 0x00, 0x70, 0x71, 0xC3, 0xC7, 0x1E, 0x1C, 0xF0, 0x77, 0x81, 0xDC, 0x07, 0xF0, 0x1F,
    0xE0, 0x7B, 0xC1, 0xC7, 0x07, 0x0E, 0x1C, 0x3C, 0x70, 0x78, 0x3C, 0x07, 0x01, 0xC0, 0x70, 0x00,
    0x01, 0xC0, 0x38, 0x07, 0x00, 0xE0, 0x1C, 0x03, 0x80, 0x70, 0x0E, 0x01, 0xC0, 0x38, 0x07, 0x00,
    0xE0, 0x1C, 0x03, 0x80, 0x7F, 0xEF, 0xFF, 0xFF, 0xC0, 0x1E, 0x78, 0xE3, 0x80, 0x0E, 0x1C, 0x38,
    0x70, 0xE1, 0xC3, 0x87, 0x0E, 0x1C, 0x38, 0x70, 0xE1, 0xC3, 0x87, 0x0E, 0x1C, 0x00, 0xE0, 0x1C,
    0x03, 0x80, 0x70, 0x0E, 0x01, 0xC0, 0x38, 0x07, 0x00, 0xE0, 0x1C, 0x03, 0x80, 0x70, 0x0E, 0x01,
    0xC0, 0x3F, 0xF7, 0xFF, 0xFF, 0xE0, 0x00, 0x38, 0x07, 0x00, 0xC0, 0x38, 0x00, 0x73, 0x9C, 0xE7,
    0x39, 0xCE, 0x73, 0x9C, 0xE7, 0x39, 0xCE, 0x73, 0x80, 0xE7, 0x31, 0x80, 0xE0, 0xFC, 0x1B, 0x87,
    0x70, 0xCE, 0x01, 0xC0, 0x38, 0x07, 0x00, 0xE0, 0x1C, 0x03, 0x80, 0x70, 0x0E, 0x01, 0xC0, 0x3F,
    0xF7, 0xFF, 0xFF, 0xE0, 0x77, 0x3B, 0x9D, 0x8E, 0xC7, 0x03, 0x81, 0xC0, 0xE0, 0x70, 0x38, 0x1C,
    0x0E, 0x07, 0x03, 0x81, 0xC0, 0xE0, 0x70, 0x38, 0x00, 0xE0, 0x1C, 0x03, 0x80, 0x70, 0x0E, 0x01,
    0xC0, 0x38, 0x67, 0x1E, 0xE1, 0x9C, 0x03, 0x80, 0x70, 0x0E, 0x01, 0xC0, 0x3F, 0xF7, 0xFF, 0xFF,
    0xE0, 0x70, 0x38, 0x1C, 0x0E, 0x07, 0x03, 0x81, 0xC0, 0xEE, 0x77, 0x3B, 0x9C, 0x0E, 0x07, 0x03,
    0x81, 0xC0, 0xE0, 0x70, 0x38, 0x00, 0x38, 0x01, 0xC0, 0x0E, 0x00, 0x70, 0x03, 0x80, 0x1C, 0x00,
    0xFC, 0x07, 0xF0, 0x3E, 0x03, 0xE0, 0x3E, 0x00, 0xF0, 0x03, 0x80, 0x1C, 0x00, 0xFF, 0xC7, 0xFF,
    0x3F, 0xF8, 0x1C, 0x0E, 0x07, 0x03, 0x81, 0xC0, 0xE0, 0x70, 0x3E, 0x1F, 0x1F, 0x1F, 0x0F, 0x83,
    0xC0, 0xE0, 0x70, 0x38, 0x1C, 0x0E, 0x00, 0x00, 0xF0, 0x03, 0xC0, 0x07, 0x00, 0x1C, 0x00, 0x00,
    0x1E, 0x01, 0xFE, 0x03, 0xFE, 0x07, 0xFC, 0x0F, 0xFC, 0x1F, 0xBC, 0x3F, 0x78, 0x7E, 0x78, 0xFC,
    0x71, 0xF8, 0xF3, 0xF0, 0xF7, 0xE1, 0xEF, 0xC1, 0xFF, 0x81, 0xFF, 0x03, 0xFE, 0x03, 0xFC, 0x03,
    0xC0, 0x01, 0xE0, 0x0E, 0x00, 0xE0, 0x0E, 0x00, 0x00, 0x3B, 0xF1, 0xFF, 0xCF, 0xFE, 0x78, 0x7B,
    0x83, 0xDC, 0x1E, 0xE0, 0xF7, 0x07, 0xB8, 0x3D, 0xC1, 0xEE, 0x0F, 0x70, 0x7B, 0x83, 0xC0, 0xF0,
    0x0F, 0xF0, 0x1F, 0xF0, 0x3F, 0xE0, 0x7F, 0xE0, 0xFD, 0xE1, 0xFB, 0xC3, 0xF3, 0xC7, 0xE3, 0x8F,
    0xC7, 0x9F, 0x87, 0xBF, 0x0F, 0x7E, 0x0F, 0xFC, 0x0F, 0xF8, 0x1F, 0xF0, 0x1F, 0xE0, 0x1E, 0x00,
    0x00, 0x0E, 0x00, 0x1C, 0x00, 0x30, 0x00, 0x60, 0x00, 0x77, 0xE3, 0xFF, 0x9F, 0xFC, 0xF0, 0xF7,
    0x07, 0xB8, 0x3D, 0xC1, 0xEE, 0x0F, 0x70, 0x7B, 0x83, 0xDC, 0x1E, 0xE0, 0xF7, 0x07, 0x80, 0x00,
    0x1E, 0x00, 0xE0, 0x07, 0x00, 0x30, 0x00, 0x1C, 0x70, 0x1D, 0xC0, 0x1F, 0x00, 0x3E, 0x00, 0x00,
    0x1E, 0x01, 0xFE, 0x03, 0xFE, 0x07, 0xFC, 0x0F, 0xFC, 0x1F, 0xBC, 0x3F, 0x78, 0x7E, 0x78, 0xFC,
    0x71, 0xF8, 0xF3, 0xF0, 0xF7, 0xE1, 0xEF, 0xC1, 0xFF, 0x81, 0xFF, 0x03, 0xFE, 0x03, 0xFC, 0x03,
    0xC0, 0x38, 0x60, 0xEE, 0x03, 0xF0, 0x0F, 0x00, 0x00, 0x3B, 0xF1, 0xFF, 0xCF, 0xFE, 0x78, 0x7B,
    0x83, 0xDC, 0x1E, 0xE0, 0xF7, 0x07, 0xB8, 0x3D, 0xC1, 0xEE, 0x0F, 0x70, 0x7B, 0x83, 0xC0, 0x70,
    0x00, 0x70, 0x00, 0x70, 0x00, 0xE0, 0x00, 0xEE, 0x7C, 0xEF, 0xFE, 0x0F, 0xFF, 0x0F, 0x0F, 0x0F,
    0x07, 0x0F, 0x07, 0x0E, 0x07, 0x0E, 0x07, 0x0E, 0x07, 0x0E, 0x07, 0x0E, 0x07, 0x0E, 0x07, 0x0E,
    0x07, 0xF0, 0x0F, 0xF0, 0x1F, 0xF0, 0x3F, 0xF0, 0x7F, 0xE0, 0xFD, 0xE1, 0xF9, 0xE3, 0xF3, 0xC7,
    0xE3, 0xCF, 0xC3, 0xDF, 0x83, 0xBF, 0x07, 0xFE, 0x07, 0xFC, 0x07, 0xF8, 0x0F, 0xF0, 0x0F, 0xE0,
    0x0E, 0x00, 0x1C, 0x00, 0x38, 0x07, 0xE0, 0x1F, 0xC0, 0x1F, 0x00, 0x77, 0xE3, 0xFF, 0x9F, 0xFC,
    0xF0, 0xF7, 0x07, 0xB8, 0x3D, 0xC1, 0xEE, 0x0F, 0x70, 0x7B, 0x83, 0xDC, 0x1E, 0xE0, 0xF7, 0x07,
    0x80, 0x3C, 0x01, 0xE0, 0x0F, 0x01, 0xF0, 0x1F, 0x80, 0x78, 0x07, 0xF0, 0x07, 0xF8, 0x03, 0xFC,
    0x00, 0x00, 0x00, 0x7F, 0x00, 0xFF, 0xE0, 0xFF, 0xF8, 0x78, 0x3C, 0x78, 0x0F, 0x38, 0x03, 0xBC,
    0x01, 0xDE, 0x00, 0xFF, 0x00, 0x7F, 0x80, 0x3F, 0xC0, 0x1C, 0xE0, 0x0E, 0x78, 0x0F, 0x1C, 0x0F,
    0x0F, 0xFF, 0x83, 0xFF, 0x80, 0x7F, 0x00, 0x1F, 0xC1, 0xFE, 0x0F, 0xF0, 0x00, 0x01, 0xF8, 0x1F,
    0xF1, 0xFF, 0xCE, 0x0E, 0xF0, 0x77, 0x03, 0xF8, 0x1F, 0xC0, 0xFF, 0x07, 0x38, 0x39, 0xFF, 0xC7,
    0xFC, 0x0F, 0x80, 0x04, 0x10, 0x07, 0xFC, 0x01, 0xFC, 0x00, 0x7C, 0x00, 0x00, 0x00, 0x3F, 0x80,
    0x7F, 0xF0, 0x7F, 0xFC, 0x3C, 0x1E, 0x3C, 0x07, 0x9C, 0x01, 0xDE, 0x00, 0xEF, 0x00, 0x7F, 0x80,
    0x3F, 0xC0, 0x1F, 0xE0, 0x0E, 0x70, 0x07, 0x3C, 0x07, 0x8E, 0x07, 0x87, 0xFF, 0xC1, 0xFF, 0xC0,
    0x3F, 0x80, 0x30, 0x41, 0xFF, 0x07, 0xF0, 0x1F, 0x00, 0x00, 0x0F, 0xC0, 0xFF, 0x8F, 0xFE, 0x70,
    0x77, 0x83, 0xB8, 0x1F, 0xC0, 0xFE, 0x07, 0xF8, 0x39, 0xC1, 0xCF, 0xFE, 0x3F, 0xE0, 0x7C, 0x00,
    0x07, 0xB8, 0x03, 0xBC, 0x03, 0x9C, 0x01, 0x98, 0x00, 0x00, 0x00, 0x3F, 0x80, 0x7F, 0xF0, 0x7F,
    0xFC, 0x3C, 0x1E, 0x3C, 0x07, 0x9C, 0x01, 0xDE, 0x00, 0xEF, 0x00, 0x7F, 0x80, 0x3F, 0xC0, 0x1F,
    0xE0, 0x0E, 0x70, 0x07, 0x3C, 0x07, 0x8E, 0x07, 0x87, 0xFF, 0xC1, 0xFF, 0xC0, 0x3F, 0x80, 0x1E,
    0xE0, 0xEE, 0x0E, 0x60, 0xE6, 0x00, 0x00, 0x0F, 0xC0, 0xFF, 0x8F, 0xFE, 0x70, 0x77, 0x83, 0xB8,
    0x1F, 0xC0, 0xFE, 0x07, 0xF8, 0x39, 0xC1, 0xCF, 0xFE, 0x3F, 0xE0, 0x7C, 0x00, 0x07, 0xFF, 0xF8,
    0xFF, 0xFF, 0xCF, 0xFF, 0xFC, 0xF0, 0x38, 0x07, 0x81, 0xC0, 0x38, 0x0E, 0x03, 0xC0, 0x70, 0x1E,
    0x03, 0xFE, 0xF0, 0x1F, 0xF7, 0x80, 0xFF, 0xBC, 0x07, 0x00, 0xE0, 0x38, 0x07, 0x81, 0xC0, 0x3C,
    0x0E, 0x00, 0xFF, 0xFF, 0xC3, 0xFF, 0xFF, 0x07, 0xFF, 0xF8, 0x1F, 0x87, 0xC0, 0xFF, 0x7F, 0xC7,
    0xFF, 0xFF, 0x1C, 0x3E, 0x0E, 0xF0, 0x78, 0x3B, 0x81, 0xFF, 0xEE, 0x07, 0xFF, 0xB8, 0x1F, 0xFE,
    0xF0, 0x78, 0x01, 0xC3, 0xE0, 0x07, 0xFF, 0xFF, 0x8F, 0xF3, 0xFE, 0x1F, 0x87, 0xF0, 0x03, 0xC0,
    0x0E, 0x00, 0x70, 0x03, 0x80, 0x00, 0x03, 0xFE, 0x0F, 0xFC, 0x3F, 0xF8, 0xE0, 0xF3, 0x83, 0xCE,
    0x0F, 0x38, 0x3C, 0xE1, 0xE3, 0xFF, 0x0F, 0xF8, 0x3F, 0xE0, 0xE3, 0xC3, 0x87, 0x0E, 0x0E, 0x38,
    0x3C, 0xE0, 0x73, 0x81, 0xE0, 0x03, 0x81, 0xC0, 0xE0, 0x70, 0x00, 0x18, 0xE7, 0xF9, 0xFE, 0x78,
    0x1C, 0x07, 0x01, 0xC0, 0x70, 0x1C, 0x07, 0x01, 0xC0, 0x70, 0x1C, 0x00, 0xFF, 0x83, 0xFF, 0x0F,
    0xFE, 0x38, 0x3C, 0xE0, 0xF3, 0x83, 0xCE, 0x0F, 0x38, 0x78, 0xFF, 0xC3, 0xFE, 0x0F, 0xF8, 0x38,
    0xF0, 0xE1, 0xC3, 0x83, 0x8E, 0x0F, 0x38, 0x1C, 0xE0, 0x78, 0x00, 0x00, 0x70, 0x01, 0xC0, 0x06,
    0x00, 0x38, 0x00, 0x63, 0x9F, 0xE7, 0xF9, 0xE0, 0x70, 0x1C, 0x07, 0x01, 0xC0, 0x70, 0x1C, 0x07,
    0x01, 0xC0, 0x70, 0x00, 0x07, 0x01, 0xC0, 0x60, 0x18, 0x00, 0x70, 0xE0, 0xEF, 0x01, 0xF8, 0x03,
    0xC0, 0x00, 0x03, 0xFE, 0x0F, 0xFC, 0x3F, 0xF8, 0xE0, 0xF3, 0x83, 0xCE, 0x0F, 0x38, 0x3C, 0xE1,
    0xE3, 0xFF, 0x0F, 0xF8, 0x3F, 0xE0, 0xE3, 0xC3, 0x87, 0x0E, 0x0E, 0x38, 0x3C, 0xE0, 0x73, 0x81,
    0xE0, 0xE1, 0xDC, 0xE3, 0xF0, 0x78, 0x00, 0x18, 0xE7, 0xF9, 0xFE, 0x78, 0x1C, 0x07, 0x01, 0xC0,
    0x70, 0x1C, 0x07, 0x01, 0xC0, 0x70, 0x1C, 0x00, 0x03, 0xC0, 0x38, 0x07, 0x00, 0xE0, 0x00, 0x01,
    0xFC, 0x7F, 0xE7, 0xFE, 0xF0, 0x0F, 0x00, 0xF0, 0x07, 0x80, 0x7E, 0x01, 0xF8, 0x0F, 0xC0, 0x3E,
    0x00, 0xE0, 0x0E, 0x80, 0xEF, 0xFE, 0xFF, 0xC7, 0xF0, 0x07, 0x81, 0xC0, 0xE0, 0x70, 0x00, 0x0F,
    0xE7, 0xFF, 0xFE, 0xE0, 0x3C, 0x07, 0xC0, 0xFC, 0x0F, 0x80, 0xF0, 0x1F, 0xFF, 0xFF, 0x9F, 0xC0,
    0x0F, 0x01, 0xF8, 0x3B, 0xC7, 0x0C, 0x00, 0x01, 0xFC, 0x7F, 0xE7, 0xFE, 0xF0, 0x0F, 0x00, 0xF0,
    0x07, 0x80, 0x7E, 0x01, 0xF8, 0x0F, 0xC0, 0x3E, 0x00, 0xE0, 0x0E, 0x80, 0xEF, 0xFE, 0xFF, 0xC7,
    0xF0, 0x1E, 0x0F, 0xC7, 0x7B, 0x87, 0x00, 0x0F, 0xE7, 0xFF, 0xFE, 0xE0, 0x3C, 0x07, 0xC0, 0xFC,
    0x0F, 0x80, 0xF0, 0x1F, 0xFF, 0xFF, 0x9F, 0xC0, 0x1F, 0xC7, 0xFE, 0x7F, 0xEF, 0x00, 0xF0, 0x0F,
    0x00, 0x78, 0x07, 0xE0, 0x1F, 0x80, 0xFC, 0x03, 0xE0, 0x0E, 0x00, 0xE8, 0x0E, 0xFF, 0xEF, 0xFC,
    0x7F, 0x00, 0x40, 0x0C, 0x00, 0xF0, 0x07, 0x01, 0xF0, 0x1E, 0x00, 0x3F, 0x9F, 0xFF, 0xFB, 0x80,
    0xF0, 0x1F, 0x03, 0xF0, 0x3E, 0x03, 0xC0, 0x7F, 0xFF, 0xFE, 0x7F, 0x03, 0x01, 0xC0, 0x38, 0x07,
    0x0F, 0x83, 0xC0, 0x70, 0xC3, 0xBC, 0x1F, 0x80, 0xF0, 0x00, 0x01, 0xFC, 0x7F, 0xE7, 0xFE, 0xF0,
    0x0F, 0x00, 0xF0, 0x07, 0x80, 0x7E, 0x01, 0xF8, 0x0F, 0xC0, 0x3E, 0x00, 0xE0, 0x0E, 0x80, 0xEF,
    0xFE, 0xFF, 0xC7, 0xF0, 0xE1, 0xDD, 0xE3, 0xF0, 0x78, 0x00, 0x0F, 0xE7, 0xFF, 0xFE, 0xE0, 0x3C,
    0x07, 0xC0, 0xFC, 0x0F, 0x80, 0xF0, 0x1F, 0xFF, 0xFF, 0x9F, 0xC0, 0xFF, 0xFB, 0xFF, 0xE7, 0xFF,
    0x81, 0xE0, 0x07, 0x80, 0x1E, 0x00, 0x78, 0x01, 0xE0, 0x07, 0x80, 0x1E, 0x00, 0x78, 0x01, 0xE0,
    0x07, 0x80, 0x1E, 0x00, 0x78, 0x01, 0xE0, 0x07, 0x80, 0x0C, 0x00, 0x70, 0x00, 0xE0, 0x01, 0xC0,
    0x3E, 0x00, 0xF8, 0x00, 0x18, 0x06, 0x03, 0x81, 0xFE, 0xFF, 0x9F, 0xE3, 0x80, 0xE0, 0x38, 0x0E,
    0x03, 0x80, 0xE0, 0x3C, 0x0F, 0xE1, 0xF8, 0x3E, 0x04, 0x03, 0x80, 0xF0, 0x0C, 0x1F, 0x07, 0x80,
    0x38, 0x60, 0x77, 0x80, 0xFC, 0x01, 0xE0, 0x00, 0x03, 0xFF, 0xEF, 0xFF, 0x9F, 0xFE, 0x07, 0x80,
    0x1E, 0x00, 0x78, 0x01, 0xE0, 0x07, 0x80, 0x1E, 0x00, 0x78, 0x01, 0xE0, 0x07, 0x80, 0x1E, 0x00,
    0x78, 0x01, 0xE0, 0x07, 0x80, 0x1E, 0x00, 0x00, 0x38, 0x01, 0x86, 0x1C, 0x30, 0xC3, 0x80, 0x3F,
    0xC3, 0xFE, 0x0F, 0xF0, 0x38, 0x01, 0xC0, 0x0E, 0x00, 0x70, 0x03, 0x80, 0x1C, 0x00, 0xF0, 0x07,
    0xF0, 0x1F, 0x80, 0x7C, 0x00, 0xFF, 0xFB, 0xFF, 0xE7, 0xFF, 0x81, 0xE0, 0x07, 0x80, 0x1E, 0x00,
    0x78, 0x07, 0xF8, 0x3F, 0xF0, 0xFF, 0xC0, 0x78, 0x01, 0xE0, 0x07, 0x80, 0x1E, 0x00, 0x78, 0x01,
    0xE0, 0x07, 0x80, 0x18, 0x06, 0x03, 0x81, 0xFE, 0xFF, 0x9F, 0xE3, 0x81, 0xFC, 0x7F, 0x9F, 0xE3,
    0x80, 0xE0, 0x38, 0x0F, 0xE1, 0xF8, 0x3E, 0x00, 0x20, 0x7F, 0xC1, 0xFE, 0x0C, 0xF0, 0x00, 0x03,
    0x80, 0x7E, 0x01, 0xF8, 0x07, 0xE0, 0x1F, 0x80, 0x7E, 0x01, 0xF8, 0x07, 0xE0, 0x1F, 0x80, 0x7E,
    0x01, 0xF8, 0x07, 0xE0, 0x1F, 0xC0, 0xFF, 0x03, 0x9F, 0xFE, 0x3F, 0xF0, 0x3F, 0x00, 0x00, 0x20,
    0xFF, 0x0F, 0xF8, 0x67, 0x80, 0x00, 0x38, 0x3D, 0xC1, 0xEE, 0x0F, 0x70, 0x7B, 0x83, 0xDC, 0x1E,
    0xE0, 0xF7, 0x07, 0xB8, 0x3D, 0xC1, 0xEF, 0x1F, 0x3F, 0xF8, 0xF9, 0xC0, 0x1F, 0xC0, 0x7F, 0x81,
    0xFE, 0x00, 0x00, 0xE0, 0x1F, 0x80, 0x7E, 0x01, 0xF8, 0x07, 0xE0, 0x1F, 0x80, 0x7E, 0x01, 0xF8,
    0x07, 0xE0, 0x1F, 0x80, 0x7E, 0x01, 0xF8, 0x07, 0xF0, 0x3F, 0xC0, 0xE7, 0xFF, 0x8F, 0xFC, 0x0F,
    0xC0, 0x1F, 0xC0, 0xFF, 0x07, 0xF8, 0x00, 0x07, 0x07, 0xB8, 0x3D, 0xC1, 0xEE, 0x0F, 0x70, 0x7B,
    0x83, 0xDC, 0x1E, 0xE0, 0xF7, 0x07, 0xB8, 0x3D, 0xE3, 0xE7, 0xFF, 0x1F, 0x38, 0x10, 0x20, 0x7F,
    0x81, 0xFE, 0x03, 0xE0, 0x00, 0x03, 0x80, 0x7E, 0x01, 0xF8, 0x07, 0xE0, 0x1F, 0x80, 0x7E, 0x01,
    0xF8, 0x07, 0xE0, 0x1F, 0x80, 0x7E, 0x01, 0xF8, 0x07, 0xE0, 0x1F, 0xC0, 0xFF, 0x03, 0x9F, 0xFE,
    0x3F, 0xF0, 0x3F, 0x00, 0x10, 0x60, 0xFF, 0x07, 0xF0, 0x1F, 0x00, 0x00, 0x38, 0x3D, 0xC1, 0xEE,
    0x0F, 0x70, 0x7B, 0x83, 0xDC, 0x1E, 0xE0, 0xF7, 0x07, 0xB8, 0x3D, 0xC1, 0xEF, 0x1F, 0x3F, 0xF8,
    0xF9, 0xC0, 0x07, 0x80, 0x37, 0x00, 0xCC, 0x03, 0x30, 0x07, 0x80, 0x00, 0x00, 0x00, 0x38, 0x07,
    0xE0, 0x1F, 0x80, 0x7E, 0x01, 0xF8, 0x07, 0xE0, 0x1F, 0x80, 0x7E, 0x01, 0xF8, 0x07, 0xE0, 0x1F,
    0x80, 0x7E, 0x01, 0xFC, 0x0F, 0xF0, 0x39, 0xFF, 0xE3, 0xFF, 0x03, 0xF0, 0x07, 0x80, 0x6C, 0x03,
    0x30, 0x1B, 0x00, 0x78, 0x00, 0x00, 0x00, 0x0E, 0x0F, 0x70, 0x7B, 0x83, 0xDC, 0x1E, 0xE0, 0xF7,
    0x07, 0xB8, 0x3D, 0xC1, 0xEE, 0x0F, 0x70, 0x7B, 0xC7, 0xCF, 0xFE, 0x3E, 0x70, 0x0E, 0xF0, 0x73,
    0x81, 0xDC, 0x0C, 0x60, 0x00, 0x03, 0x80, 0x7E, 0x01, 0xF8, 0x07, 0xE0, 0x1F, 0x80, 0x7E, 0x01,
    0xF8, 0x07, 0xE0, 0x1F, 0x80, 0x7E, 0x01, 0xF8, 0x07, 0xE0, 0x1F, 0xC0, 0xFF, 0x03, 0x9F, 0xFE,
    0x3F, 0xF0, 0x3F, 0x00, 0x0E, 0xF0, 0xE7, 0x0E, 0x70, 0x67, 0x00, 0x00, 0x38, 0x3D, 0xC1, 0xEE,
    0x0F, 0x70, 0x7B, 0x83, 0xDC, 0x1E, 0xE0, 0xF7, 0x07, 0xB8, 0x3D, 0xC1, 0xEF, 0x1F, 0x3F, 0xF8,
    0xF9, 0xC0, 0xE0, 0x1F, 0x80, 0x7E, 0x01, 0xF8, 0x07, 0xE0, 0x1F, 0x80, 0x7E, 0x01, 0xF8, 0x07,
    0xE0, 0x1F, 0x80, 0x7E, 0x01, 0xF8, 0x07, 0xF0, 0x3F, 0xC0, 0xE7, 0xFF, 0x8F, 0xFC, 0x0F, 0xE0,
    0x03, 0x00, 0x1C, 0x00, 0x70, 0x01, 0xF0, 0x07, 0xC0, 0x0F, 0x00, 0x70, 0x7B, 0x83, 0xDC, 0x1E,
    0xE0, 0xF7, 0x07, 0xB8, 0x3D, 0xC1, 0xEE, 0x0F, 0x70, 0x7B, 0x83, 0xDE, 0x3E, 0x7F, 0xF1, 0xF7,
    0x80, 0x70, 0x03, 0x00, 0x1E, 0x00, 0xF8, 0x03, 0x80, 0x00, 0x7C, 0x00, 0x00, 0xF8, 0x00, 0x03,
    0xB8, 0x00, 0x0E, 0x38, 0x00, 0x00, 0x00, 0x1C, 0x07, 0x03, 0xFC, 0x1E, 0x07, 0x38, 0x3E, 0x0E,
    0x70, 0x7C, 0x1C, 0xE0, 0xF8, 0x79, 0xE3, 0xB8, 0xE1, 0xC7, 0x71, 0xC3, 0x8E, 0xE3, 0x87, 0x39,
    0xCF, 0x0F, 0x71, 0xDC, 0x0E, 0xE3, 0xB8, 0x1D, 0xC7, 0x70, 0x3F, 0x07, 0xE0, 0x7E, 0x0F, 0x80,
    0x7C, 0x1F, 0x00, 0xF0, 0x3E, 0x01, 0xE0, 0x3C, 0x00, 0x00, 0xF0, 0x00, 0x1F, 0x80, 0x03, 0xBC,
    0x00, 0x70, 0xE0, 0x00, 0x00, 0x0F, 0x0F, 0x0F, 0x70, 0xF0, 0xE7, 0x1F, 0x0E, 0x71, 0xF8, 0xE7,
    0x9F, 0x9C, 0x39, 0x99, 0xC3, 0xB9, 0xDC, 0x3B, 0x9D, 0xC3, 0xB9, 0xF8, 0x1F, 0x0F, 0x81, 0xF0,
    0xF8, 0x1F, 0x0F, 0x80, 0xE0, 0xF0, 0x07, 0x80, 0x1F, 0x80, 0x3B, 0x80, 0xC3, 0x80, 0x00, 0x1E,
    0x03, 0x9C, 0x0F, 0x3C, 0x1C, 0x38, 0x78, 0x78, 0xE0, 0x73, 0xC0, 0xF7, 0x00, 0xFC, 0x01, 0xF8,
    0x01, 0xE0, 0x03, 0xC0, 0x03, 0x80, 0x07, 0x00, 0x0E, 0x00, 0x1C, 0x00, 0x38, 0x00, 0x70, 0x00,
    0x0F, 0x80, 0x3E, 0x01, 0xDC, 0x0E, 0x38, 0x00, 0x03, 0xC0, 0xEF, 0x07, 0x9C, 0x1C, 0x78, 0x70,
    0xE3, 0xC3, 0x8E, 0x0F, 0x38, 0x1D, 0xC0, 0x77, 0x00, 0xFC, 0x03, 0xE0, 0x0F, 0x80, 0x1E, 0x00,
    0x70, 0x01, 0xC0, 0x0E, 0x01, 0xF8, 0x0F, 0xC0, 0x1E, 0x00, 0x00, 0x40, 0x39, 0xC0, 0x33, 0x80,
    0x00, 0x00, 0x00, 0x1E, 0x03, 0x9C, 0x0F, 0x3C, 0x1C, 0x38, 0x78, 0x78, 0xE0, 0x73, 0xC0, 0xF7,
    0x00, 0xFC, 0x01, 0xF8, 0x01, 0xE0, 0x03, 0xC0, 0x03, 0x80, 0x07, 0x00, 0x0E, 0x00, 0x1C, 0x00,
    0x38, 0x00, 0x70, 0x00, 0x00, 0xE0, 0x07, 0x00, 0x38, 0x00, 0xC0, 0x00, 0x01, 0xFF, 0xE7, 0xFF,
    0x9F, 0xFE, 0x00, 0xF0, 0x03, 0x80, 0x1E, 0x00, 0xF0, 0x03, 0x80, 0x1E, 0x00, 0xF0, 0x03, 0x80,
    0x1E, 0x00, 0xF0, 0x03, 0x80, 0x1F, 0xFE, 0x7F, 0xF9, 0xFF, 0xE0, 0x03, 0xC0, 0x70, 0x1C, 0x07,
    0x00, 0x00, 0xFF, 0xDF, 0xF9, 0xFE, 0x03, 0xC0, 0xF0, 0x1C, 0x07, 0x01, 0xE0, 0x38, 0x0E, 0x03,
    0xFE, 0x7F, 0xEF, 0xFC, 0x03, 0x00, 0x1E, 0x00, 0x30, 0x00, 0x00, 0x00, 0x01, 0xFF, 0xE7, 0xFF,
    0x9F, 0xFE, 0x00, 0xF0, 0x03, 0x80, 0x1E, 0x00, 0xF0, 0x03, 0x80, 0x1E, 0x00, 0xF0, 0x03, 0x80,
    0x1E, 0x00, 0xF0, 0x03, 0x80, 0x1F, 0xFE, 0x7F, 0xF9, 0xFF, 0xE0, 0x0E, 0x01, 0xE0, 0x38, 0x00,
    0x00, 0x00, 0xFF, 0xDF, 0xF9, 0xFE, 0x03, 0xC0, 0xF0, 0x1C, 0x07, 0x01, 0xE0, 0x38, 0x0E, 0x03,
    0xFE, 0x7F, 0xEF, 0xFC, 0x38, 0x70, 0x73, 0x80, 0xFC, 0x01, 0xE0, 0x00, 0x01, 0xFF, 0xE7, 0xFF,
    0x9F, 0xFE, 0x00, 0xF0, 0x03, 0x80, 0x1E, 0x00, 0xF0, 0x03, 0x80, 0x1E, 0x00, 0xF0, 0x03, 0x80,
    0x1E, 0x00, 0xF0, 0x03, 0x80, 0x1F, 0xFE, 0x7F, 0xF9, 0xFF, 0xE0, 0x70, 0xC7, 0x78, 0x7E, 0x07,
    0x80, 0x00, 0xFF, 0xDF, 0xF9, 0xFE, 0x03, 0xC0, 0xF0, 0x1C, 0x07, 0x01, 0xE0, 0x38, 0x0E, 0x03,
    0xFE, 0x7F, 0xEF, 0xFC, 0x1F, 0x1F, 0x9F, 0xCE, 0x07, 0x03, 0x81, 0xC0, 0xE0, 0x70, 0x38, 0x1C,
    0x0E, 0x07, 0x03, 0x81, 0xC0, 0xE0, 0x70, 0x38, 0x00, 0x7E, 0xFD, 0xF8, 0x7E, 0xFD, 0xF8, 0x7F,
    0xF3, 0xFF, 0xDF, 0xFE, 0x7F, 0xE7, 0xFE, 0x7F, 0xE0, 0x7F, 0xFF, 0xFE, 0x7F, 0xFF, 0xFE, 0x7F,
    0xFF, 0xFE, 0x7F, 0xFF, 0xFE, 0x7F, 0xFF, 0xFE, 0x7F, 0xFF, 0xFE, 0xE3, 0xF1, 0xF8, 0xFC, 0x7E,
    0x3F, 0x1F, 0x8F, 0xC7, 0xE3, 0xF1, 0xF8, 0xFC, 0x7E, 0x3F, 0x1F, 0x8F, 0xC7, 0xE3, 0xF1, 0xF8,
    0xFC, 0x7E, 0x3F, 0x1F, 0x8F, 0xC7, 0x7F, 0xEF, 0xFC, 0x00, 0x3F, 0xF7, 0xFE, 0x39, 0x9C, 0xE7,
    0x78, 0x7B, 0x9C, 0xEE, 0x70, 0x39, 0xDC, 0xE7, 0x30, 0xF3, 0x9C, 0xE3, 0x1C, 0x39, 0xCC, 0x67,
    0x39, 0xCE, 0x73, 0xBD, 0xE0, 0x7B, 0xDC, 0xE7, 0x39, 0xCE, 0xE3, 0x39, 0xC0, 0x39, 0xC7, 0x39,
    0xCE, 0x39, 0xC7, 0x38, 0xC6, 0x00, 0xF7, 0x9C, 0xE7, 0x39, 0xCE, 0x31, 0x8E, 0x70, 0x0E, 0x03,
    0x00, 0xC0, 0x30, 0x0C, 0x3F, 0xFF, 0xFC, 0x30, 0x0C, 0x03, 0x00, 0xC0, 0x30, 0x0C, 0x03, 0x00,
    0xC0, 0x38, 0x0E, 0x07, 0x80, 0x0E, 0x03, 0x80, 0xC0, 0x30, 0xFF, 0xFF, 0xF4, 0xCC, 0x30, 0x0E,
    0x03, 0x80, 0xC1, 0x31, 0xFF, 0xFF, 0xF0, 0xC0, 0x30, 0x0E, 0x03, 0x80, 0x38, 0xFB, 0xFF, 0xFF,
    0xEF, 0x8E, 0x00, 0x00, 0xC0, 0xE0, 0xF8, 0xFE, 0xFE, 0xF8, 0xE0, 0xC0, 0x00, 0x6F, 0xF6, 0x70,
    0xDE, 0x3F, 0xC7, 0xB8, 0x60, 0x70, 0xC3, 0xBC, 0x78, 0xEF, 0x1E, 0x39, 0xC3, 0x0E, 0x77, 0xBC,
    0xE0, 0xFD, 0x83, 0x06, 0x0C, 0x18, 0x30, 0x60, 0xC1, 0x83, 0x06, 0x0C, 0x18, 0x30, 0x60, 0xC0,
    0x00, 0x7E, 0x0C, 0x18, 0x30, 0x60, 0xC1, 0x83, 0x06, 0x0C, 0x18, 0x30, 0x60, 0xC1, 0x83, 0x06,
    0x00, 0xFF, 0xFF, 0xFF, 0xFC, 0xC3, 0x0C, 0x30, 0xC3, 0x0C, 0x30, 0xC3, 0x0C, 0x30, 0xC3, 0x00,
    0xFE, 0x08, 0x20, 0xFC, 0xC3, 0x0C, 0x30, 0xC3, 0x0C, 0x30, 0xC3, 0x0C, 0x30, 0xC3, 0x00, 0xFC,
    0x10, 0x41, 0xFC, 0xC3, 0x0C, 0x30, 0xC3, 0x0C, 0x30, 0xC3, 0x0C, 0x30, 0xC3, 0x00, 0x1E, 0x03,
    0x00, 0x01, 0xF8, 0x38, 0x00, 0x1F, 0xC3, 0x80, 0x00, 0xE7, 0x1C, 0x00, 0x07, 0x39, 0xC0, 0x00,
    0x39, 0xCE, 0x00, 0x01, 0xCE, 0xE2, 0x02, 0x0E, 0xE6, 0x7C, 0x7E, 0x7F, 0x77, 0xF3, 0xF1, 0xF3,
    0x7B, 0xB9, 0xC2, 0x3B, 0x9D, 0xCE, 0x03, 0x9C, 0xEE, 0x70, 0x1C, 0xE7, 0x73, 0x81, 0xC7, 0x3B,
    0x9C, 0x0C, 0x1F, 0xDF, 0xE0, 0xE0, 0xFC, 0x7E, 0x06, 0x03, 0xC1, 0xE0, 0x1E, 0x03, 0x00, 0x00,
    0x00, 0xFC, 0x1C, 0x00, 0x00, 0x07, 0xF0, 0x60, 0x00, 0x00, 0x1C, 0xE3, 0x80, 0x00, 0x00, 0x73,
    0x9C, 0x00, 0x00, 0x01, 0xCE, 0x70, 0x00, 0x00, 0x07, 0x3B, 0x88, 0x04, 0x04, 0x1D, 0xEC, 0xF8,
    0xFC, 0x7E, 0x7F, 0x77, 0xF3, 0xF1, 0xF8, 0xF9, 0x9D, 0xDC, 0xEE, 0x70, 0x8E, 0xE7, 0x73, 0xB9,
    0xC0, 0x33, 0x8D, 0xCE, 0xE7, 0x01, 0xCE, 0x37, 0x3B, 0x9C, 0x0E, 0x39, 0xDC, 0xEE, 0x70, 0x38,
    0x7F, 0x3F, 0xBF, 0xC1, 0xC1, 0xF8, 0xFC, 0x7E, 0x06, 0x03, 0xC1, 0xE0, 0xF0, 0x1C, 0xE3, 0x1C,
    0x63, 0x00, 0x1C, 0xE7, 0x38, 0xC6, 0x39, 0xC6, 0x31, 0x8C, 0x00, 0x1C, 0xE7, 0x39, 0xCE, 0x31,
    0x8C, 0x73, 0x9C, 0x63, 0x38, 0xC6, 0x30, 0x70, 0xE0, 0xE0, 0xC1, 0xC1, 0x80, 0x73, 0x87, 0x38,
    0x39, 0xC1, 0x8C, 0x1C, 0xE0, 0xC6, 0x73, 0xB8, 0x39, 0xCE, 0x0E, 0x73, 0x03, 0x19, 0xC1, 0xCE,
    0x60, 0x63, 0x18, 0x08, 0x03, 0x01, 0xC0, 0x78, 0x32, 0x0C, 0xC6, 0x11, 0x86, 0x04, 0x0E, 0x1E,
    0x3C, 0x38, 0x70, 0x78, 0x3C, 0x1E, 0x0E, 0x04, 0x20, 0x70, 0x38, 0x3C, 0x1E, 0x0E, 0x1E, 0x1C,
    0x38, 0x70, 0x20, 0x1F, 0x80, 0xFE, 0x07, 0xF8, 0x1C, 0x00, 0x70, 0x01, 0xCF, 0xE7, 0x3F, 0x9C,
    0xFE, 0x73, 0x81, 0xFF, 0xC3, 0xFF, 0x87, 0xFE, 0x03, 0x80, 0x0E, 0x00, 0x3F, 0x80, 0xFE, 0x03,
    0xF8, 0x03, 0x30, 0x19, 0x83, 0xFC, 0x3F, 0xF3, 0xFF, 0x3F, 0x33, 0xD9, 0x9E, 0xD8, 0xE6, 0xC7,
    0x26, 0x3B, 0x31, 0xD9, 0x8F, 0xD8, 0x3E, 0xC1, 0xF6, 0x47, 0xFE, 0x1F, 0xF0, 0xDC, 0x06, 0xC0,
    0x26, 0x00, 0x0F, 0xE0, 0xFF, 0x8F, 0xFC, 0xF0, 0x07, 0x00, 0x78, 0x03, 0x80, 0x1C, 0x6E, 0xE3,
    0xF7, 0x1F, 0x38, 0xE1, 0xE7, 0x07, 0x38, 0x3D, 0xC0, 0xFF, 0xC7, 0xFE, 0x0F, 0xE0, 0x3F, 0xF9,
    0xFF, 0xCF, 0xFC, 0x78, 0x03, 0xC0, 0x1E, 0x00, 0xF0, 0x07, 0xFE, 0x3F, 0xF1, 0xFF, 0x8F, 0x00,
    0x78, 0x07, 0xF8, 0x3F, 0xC1, 0xFE, 0x07, 0x80, 0x3C, 0x00, 0x07, 0xF0, 0x3F, 0xC1, 0xFF, 0x07,
    0x00, 0x1C, 0x00, 0x70, 0x07, 0xFE, 0x1F, 0xF8, 0x7F, 0xC1, 0xFF, 0x07, 0xFE, 0x1F, 0xF8, 0x1C,
    0x00, 0x70, 0x07, 0xFF, 0x9F, 0xFE, 0x7F, 0xF8, 0x00, 0x06, 0x00, 0x00, 0x30, 0x00, 0x03, 0x80,
    0xEF, 0x9F, 0x87, 0xFF, 0xFF, 0x3F, 0xFF, 0xF9, 0xE1, 0xE1, 0xCE, 0x0F, 0x0E, 0x70, 0x70, 0x73,
    0x83, 0x83, 0x9C, 0x3C, 0x1C, 0xE1, 0xE0, 0xE7, 0x1F, 0x07, 0x38, 0xF8, 0x39, 0xCF, 0xC1, 0xCE,
    0x6E, 0x0E, 0x07, 0x00, 0x00, 0x30, 0x00, 0x01, 0x80, 0x00, 0x38, 0x70, 0xF1, 0xC3, 0xC7, 0x0F,
    0x1C, 0x3E, 0x70, 0xD9, 0xCF, 0xFF, 0xFF, 0xFF, 0x33, 0x73, 0xFF, 0xFF, 0xFF, 0xCC, 0x7C, 0x31,
    0xF0, 0xC7, 0xC3, 0x0F, 0x0C, 0x3C, 0x30, 0xF0, 0xFE, 0x00, 0x3F, 0xE0, 0x0F, 0xFC, 0x03, 0x87,
    0x00, 0xE1, 0xC6, 0x38, 0x73, 0x8E, 0x1C, 0xE3, 0x87, 0x7F, 0xFF, 0xFF, 0xFF, 0xEF, 0xEF, 0xE0,
    0xE3, 0x80, 0x38, 0xE0, 0x0E, 0x38, 0x03, 0x8E, 0x00, 0xE3, 0x80, 0x3F, 0xE0, 0x07, 0xC0, 0x7F,
    0x00, 0x07, 0xF8, 0x00, 0x7F, 0xC0, 0x07, 0x1C, 0x00, 0x71, 0xC7, 0xC7, 0x1C, 0xFE, 0x71, 0xCF,
    0xE7, 0x3D, 0xC0, 0x7F, 0x8E, 0x07, 0xF0, 0xF8, 0x7F, 0x07, 0xC7, 0x38, 0x1E, 0x73, 0x80, 0xE7,
    0x3C, 0x0F, 0x71, 0xDF, 0xE7, 0x1F, 0xFE, 0x70, 0xEF, 0xC0, 0xE1, 0xC3, 0xB0, 0xE1, 0x98, 0x70,
    0xCE, 0x7C, 0x67, 0x3E, 0x73, 0x9F, 0x39, 0xCD, 0x9C, 0x66, 0xCE, 0xFF, 0xFF, 0xFF, 0xFF, 0xCF,
    0xDD, 0x87, 0xC7, 0xC3, 0xE3, 0xE0, 0xF1, 0xF0, 0x78, 0xF0, 0x3C, 0x78, 0x1C, 0x1C, 0x00, 0xFF,
    0x83, 0xFF, 0xF1, 0xF8, 0x7C, 0xFC, 0x0E, 0x7E, 0x77, 0x3F, 0x3B, 0x9F, 0x9D, 0xCF, 0xCE, 0xE7,
    0xE7, 0x73, 0xF3, 0xB9, 0xF9, 0xDC, 0xFC, 0xEE, 0x7E, 0x73, 0x3F, 0x38, 0x1F, 0x9C, 0x3D, 0xCF,
    0xFE, 0xE7, 0xFC, 0x00, 0x00, 0x70, 0x1F, 0xF0, 0x7F, 0xC1, 0xFF, 0x00, 0x70, 0x7D, 0xC3, 0xFF,
    0x1F, 0xFC, 0xF0, 0xF3, 0xC1, 0xCF, 0x07, 0x38, 0x1C, 0xE0, 0x73, 0xC1, 0xCF, 0x0F, 0x1F, 0xFC,
    0x3F, 0xF0, 0x7D, 0xC0, 0x00, 0x00, 0x00, 0x3F, 0xF0, 0xFF, 0xC0, 0x03, 0xF0, 0x1F, 0xE0, 0xFF,
    0x87, 0x80, 0x1C, 0x01, 0xFF, 0x07, 0xFE, 0x1F, 0xF8, 0x38, 0x01, 0xFF, 0x07, 0xFC, 0x1F, 0xE0,
    0x1C, 0x00, 0x78, 0x00, 0xFF, 0x81, 0xFE, 0x03, 0xF8, 0x38, 0x38, 0xE1, 0xE3, 0x87, 0x0E, 0x38,
    0x39, 0xE0, 0xE7, 0x03, 0xB8, 0x0E, 0xE0, 0xFF, 0xFB, 0xFF, 0xE3, 0xFC, 0x0E, 0x70, 0x38, 0xE0,
    0xE3, 0xC3, 0x87, 0x0E, 0x1E, 0x38, 0x3C, 0xFF, 0xFB, 0xFF, 0xE7, 0xFF, 0x81, 0xE0, 0x07, 0xA0,
    0x1F, 0x80, 0x7C, 0x01, 0xE0, 0x0F, 0xA0, 0xFF, 0xC1, 0x7C, 0x01, 0xE0, 0x0F, 0x80, 0xFE, 0x03,
    0x78, 0x01, 0xE0, 0x07, 0x80, 0x3F, 0x80, 0x00, 0x7F, 0xE0, 0x00, 0x7F, 0xF0, 0x00, 0x00, 0x78,
    0x00, 0x1E, 0x38, 0x00, 0x1C, 0x3C, 0x00, 0x1C, 0x1C, 0x00, 0x1C, 0x1C, 0x00, 0x1C, 0x1C, 0x00,
    0x38, 0x3C, 0x7C, 0x38, 0x3D, 0xFE, 0x38, 0x39, 0xFE, 0x38, 0x7B, 0x8E, 0x78, 0xF3, 0x8E, 0x7F,
    0xE3, 0x8E, 0x7F, 0xC3, 0xFC, 0x7F, 0x07, 0xF8, 0x00, 0x07, 0x00, 0x00, 0x07, 0x00, 0x00, 0x07,
    0x00, 0x00, 0x06, 0x00, 0x00, 0x0E, 0x00, 0x00, 0x0E, 0x00, 0x01, 0xE0, 0x1F, 0x81, 0xFE, 0x0E,
    0x70, 0x73, 0x83, 0x9C, 0x1C, 0xE0, 0xFE, 0x03, 0xF0, 0x1F, 0x00, 0x78, 0x23, 0xC1, 0xBE, 0x1F,
    0xF9, 0xFD, 0xCD, 0xCE, 0xE6, 0x78, 0x01, 0xC0, 0x0E, 0x00, 0x70, 0x1F, 0x80, 0xF8, 0x07, 0x80,
    0x3F, 0x80, 0xFF, 0x83, 0xFF, 0x0E, 0x3C, 0xFF, 0xFF, 0xFF, 0xF3, 0x87, 0x3F, 0xFF, 0xFF, 0xFC,
    0xFF, 0xC3, 0xFE, 0x0F, 0xE0, 0x38, 0x00, 0xE0, 0x03, 0x80, 0x0E, 0x00, 0x38, 0x00, 0x01, 0xC0,
    0x07, 0xF0, 0x3F, 0xF0, 0xFF, 0xE3, 0xDC, 0x0F, 0x38, 0x1C, 0x70, 0x78, 0xE0, 0xF1, 0xC1, 0xE3,
    0xFF, 0xC7, 0xFF, 0x8F, 0xF7, 0x1D, 0xEF, 0x3B, 0xDF, 0x77, 0x9F, 0xFF, 0x1F, 0xFE, 0x0F, 0xF8,
    0x07, 0x00, 0x0E, 0x00, 0x03, 0xC0, 0x07, 0xC0, 0x07, 0xC0, 0x07, 0xE0, 0x0E, 0xE0, 0x0E, 0xE0,
    0xFF, 0xFE, 0xFF, 0xFE, 0x1C, 0x70, 0x1C, 0x78, 0xFF, 0xFE, 0xFF, 0xFE, 0x38, 0x3C, 0x70, 0x1C,
    0x70, 0x1C, 0xF0, 0x1E, 0xE0, 0x0E, 0x1F, 0xC0, 0xFF, 0x83, 0xFF, 0x00, 0x1C, 0x00, 0x70, 0x01,
    0xCF, 0xFF, 0xBF, 0xFE, 0x1F, 0xC3, 0xFF, 0xEF, 0xFF, 0x9E, 0x00, 0x70, 0x01, 0xE0, 0x03, 0xFF,
    0x0F, 0xFC, 0x0F, 0xE0, 0x01, 0x80, 0x1F, 0xC1, 0xFF, 0x8F, 0xFE, 0x3D, 0x81, 0xE6, 0x07, 0x18,
    0x1C, 0x60, 0xF1, 0x83, 0xC6, 0x0F, 0x18, 0x3C, 0x60, 0x71, 0x81, 0xE6, 0x07, 0xD8, 0x0F, 0xFE,
    0x1F, 0xF8, 0x3F, 0xC0, 0x18, 0x00, 0x60, 0x18, 0x70, 0x18, 0x70, 0x38, 0x70, 0x7F, 0xFE, 0xFF,
    0xFE, 0x7F, 0xFE, 0x38, 0xF0, 0x38, 0xF0, 0x38, 0xF0, 0x38, 0xF0, 0x38, 0xF0, 0x38, 0xF0, 0x38,
    0xF0, 0x38, 0xFE, 0x38, 0x7E, 0x38, 0x3E, 0x00, 0xFE, 0x00, 0xFF, 0x80, 0xFF, 0xC0, 0x70, 0x00,
    0x38, 0x00, 0x1C, 0x00, 0x0F, 0x80, 0x03, 0xF0, 0x00, 0xFE, 0x00, 0x1F, 0x80, 0x03, 0xCF, 0xFE,
    0xFF, 0xBB, 0x3B, 0xCC, 0xF9, 0xE6, 0x7C, 0x7F, 0xFC, 0x1F, 0xF8, 0x08, 0xCC, 0x04, 0x44, 0x00,
    0xFF, 0xFB, 0xFF, 0xE7, 0xFF, 0x80, 0x00, 0xFF, 0xFB, 0xFF, 0xE7, 0xFF, 0x81, 0xC0, 0x07, 0x00,
    0x1C, 0x00, 0x70, 0x01, 0xC0, 0x07, 0x00, 0x1C, 0x00, 0x70, 0x01, 0xC0, 0x07, 0x00, 0x7F, 0xE7,
    0xFE, 0x0F, 0x00, 0x70, 0x7F, 0xE7, 0xFE, 0x07, 0x00, 0xF0, 0x7E, 0x07, 0xC0, 0x70, 0x03, 0x80,
    0x3C, 0x01, 0xC0, 0x1E, 0x00, 0xF0, 0x0F, 0x00, 0x70, 0x1C, 0x00, 0x70, 0x01, 0xDC, 0x07, 0xF0,
    0x7F, 0x03, 0xF1, 0x0F, 0xFC, 0x0F, 0xE0, 0xFC, 0x1B, 0xF0, 0xE1, 0xC3, 0x87, 0x0E, 0x1C, 0x70,
    0x73, 0xC1, 0xFE, 0x07, 0xF0, 0x1F, 0x00, 0x3C, 0x00, 0x0D, 0xC0, 0x03, 0x18, 0x00, 0x73, 0x00,
    0x07, 0xFF, 0xF0, 0xFF, 0xFF, 0x83, 0xFF, 0xF0, 0x30, 0x03, 0x06, 0x64, 0x60, 0xFF, 0xCC, 0x1E,
    0xFF, 0x03, 0x89, 0xE0, 0xF0, 0x00, 0x3F, 0x00, 0x00, 0xFF, 0x80, 0x0F, 0xF0, 0x00, 0x7E, 0x00,
    0x00, 0xE0, 0x00, 0x1C, 0x00, 0x03, 0x80, 0x00, 0x70, 0x00, 0x0E, 0x00, 0x1F, 0xFC, 0x07, 0xFF,
    0xC1, 0xFF, 0xFC, 0x78, 0xE3, 0x8E, 0x1C, 0x7B, 0xC3, 0x87, 0x70, 0x70, 0xEE, 0x0E, 0x1D, 0xC0,
    0x03, 0xB8, 0x00, 0x77, 0x00, 0x0E, 0xE0, 0x01, 0xC0, 0x3F, 0xE0, 0xFF, 0xC3, 0xFF, 0x8E, 0x0F,
    0x38, 0x3C, 0xE0, 0xF3, 0x83, 0xCE, 0x1E, 0xFF, 0xFB, 0xFF, 0x87, 0xF0, 0x0E, 0x00, 0xFF, 0x83,
    0xFE, 0x07, 0xF8, 0x0E, 0x00, 0x38, 0x00, 0x03, 0x60, 0x0D, 0x80, 0x7F, 0x07, 0xFE, 0x3F, 0xF9,
    0xFD, 0x87, 0x36, 0x1C, 0xD8, 0xF3, 0x63, 0xC0, 0x0F, 0x00, 0x1C, 0x00, 0x70, 0x01, 0xE0, 0x03,
    0x80, 0x07, 0x80, 0x7F, 0xFB, 0xFF, 0xEF, 0xFF, 0x80, 0x33, 0x06, 0x63, 0xFC, 0x7F, 0xEF, 0xFD,
    0xC3, 0xB8, 0x7F, 0x0E, 0xE3, 0xDF, 0xF3, 0xFE, 0x7F, 0xEE, 0x1F, 0xC1, 0xF8, 0x7F, 0x0F, 0xFF,
    0xDF, 0xFB, 0xFC, 0x19, 0x83, 0x30, 0x24, 0x00, 0x00, 0x1F, 0xFB, 0x01, 0x60, 0x2C, 0x05, 0x80,
    0xB0, 0x16, 0x02, 0xC0, 0x58, 0x0B, 0x01, 0x60, 0x2C, 0x05, 0x80, 0xB0, 0x16, 0x02, 0xC0, 0x5F,
    0xF8, 0x00, 0x00, 0x00, 0x1F, 0xFB, 0x01, 0x60, 0x2C, 0x05, 0x80, 0xB0, 0x16, 0x02, 0xC0, 0x58,
    0x0B, 0x01, 0x60, 0x2C, 0x05, 0x80, 0xB0, 0x16, 0x02, 0xC0, 0x5F, 0xF8, 0x00, 0x00, 0x00, 0x1F,
    0xFB, 0x01, 0x60, 0x2C, 0x05, 0x80, 0xB0, 0x16, 0x02, 0xC0, 0x58, 0x0B, 0x01, 0x60, 0x2C, 0x05,
    0x80, 0xB0, 0x16, 0x02, 0xC0, 0x5F, 0xF8, 0x00, 0x00, 0x00, 0x1F, 0xFB, 0x01, 0x60, 0x2C, 0x05,
    0x80, 0xB0, 0x16, 0x02, 0xC0, 0x58, 0x0B, 0x01, 0x60, 0x2C, 0x05, 0x80, 0xB0, 0x16, 0x02, 0xC0,
    0x5F, 0xF8, 0x00, 0x00, 0x00, 0x1F, 0xFB, 0x01, 0x60, 0x2C, 0x05, 0x80, 0xB0, 0x16, 0x02, 0xC0,
    0x58, 0x0B, 0x01, 0x60, 0x2C, 0x05, 0x80, 0xB0, 0x16, 0x02, 0xC0, 0x5F, 0xF8, 0x00, 0x00, 0x00,
    0x1F, 0xFB, 0x01, 0x60, 0x2C, 0x05, 0x80, 0xB0, 0x16, 0x02, 0xC0, 0x58, 0x0B, 0x01, 0x60, 0x2C,
    0x05, 0x80, 0xB0, 0x16, 0x02, 0xC0, 0x5F, 0xF8, 0x00, 0x00, 0x00, 0x1F, 0xFB, 0x01, 0x60, 0x2C,
    0x05, 0x80, 0xB0, 0x16, 0x02, 0xC0, 0x58, 0x0B, 0x01, 0x60, 0x2C, 0x05, 0x80, 0xB0, 0x16, 0x02,
    0xC0, 0x5F, 0xF8, 0x00, 0x00, 0x00, 0x1F, 0xFB, 0x01, 0x60, 0x2C, 0x05, 0x80, 0xB0, 0x16, 0x02,
    0xC0, 0x58, 0x0B, 0x01, 0x60, 0x2C, 0x05, 0x80, 0xB0, 0x16, 0x02, 0xC0, 0x5F, 0xF8, 0x00, 0x00,
    0x00, 0x1F, 0xFB, 0x01, 0x60, 0x2C, 0x05, 0x80, 0xB0, 0x16, 0x02, 0xC0, 0x58, 0x0B, 0x01, 0x60,
    0x2C, 0x05, 0x80, 0xB0, 0x16, 0x02, 0xC0, 0x5F, 0xF8, 0x00, 0x00, 0x00, 0x1F, 0xFB, 0x01, 0x60,
    0x2C, 0x05, 0x80, 0xB0, 0x16, 0x02, 0xC0, 0x58, 0x0B, 0x01, 0x60, 0x2C, 0x05, 0x80, 0xB0, 0x16,
    0x02, 0xC0, 0x5F, 0xF8, 0x00, 0x00, 0x00, 0x1F, 0xFB, 0x01, 0x60, 0x2C, 0x05, 0x80, 0xB0, 0x16,
    0x02, 0xC0, 0x58, 0x0B, 0x01, 0x60, 0x2C, 0x05, 0x80, 0xB0, 0x16, 0x02, 0xC0, 0x5F, 0xF8, 0x00,
    0x00, 0x00, 0x1F, 0xFB, 0x01, 0x60, 0x2C, 0x05, 0x80, 0xB0, 0x16, 0x02, 0xC0, 0x58, 0x0B, 0x01,
    0x60, 0x2C, 0x05, 0x80, 0xB0, 0x16, 0x02, 0xC0, 0x5F, 0xF8, 0x00, 0x00, 0x00, 0x1F, 0xFB, 0x01,
    0x60, 0x2C, 0x05, 0x80, 0xB0, 0x16, 0x02, 0xC0, 0x58, 0x0B, 0x01, 0x60, 0x2C, 0x05, 0x80, 0xB0,
    0x16, 0x02, 0xC0, 0x5F, 0xF8, 0x00, 0x00, 0x00, 0x1F, 0xFB, 0x01, 0x60, 0x2C, 0x05, 0x80, 0xB0,
    0x16, 0x02, 0xC0, 0x58, 0x0B, 0x01, 0x60, 0x2C, 0x05, 0x80, 0xB0, 0x16, 0x02, 0xC0, 0x5F, 0xF8,
    0x00, 0x00, 0x00, 0x1F, 0xFB, 0x01, 0x60, 0x2C, 0x05, 0x80, 0xB0, 0x16, 0x02, 0xC0, 0x58, 0x0B,
    0x01, 0x60, 0x2C, 0x05, 0x80, 0xB0, 0x16, 0x02, 0xC0, 0x5F, 0xF8, 0x00, 0x00, 0x00, 0x1F, 0xFB,
    0x01, 0x60, 0x2C, 0x05, 0x80, 0xB0, 0x16, 0x02, 0xC0, 0x58, 0x0B, 0x01, 0x60, 0x2C, 0x05, 0x80,
    0xB0, 0x16, 0x02, 0xC0, 0x5F, 0xF8, 0x00, 0x00,
];

pub(crate) static NOTO_SANS_24_SEMIBOLD: BitmapFont = BitmapFont::new(
    &NOTO_SANS_CODEPOINTS,
    &NOTO_SANS_24_SEMIBOLD_GLYPHS,
    &NOTO_SANS_24_SEMIBOLD_BITMAP,
    33,
);
