use super::{BitmapFont, BitmapGlyph};

static NOTO_SERIF_CODEPOINTS: [u16; 410] = [
    0x0020, 0x0021, 0x0022, 0x0023, 0x0024, 0x0025, 0x0026, 0x0027, 0x0028, 0x0029, 0x002A, 0x002B,
    0x002C, 0x002D, 0x002E, 0x002F, 0x0030, 0x0031, 0x0032, 0x0033, 0x0034, 0x0035, 0x0036, 0x0037,
    0x0038, 0x0039, 0x003A, 0x003B, 0x003C, 0x003D, 0x003E, 0x003F, 0x0040, 0x0041, 0x0042, 0x0043,
    0x0044, 0x0045, 0x0046, 0x0047, 0x0048, 0x0049, 0x004A, 0x004B, 0x004C, 0x004D, 0x004E, 0x004F,
    0x0050, 0x0051, 0x0052, 0x0053, 0x0054, 0x0055, 0x0056, 0x0057, 0x0058, 0x0059, 0x005A, 0x005B,
    0x005C, 0x005D, 0x005E, 0x005F, 0x0060, 0x0061, 0x0062, 0x0063, 0x0064, 0x0065, 0x0066, 0x0067,
    0x0068, 0x0069, 0x006A, 0x006B, 0x006C, 0x006D, 0x006E, 0x006F, 0x0070, 0x0071, 0x0072, 0x0073,
    0x0074, 0x0075, 0x0076, 0x0077, 0x0078, 0x0079, 0x007A, 0x007B, 0x007C, 0x007D, 0x007E, 0x00A0,
    0x00A1, 0x00A2, 0x00A3, 0x00A4, 0x00A5, 0x00A6, 0x00A7, 0x00A8, 0x00A9, 0x00AA, 0x00AB, 0x00AC,
    0x00AD, 0x00AE, 0x00AF, 0x00B0, 0x00B1, 0x00B2, 0x00B3, 0x00B4, 0x00B5, 0x00B6, 0x00B7, 0x00B8,
    0x00B9, 0x00BA, 0x00BB, 0x00BC, 0x00BD, 0x00BE, 0x00BF, 0x00C0, 0x00C1, 0x00C2, 0x00C3, 0x00C4,
    0x00C5, 0x00C6, 0x00C7, 0x00C8, 0x00C9, 0x00CA, 0x00CB, 0x00CC, 0x00CD, 0x00CE, 0x00CF, 0x00D0,
    0x00D1, 0x00D2, 0x00D3, 0x00D4, 0x00D5, 0x00D6, 0x00D7, 0x00D8, 0x00D9, 0x00DA, 0x00DB, 0x00DC,
    0x00DD, 0x00DE, 0x00DF, 0x00E0, 0x00E1, 0x00E2, 0x00E3, 0x00E4, 0x00E5, 0x00E6, 0x00E7, 0x00E8,
    0x00E9, 0x00EA, 0x00EB, 0x00EC, 0x00ED, 0x00EE, 0x00EF, 0x00F0, 0x00F1, 0x00F2, 0x00F3, 0x00F4,
    0x00F5, 0x00F6, 0x00F7, 0x00F8, 0x00F9, 0x00FA, 0x00FB, 0x00FC, 0x00FD, 0x00FE, 0x00FF, 0x0100,
    0x0101, 0x0102, 0x0103, 0x0104, 0x0105, 0x0106, 0x0107, 0x0108, 0x0109, 0x010A, 0x010B, 0x010C,
    0x010D, 0x010E, 0x010F, 0x0110, 0x0111, 0x0112, 0x0113, 0x0114, 0x0115, 0x0116, 0x0117, 0x0118,
    0x0119, 0x011A, 0x011B, 0x011C, 0x011D, 0x011E, 0x011F, 0x0120, 0x0121, 0x0122, 0x0123, 0x0124,
    0x0125, 0x0126, 0x0127, 0x0128, 0x0129, 0x012A, 0x012B, 0x012C, 0x012D, 0x012E, 0x012F, 0x0130,
    0x0131, 0x0132, 0x0133, 0x0134, 0x0135, 0x0136, 0x0137, 0x0138, 0x0139, 0x013A, 0x013B, 0x013C,
    0x013D, 0x013E, 0x013F, 0x0140, 0x0141, 0x0142, 0x0143, 0x0144, 0x0145, 0x0146, 0x0147, 0x0148,
    0x0149, 0x014A, 0x014B, 0x014C, 0x014D, 0x014E, 0x014F, 0x0150, 0x0151, 0x0152, 0x0153, 0x0154,
    0x0155, 0x0156, 0x0157, 0x0158, 0x0159, 0x015A, 0x015B, 0x015C, 0x015D, 0x015E, 0x015F, 0x0160,
    0x0161, 0x0162, 0x0163, 0x0164, 0x0165, 0x0166, 0x0167, 0x0168, 0x0169, 0x016A, 0x016B, 0x016C,
    0x016D, 0x016E, 0x016F, 0x0170, 0x0171, 0x0172, 0x0173, 0x0174, 0x0175, 0x0176, 0x0177, 0x0178,
    0x0179, 0x017A, 0x017B, 0x017C, 0x017D, 0x017E, 0x017F, 0x2010, 0x2011, 0x2012, 0x2013, 0x2014,
    0x2015, 0x2016, 0x2017, 0x2018, 0x2019, 0x201A, 0x201B, 0x201C, 0x201D, 0x201E, 0x201F, 0x2020,
    0x2021, 0x2022, 0x2023, 0x2024, 0x2025, 0x2026, 0x2027, 0x2028, 0x2029, 0x202A, 0x202B, 0x202C,
    0x202D, 0x202E, 0x202F, 0x2030, 0x2031, 0x2032, 0x2033, 0x2034, 0x2035, 0x2036, 0x2037, 0x2038,
    0x2039, 0x203A, 0x20A0, 0x20A1, 0x20A2, 0x20A3, 0x20A4, 0x20A5, 0x20A6, 0x20A7, 0x20A8, 0x20A9,
    0x20AA, 0x20AB, 0x20AC, 0x20AD, 0x20AE, 0x20AF, 0x20B0, 0x20B1, 0x20B2, 0x20B3, 0x20B4, 0x20B5,
    0x20B6, 0x20B7, 0x20B8, 0x20B9, 0x20BA, 0x20BB, 0x20BC, 0x20BD, 0x20BE, 0x20BF, 0x20C0, 0x20C1,
    0x20C2, 0x20C3, 0x20C4, 0x20C5, 0x20C6, 0x20C7, 0x20C8, 0x20C9, 0x20CA, 0x20CB, 0x20CC, 0x20CD,
    0x20CE, 0x20CF,
];

static NOTO_SERIF_12_REGULAR_GLYPHS: [BitmapGlyph; 410] = [
    BitmapGlyph::new(0, 0, 0, 0, 27, 7),
    BitmapGlyph::new(0, 4, 19, 2, 9, 8),
    BitmapGlyph::new(10, 8, 7, 1, 9, 10),
    BitmapGlyph::new(17, 14, 18, 0, 9, 14),
    BitmapGlyph::new(49, 12, 21, 1, 8, 14),
    BitmapGlyph::new(81, 21, 20, 1, 8, 22),
    BitmapGlyph::new(134, 19, 20, 0, 8, 19),
    BitmapGlyph::new(182, 4, 7, 1, 9, 6),
    BitmapGlyph::new(186, 7, 23, 1, 8, 9),
    BitmapGlyph::new(207, 8, 23, 0, 8, 9),
    BitmapGlyph::new(230, 11, 10, 1, 8, 13),
    BitmapGlyph::new(244, 12, 12, 1, 12, 14),
    BitmapGlyph::new(262, 5, 8, 0, 23, 6),
    BitmapGlyph::new(267, 8, 3, 0, 19, 8),
    BitmapGlyph::new(270, 4, 5, 1, 23, 6),
    BitmapGlyph::new(273, 8, 23, 0, 8, 7),
    BitmapGlyph::new(296, 12, 20, 1, 8, 14),
    BitmapGlyph::new(326, 11, 18, 1, 9, 14),
    BitmapGlyph::new(351, 12, 19, 1, 8, 14),
    BitmapGlyph::new(380, 12, 20, 1, 8, 14),
    BitmapGlyph::new(410, 14, 18, 0, 9, 14),
    BitmapGlyph::new(442, 12, 19, 1, 9, 14),
    BitmapGlyph::new(471, 12, 20, 1, 8, 14),
    BitmapGlyph::new(501, 12, 18, 1, 9, 14),
    BitmapGlyph::new(528, 12, 20, 1, 8, 14),
    BitmapGlyph::new(558, 12, 20, 1, 8, 14),
    BitmapGlyph::new(588, 4, 15, 2, 13, 7),
    BitmapGlyph::new(596, 5, 18, 1, 13, 7),
    BitmapGlyph::new(608, 12, 14, 1, 11, 14),
    BitmapGlyph::new(629, 12, 8, 1, 14, 14),
    BitmapGlyph::new(641, 12, 14, 1, 11, 14),
    BitmapGlyph::new(662, 11, 20, 0, 8, 12),
    BitmapGlyph::new(690, 21, 22, 1, 9, 23),
    BitmapGlyph::new(748, 18, 18, 0, 9, 18),
    BitmapGlyph::new(789, 15, 18, 0, 9, 16),
    BitmapGlyph::new(823, 14, 20, 1, 8, 15),
    BitmapGlyph::new(858, 17, 18, 0, 9, 18),
    BitmapGlyph::new(897, 15, 18, 0, 9, 16),
    BitmapGlyph::new(931, 14, 18, 0, 9, 15),
    BitmapGlyph::new(963, 17, 20, 1, 8, 18),
    BitmapGlyph::new(1006, 19, 18, 0, 9, 20),
    BitmapGlyph::new(1049, 9, 18, 0, 9, 9),
    BitmapGlyph::new(1070, 10, 24, -1, 9, 9),
    BitmapGlyph::new(1100, 18, 18, 0, 9, 18),
    BitmapGlyph::new(1141, 15, 18, 0, 9, 16),
    BitmapGlyph::new(1175, 23, 18, 0, 9, 23),
    BitmapGlyph::new(1227, 19, 18, 0, 9, 19),
    BitmapGlyph::new(1270, 17, 20, 1, 8, 19),
    BitmapGlyph::new(1313, 15, 18, 0, 9, 15),
    BitmapGlyph::new(1347, 17, 25, 1, 8, 19),
    BitmapGlyph::new(1401, 17, 18, 0, 9, 16),
    BitmapGlyph::new(1440, 12, 20, 1, 8, 14),
    BitmapGlyph::new(1470, 15, 18, 0, 9, 15),
    BitmapGlyph::new(1504, 18, 19, 0, 9, 18),
    BitmapGlyph::new(1547, 17, 18, 0, 9, 17),
    BitmapGlyph::new(1586, 26, 18, 0, 9, 26),
    BitmapGlyph::new(1645, 17, 18, 0, 9, 17),
    BitmapGlyph::new(1684, 17, 18, -1, 9, 16),
    BitmapGlyph::new(1723, 14, 18, 0, 9, 15),
    BitmapGlyph::new(1755, 7, 23, 2, 8, 9),
    BitmapGlyph::new(1776, 8, 23, 0, 8, 7),
    BitmapGlyph::new(1799, 7, 23, 0, 8, 9),
    BitmapGlyph::new(1820, 12, 12, 1, 9, 14),
    BitmapGlyph::new(1838, 13, 2, -1, 29, 11),
    BitmapGlyph::new(1842, 5, 5, 1, 7, 7),
    BitmapGlyph::new(1846, 12, 15, 1, 13, 14),
    BitmapGlyph::new(1869, 14, 20, 0, 8, 15),
    BitmapGlyph::new(1904, 11, 15, 1, 13, 12),
    BitmapGlyph::new(1925, 14, 20, 1, 8, 15),
    BitmapGlyph::new(1960, 12, 15, 1, 13, 13),
    BitmapGlyph::new(1983, 11, 20, 0, 7, 9),
    BitmapGlyph::new(2011, 14, 21, 0, 12, 13),
    BitmapGlyph::new(2048, 16, 19, 0, 8, 16),
    BitmapGlyph::new(2086, 8, 19, 0, 8, 8),
    BitmapGlyph::new(2105, 7, 25, -1, 8, 8),
    BitmapGlyph::new(2127, 15, 19, 0, 8, 15),
    BitmapGlyph::new(2163, 8, 19, 0, 8, 8),
    BitmapGlyph::new(2182, 23, 14, 0, 13, 24),
    BitmapGlyph::new(2223, 16, 14, 0, 13, 16),
    BitmapGlyph::new(2251, 13, 15, 1, 13, 14),
    BitmapGlyph::new(2276, 14, 20, 0, 13, 15),
    BitmapGlyph::new(2311, 14, 20, 1, 13, 15),
    BitmapGlyph::new(2346, 12, 14, 0, 13, 12),
    BitmapGlyph::new(2367, 10, 15, 1, 13, 11),
    BitmapGlyph::new(2386, 9, 18, 0, 10, 9),
    BitmapGlyph::new(2407, 16, 15, 0, 13, 16),
    BitmapGlyph::new(2437, 15, 14, 0, 13, 14),
    BitmapGlyph::new(2464, 22, 14, 0, 13, 22),
    BitmapGlyph::new(2503, 15, 14, 0, 13, 14),
    BitmapGlyph::new(2530, 15, 20, 0, 13, 14),
    BitmapGlyph::new(2568, 11, 14, 1, 13, 13),
    BitmapGlyph::new(2588, 9, 23, 1, 8, 11),
    BitmapGlyph::new(2614, 2, 25, 6, 8, 14),
    BitmapGlyph::new(2621, 9, 23, 1, 8, 11),
    BitmapGlyph::new(2647, 12, 6, 1, 15, 14),
    BitmapGlyph::new(2656, 0, 0, 0, 27, 7),
    BitmapGlyph::new(2656, 4, 19, 2, 13, 8),
    BitmapGlyph::new(2666, 12, 18, 1, 9, 14),
    BitmapGlyph::new(2693, 13, 20, 1, 8, 14),
    BitmapGlyph::new(2726, 12, 12, 1, 12, 14),
    BitmapGlyph::new(2744, 14, 18, 0, 9, 14),
    BitmapGlyph::new(2776, 2, 25, 6, 8, 14),
    BitmapGlyph::new(2783, 12, 22, 1, 8, 14),
    BitmapGlyph::new(2816, 8, 4, 3, 8, 14),
    BitmapGlyph::new(2820, 19, 20, 1, 8, 21),
    BitmapGlyph::new(2868, 10, 9, 0, 9, 10),
    BitmapGlyph::new(2880, 11, 10, 1, 15, 13),
    BitmapGlyph::new(2894, 12, 7, 1, 17, 14),
    BitmapGlyph::new(2905, 8, 3, 0, 19, 8),
    BitmapGlyph::new(2908, 19, 20, 1, 8, 21),
    BitmapGlyph::new(2956, 13, 2, -1, 6, 11),
    BitmapGlyph::new(2960, 8, 9, 1, 8, 10),
    BitmapGlyph::new(2969, 12, 15, 1, 12, 14),
    BitmapGlyph::new(2992, 8, 12, 1, 6, 10),
    BitmapGlyph::new(3004, 8, 12, 1, 6, 10),
    BitmapGlyph::new(3016, 5, 5, 1, 7, 7),
    BitmapGlyph::new(3020, 13, 20, 2, 13, 15),
    BitmapGlyph::new(3053, 14, 22, 1, 8, 15),
    BitmapGlyph::new(3092, 4, 4, 1, 16, 6),
    BitmapGlyph::new(3094, 6, 7, 1, 26, 8),
    BitmapGlyph::new(3100, 8, 12, 1, 6, 10),
    BitmapGlyph::new(3112, 10, 9, 0, 9, 10),
    BitmapGlyph::new(3124, 11, 10, 1, 15, 13),
    BitmapGlyph::new(3138, 21, 20, 0, 8, 21),
    BitmapGlyph::new(3191, 21, 20, 0, 8, 21),
    BitmapGlyph::new(3244, 20, 20, 1, 8, 21),
    BitmapGlyph::new(3294, 12, 19, 0, 13, 12),
    BitmapGlyph::new(3323, 18, 24, 0, 3, 18),
    BitmapGlyph::new(3377, 18, 24, 0, 3, 18),
    BitmapGlyph::new(3431, 18, 24, 0, 3, 18),
    BitmapGlyph::new(3485, 18, 23, 0, 4, 18),
    BitmapGlyph::new(3537, 18, 23, 0, 4, 18),
    BitmapGlyph::new(3589, 18, 23, 0, 4, 18),
    BitmapGlyph::new(3641, 23, 18, 0, 9, 24),
    BitmapGlyph::new(3693, 14, 25, 1, 8, 15),
    BitmapGlyph::new(3737, 15, 24, 0, 3, 16),
    BitmapGlyph::new(3782, 15, 24, 0, 3, 16),
    BitmapGlyph::new(3827, 15, 24, 0, 3, 16),
    BitmapGlyph::new(3872, 15, 23, 0, 4, 16),
    BitmapGlyph::new(3916, 9, 24, 0, 3, 9),
    BitmapGlyph::new(3943, 9, 24, 0, 3, 9),
    BitmapGlyph::new(3970, 9, 24, 0, 3, 9),
    BitmapGlyph::new(3997, 9, 23, 0, 4, 9),
    BitmapGlyph::new(4023, 17, 18, 0, 9, 18),
    BitmapGlyph::new(4062, 19, 23, 0, 4, 19),
    BitmapGlyph::new(4117, 17, 25, 1, 3, 19),
    BitmapGlyph::new(4171, 17, 25, 1, 3, 19),
    BitmapGlyph::new(4225, 17, 25, 1, 3, 19),
    BitmapGlyph::new(4279, 17, 24, 1, 4, 19),
    BitmapGlyph::new(4330, 17, 24, 1, 4, 19),
    BitmapGlyph::new(4381, 12, 12, 1, 12, 14),
    BitmapGlyph::new(4399, 17, 20, 1, 8, 19),
    BitmapGlyph::new(4442, 18, 25, 0, 3, 18),
    BitmapGlyph::new(4499, 18, 25, 0, 3, 18),
    BitmapGlyph::new(4556, 18, 25, 0, 3, 18),
    BitmapGlyph::new(4613, 18, 24, 0, 4, 18),
    BitmapGlyph::new(4667, 17, 24, -1, 3, 16),
    BitmapGlyph::new(4718, 15, 18, 0, 9, 15),
    BitmapGlyph::new(4752, 16, 21, 0, 7, 16),
    BitmapGlyph::new(4794, 12, 21, 1, 7, 14),
    BitmapGlyph::new(4826, 12, 21, 1, 7, 14),
    BitmapGlyph::new(4858, 12, 21, 1, 7, 14),
    BitmapGlyph::new(4890, 12, 20, 1, 8, 14),
    BitmapGlyph::new(4920, 12, 20, 1, 8, 14),
    BitmapGlyph::new(4950, 12, 22, 1, 6, 14),
    BitmapGlyph::new(4983, 19, 15, 1, 13, 21),
    BitmapGlyph::new(5019, 11, 20, 1, 13, 12),
    BitmapGlyph::new(5047, 12, 21, 1, 7, 13),
    BitmapGlyph::new(5079, 12, 21, 1, 7, 13),
    BitmapGlyph::new(5111, 12, 21, 1, 7, 13),
    BitmapGlyph::new(5143, 12, 20, 1, 8, 13),
    BitmapGlyph::new(5173, 8, 20, 0, 7, 8),
    BitmapGlyph::new(5193, 8, 20, 0, 7, 8),
    BitmapGlyph::new(5213, 8, 20, 0, 7, 8),
    BitmapGlyph::new(5233, 8, 19, 0, 8, 8),
    BitmapGlyph::new(5252, 13, 21, 1, 7, 14),
    BitmapGlyph::new(5287, 16, 19, 0, 8, 16),
    BitmapGlyph::new(5325, 13, 21, 1, 7, 14),
    BitmapGlyph::new(5360, 13, 21, 1, 7, 14),
    BitmapGlyph::new(5395, 13, 21, 1, 7, 14),
    BitmapGlyph::new(5430, 13, 20, 1, 8, 14),
    BitmapGlyph::new(5463, 13, 20, 1, 8, 14),
    BitmapGlyph::new(5496, 12, 14, 1, 11, 14),
    BitmapGlyph::new(5517, 13, 16, 1, 12, 14),
    BitmapGlyph::new(5543, 16, 21, 0, 7, 16),
    BitmapGlyph::new(5585, 16, 21, 0, 7, 16),
    BitmapGlyph::new(5627, 16, 21, 0, 7, 16),
    BitmapGlyph::new(5669, 16, 20, 0, 8, 16),
    BitmapGlyph::new(5709, 15, 26, 0, 7, 14),
    BitmapGlyph::new(5758, 14, 25, 0, 8, 15),
    BitmapGlyph::new(5802, 15, 25, 0, 8, 14),
    BitmapGlyph::new(5849, 18, 21, 0, 6, 18),
    BitmapGlyph::new(5897, 12, 18, 1, 10, 14),
    BitmapGlyph::new(5924, 18, 23, 0, 4, 18),
    BitmapGlyph::new(5976, 12, 20, 1, 8, 14),
    BitmapGlyph::new(6006, 18, 24, 0, 9, 18),
    BitmapGlyph::new(6060, 12, 20, 1, 13, 14),
    BitmapGlyph::new(6090, 14, 25, 1, 3, 15),
    BitmapGlyph::new(6134, 11, 21, 1, 7, 12),
    BitmapGlyph::new(6163, 14, 25, 1, 3, 15),
    BitmapGlyph::new(6207, 11, 21, 1, 7, 12),
    BitmapGlyph::new(6236, 14, 24, 1, 4, 15),
    BitmapGlyph::new(6278, 11, 20, 1, 8, 12),
    BitmapGlyph::new(6306, 14, 25, 1, 3, 15),
    BitmapGlyph::new(6350, 11, 21, 1, 7, 12),
    BitmapGlyph::new(6379, 17, 24, 0, 3, 18),
    BitmapGlyph::new(6430, 16, 20, 1, 8, 15),
    BitmapGlyph::new(6470, 17, 18, 0, 9, 18),
    BitmapGlyph::new(6509, 14, 20, 1, 8, 15),
    BitmapGlyph::new(6544, 15, 21, 0, 6, 16),
    BitmapGlyph::new(6584, 12, 18, 1, 10, 13),
    BitmapGlyph::new(6611, 15, 23, 0, 4, 16),
    BitmapGlyph::new(6655, 12, 20, 1, 8, 13),
    BitmapGlyph::new(6685, 15, 23, 0, 4, 16),
    BitmapGlyph::new(6729, 12, 20, 1, 8, 13),
    BitmapGlyph::new(6759, 15, 24, 0, 9, 16),
    BitmapGlyph::new(6804, 12, 20, 1, 13, 13),
    BitmapGlyph::new(6834, 15, 24, 0, 3, 16),
    BitmapGlyph::new(6879, 12, 21, 1, 7, 13),
    BitmapGlyph::new(6911, 17, 25, 1, 3, 18),
    BitmapGlyph::new(6965, 14, 26, 0, 7, 13),
    BitmapGlyph::new(7011, 17, 24, 1, 4, 18),
    BitmapGlyph::new(7062, 14, 25, 0, 8, 13),
    BitmapGlyph::new(7106, 17, 24, 1, 4, 18),
    BitmapGlyph::new(7157, 14, 25, 0, 8, 13),
    BitmapGlyph::new(7201, 17, 25, 1, 8, 18),
    BitmapGlyph::new(7255, 14, 26, 0, 7, 13),
    BitmapGlyph::new(7301, 19, 24, 0, 3, 20),
    BitmapGlyph::new(7358, 16, 25, 0, 2, 16),
    BitmapGlyph::new(7408, 19, 18, 0, 9, 20),
    BitmapGlyph::new(7451, 16, 19, 0, 8, 16),
    BitmapGlyph::new(7489, 10, 23, 0, 4, 9),
    BitmapGlyph::new(7518, 10, 19, -1, 8, 8),
    BitmapGlyph::new(7542, 9, 21, 0, 6, 9),
    BitmapGlyph::new(7566, 8, 17, 0, 10, 8),
    BitmapGlyph::new(7583, 9, 23, 0, 4, 9),
    BitmapGlyph::new(7609, 8, 19, 0, 8, 8),
    BitmapGlyph::new(7628, 9, 24, 0, 9, 9),
    BitmapGlyph::new(7655, 8, 25, 0, 8, 8),
    BitmapGlyph::new(7680, 9, 23, 0, 4, 9),
    BitmapGlyph::new(7706, 8, 14, 0, 13, 8),
    BitmapGlyph::new(7720, 17, 24, 0, 9, 17),
    BitmapGlyph::new(7771, 14, 25, 0, 8, 16),
    BitmapGlyph::new(7815, 10, 30, -1, 3, 9),
    BitmapGlyph::new(7853, 9, 26, -1, 7, 8),
    BitmapGlyph::new(7883, 18, 24, 0, 9, 18),
    BitmapGlyph::new(7937, 15, 25, 0, 8, 15),
    BitmapGlyph::new(7984, 15, 14, 0, 13, 15),
    BitmapGlyph::new(8011, 15, 24, 0, 3, 16),
    BitmapGlyph::new(8056, 8, 25, 0, 2, 8),
    BitmapGlyph::new(8081, 15, 24, 0, 9, 16),
    BitmapGlyph::new(8126, 8, 25, 0, 8, 8),
    BitmapGlyph::new(8151, 15, 18, 0, 9, 16),
    BitmapGlyph::new(8185, 10, 19, 0, 8, 8),
    BitmapGlyph::new(8209, 15, 18, 0, 9, 16),
    BitmapGlyph::new(8243, 10, 19, 0, 8, 9),
    BitmapGlyph::new(8267, 15, 18, 0, 9, 16),
    BitmapGlyph::new(8301, 8, 19, 0, 8, 8),
    BitmapGlyph::new(8320, 19, 24, 0, 3, 19),
    BitmapGlyph::new(8377, 16, 20, 0, 7, 16),
    BitmapGlyph::new(8417, 19, 24, 0, 9, 19),
    BitmapGlyph::new(8474, 16, 20, 0, 13, 16),
    BitmapGlyph::new(8514, 19, 24, 0, 3, 19),
    BitmapGlyph::new(8571, 16, 20, 0, 7, 16),
    BitmapGlyph::new(8611, 19, 18, 0, 9, 20),
    BitmapGlyph::new(8654, 19, 24, 0, 9, 19),
    BitmapGlyph::new(8711, 14, 20, 0, 13, 16),
    BitmapGlyph::new(8746, 17, 22, 1, 6, 19),
    BitmapGlyph::new(8793, 13, 18, 1, 10, 14),
    BitmapGlyph::new(8823, 17, 24, 1, 4, 19),
    BitmapGlyph::new(8874, 13, 20, 1, 8, 14),
    BitmapGlyph::new(8907, 17, 25, 1, 3, 19),
    BitmapGlyph::new(8961, 13, 21, 1, 7, 14),
    BitmapGlyph::new(8996, 22, 20, 1, 8, 24),
    BitmapGlyph::new(9051, 21, 15, 1, 13, 23),
    BitmapGlyph::new(9091, 17, 24, 0, 3, 16),
    BitmapGlyph::new(9142, 12, 20, 0, 7, 12),
    BitmapGlyph::new(9172, 17, 24, 0, 9, 16),
    BitmapGlyph::new(9223, 12, 20, 0, 13, 12),
    BitmapGlyph::new(9253, 17, 24, 0, 3, 16),
    BitmapGlyph::new(9304, 12, 20, 0, 7, 12),
    BitmapGlyph::new(9334, 12, 25, 1, 3, 14),
    BitmapGlyph::new(9372, 10, 21, 1, 7, 11),
    BitmapGlyph::new(9399, 12, 25, 1, 3, 14),
    BitmapGlyph::new(9437, 10, 21, 1, 7, 11),
    BitmapGlyph::new(9464, 12, 25, 1, 8, 14),
    BitmapGlyph::new(9502, 10, 20, 1, 13, 11),
    BitmapGlyph::new(9527, 12, 25, 1, 3, 14),
    BitmapGlyph::new(9565, 10, 21, 1, 7, 11),
    BitmapGlyph::new(9592, 15, 24, 0, 9, 15),
    BitmapGlyph::new(9637, 9, 23, 0, 10, 9),
    BitmapGlyph::new(9663, 15, 24, 0, 3, 15),
    BitmapGlyph::new(9708, 10, 20, 0, 8, 9),
    BitmapGlyph::new(9733, 15, 18, 0, 9, 15),
    BitmapGlyph::new(9767, 9, 18, 0, 10, 9),
    BitmapGlyph::new(9788, 18, 24, 0, 4, 18),
    BitmapGlyph::new(9842, 16, 20, 0, 8, 16),
    BitmapGlyph::new(9882, 18, 22, 0, 6, 18),
    BitmapGlyph::new(9932, 16, 18, 0, 10, 16),
    BitmapGlyph::new(9968, 18, 24, 0, 4, 18),
    BitmapGlyph::new(10022, 16, 20, 0, 8, 16),
    BitmapGlyph::new(10062, 18, 26, 0, 2, 18),
    BitmapGlyph::new(10121, 16, 22, 0, 6, 16),
    BitmapGlyph::new(10165, 18, 25, 0, 3, 18),
    BitmapGlyph::new(10222, 16, 21, 0, 7, 16),
    BitmapGlyph::new(10264, 18, 24, 0, 9, 18),
    BitmapGlyph::new(10318, 16, 20, 0, 13, 16),
    BitmapGlyph::new(10358, 26, 24, 0, 3, 26),
    BitmapGlyph::new(10436, 22, 20, 0, 7, 22),
    BitmapGlyph::new(10491, 17, 24, -1, 3, 16),
    BitmapGlyph::new(10542, 15, 26, 0, 7, 14),
    BitmapGlyph::new(10591, 17, 23, -1, 4, 16),
    BitmapGlyph::new(10640, 14, 24, 0, 3, 15),
    BitmapGlyph::new(10682, 11, 20, 1, 7, 13),
    BitmapGlyph::new(10710, 14, 23, 0, 4, 15),
    BitmapGlyph::new(10751, 11, 19, 1, 8, 13),
    BitmapGlyph::new(10778, 14, 24, 0, 3, 15),
    BitmapGlyph::new(10820, 11, 20, 1, 7, 13),
    BitmapGlyph::new(10848, 11, 20, 0, 7, 9),
    BitmapGlyph::new(10876, 8, 3, 0, 19, 8),
    BitmapGlyph::new(10879, 8, 3, 0, 19, 8),
    BitmapGlyph::new(10882, 12, 2, 1, 17, 14),
    BitmapGlyph::new(10885, 14, 3, -1, 19, 13),
    BitmapGlyph::new(10891, 27, 3, -1, 19, 25),
    BitmapGlyph::new(10902, 27, 3, -1, 19, 25),
    BitmapGlyph::new(10913, 6, 25, 4, 8, 14),
    BitmapGlyph::new(10932, 12, 6, -1, 27, 10),
    BitmapGlyph::new(10941, 5, 8, 1, 9, 6),
    BitmapGlyph::new(10946, 5, 8, 0, 9, 6),
    BitmapGlyph::new(10951, 5, 8, 0, 23, 6),
    BitmapGlyph::new(10956, 5, 8, 1, 9, 6),
    BitmapGlyph::new(10961, 10, 8, 1, 9, 11),
    BitmapGlyph::new(10971, 10, 8, 0, 9, 11),
    BitmapGlyph::new(10981, 10, 8, 0, 23, 11),
    BitmapGlyph::new(10991, 10, 8, 1, 9, 11),
    BitmapGlyph::new(11001, 11, 22, 0, 8, 11),
    BitmapGlyph::new(11032, 11, 22, 0, 8, 11),
    BitmapGlyph::new(11063, 7, 8, 1, 14, 9),
    BitmapGlyph::new(11070, 9, 9, 2, 14, 13),
    BitmapGlyph::new(11081, 4, 4, 1, 16, 6),
    BitmapGlyph::new(11083, 11, 4, 1, 16, 13),
    BitmapGlyph::new(11089, 18, 5, 2, 23, 21),
    BitmapGlyph::new(11101, 4, 5, 1, 17, 6),
    BitmapGlyph::new(11104, 0, 0, 0, 27, 15),
    BitmapGlyph::new(11104, 0, 0, 0, 27, 15),
    BitmapGlyph::new(11104, 7, 20, -1, 11, 1),
    BitmapGlyph::new(11122, 7, 20, -6, 11, 1),
    BitmapGlyph::new(11140, 6, 22, -3, 9, 1),
    BitmapGlyph::new(11157, 6, 22, -3, 9, 1),
    BitmapGlyph::new(11174, 6, 22, -3, 9, 1),
    BitmapGlyph::new(11191, 0, 0, 0, 27, 4),
    BitmapGlyph::new(11191, 31, 20, 1, 8, 32),
    BitmapGlyph::new(11269, 41, 20, 1, 8, 42),
    BitmapGlyph::new(11372, 5, 7, 0, 9, 5),
    BitmapGlyph::new(11377, 9, 7, 0, 9, 9),
    BitmapGlyph::new(11385, 14, 7, 0, 9, 14),
    BitmapGlyph::new(11398, 5, 7, 0, 9, 5),
    BitmapGlyph::new(11403, 9, 7, 0, 9, 9),
    BitmapGlyph::new(11411, 14, 7, 0, 9, 14),
    BitmapGlyph::new(11424, 8, 8, 1, 25, 10),
    BitmapGlyph::new(11432, 6, 10, 1, 15, 8),
    BitmapGlyph::new(11440, 6, 10, 1, 15, 8),
    BitmapGlyph::new(11448, 15, 19, 1, 8, 17),
    BitmapGlyph::new(11484, 14, 21, 1, 8, 15),
    BitmapGlyph::new(11521, 14, 20, 1, 8, 15),
    BitmapGlyph::new(11556, 13, 18, 1, 9, 14),
    BitmapGlyph::new(11586, 13, 20, 1, 8, 14),
    BitmapGlyph::new(11619, 23, 20, 0, 10, 24),
    BitmapGlyph::new(11677, 17, 18, 0, 9, 17),
    BitmapGlyph::new(11716, 20, 19, 0, 9, 20),
    BitmapGlyph::new(11764, 25, 19, 0, 9, 26),
    BitmapGlyph::new(11824, 28, 18, -1, 9, 26),
    BitmapGlyph::new(11887, 18, 15, 2, 12, 22),
    BitmapGlyph::new(11921, 14, 23, 1, 8, 15),
    BitmapGlyph::new(11962, 13, 20, 1, 8, 14),
    BitmapGlyph::new(11995, 18, 18, 0, 9, 18),
    BitmapGlyph::new(12036, 15, 18, 0, 9, 14),
    BitmapGlyph::new(12070, 25, 26, 0, 6, 25),
    BitmapGlyph::new(12152, 14, 25, -1, 8, 14),
    BitmapGlyph::new(12196, 15, 18, 0, 9, 15),
    BitmapGlyph::new(12230, 17, 22, 1, 7, 18),
    BitmapGlyph::new(12277, 18, 18, 0, 9, 18),
    BitmapGlyph::new(12318, 14, 20, 0, 8, 14),
    BitmapGlyph::new(12353, 14, 22, 1, 7, 15),
    BitmapGlyph::new(12392, 15, 19, 0, 9, 15),
    BitmapGlyph::new(12428, 13, 22, 0, 8, 14),
    BitmapGlyph::new(12464, 14, 18, 0, 9, 14),
    BitmapGlyph::new(12496, 13, 18, 1, 9, 14),
    BitmapGlyph::new(12526, 14, 18, 0, 9, 14),
    BitmapGlyph::new(12558, 16, 20, 0, 8, 16),
    BitmapGlyph::new(12598, 16, 17, 2, 10, 20),
    BitmapGlyph::new(12632, 13, 18, 1, 9, 15),
    BitmapGlyph::new(12662, 15, 19, 1, 8, 17),
    BitmapGlyph::new(12698, 12, 22, 1, 7, 14),
    BitmapGlyph::new(12731, 11, 18, 1, 13, 12),
    BitmapGlyph::new(12756, 11, 18, 2, 9, 15),
    BitmapGlyph::new(12781, 11, 18, 2, 9, 15),
    BitmapGlyph::new(12806, 11, 18, 2, 9, 15),
    BitmapGlyph::new(12831, 11, 18, 2, 9, 15),
    BitmapGlyph::new(12856, 11, 18, 2, 9, 15),
    BitmapGlyph::new(12881, 11, 18, 2, 9, 15),
    BitmapGlyph::new(12906, 11, 18, 2, 9, 15),
    BitmapGlyph::new(12931, 11, 18, 2, 9, 15),
    BitmapGlyph::new(12956, 11, 18, 2, 9, 15),
    BitmapGlyph::new(12981, 11, 18, 2, 9, 15),
    BitmapGlyph::new(13006, 11, 18, 2, 9, 15),
    BitmapGlyph::new(13031, 11, 18, 2, 9, 15),
    BitmapGlyph::new(13056, 11, 18, 2, 9, 15),
    BitmapGlyph::new(13081, 11, 18, 2, 9, 15),
    BitmapGlyph::new(13106, 11, 18, 2, 9, 15),
];

static NOTO_SERIF_12_REGULAR_BITMAP: [u8; 13131] = [
    0x77, 0x77, 0x66, 0x66, 0x66, 0x66, 0x60, 0x07, 0xF7, 0x00, 0xE7, 0xE7, 0x67, 0x66, 0x62, 0x62,
    0x00, 0x06, 0x30, 0x18, 0xC0, 0x63, 0x01, 0x08, 0x0C, 0x61, 0xFF, 0xE3, 0xFF, 0x83, 0x18, 0x08,
    0x40, 0x63, 0x01, 0x8C, 0x1F, 0xFC, 0x7F, 0xF8, 0x42, 0x03, 0x18, 0x0C, 0x60, 0x31, 0x80, 0xC6,
    0x00, 0x06, 0x00, 0x60, 0x1F, 0xC3, 0xEE, 0x76, 0xE6, 0x66, 0x76, 0x07, 0x60, 0x3E, 0x01, 0xF0,
    0x07, 0xC0, 0x7E, 0x06, 0xE4, 0x66, 0xE6, 0x6E, 0x6E, 0x77, 0xC3, 0xF8, 0x06, 0x00, 0x60, 0x06,
    0x00, 0x00, 0x00, 0x01, 0xF0, 0x10, 0x19, 0x81, 0x81, 0xC6, 0x18, 0x0E, 0x30, 0xC0, 0x71, 0x8C,
    0x03, 0x8C, 0x60, 0x1C, 0x66, 0x00, 0xE3, 0x33, 0xC3, 0x1B, 0x3B, 0x19, 0x9B, 0x8C, 0x79, 0x9C,
    0x60, 0x0C, 0xC3, 0x00, 0xC6, 0x18, 0x06, 0x30, 0xC0, 0x61, 0xC6, 0x03, 0x0E, 0x30, 0x30, 0x33,
    0x01, 0x80, 0xF8, 0x00, 0x00, 0x00, 0x00, 0x00, 0x00, 0xFC, 0x00, 0x79, 0xC0, 0x0E, 0x18, 0x01,
    0x83, 0x00, 0x38, 0x60, 0x07, 0x1C, 0x00, 0x77, 0x00, 0x0F, 0x87, 0x83, 0xF0, 0xF0, 0xEE, 0x18,
    0x38, 0xE3, 0x07, 0x0E, 0x40, 0xE0, 0xF8, 0x18, 0x0F, 0x03, 0x80, 0xE0, 0x70, 0x1E, 0x07, 0x8E,
    0xE0, 0x7F, 0x0F, 0x00, 0x00, 0x00, 0xEE, 0x66, 0x66, 0x00, 0x02, 0x18, 0x61, 0xC3, 0x0E, 0x1C,
    0x30, 0xE1, 0xC3, 0x87, 0x0E, 0x1C, 0x18, 0x30, 0x70, 0xE0, 0xE0, 0xC0, 0xC0, 0xC0, 0x00, 0x40,
    0x70, 0x38, 0x1C, 0x0C, 0x0E, 0x0E, 0x0E, 0x0E, 0x0E, 0x0E, 0x0E, 0x0E, 0x0E, 0x0E, 0x0E, 0x0E,
    0x0C, 0x1C, 0x38, 0x70, 0x40, 0x00, 0x0C, 0x01, 0x83, 0xB3, 0x7F, 0xE1, 0xE0, 0xFF, 0x3B, 0x72,
    0x62, 0x0C, 0x01, 0x80, 0x00, 0x00, 0x60, 0x06, 0x00, 0x60, 0x06, 0x07, 0xFE, 0x7F, 0xE0, 0x60,
    0x06, 0x00, 0x60, 0x06, 0x00, 0x00, 0x03, 0x9E, 0x71, 0x89, 0x88, 0x7E, 0xFE, 0x00, 0x07, 0xF7,
    0x00, 0x06, 0x06, 0x06, 0x04, 0x0C, 0x0C, 0x0C, 0x08, 0x18, 0x18, 0x18, 0x10, 0x30, 0x30, 0x30,
    0x20, 0x60, 0x60, 0x60, 0x40, 0xC0, 0xC0, 0x00, 0x00, 0x01, 0xF8, 0x39, 0xC7, 0x0E, 0x70, 0xE6,
    0x06, 0xE0, 0x7E, 0x07, 0xE0, 0x7E, 0x07, 0xE0, 0x7E, 0x07, 0xE0, 0x7E, 0x07, 0x60, 0x66, 0x06,
    0x70, 0xE3, 0x9C, 0x1F, 0x80, 0x00, 0x07, 0x01, 0xE0, 0xFC, 0x3B, 0x86, 0x70, 0x0E, 0x01, 0xC0,
    0x38, 0x07, 0x00, 0xE0, 0x1C, 0x03, 0x80, 0x70, 0x0E, 0x01, 0xC0, 0x38, 0x0F, 0x0F, 0xFC, 0x00,
    0x03, 0xF8, 0x79, 0xC7, 0x0E, 0x60, 0xE6, 0x0E, 0x00, 0xE0, 0x0C, 0x01, 0xC0, 0x18, 0x03, 0x00,
    0x60, 0x0E, 0x00, 0xC0, 0x18, 0x03, 0x03, 0x60, 0x6F, 0xFE, 0xFF, 0xE0, 0x00, 0x03, 0xF8, 0x79,
    0xC6, 0x0E, 0x60, 0xE6, 0x0E, 0x00, 0xE0, 0x0C, 0x03, 0x80, 0xF0, 0x0F, 0xC0, 0x0E, 0x00, 0xE0,
    0x07, 0x00, 0x74, 0x06, 0xE0, 0xE7, 0x1C, 0x3F, 0x80, 0x00, 0x00, 0xE0, 0x07, 0x80, 0x1E, 0x00,
    0xF8, 0x06, 0xE0, 0x13, 0x80, 0xCE, 0x06, 0x38, 0x10, 0xE0, 0xC3, 0x86, 0x0E, 0x18, 0x38, 0xFF,
    0xFC, 0x03, 0x80, 0x0E, 0x00, 0x38, 0x01, 0xE0, 0x1F, 0xE0, 0x3F, 0xC3, 0xFC, 0x20, 0x46, 0x04,
    0x60, 0x06, 0x00, 0x60, 0x07, 0xF0, 0x7F, 0xC0, 0x1C, 0x00, 0xE0, 0x0E, 0x00, 0xE0, 0x0E, 0x40,
    0xEC, 0x0E, 0xF3, 0xC7, 0xF8, 0x00, 0x00, 0x00, 0x00, 0xFC, 0x1C, 0xE3, 0x86, 0x30, 0x67, 0x00,
    0x70, 0x06, 0x00, 0xEF, 0x8F, 0xFC, 0xF0, 0xEE, 0x07, 0x60, 0x76, 0x07, 0x70, 0x77, 0x07, 0x30,
    0xE3, 0x8C, 0x1F, 0x80, 0x00, 0x7F, 0xFF, 0xFF, 0xC0, 0x6C, 0x06, 0x40, 0xE0, 0x0C, 0x00, 0xC0,
    0x1C, 0x01, 0x80, 0x38, 0x03, 0x00, 0x30, 0x07, 0x00, 0x60, 0x06, 0x00, 0xE0, 0x0C, 0x01, 0xC0,
    0x00, 0x01, 0xF8, 0x39, 0xC7, 0x0E, 0x60, 0x66, 0x06, 0x70, 0x67, 0x0C, 0x3D, 0x81, 0xF0, 0x1F,
    0xC7, 0x1E, 0x60, 0xFE, 0x07, 0xE0, 0x7E, 0x07, 0xE0, 0x67, 0x0E, 0x3F, 0xC0, 0x00, 0x00, 0x01,
    0xF0, 0x3B, 0xC7, 0x0C, 0x60, 0xEE, 0x0E, 0xE0, 0x6E, 0x06, 0xE0, 0x77, 0x0F, 0x7B, 0xF3, 0xF6,
    0x00, 0x60, 0x0E, 0x00, 0xE0, 0x0C, 0x41, 0xC6, 0x38, 0x3F, 0x00, 0x00, 0x4E, 0xEE, 0x00, 0x00,
    0x00, 0x0E, 0xEE, 0x00, 0x23, 0x9C, 0xE0, 0x00, 0x00, 0x00, 0x00, 0xE7, 0x38, 0xC6, 0x64, 0x00,
    0x00, 0x00, 0x02, 0x00, 0xE0, 0x3C, 0x0F, 0x03, 0xC0, 0x70, 0x07, 0x00, 0x3C, 0x00, 0xF0, 0x03,
    0xC0, 0x0E, 0x00, 0x20, 0x00, 0x00, 0x0F, 0xFE, 0x00, 0x00, 0x00, 0x00, 0x00, 0x00, 0xFF, 0xE0,
    0x00, 0x00, 0x04, 0x00, 0x70, 0x03, 0xC0, 0x0F, 0x00, 0x38, 0x00, 0xE0, 0x0E, 0x03, 0xC0, 0xF0,
    0x3C, 0x07, 0x00, 0xC0, 0x00, 0x00, 0x00, 0x07, 0xF1, 0xC7, 0x30, 0x76, 0x0E, 0x01, 0xC0, 0x38,
    0x07, 0x01, 0xC0, 0x70, 0x1C, 0x02, 0x00, 0x40, 0x08, 0x00, 0x00, 0x00, 0x0E, 0x01, 0xC0, 0x38,
    0x00, 0x00, 0x00, 0x7F, 0x00, 0x0F, 0xFE, 0x01, 0xC0, 0x38, 0x1C, 0x00, 0xC1, 0xC0, 0x03, 0x1C,
    0x3F, 0x88, 0xC3, 0x1C, 0x6E, 0x30, 0xC3, 0x63, 0x86, 0x1B, 0x18, 0x30, 0xD8, 0xC1, 0x86, 0xCE,
    0x1C, 0x26, 0x70, 0xE3, 0x31, 0x87, 0x19, 0x8E, 0xDB, 0x8C, 0x3C, 0x78, 0x70, 0x00, 0x01, 0x80,
    0x00, 0x0E, 0x00, 0x20, 0x3C, 0x07, 0x00, 0x7F, 0xE0, 0x00, 0x78, 0x00, 0x00, 0xC0, 0x00, 0x70,
    0x00, 0x1E, 0x00, 0x07, 0x80, 0x03, 0x70, 0x00, 0xDC, 0x00, 0x63, 0x00, 0x18, 0xE0, 0x04, 0x38,
    0x03, 0x06, 0x00, 0xC1, 0xC0, 0x3F, 0xF0, 0x18, 0x0E, 0x06, 0x03, 0x83, 0x00, 0xE0, 0xC0, 0x1C,
    0x70, 0x0F, 0x3F, 0x07, 0xF0, 0x7F, 0xE0, 0x7F, 0xF0, 0x70, 0x70, 0xE0, 0xE1, 0xC1, 0xC3, 0x83,
    0x87, 0x07, 0x0E, 0x1C, 0x1F, 0xF0, 0x38, 0x70, 0x70, 0x70, 0xE0, 0x71, 0xC0, 0xE3, 0x81, 0xC7,
    0x03, 0x8E, 0x0E, 0x1C, 0x3C, 0xFF, 0xE0, 0x00, 0x00, 0x1F, 0xC1, 0xE7, 0x8E, 0x07, 0x30, 0x19,
    0xC0, 0x07, 0x00, 0x18, 0x00, 0xE0, 0x03, 0x80, 0x0E, 0x00, 0x38, 0x00, 0xF0, 0x01, 0xC0, 0x07,
    0x00, 0x1E, 0x00, 0x38, 0x08, 0x7F, 0xE0, 0xFF, 0x00, 0x00, 0x7F, 0xF0, 0x1F, 0xFE, 0x07, 0x07,
    0x83, 0x81, 0xE1, 0xC0, 0x70, 0xE0, 0x38, 0x70, 0x0E, 0x38, 0x07, 0x1C, 0x03, 0x8E, 0x01, 0xC7,
    0x00, 0xE3, 0x80, 0x71, 0xC0, 0x70, 0xE0, 0x38, 0x70, 0x1C, 0x38, 0x1C, 0x1C, 0x7C, 0x3F, 0xF8,
    0x00, 0x7F, 0xFC, 0x7F, 0xF8, 0x70, 0x30, 0xE0, 0x61, 0xC0, 0x03, 0x80, 0x07, 0x00, 0x0E, 0x00,
    0x1F, 0xF0, 0x38, 0x00, 0x70, 0x00, 0xE0, 0x01, 0xC0, 0x03, 0x80, 0x07, 0x01, 0x8E, 0x03, 0x1C,
    0x1E, 0xFF, 0xF8, 0x7F, 0xFC, 0xFF, 0xF1, 0xC0, 0xC7, 0x03, 0x1C, 0x00, 0x70, 0x01, 0xC0, 0x07,
    0x00, 0x1F, 0xE0, 0x7F, 0xC1, 0xC0, 0x07, 0x00, 0x1C, 0x00, 0x70, 0x01, 0xC0, 0x07, 0x00, 0x1E,
    0x01, 0xFE, 0x00, 0x00, 0x00, 0x03, 0xFC, 0x03, 0xCF, 0x07, 0x01, 0xC3, 0x80, 0xE3, 0x80, 0x01,
    0xC0, 0x00, 0xE0, 0x00, 0xE0, 0x00, 0x70, 0x00, 0x38, 0x00, 0x1C, 0x07, 0xE7, 0x00, 0xE3, 0x80,
    0x71, 0xC0, 0x38, 0x70, 0x1C, 0x38, 0x0E, 0x0F, 0x87, 0x01, 0xFF, 0x00, 0x00, 0x00, 0x7F, 0x0F,
    0xE7, 0xC0, 0xF0, 0x70, 0x0E, 0x0E, 0x01, 0xC1, 0xC0, 0x38, 0x38, 0x07, 0x07, 0x00, 0xE0, 0xE0,
    0x1C, 0x1F, 0xFF, 0x83, 0x80, 0x70, 0x70, 0x0E, 0x0E, 0x01, 0xC1, 0xC0, 0x38, 0x38, 0x07, 0x07,
    0x00, 0xE0, 0xE0, 0x1C, 0x1E, 0x07, 0x8F, 0xE3, 0xFC, 0x7F, 0x1F, 0x07, 0x03, 0x81, 0xC0, 0xE0,
    0x70, 0x38, 0x1C, 0x0E, 0x07, 0x03, 0x81, 0xC0, 0xE0, 0x70, 0x38, 0x1E, 0x3F, 0x80, 0x3F, 0x87,
    0xC0, 0xE0, 0x38, 0x0E, 0x03, 0x80, 0xE0, 0x38, 0x0E, 0x03, 0x80, 0xE0, 0x38, 0x0E, 0x03, 0x80,
    0xE0, 0x38, 0x0E, 0x03, 0x80, 0xE0, 0x38, 0x0E, 0x03, 0x03, 0xC1, 0xC0, 0x7F, 0x1F, 0x8F, 0x83,
    0xC1, 0xC0, 0xC0, 0x70, 0x70, 0x1C, 0x18, 0x07, 0x0C, 0x01, 0xC6, 0x00, 0x73, 0x00, 0x1D, 0xC0,
    0x07, 0xF8, 0x01, 0xEF, 0x00, 0x71, 0xE0, 0x1C, 0x38, 0x07, 0x07, 0x01, 0xC1, 0xE0, 0x70, 0x3C,
    0x1E, 0x07, 0x9F, 0xC0, 0xF0, 0x7F, 0x00, 0x7C, 0x00, 0x70, 0x00, 0xE0, 0x01, 0xC0, 0x03, 0x80,
    0x07, 0x00, 0x0E, 0x00, 0x1C, 0x00, 0x38, 0x00, 0x70, 0x00, 0xE0, 0x01, 0xC0, 0x03, 0x80, 0xC7,
    0x01, 0x8E, 0x03, 0x1C, 0x0E, 0xFF, 0xF8, 0x7E, 0x00, 0x7E, 0x7C, 0x01, 0xF0, 0x7C, 0x03, 0xC0,
    0xF8, 0x07, 0x81, 0xB0, 0x1B, 0x03, 0x70, 0x36, 0x06, 0xE0, 0x4C, 0x0C, 0xC1, 0x98, 0x19, 0xC3,
    0x30, 0x33, 0x8C, 0x60, 0x63, 0x98, 0xC0, 0xC7, 0x21, 0x81, 0x86, 0xC3, 0x03, 0x0F, 0x86, 0x06,
    0x1E, 0x0C, 0x0C, 0x1C, 0x18, 0x18, 0x38, 0x78, 0xFC, 0x61, 0xFC, 0x7C, 0x0F, 0xC7, 0xC0, 0x70,
    0x78, 0x0C, 0x0F, 0x81, 0x81, 0xF0, 0x30, 0x37, 0x06, 0x06, 0x70, 0xC0, 0xCE, 0x18, 0x18, 0xE3,
    0x03, 0x0E, 0x60, 0x61, 0xCC, 0x0C, 0x1D, 0x81, 0x81, 0xF0, 0x30, 0x3E, 0x06, 0x03, 0xC0, 0xC0,
    0x78, 0x1C, 0x07, 0x0F, 0xC0, 0x60, 0x00, 0x00, 0x03, 0xF8, 0x07, 0x8E, 0x07, 0x03, 0x83, 0x00,
    0xE3, 0x80, 0x31, 0xC0, 0x1D, 0xC0, 0x0E, 0xE0, 0x07, 0x70, 0x03, 0xB8, 0x01, 0xDC, 0x00, 0xEE,
    0x00, 0x73, 0x80, 0x39, 0xC0, 0x18, 0xE0, 0x1C, 0x38, 0x0C, 0x0F, 0x1C, 0x03, 0xFC, 0x00, 0x00,
    0x00, 0x7F, 0xE0, 0x79, 0xF0, 0x70, 0xF0, 0xE0, 0xE1, 0xC1, 0xC3, 0x83, 0x87, 0x07, 0x0E, 0x0E,
    0x1C, 0x18, 0x38, 0xF0, 0x7F, 0x80, 0xE0, 0x01, 0xC0, 0x03, 0x80, 0x07, 0x00, 0x0E, 0x00, 0x1E,
    0x00, 0xFF, 0x00, 0x00, 0x00, 0x03, 0xF8, 0x07, 0x8E, 0x07, 0x03, 0x83, 0x00, 0xE3, 0x80, 0x31,
    0xC0, 0x1D, 0xC0, 0x0E, 0xE0, 0x07, 0x70, 0x03, 0xB8, 0x01, 0xDC, 0x00, 0xEE, 0x00, 0x73, 0x80,
    0x39, 0xC0, 0x18, 0xE0, 0x1C, 0x38, 0x0C, 0x0F, 0x1C, 0x03, 0xFC, 0x00, 0x38, 0x00, 0x1C, 0x00,
    0x07, 0x00, 0x03, 0x80, 0x00, 0xF8, 0x00, 0x1C, 0x00, 0x7F, 0xE0, 0x1E, 0x7C, 0x07, 0x07, 0x03,
    0x83, 0x81, 0xC1, 0xC0, 0xE0, 0xE0, 0x70, 0x70, 0x38, 0x30, 0x1C, 0x38, 0x0F, 0xF0, 0x07, 0x38,
    0x03, 0x8E, 0x01, 0xC7, 0x00, 0xE1, 0xC0, 0x70, 0xF0, 0x38, 0x38, 0x1E, 0x0E, 0x3F, 0x83, 0xC0,
    0x00, 0x01, 0xF8, 0x79, 0xC6, 0x0E, 0xE0, 0xEE, 0x00, 0xE0, 0x07, 0x00, 0x7C, 0x03, 0xF0, 0x0F,
    0xC0, 0x3E, 0x00, 0xE0, 0x06, 0x40, 0x6C, 0x06, 0xE0, 0xE7, 0x1C, 0x3F, 0x80, 0x00, 0x7F, 0xFF,
    0xFF, 0xFF, 0x0E, 0x1E, 0x1C, 0x34, 0x38, 0x20, 0x70, 0x00, 0xE0, 0x01, 0xC0, 0x03, 0x80, 0x07,
    0x00, 0x0E, 0x00, 0x1C, 0x00, 0x38, 0x00, 0x70, 0x00, 0xE0, 0x01, 0xC0, 0x03, 0xC0, 0x1F, 0xE0,
    0xFF, 0x1F, 0xCF, 0x01, 0xC1, 0x80, 0x60, 0x60, 0x08, 0x18, 0x02, 0x06, 0x00, 0x81, 0x80, 0x20,
    0x60, 0x08, 0x18, 0x02, 0x06, 0x00, 0x81, 0x80, 0x20, 0x60, 0x08, 0x18, 0x02, 0x06, 0x01, 0x81,
    0xC0, 0x60, 0x70, 0x18, 0x0F, 0x1C, 0x01, 0xFE, 0x00, 0x00, 0x00, 0xFE, 0x1F, 0xBC, 0x07, 0x8E,
    0x01, 0x87, 0x00, 0xC1, 0xC0, 0xC0, 0xE0, 0x60, 0x70, 0x20, 0x1C, 0x30, 0x0E, 0x18, 0x07, 0x08,
    0x01, 0xCC, 0x00, 0xE6, 0x00, 0x72, 0x00, 0x1B, 0x00, 0x0F, 0x80, 0x03, 0x80, 0x01, 0xC0, 0x00,
    0xE0, 0x00, 0xFE, 0x04, 0x0F, 0xDF, 0x03, 0x81, 0xE3, 0x80, 0xE0, 0x30, 0xE0, 0x38, 0x0C, 0x1C,
    0x1F, 0x06, 0x07, 0x07, 0xC1, 0x81, 0xC1, 0x30, 0x60, 0x38, 0xCE, 0x10, 0x0E, 0x33, 0x8C, 0x03,
    0x8C, 0xE3, 0x00, 0x62, 0x18, 0xC0, 0x1D, 0x87, 0x60, 0x07, 0x61, 0xD8, 0x01, 0xD8, 0x36, 0x00,
    0x3C, 0x0F, 0x00, 0x0F, 0x03, 0xC0, 0x03, 0xC0, 0x70, 0x00, 0x60, 0x1C, 0x00, 0xFE, 0x3F, 0x1E,
    0x0F, 0x07, 0x06, 0x03, 0xC3, 0x00, 0xE3, 0x00, 0x39, 0x00, 0x1F, 0x80, 0x07, 0x80, 0x01, 0xC0,
    0x00, 0xE0, 0x00, 0xF8, 0x00, 0xDE, 0x00, 0x67, 0x00, 0x61, 0xC0, 0x60, 0xE0, 0x30, 0x38, 0x38,
    0x1E, 0x7E, 0x3F, 0x80, 0x7F, 0x1F, 0x9E, 0x07, 0x87, 0x01, 0x83, 0x81, 0x80, 0xE0, 0xC0, 0x38,
    0xC0, 0x1C, 0x60, 0x07, 0x60, 0x03, 0xA0, 0x00, 0xF0, 0x00, 0x70, 0x00, 0x38, 0x00, 0x1C, 0x00,
    0x0E, 0x00, 0x07, 0x00, 0x03, 0x80, 0x01, 0xE0, 0x03, 0xFC, 0x00, 0x7F, 0xF9, 0xFF, 0xE6, 0x07,
    0x98, 0x1C, 0x00, 0xE0, 0x03, 0x80, 0x1C, 0x00, 0xF0, 0x03, 0x80, 0x1C, 0x00, 0x70, 0x03, 0x80,
    0x1E, 0x00, 0x70, 0x03, 0x80, 0xCE, 0x03, 0x78, 0x1D, 0xFF, 0xF0, 0xFD, 0xE3, 0x87, 0x0E, 0x1C,
    0x38, 0x70, 0xE1, 0xC3, 0x87, 0x0E, 0x1C, 0x38, 0x70, 0xE1, 0xC3, 0x87, 0x0E, 0x1F, 0x80, 0x00,
    0xC0, 0xC0, 0x40, 0x40, 0x60, 0x60, 0x20, 0x30, 0x30, 0x30, 0x10, 0x18, 0x18, 0x18, 0x08, 0x0C,
    0x0C, 0x0C, 0x04, 0x06, 0x06, 0x06, 0x00, 0x7E, 0x3C, 0x38, 0x70, 0xE1, 0xC3, 0x87, 0x0E, 0x1C,
    0x38, 0x70, 0xE1, 0xC3, 0x87, 0x0E, 0x1C, 0x38, 0x70, 0xEF, 0xC0, 0x00, 0x06, 0x00, 0x60, 0x0F,
    0x00, 0xF0, 0x19, 0x81, 0x98, 0x30, 0xC3, 0x0C, 0x60, 0x46, 0x06, 0x40, 0x60, 0x00, 0x7F, 0xFB,
    0xFF, 0x80, 0x07, 0x1C, 0x61, 0x80, 0x1F, 0x03, 0xFC, 0x71, 0xC7, 0x0C, 0x00, 0xC0, 0x0E, 0x1F,
    0xE7, 0x8E, 0x60, 0xEE, 0x0E, 0xE0, 0xEE, 0x1E, 0x77, 0xE3, 0xEF, 0x00, 0x00, 0xF8, 0x00, 0xE0,
    0x01, 0x80, 0x06, 0x00, 0x18, 0x00, 0x67, 0x81, 0xBF, 0x07, 0x8E, 0x1C, 0x1C, 0x60, 0x71, 0x81,
    0xC6, 0x07, 0x18, 0x1C, 0x60, 0x71, 0x81, 0xC7, 0x07, 0x1C, 0x18, 0xFD, 0xEF, 0xBF, 0x00, 0x00,
    0x0F, 0x07, 0xF9, 0xC3, 0x30, 0x66, 0x09, 0xC0, 0x38, 0x07, 0x00, 0xE0, 0x1C, 0x01, 0x80, 0x38,
    0x23, 0xFC, 0x3F, 0x00, 0x00, 0x01, 0xF0, 0x01, 0xC0, 0x07, 0x00, 0x1C, 0x00, 0x70, 0x39, 0xC3,
    0xFF, 0x1C, 0x3C, 0x70, 0x71, 0x81, 0xCE, 0x07, 0x38, 0x1C, 0xE0, 0x73, 0x81, 0xCE, 0x07, 0x18,
    0x1C, 0x70, 0xF0, 0xFF, 0xC1, 0xF7, 0xC0, 0x00, 0x0F, 0x03, 0xF8, 0x70, 0xC7, 0x0E, 0x60, 0xEE,
    0x0E, 0xFF, 0xEF, 0xFE, 0xE0, 0x0E, 0x00, 0x60, 0x07, 0x06, 0x3D, 0xC1, 0xF8, 0x00, 0x00, 0x00,
    0x00, 0xFC, 0x33, 0x8E, 0x31, 0xC0, 0x38, 0x1F, 0xE3, 0xFC, 0x1C, 0x03, 0x80, 0x70, 0x0E, 0x01,
    0xC0, 0x38, 0x07, 0x00, 0xE0, 0x1C, 0x03, 0x80, 0xF0, 0x3F, 0xC0, 0x00, 0x00, 0x3C, 0xE1, 0xFF,
    0x8E, 0x30, 0x30, 0xE0, 0xC3, 0x83, 0x0E, 0x0C, 0x38, 0x38, 0xC0, 0x7E, 0x01, 0x80, 0x0C, 0x00,
    0x3F, 0x80, 0x7F, 0x83, 0xFF, 0x18, 0x0C, 0x60, 0x3B, 0x80, 0xC6, 0x03, 0x1C, 0x38, 0x3F, 0xC0,
    0xF8, 0x00, 0x38, 0x00, 0x18, 0x00, 0x18, 0x00, 0x18, 0x00, 0x19, 0xE0, 0x1B, 0xF0, 0x1E, 0x38,
    0x1C, 0x38, 0x18, 0x18, 0x18, 0x18, 0x18, 0x18, 0x18, 0x18, 0x18, 0x18, 0x18, 0x18, 0x18, 0x18,
    0x18, 0x18, 0x3C, 0x1C, 0xFE, 0x1E, 0x18, 0x3C, 0x18, 0x00, 0x00, 0x78, 0x78, 0x18, 0x18, 0x18,
    0x18, 0x18, 0x18, 0x18, 0x18, 0x18, 0x18, 0x3C, 0xFF, 0x0C, 0x38, 0x70, 0x00, 0x07, 0x8F, 0x0E,
    0x0C, 0x18, 0x30, 0x60, 0xC1, 0x83, 0x06, 0x0C, 0x18, 0x30, 0x60, 0xC3, 0x87, 0x1C, 0x70, 0xF8,
    0x00, 0x70, 0x00, 0x60, 0x00, 0xC0, 0x01, 0x80, 0x03, 0x0F, 0x06, 0x3F, 0x0C, 0x38, 0x18, 0x60,
    0x31, 0x80, 0x66, 0x00, 0xDC, 0x01, 0xFC, 0x03, 0xB8, 0x06, 0x38, 0x0C, 0x38, 0x18, 0x70, 0x78,
    0x73, 0xF8, 0x78, 0xF8, 0x38, 0x18, 0x18, 0x18, 0x18, 0x18, 0x18, 0x18, 0x18, 0x18, 0x18, 0x18,
    0x18, 0x18, 0x18, 0x18, 0x3C, 0xFF, 0x71, 0xE1, 0xE0, 0xF7, 0xE7, 0xE0, 0x78, 0xF1, 0xE0, 0xE1,
    0xE1, 0xC1, 0xC1, 0x83, 0x83, 0x03, 0x07, 0x06, 0x06, 0x0E, 0x0C, 0x0C, 0x1C, 0x18, 0x18, 0x38,
    0x30, 0x30, 0x70, 0x60, 0x60, 0xE0, 0xC0, 0xC1, 0xC3, 0xC1, 0xC3, 0xCF, 0xE3, 0xC7, 0xC0, 0x71,
    0xE0, 0x7B, 0xF0, 0x1E, 0x38, 0x1C, 0x18, 0x1C, 0x1C, 0x18, 0x1C, 0x18, 0x1C, 0x18, 0x1C, 0x18,
    0x1C, 0x18, 0x1C, 0x18, 0x1C, 0x18, 0x1C, 0x3C, 0x1C, 0x7F, 0x1F, 0x0F, 0x01, 0xFE, 0x1C, 0x38,
    0xE0, 0xE6, 0x07, 0x70, 0x3B, 0x81, 0xDC, 0x0E, 0xE0, 0x77, 0x03, 0x98, 0x1C, 0xE0, 0xC3, 0x8E,
    0x0F, 0xE0, 0x00, 0x00, 0x71, 0xE3, 0xEF, 0xC3, 0xE3, 0x87, 0x07, 0x18, 0x1C, 0x60, 0x71, 0x81,
    0xC6, 0x07, 0x18, 0x1C, 0x60, 0x71, 0xC1, 0xC7, 0x06, 0x1F, 0x78, 0x6F, 0xC1, 0x80, 0x06, 0x00,
    0x18, 0x00, 0x60, 0x03, 0xC0, 0x3F, 0x80, 0x0E, 0x38, 0xFE, 0xF7, 0x0F, 0x1C, 0x1C, 0x60, 0x73,
    0x81, 0xCE, 0x07, 0x38, 0x1C, 0xE0, 0x73, 0x81, 0xC6, 0x07, 0x1C, 0x3C, 0x3F, 0xF0, 0x7D, 0xC0,
    0x07, 0x00, 0x1C, 0x00, 0x70, 0x01, 0xC0, 0x07, 0x00, 0xFF, 0x71, 0xC7, 0xBE, 0x1E, 0x61, 0xC6,
    0x1C, 0x01, 0xC0, 0x18, 0x01, 0x80, 0x18, 0x01, 0x80, 0x18, 0x01, 0x80, 0x3C, 0x07, 0xF0, 0x1E,
    0x1F, 0xCE, 0x3B, 0x04, 0xE0, 0x1C, 0x07, 0xC0, 0x7C, 0x07, 0x80, 0xEC, 0x1B, 0x06, 0xE3, 0x9F,
    0xC0, 0x00, 0x00, 0x0C, 0x06, 0x07, 0xEF, 0xF1, 0xC0, 0xE0, 0x70, 0x38, 0x1C, 0x0E, 0x07, 0x03,
    0x81, 0xC0, 0xE0, 0x38, 0x1F, 0x00, 0x00, 0x78, 0x78, 0x78, 0x78, 0x38, 0x38, 0x18, 0x18, 0x18,
    0x18, 0x18, 0x18, 0x18, 0x18, 0x18, 0x18, 0x18, 0x18, 0x18, 0x18, 0x18, 0x38, 0x1C, 0x38, 0x1E,
    0xFC, 0x0F, 0xDE, 0x00, 0x00, 0x7C, 0x7D, 0xF8, 0xF8, 0xE0, 0x61, 0xC0, 0x83, 0x83, 0x03, 0x06,
    0x07, 0x08, 0x0E, 0x30, 0x0E, 0x40, 0x1D, 0x80, 0x1B, 0x00, 0x3C, 0x00, 0x78, 0x00, 0x70, 0x00,
    0xFC, 0x00, 0x7B, 0xF0, 0xC3, 0xE3, 0x83, 0x83, 0x0E, 0x1E, 0x08, 0x38, 0x78, 0x20, 0x61, 0x71,
    0x81, 0x8C, 0xC6, 0x07, 0x23, 0x10, 0x1C, 0x8E, 0xC0, 0x36, 0x3B, 0x00, 0xF0, 0x68, 0x03, 0xC1,
    0xE0, 0x07, 0x07, 0x80, 0x18, 0x0C, 0x00, 0x7E, 0x78, 0xFD, 0xF8, 0xF1, 0xC0, 0xE3, 0x00, 0xEC,
    0x00, 0xF0, 0x00, 0xE0, 0x01, 0xC0, 0x07, 0xC0, 0x19, 0xC0, 0x23, 0x80, 0xC3, 0x83, 0x87, 0x9F,
    0x9F, 0x80, 0x7C, 0x7D, 0xF8, 0xF8, 0xE0, 0xE1, 0xC1, 0x83, 0x83, 0x03, 0x86, 0x07, 0x18, 0x06,
    0x30, 0x0E, 0x60, 0x0D, 0x80, 0x1F, 0x00, 0x3C, 0x00, 0x38, 0x00, 0x70, 0x00, 0xC0, 0x01, 0x80,
    0x07, 0x00, 0x1C, 0x00, 0x70, 0x03, 0xC0, 0x00, 0x7F, 0xDF, 0xFB, 0x07, 0x61, 0xC0, 0x30, 0x0E,
    0x03, 0x80, 0x60, 0x1C, 0x07, 0x00, 0xC1, 0x38, 0x2F, 0xFD, 0xFF, 0x80, 0x07, 0x87, 0x07, 0x03,
    0x81, 0xC0, 0xE0, 0x70, 0x38, 0x1C, 0x0C, 0x1E, 0x1E, 0x01, 0x80, 0xE0, 0x70, 0x38, 0x1C, 0x0E,
    0x07, 0x03, 0x80, 0xC0, 0x7C, 0x00, 0xFF, 0xFF, 0xFF, 0xFF, 0xFF, 0xFF, 0xC0, 0xF0, 0x1C, 0x06,
    0x03, 0x81, 0xC0, 0xE0, 0x70, 0x38, 0x1C, 0x0E, 0x03, 0xC1, 0xE1, 0xC0, 0xE0, 0x70, 0x38, 0x1C,
    0x0E, 0x07, 0x03, 0x83, 0x87, 0x80, 0x00, 0x00, 0x03, 0x83, 0x7E, 0x24, 0x76, 0xC3, 0xC0, 0x00,
    0x67, 0xF6, 0x00, 0x66, 0x66, 0x66, 0x66, 0x67, 0x77, 0x60, 0x02, 0x00, 0x30, 0x0F, 0xC1, 0xFE,
    0x33, 0x77, 0x36, 0x73, 0x07, 0x30, 0x73, 0x07, 0x30, 0x73, 0x07, 0x30, 0x73, 0x03, 0xB2, 0x1F,
    0xE0, 0xFC, 0x03, 0x00, 0x30, 0x00, 0x00, 0x7E, 0x0E, 0x38, 0x60, 0xC3, 0x06, 0x38, 0x00, 0xC0,
    0x06, 0x00, 0x38, 0x07, 0xFC, 0x3F, 0xE0, 0x30, 0x01, 0xC0, 0x0E, 0x00, 0x60, 0x03, 0x00, 0x3E,
    0x13, 0xFF, 0xB0, 0xF8, 0x00, 0x00, 0x00, 0x06, 0x66, 0x7F, 0xE3, 0x0C, 0x20, 0x46, 0x06, 0x60,
    0x62, 0x04, 0x30, 0xC7, 0xFE, 0x66, 0x60, 0x00, 0xFC, 0x7D, 0xE0, 0xE3, 0x83, 0x0E, 0x0C, 0x1C,
    0x20, 0x71, 0x80, 0xC4, 0x03, 0xB0, 0x06, 0x80, 0x7F, 0xC3, 0xFF, 0x00, 0xC0, 0x3F, 0xF0, 0xFF,
    0xC0, 0x30, 0x00, 0xC0, 0x07, 0x80, 0x7F, 0x80, 0xFF, 0xFF, 0xF0, 0x03, 0xFF, 0xFF, 0xC0, 0x1F,
    0x83, 0x9C, 0x30, 0xC7, 0x0C, 0x70, 0x03, 0x00, 0x3C, 0x03, 0xF0, 0x6F, 0xC6, 0x3E, 0x60, 0xE7,
    0x86, 0x3E, 0x61, 0xF6, 0x07, 0xC0, 0x1C, 0x00, 0xE2, 0x06, 0x60, 0x67, 0x0C, 0x3F, 0xC1, 0xF0,
    0x62, 0xE7, 0x67, 0x00, 0x00, 0x00, 0x00, 0x7F, 0x00, 0x3C, 0x78, 0x0C, 0x01, 0x83, 0x0F, 0x18,
    0xC7, 0xF1, 0x99, 0xC7, 0x32, 0x30, 0x03, 0xC6, 0x00, 0x79, 0xC0, 0x0F, 0x38, 0x01, 0xE3, 0x00,
    0x34, 0x60, 0x06, 0xCE, 0x08, 0x98, 0xF6, 0x31, 0x87, 0x8C, 0x18, 0x03, 0x81, 0xC1, 0xC0, 0x1F,
    0xF0, 0x00, 0x00, 0x00, 0x3E, 0x1C, 0xC2, 0x30, 0x7C, 0x73, 0x18, 0xC6, 0x31, 0xFE, 0x10, 0x00,
    0x08, 0x43, 0x18, 0x66, 0x19, 0xC7, 0x70, 0xCE, 0x1C, 0xC1, 0x8C, 0x18, 0xC1, 0x98, 0x7F, 0xE7,
    0xFE, 0x00, 0x20, 0x02, 0x00, 0x20, 0x02, 0x00, 0x20, 0x7E, 0xFE, 0x00, 0x00, 0x00, 0x00, 0x7F,
    0x00, 0x3C, 0x78, 0x0C, 0x01, 0x83, 0x00, 0x18, 0xCF, 0xF1, 0x98, 0xC7, 0x32, 0x18, 0x63, 0xC3,
    0x1C, 0x78, 0x77, 0x0F, 0x0F, 0xC1, 0xE1, 0x98, 0x34, 0x33, 0x86, 0xC6, 0x30, 0x99, 0xE3, 0xB1,
    0xBE, 0x7C, 0x18, 0x03, 0x81, 0xC1, 0xC0, 0x1F, 0xF0, 0x00, 0x00, 0x00, 0x7F, 0xF3, 0xFF, 0xC0,
    0x00, 0x3C, 0x7E, 0xC3, 0xC3, 0xC3, 0x66, 0x7E, 0x18, 0x00, 0x00, 0x60, 0x06, 0x00, 0x60, 0x06,
    0x07, 0xFE, 0x7F, 0xE0, 0x60, 0x06, 0x00, 0x60, 0x06, 0x00, 0x00, 0x00, 0x07, 0xFE, 0xFF, 0xE0,
    0x38, 0xFE, 0xC6, 0x47, 0x06, 0x06, 0x0C, 0x18, 0x31, 0x63, 0xFF, 0x00, 0x38, 0xFE, 0xC6, 0x46,
    0x0E, 0x3C, 0x0E, 0x07, 0x87, 0xC7, 0xFE, 0x38, 0x01, 0xDC, 0xCC, 0x00, 0x40, 0x47, 0x07, 0x38,
    0x39, 0xC1, 0xCE, 0x0E, 0x70, 0x73, 0x83, 0x9C, 0x1C, 0xE0, 0xE7, 0x07, 0x38, 0x39, 0xC3, 0xCF,
    0xBE, 0x7F, 0x3B, 0x00, 0x18, 0x00, 0xC0, 0x07, 0x00, 0x3C, 0x00, 0xC0, 0x00, 0x3F, 0xFD, 0xF9,
    0xCF, 0xE6, 0x3F, 0x98, 0xFE, 0x63, 0xF9, 0x8F, 0xE6, 0x1F, 0x98, 0x7E, 0x60, 0x19, 0x80, 0x66,
    0x01, 0x98, 0x06, 0x60, 0x19, 0x80, 0x66, 0x01, 0x98, 0x06, 0x60, 0x19, 0x80, 0x66, 0x01, 0x98,
    0x0E, 0x70, 0x79, 0xE0, 0x67, 0xF6, 0x00, 0xC3, 0x87, 0x0D, 0xFF, 0x80, 0x08, 0x38, 0xF8, 0x18,
    0x18, 0x18, 0x18, 0x18, 0x18, 0x18, 0x7E, 0x00, 0x1E, 0x1C, 0xC6, 0x19, 0x86, 0x61, 0x98, 0x67,
    0x38, 0xFC, 0x0C, 0x00, 0x40, 0x0C, 0x40, 0xCC, 0x1C, 0xC1, 0xDC, 0x3B, 0x8E, 0x71, 0x9C, 0x63,
    0x08, 0xC0, 0x08, 0x00, 0x01, 0xE0, 0x18, 0x3F, 0x01, 0x80, 0xB8, 0x0C, 0x01, 0xC0, 0xC0, 0x0E,
    0x06, 0x00, 0x70, 0x60, 0x03, 0x83, 0x00, 0x1C, 0x30, 0xC0, 0xE1, 0x8E, 0x1F, 0x98, 0x70, 0x00,
    0xC7, 0x80, 0x0C, 0x6C, 0x00, 0x62, 0x60, 0x06, 0x23, 0x00, 0x33, 0xFF, 0x03, 0x00, 0xC0, 0x18,
    0x06, 0x01, 0x80, 0xF8, 0x00, 0x00, 0x00, 0x08, 0x00, 0x01, 0xE0, 0x30, 0x3F, 0x01, 0x80, 0xB8,
    0x18, 0x01, 0xC0, 0xC0, 0x0E, 0x0C, 0x00, 0x70, 0x60, 0x03, 0x86, 0x00, 0x1C, 0x33, 0xC0, 0xE3,
    0x3F, 0x1F, 0x99, 0x9C, 0x01, 0x88, 0xE0, 0x0C, 0x07, 0x00, 0xC0, 0x30, 0x06, 0x03, 0x00, 0x60,
    0x30, 0x03, 0x03, 0x10, 0x30, 0x31, 0x81, 0x83, 0xFC, 0x00, 0x00, 0x00, 0x38, 0x00, 0x0F, 0xE0,
    0x60, 0xC6, 0x06, 0x04, 0x60, 0xC0, 0x0E, 0x0C, 0x03, 0xC1, 0x80, 0x0E, 0x18, 0x00, 0x73, 0x00,
    0x87, 0x31, 0x8C, 0x76, 0x38, 0xFE, 0x63, 0x83, 0x8C, 0x78, 0x00, 0xCD, 0x80, 0x18, 0x98, 0x01,
    0x91, 0x80, 0x33, 0xFF, 0x03, 0x01, 0x80, 0x60, 0x18, 0x06, 0x07, 0xC0, 0x00, 0x00, 0x02, 0x00,
    0x70, 0x07, 0x00, 0x70, 0x00, 0x00, 0x00, 0x02, 0x00, 0x20, 0x06, 0x00, 0xE0, 0x3C, 0x03, 0x80,
    0x70, 0x07, 0x00, 0x70, 0x47, 0x06, 0x70, 0xE3, 0xFE, 0x0F, 0x80, 0x00, 0x00, 0x01, 0xC0, 0x00,
    0x38, 0x00, 0x06, 0x00, 0x00, 0xC0, 0x00, 0x00, 0x00, 0x0C, 0x00, 0x07, 0x00, 0x01, 0xE0, 0x00,
    0x78, 0x00, 0x37, 0x00, 0x0D, 0xC0, 0x06, 0x30, 0x01, 0x8E, 0x00, 0x43, 0x80, 0x30, 0x60, 0x0C,
    0x1C, 0x03, 0xFF, 0x01, 0x80, 0xE0, 0x60, 0x38, 0x30, 0x0E, 0x0C, 0x01, 0xC7, 0x00, 0xF3, 0xF0,
    0x7F, 0x00, 0x00, 0x00, 0x0C, 0x00, 0x07, 0x00, 0x03, 0x80, 0x00, 0x80, 0x00, 0x00, 0x00, 0x0C,
    0x00, 0x07, 0x00, 0x01, 0xE0, 0x00, 0x78, 0x00, 0x37, 0x00, 0x0D, 0xC0, 0x06, 0x30, 0x01, 0x8E,
    0x00, 0x43, 0x80, 0x30, 0x60, 0x0C, 0x1C, 0x03, 0xFF, 0x01, 0x80, 0xE0, 0x60, 0x38, 0x30, 0x0E,
    0x0C, 0x01, 0xC7, 0x00, 0xF3, 0xF0, 0x7F, 0x00, 0x00, 0x00, 0x78, 0x00, 0x1E, 0x00, 0x0C, 0xC0,
    0x06, 0x10, 0x00, 0x00, 0x00, 0x0C, 0x00, 0x07, 0x00, 0x01, 0xE0, 0x00, 0x78, 0x00, 0x37, 0x00,
    0x0D, 0xC0, 0x06, 0x30, 0x01, 0x8E, 0x00, 0x43, 0x80, 0x30, 0x60, 0x0C, 0x1C, 0x03, 0xFF, 0x01,
    0x80, 0xE0, 0x60, 0x38, 0x30, 0x0E, 0x0C, 0x01, 0xC7, 0x00, 0xF3, 0xF0, 0x7F, 0x00, 0x00, 0x01,
    0xF2, 0x00, 0xDF, 0x80, 0x01, 0xC0, 0x00, 0x00, 0x00, 0x30, 0x00, 0x1C, 0x00, 0x07, 0x80, 0x01,
    0xE0, 0x00, 0xDC, 0x00, 0x37, 0x00, 0x18, 0xC0, 0x06, 0x38, 0x01, 0x0E, 0x00, 0xC1, 0x80, 0x30,
    0x70, 0x0F, 0xFC, 0x06, 0x03, 0x81, 0x80, 0xE0, 0xC0, 0x38, 0x30, 0x07, 0x1C, 0x03, 0xCF, 0xC1,
    0xFC, 0x02, 0x30, 0x01, 0xCE, 0x00, 0x73, 0x00, 0x00, 0x00, 0x00, 0x00, 0x00, 0x30, 0x00, 0x1C,
    0x00, 0x07, 0x80, 0x01, 0xE0, 0x00, 0xDC, 0x00, 0x37, 0x00, 0x18, 0xC0, 0x06, 0x38, 0x01, 0x0E,
    0x00, 0xC1, 0x80, 0x30, 0x70, 0x0F, 0xFC, 0x06, 0x03, 0x81, 0x80, 0xE0, 0xC0, 0x38, 0x30, 0x07,
    0x1C, 0x03, 0xCF, 0xC1, 0xFC, 0x00, 0x00, 0x00, 0x78, 0x00, 0x33, 0x00, 0x08, 0xC0, 0x03, 0x30,
    0x00, 0xF8, 0x00, 0x1E, 0x00, 0x07, 0x80, 0x01, 0xE0, 0x00, 0xDC, 0x00, 0x37, 0x00, 0x18, 0xC0,
    0x06, 0x38, 0x01, 0x0E, 0x00, 0xC1, 0x80, 0x30, 0x70, 0x0F, 0xFC, 0x06, 0x03, 0x81, 0x80, 0xE0,
    0xC0, 0x38, 0x30, 0x07, 0x1C, 0x03, 0xCF, 0xC1, 0xFC, 0x00, 0xFF, 0xFC, 0x00, 0xFF, 0xF8, 0x01,
    0xF0, 0x30, 0x02, 0xE0, 0x60, 0x0D, 0xC0, 0x40, 0x13, 0x80, 0x00, 0x67, 0x00, 0x01, 0x8E, 0x00,
    0x03, 0x1F, 0xF0, 0x0C, 0x38, 0x00, 0x18, 0x70, 0x00, 0x7F, 0xE0, 0x00, 0xC1, 0xC0, 0x03, 0x03,
    0x80, 0x06, 0x07, 0x01, 0x98, 0x0E, 0x03, 0x70, 0x1C, 0x0F, 0xF8, 0xFF, 0xFC, 0x00, 0x00, 0x1F,
    0xC1, 0xE7, 0x8E, 0x07, 0x30, 0x19, 0xC0, 0x07, 0x00, 0x18, 0x00, 0xE0, 0x03, 0x80, 0x0E, 0x00,
    0x38, 0x00, 0xF0, 0x01, 0xC0, 0x07, 0x00, 0x1E, 0x00, 0x38, 0x08, 0x7F, 0xE0, 0xFF, 0x00, 0x60,
    0x01, 0xC0, 0x03, 0x80, 0x0E, 0x00, 0xF0, 0x07, 0x80, 0x00, 0x00, 0x1C, 0x00, 0x1C, 0x00, 0x18,
    0x00, 0x18, 0x00, 0x00, 0x1F, 0xFF, 0x1F, 0xFE, 0x1C, 0x0C, 0x38, 0x18, 0x70, 0x00, 0xE0, 0x01,
    0xC0, 0x03, 0x80, 0x07, 0xFC, 0x0E, 0x00, 0x1C, 0x00, 0x38, 0x00, 0x70, 0x00, 0xE0, 0x01, 0xC0,
    0x63, 0x80, 0xC7, 0x07, 0xBF, 0xFE, 0x00, 0x00, 0x01, 0xC0, 0x03, 0x00, 0x0C, 0x00, 0x10, 0x00,
    0x00, 0x1F, 0xFF, 0x1F, 0xFE, 0x1C, 0x0C, 0x38, 0x18, 0x70, 0x00, 0xE0, 0x01, 0xC0, 0x03, 0x80,
    0x07, 0xFC, 0x0E, 0x00, 0x1C, 0x00, 0x38, 0x00, 0x70, 0x00, 0xE0, 0x01, 0xC0, 0x63, 0x80, 0xC7,
    0x07, 0xBF, 0xFE, 0x00, 0x00, 0x07, 0x80, 0x0F, 0x00, 0x33, 0x00, 0xC3, 0x00, 0x00, 0x1F, 0xFF,
    0x1F, 0xFE, 0x1C, 0x0C, 0x38, 0x18, 0x70, 0x00, 0xE0, 0x01, 0xC0, 0x03, 0x80, 0x07, 0xFC, 0x0E,
    0x00, 0x1C, 0x00, 0x38, 0x00, 0x70, 0x00, 0xE0, 0x01, 0xC0, 0x63, 0x80, 0xC7, 0x07, 0xBF, 0xFE,
    0x04, 0x60, 0x1C, 0xE0, 0x39, 0x80, 0x00, 0x00, 0x00, 0x0F, 0xFF, 0x8F, 0xFF, 0x0E, 0x06, 0x1C,
    0x0C, 0x38, 0x00, 0x70, 0x00, 0xE0, 0x01, 0xC0, 0x03, 0xFE, 0x07, 0x00, 0x0E, 0x00, 0x1C, 0x00,
    0x38, 0x00, 0x70, 0x00, 0xE0, 0x31, 0xC0, 0x63, 0x83, 0xDF, 0xFF, 0x00, 0x00, 0x38, 0x0E, 0x03,
    0x00, 0xC0, 0x01, 0xFC, 0x7C, 0x1C, 0x0E, 0x07, 0x03, 0x81, 0xC0, 0xE0, 0x70, 0x38, 0x1C, 0x0E,
    0x07, 0x03, 0x81, 0xC0, 0xE0, 0x78, 0xFE, 0x00, 0x03, 0x83, 0x81, 0x81, 0x80, 0x01, 0xFC, 0x7C,
    0x1C, 0x0E, 0x07, 0x03, 0x81, 0xC0, 0xE0, 0x70, 0x38, 0x1C, 0x0E, 0x07, 0x03, 0x81, 0xC0, 0xE0,
    0x78, 0xFE, 0x00, 0x0E, 0x0F, 0x86, 0xE6, 0x10, 0x01, 0xFC, 0x7C, 0x1C, 0x0E, 0x07, 0x03, 0x81,
    0xC0, 0xE0, 0x70, 0x38, 0x1C, 0x0E, 0x07, 0x03, 0x81, 0xC0, 0xE0, 0x78, 0xFE, 0x63, 0x39, 0x98,
    0xC0, 0x00, 0x03, 0xF8, 0xF8, 0x38, 0x1C, 0x0E, 0x07, 0x03, 0x81, 0xC0, 0xE0, 0x70, 0x38, 0x1C,
    0x0E, 0x07, 0x03, 0x81, 0xC0, 0xF1, 0xFC, 0x7F, 0xF0, 0x1F, 0xFE, 0x07, 0x07, 0x83, 0x81, 0xE1,
    0xC0, 0x70, 0xE0, 0x38, 0x70, 0x0E, 0x38, 0x07, 0x7F, 0xC3, 0x8E, 0x01, 0xC7, 0x00, 0xE3, 0x80,
    0x71, 0xC0, 0x70, 0xE0, 0x38, 0x70, 0x1C, 0x38, 0x1C, 0x1C, 0x7C, 0x3F, 0xF8, 0x00, 0x00, 0x00,
    0x00, 0x7C, 0x80, 0x0B, 0xF0, 0x00, 0x1C, 0x00, 0x00, 0x00, 0xF8, 0x1F, 0x8F, 0x80, 0xE0, 0xF0,
    0x18, 0x1F, 0x03, 0x03, 0xE0, 0x60, 0x6E, 0x0C, 0x0C, 0xE1, 0x81, 0x9C, 0x30, 0x31, 0xC6, 0x06,
    0x1C, 0xC0, 0xC3, 0x98, 0x18, 0x3B, 0x03, 0x03, 0xE0, 0x60, 0x7C, 0x0C, 0x07, 0x81, 0x80, 0xF0,
    0x38, 0x0E, 0x1F, 0x80, 0xC0, 0x00, 0x00, 0x03, 0x80, 0x00, 0xC0, 0x00, 0x30, 0x00, 0x08, 0x00,
    0x00, 0x00, 0x1F, 0xC0, 0x3C, 0x70, 0x38, 0x1C, 0x18, 0x07, 0x1C, 0x01, 0x8E, 0x00, 0xEE, 0x00,
    0x77, 0x00, 0x3B, 0x80, 0x1D, 0xC0, 0x0E, 0xE0, 0x07, 0x70, 0x03, 0x9C, 0x01, 0xCE, 0x00, 0xC7,
    0x00, 0xE1, 0xC0, 0x60, 0x78, 0xE0, 0x1F, 0xE0, 0x00, 0x00, 0x00, 0x00, 0x00, 0x00, 0x38, 0x00,
    0x38, 0x00, 0x38, 0x00, 0x18, 0x00, 0x00, 0x00, 0x1F, 0xC0, 0x3C, 0x70, 0x38, 0x1C, 0x18, 0x07,
    0x1C, 0x01, 0x8E, 0x00, 0xEE, 0x00, 0x77, 0x00, 0x3B, 0x80, 0x1D, 0xC0, 0x0E, 0xE0, 0x07, 0x70,
    0x03, 0x9C, 0x01, 0xCE, 0x00, 0xC7, 0x00, 0xE1, 0xC0, 0x60, 0x78, 0xE0, 0x1F, 0xE0, 0x00, 0x00,
    0x00, 0x00, 0x00, 0x00, 0xE0, 0x00, 0xF8, 0x00, 0xCC, 0x00, 0x43, 0x00, 0x00, 0x00, 0x1F, 0xC0,
    0x3C, 0x70, 0x38, 0x1C, 0x18, 0x07, 0x1C, 0x01, 0x8E, 0x00, 0xEE, 0x00, 0x77, 0x00, 0x3B, 0x80,
    0x1D, 0xC0, 0x0E, 0xE0, 0x07, 0x70, 0x03, 0x9C, 0x01, 0xCE, 0x00, 0xC7, 0x00, 0xE1, 0xC0, 0x60,
    0x78, 0xE0, 0x1F, 0xE0, 0x00, 0x00, 0x00, 0x00, 0x00, 0x07, 0xCC, 0x03, 0xFC, 0x01, 0x1C, 0x00,
    0x00, 0x00, 0x3F, 0x80, 0x78, 0xE0, 0x70, 0x38, 0x30, 0x0E, 0x38, 0x03, 0x1C, 0x01, 0xDC, 0x00,
    0xEE, 0x00, 0x77, 0x00, 0x3B, 0x80, 0x1D, 0xC0, 0x0E, 0xE0, 0x07, 0x38, 0x03, 0x9C, 0x01, 0x8E,
    0x01, 0xC3, 0x80, 0xC0, 0xF1, 0xC0, 0x3F, 0xC0, 0x00, 0x00, 0x06, 0x20, 0x07, 0x38, 0x01, 0x9C,
    0x00, 0x00, 0x00, 0x00, 0x00, 0x3F, 0x80, 0x78, 0xE0, 0x70, 0x38, 0x30, 0x0E, 0x38, 0x03, 0x1C,
    0x01, 0xDC, 0x00, 0xEE, 0x00, 0x77, 0x00, 0x3B, 0x80, 0x1D, 0xC0, 0x0E, 0xE0, 0x07, 0x38, 0x03,
    0x9C, 0x01, 0x8E, 0x01, 0xC3, 0x80, 0xC0, 0xF1, 0xC0, 0x3F, 0xC0, 0x00, 0x00, 0x00, 0x06, 0x06,
    0x70, 0xE3, 0x9C, 0x1F, 0x80, 0xF0, 0x0F, 0x01, 0xF8, 0x39, 0xC7, 0x0E, 0x60, 0x60, 0x00, 0x00,
    0x04, 0x03, 0xFE, 0x07, 0x8F, 0x07, 0x03, 0x83, 0x03, 0xE3, 0x81, 0xB1, 0xC1, 0x9D, 0xC0, 0xCE,
    0xE0, 0xC7, 0x70, 0x43, 0xB8, 0x61, 0xDC, 0x20, 0xEE, 0x30, 0x73, 0x90, 0x39, 0xD8, 0x18, 0xF8,
    0x1C, 0x3C, 0x0C, 0x0F, 0x1C, 0x07, 0xFC, 0x06, 0x00, 0x00, 0x00, 0x00, 0x00, 0xE0, 0x00, 0x18,
    0x00, 0x03, 0x00, 0x00, 0x40, 0x00, 0x00, 0x0F, 0xF1, 0xFC, 0xF0, 0x1C, 0x18, 0x06, 0x06, 0x00,
    0x81, 0x80, 0x20, 0x60, 0x08, 0x18, 0x02, 0x06, 0x00, 0x81, 0x80, 0x20, 0x60, 0x08, 0x18, 0x02,
    0x06, 0x00, 0x81, 0x80, 0x20, 0x60, 0x18, 0x1C, 0x06, 0x07, 0x01, 0x80, 0xF1, 0xC0, 0x1F, 0xE0,
    0x00, 0x00, 0x00, 0x00, 0x00, 0x00, 0x0E, 0x00, 0x07, 0x00, 0x03, 0x80, 0x00, 0xC0, 0x00, 0x00,
    0x0F, 0xF1, 0xFC, 0xF0, 0x1C, 0x18, 0x06, 0x06, 0x00, 0x81, 0x80, 0x20, 0x60, 0x08, 0x18, 0x02,
    0x06, 0x00, 0x81, 0x80, 0x20, 0x60, 0x08, 0x18, 0x02, 0x06, 0x00, 0x81, 0x80, 0x20, 0x60, 0x18,
    0x1C, 0x06, 0x07, 0x01, 0x80, 0xF1, 0xC0, 0x1F, 0xE0, 0x00, 0x00, 0x00, 0x00, 0x00, 0x00, 0x38,
    0x00, 0x1F, 0x00, 0x0E, 0xC0, 0x02, 0x18, 0x00, 0x00, 0x0F, 0xF1, 0xFC, 0xF0, 0x1C, 0x18, 0x06,
    0x06, 0x00, 0x81, 0x80, 0x20, 0x60, 0x08, 0x18, 0x02, 0x06, 0x00, 0x81, 0x80, 0x20, 0x60, 0x08,
    0x18, 0x02, 0x06, 0x00, 0x81, 0x80, 0x20, 0x60, 0x18, 0x1C, 0x06, 0x07, 0x01, 0x80, 0xF1, 0xC0,
    0x1F, 0xE0, 0x00, 0x00, 0x00, 0x03, 0x18, 0x00, 0xCE, 0x00, 0x31, 0x80, 0x00, 0x00, 0x00, 0x00,
    0x3F, 0xC7, 0xF3, 0xC0, 0x70, 0x60, 0x18, 0x18, 0x02, 0x06, 0x00, 0x81, 0x80, 0x20, 0x60, 0x08,
    0x18, 0x02, 0x06, 0x00, 0x81, 0x80, 0x20, 0x60, 0x08, 0x18, 0x02, 0x06, 0x00, 0x81, 0x80, 0x60,
    0x70, 0x18, 0x1C, 0x06, 0x03, 0xC7, 0x00, 0x7F, 0x80, 0x00, 0x00, 0x00, 0x00, 0x00, 0x1C, 0x00,
    0x1C, 0x00, 0x1C, 0x00, 0x0C, 0x00, 0x00, 0x01, 0xFC, 0x7E, 0x78, 0x1E, 0x1C, 0x06, 0x0E, 0x06,
    0x03, 0x83, 0x00, 0xE3, 0x00, 0x71, 0x80, 0x1D, 0x80, 0x0E, 0x80, 0x03, 0xC0, 0x01, 0xC0, 0x00,
    0xE0, 0x00, 0x70, 0x00, 0x38, 0x00, 0x1C, 0x00, 0x0E, 0x00, 0x07, 0x80, 0x0F, 0xF0, 0x7F, 0x80,
    0x7C, 0x00, 0x70, 0x00, 0xE0, 0x01, 0xFF, 0x03, 0x87, 0x07, 0x07, 0x0E, 0x0E, 0x1C, 0x1C, 0x38,
    0x38, 0x70, 0x70, 0xE0, 0xE1, 0xC7, 0x83, 0xFC, 0x07, 0x00, 0x0E, 0x00, 0x1E, 0x00, 0xFF, 0x00,
    0x00, 0x00, 0x07, 0xE0, 0x0E, 0x38, 0x1C, 0x18, 0x1C, 0x1C, 0x18, 0x1C, 0x78, 0x3C, 0x78, 0xFC,
    0x19, 0xC0, 0x19, 0xC0, 0x19, 0xC0, 0x19, 0xE0, 0x18, 0xF8, 0x18, 0x7C, 0x18, 0x1E, 0x18, 0x0E,
    0x19, 0x86, 0x19, 0x86, 0x39, 0x8E, 0xF8, 0xFC, 0x00, 0x00, 0x00, 0x03, 0x80, 0x1C, 0x00, 0xE0,
    0x02, 0x00, 0x00, 0x1F, 0x03, 0xFC, 0x71, 0xC7, 0x0C, 0x00, 0xC0, 0x0E, 0x1F, 0xE7, 0x8E, 0x60,
    0xEE, 0x0E, 0xE0, 0xEE, 0x1E, 0x77, 0xE3, 0xEF, 0x00, 0x00, 0x00, 0x00, 0x38, 0x03, 0x80, 0x60,
    0x04, 0x00, 0x00, 0x1F, 0x03, 0xFC, 0x71, 0xC7, 0x0C, 0x00, 0xC0, 0x0E, 0x1F, 0xE7, 0x8E, 0x60,
    0xEE, 0x0E, 0xE0, 0xEE, 0x1E, 0x77, 0xE3, 0xEF, 0x00, 0x00, 0x00, 0x00, 0xF0, 0x0F, 0x01, 0x98,
    0x30, 0x80, 0x00, 0x1F, 0x03, 0xFC, 0x71, 0xC7, 0x0C, 0x00, 0xC0, 0x0E, 0x1F, 0xE7, 0x8E, 0x60,
    0xEE, 0x0E, 0xE0, 0xEE, 0x1E, 0x77, 0xE3, 0xEF, 0x00, 0x00, 0x00, 0x03, 0xE4, 0x2F, 0xC2, 0x38,
    0x00, 0x01, 0xF0, 0x3F, 0xC7, 0x1C, 0x70, 0xC0, 0x0C, 0x00, 0xE1, 0xFE, 0x78, 0xE6, 0x0E, 0xE0,
    0xEE, 0x0E, 0xE1, 0xE7, 0x7E, 0x3E, 0xF0, 0x00, 0x11, 0x83, 0x9C, 0x39, 0x80, 0x00, 0x00, 0x01,
    0xF0, 0x3F, 0xC7, 0x1C, 0x70, 0xC0, 0x0C, 0x00, 0xE1, 0xFE, 0x78, 0xE6, 0x0E, 0xE0, 0xEE, 0x0E,
    0xE1, 0xE7, 0x7E, 0x3E, 0xF0, 0x00, 0x00, 0x00, 0xF0, 0x19, 0x81, 0x18, 0x19, 0x80, 0xF0, 0x00,
    0x01, 0xF0, 0x3F, 0xC7, 0x1C, 0x70, 0xC0, 0x0C, 0x00, 0xE1, 0xFE, 0x78, 0xE6, 0x0E, 0xE0, 0xEE,
    0x0E, 0xE1, 0xE7, 0x7E, 0x3E, 0xF0, 0x00, 0x1F, 0x0E, 0x07, 0xFF, 0xF1, 0xC7, 0xC7, 0x38, 0x70,
    0x60, 0x0E, 0x0E, 0x01, 0xC1, 0xC7, 0xFF, 0xFB, 0xC7, 0xFE, 0x60, 0xE0, 0x1C, 0x1C, 0x03, 0x83,
    0x80, 0x70, 0xF8, 0x27, 0x77, 0xDC, 0x7C, 0x3F, 0x00, 0x00, 0x00, 0x0F, 0x07, 0xF9, 0xC3, 0x30,
    0x66, 0x09, 0xC0, 0x38, 0x07, 0x00, 0xE0, 0x1C, 0x01, 0x80, 0x38, 0x23, 0xFC, 0x3F, 0x01, 0x80,
    0x38, 0x03, 0x80, 0x70, 0x3C, 0x0F, 0x80, 0x00, 0x01, 0xC0, 0x0C, 0x00, 0x60, 0x02, 0x00, 0x00,
    0x0F, 0x03, 0xF8, 0x70, 0xC7, 0x0E, 0x60, 0xEE, 0x0E, 0xFF, 0xEF, 0xFE, 0xE0, 0x0E, 0x00, 0x60,
    0x07, 0x06, 0x3D, 0xC1, 0xF8, 0x00, 0x00, 0x00, 0x00, 0x18, 0x03, 0x80, 0x70, 0x04, 0x00, 0x00,
    0x0F, 0x03, 0xF8, 0x70, 0xC7, 0x0E, 0x60, 0xEE, 0x0E, 0xFF, 0xEF, 0xFE, 0xE0, 0x0E, 0x00, 0x60,
    0x07, 0x06, 0x3D, 0xC1, 0xF8, 0x00, 0x00, 0x00, 0x00, 0xE0, 0x1F, 0x01, 0x98, 0x30, 0x80, 0x00,
    0x0F, 0x03, 0xF8, 0x70, 0xC7, 0x0E, 0x60, 0xEE, 0x0E, 0xFF, 0xEF, 0xFE, 0xE0, 0x0E, 0x00, 0x60,
    0x07, 0x06, 0x3D, 0xC1, 0xF8, 0x00, 0x00, 0x11, 0x83, 0x98, 0x39, 0x80, 0x00, 0x00, 0x00, 0xF0,
    0x3F, 0x87, 0x0C, 0x70, 0xE6, 0x0E, 0xE0, 0xEF, 0xFE, 0xFF, 0xEE, 0x00, 0xE0, 0x06, 0x00, 0x70,
    0x63, 0xDC, 0x1F, 0x80, 0x00, 0x00, 0x70, 0x30, 0x18, 0x08, 0x00, 0x78, 0x78, 0x18, 0x18, 0x18,
    0x18, 0x18, 0x18, 0x18, 0x18, 0x18, 0x18, 0x3C, 0xFF, 0x00, 0x07, 0x0E, 0x1C, 0x18, 0x00, 0x78,
    0x78, 0x18, 0x18, 0x18, 0x18, 0x18, 0x18, 0x18, 0x18, 0x18, 0x18, 0x3C, 0xFF, 0x00, 0x3C, 0x3C,
    0x66, 0xC3, 0x00, 0x78, 0x78, 0x18, 0x18, 0x18, 0x18, 0x18, 0x18, 0x18, 0x18, 0x18, 0x18, 0x3C,
    0xFF, 0x42, 0xE7, 0xE6, 0x00, 0x00, 0x78, 0x78, 0x18, 0x18, 0x18, 0x18, 0x18, 0x18, 0x18, 0x18,
    0x18, 0x18, 0x3C, 0xFF, 0x00, 0x00, 0xC2, 0x07, 0xF0, 0x0F, 0x00, 0xF8, 0x0C, 0xE0, 0x03, 0x81,
    0xEC, 0x3F, 0xF3, 0x87, 0x98, 0x1D, 0xC0, 0xEE, 0x07, 0x70, 0x3B, 0x81, 0xDC, 0x0E, 0x60, 0x73,
    0x83, 0x0E, 0x38, 0x3F, 0x00, 0x00, 0x00, 0x00, 0x00, 0x0F, 0x98, 0x0F, 0xF0, 0x08, 0xE0, 0x00,
    0x00, 0x71, 0xE0, 0x7B, 0xF0, 0x1E, 0x38, 0x1C, 0x18, 0x1C, 0x1C, 0x18, 0x1C, 0x18, 0x1C, 0x18,
    0x1C, 0x18, 0x1C, 0x18, 0x1C, 0x18, 0x1C, 0x18, 0x1C, 0x3C, 0x1C, 0x7F, 0x1F, 0x00, 0x00, 0xE0,
    0x03, 0x00, 0x0C, 0x00, 0x20, 0x00, 0x00, 0x3C, 0x07, 0xF8, 0x70, 0xE3, 0x83, 0x98, 0x1D, 0xC0,
    0xEE, 0x07, 0x70, 0x3B, 0x81, 0xDC, 0x0E, 0x60, 0x73, 0x83, 0x0E, 0x38, 0x3F, 0x80, 0x00, 0x00,
    0x00, 0x00, 0x0E, 0x00, 0xE0, 0x06, 0x00, 0x60, 0x00, 0x00, 0x3C, 0x07, 0xF8, 0x70, 0xE3, 0x83,
    0x98, 0x1D, 0xC0, 0xEE, 0x07, 0x70, 0x3B, 0x81, 0xDC, 0x0E, 0x60, 0x73, 0x83, 0x0E, 0x38, 0x3F,
    0x80, 0x00, 0x00, 0x00, 0x00, 0x78, 0x03, 0xC0, 0x33, 0x01, 0x0C, 0x00, 0x00, 0x3C, 0x07, 0xF8,
    0x70, 0xE3, 0x83, 0x98, 0x1D, 0xC0, 0xEE, 0x07, 0x70, 0x3B, 0x81, 0xDC, 0x0E, 0x60, 0x73, 0x83,
    0x0E, 0x38, 0x3F, 0x80, 0x00, 0x00, 0x00, 0x01, 0xF3, 0x0F, 0xF0, 0x47, 0x00, 0x00, 0x07, 0x80,
    0xFF, 0x0E, 0x1C, 0x70, 0x73, 0x03, 0xB8, 0x1D, 0xC0, 0xEE, 0x07, 0x70, 0x3B, 0x81, 0xCC, 0x0E,
    0x70, 0x61, 0xC7, 0x07, 0xF0, 0x00, 0x00, 0x10, 0x81, 0xCE, 0x0E, 0x70, 0x00, 0x00, 0x00, 0x07,
    0x80, 0xFF, 0x0E, 0x1C, 0x70, 0x73, 0x03, 0xB8, 0x1D, 0xC0, 0xEE, 0x07, 0x70, 0x3B, 0x81, 0xCC,
    0x0E, 0x70, 0x61, 0xC7, 0x07, 0xF0, 0x00, 0x00, 0x00, 0x00, 0x60, 0x06, 0x00, 0x60, 0x00, 0x00,
    0x00, 0x7F, 0xE7, 0xFE, 0x00, 0x00, 0x00, 0x06, 0x00, 0x60, 0x06, 0x00, 0x00, 0x00, 0x00, 0x79,
    0x0F, 0xF8, 0xE1, 0xC7, 0x0F, 0x30, 0xFB, 0x85, 0xDC, 0x6E, 0xE6, 0x77, 0x23, 0xBB, 0x1C, 0xF0,
    0xE7, 0x86, 0x1C, 0x70, 0xFF, 0x0C, 0x00, 0x00, 0x00, 0x0E, 0x00, 0x07, 0x00, 0x03, 0x00, 0x01,
    0x80, 0x00, 0x00, 0x78, 0x78, 0x78, 0x78, 0x38, 0x38, 0x18, 0x18, 0x18, 0x18, 0x18, 0x18, 0x18,
    0x18, 0x18, 0x18, 0x18, 0x18, 0x18, 0x18, 0x18, 0x38, 0x1C, 0x38, 0x1E, 0xFC, 0x0F, 0xDE, 0x00,
    0x00, 0x00, 0x00, 0x00, 0xE0, 0x00, 0xC0, 0x01, 0x80, 0x01, 0x00, 0x00, 0x00, 0x78, 0x78, 0x78,
    0x78, 0x38, 0x38, 0x18, 0x18, 0x18, 0x18, 0x18, 0x18, 0x18, 0x18, 0x18, 0x18, 0x18, 0x18, 0x18,
    0x18, 0x18, 0x38, 0x1C, 0x38, 0x1E, 0xFC, 0x0F, 0xDE, 0x00, 0x00, 0x00, 0x00, 0x03, 0xC0, 0x03,
    0xC0, 0x06, 0x60, 0x0C, 0x20, 0x00, 0x00, 0x78, 0x78, 0x78, 0x78, 0x38, 0x38, 0x18, 0x18, 0x18,
    0x18, 0x18, 0x18, 0x18, 0x18, 0x18, 0x18, 0x18, 0x18, 0x18, 0x18, 0x18, 0x38, 0x1C, 0x38, 0x1E,
    0xFC, 0x0F, 0xDE, 0x00, 0x00, 0x04, 0x20, 0x0E, 0x70, 0x0E, 0x70, 0x00, 0x00, 0x00, 0x00, 0x78,
    0x78, 0x78, 0x78, 0x38, 0x38, 0x18, 0x18, 0x18, 0x18, 0x18, 0x18, 0x18, 0x18, 0x18, 0x18, 0x18,
    0x18, 0x18, 0x18, 0x18, 0x38, 0x1C, 0x38, 0x1E, 0xFC, 0x0F, 0xDE, 0x00, 0x00, 0x00, 0x00, 0x01,
    0xC0, 0x07, 0x00, 0x0C, 0x00, 0x30, 0x00, 0x00, 0x1F, 0x1F, 0x7E, 0x3E, 0x38, 0x38, 0x70, 0x60,
    0xE0, 0xC0, 0xE1, 0x81, 0xC6, 0x01, 0x8C, 0x03, 0x98, 0x03, 0x60, 0x07, 0xC0, 0x0F, 0x00, 0x0E,
    0x00, 0x1C, 0x00, 0x30, 0x00, 0x60, 0x01, 0xC0, 0x07, 0x00, 0x1C, 0x00, 0xF0, 0x00, 0xF8, 0x00,
    0xE0, 0x01, 0x80, 0x06, 0x00, 0x18, 0x00, 0x67, 0x81, 0xBF, 0x07, 0x8E, 0x1C, 0x1C, 0x60, 0x71,
    0x81, 0xC6, 0x07, 0x18, 0x1C, 0x60, 0x71, 0x81, 0xC7, 0x07, 0x1C, 0x18, 0x7D, 0xE1, 0xBF, 0x06,
    0x00, 0x18, 0x00, 0x60, 0x01, 0x80, 0x0F, 0x00, 0xFE, 0x00, 0x0C, 0x60, 0x19, 0xC0, 0x31, 0x80,
    0x00, 0x00, 0x00, 0x0F, 0x8F, 0xBF, 0x1F, 0x1C, 0x1C, 0x38, 0x30, 0x70, 0x60, 0x70, 0xC0, 0xE3,
    0x00, 0xC6, 0x01, 0xCC, 0x01, 0xB0, 0x03, 0xE0, 0x07, 0x80, 0x07, 0x00, 0x0E, 0x00, 0x18, 0x00,
    0x30, 0x00, 0xE0, 0x03, 0x80, 0x0E, 0x00, 0x78, 0x00, 0x07, 0xF0, 0x01, 0xFC, 0x00, 0x00, 0x00,
    0x03, 0x00, 0x01, 0xC0, 0x00, 0x78, 0x00, 0x1E, 0x00, 0x0D, 0xC0, 0x03, 0x70, 0x01, 0x8C, 0x00,
    0x63, 0x80, 0x10, 0xE0, 0x0C, 0x18, 0x03, 0x07, 0x00, 0xFF, 0xC0, 0x60, 0x38, 0x18, 0x0E, 0x0C,
    0x03, 0x83, 0x00, 0x71, 0xC0, 0x3C, 0xFC, 0x1F, 0xC0, 0x3F, 0x83, 0xF8, 0x00, 0x01, 0xF0, 0x3F,
    0xC7, 0x1C, 0x70, 0xC0, 0x0C, 0x00, 0xE1, 0xFE, 0x78, 0xE6, 0x0E, 0xE0, 0xEE, 0x0E, 0xE1, 0xE7,
    0x7E, 0x3E, 0xF0, 0x00, 0x04, 0x10, 0x01, 0x8C, 0x00, 0x3F, 0x00, 0x07, 0x80, 0x00, 0x00, 0x00,
    0x30, 0x00, 0x1C, 0x00, 0x07, 0x80, 0x01, 0xE0, 0x00, 0xDC, 0x00, 0x37, 0x00, 0x18, 0xC0, 0x06,
    0x38, 0x01, 0x0E, 0x00, 0xC1, 0x80, 0x30, 0x70, 0x0F, 0xFC, 0x06, 0x03, 0x81, 0x80, 0xE0, 0xC0,
    0x38, 0x30, 0x07, 0x1C, 0x03, 0xCF, 0xC1, 0xFC, 0x00, 0x83, 0x18, 0x1F, 0x80, 0xF0, 0x00, 0x01,
    0xF0, 0x3F, 0xC7, 0x1C, 0x70, 0xC0, 0x0C, 0x00, 0xE1, 0xFE, 0x78, 0xE6, 0x0E, 0xE0, 0xEE, 0x0E,
    0xE1, 0xE7, 0x7E, 0x3E, 0xF0, 0x00, 0x00, 0xC0, 0x00, 0x70, 0x00, 0x1E, 0x00, 0x07, 0x80, 0x03,
    0x70, 0x00, 0xDC, 0x00, 0x63, 0x00, 0x18, 0xE0, 0x04, 0x38, 0x03, 0x06, 0x00, 0xC1, 0xC0, 0x3F,
    0xF0, 0x18, 0x0E, 0x06, 0x03, 0x83, 0x00, 0xE0, 0xC0, 0x1C, 0x70, 0x0F, 0x3F, 0x07, 0xF0, 0x00,
    0x60, 0x00, 0x30, 0x00, 0x0C, 0x00, 0x07, 0x00, 0x00, 0xF8, 0x00, 0x1E, 0x1F, 0x03, 0xFC, 0x71,
    0xC7, 0x0C, 0x00, 0xC0, 0x0E, 0x1F, 0xE7, 0x8E, 0x60, 0xEE, 0x0E, 0xE0, 0xEE, 0x1E, 0x77, 0xE3,
    0xEF, 0x01, 0x80, 0x30, 0x03, 0x00, 0x30, 0x03, 0xE0, 0x1E, 0x00, 0x00, 0x01, 0xC0, 0x0E, 0x00,
    0x30, 0x01, 0x80, 0x00, 0x00, 0x7F, 0x07, 0x9E, 0x38, 0x1C, 0xC0, 0x67, 0x00, 0x1C, 0x00, 0x60,
    0x03, 0x80, 0x0E, 0x00, 0x38, 0x00, 0xE0, 0x03, 0xC0, 0x07, 0x00, 0x1C, 0x00, 0x78, 0x00, 0xE0,
    0x21, 0xFF, 0x83, 0xFC, 0x00, 0x00, 0x00, 0x00, 0x70, 0x0C, 0x03, 0x00, 0x40, 0x00, 0x03, 0xC1,
    0xFE, 0x70, 0xCC, 0x19, 0x82, 0x70, 0x0E, 0x01, 0xC0, 0x38, 0x07, 0x00, 0x60, 0x0E, 0x08, 0xFF,
    0x0F, 0xC0, 0x00, 0x00, 0x00, 0x07, 0x00, 0x3E, 0x01, 0x98, 0x04, 0x30, 0x00, 0x00, 0x7F, 0x07,
    0x9E, 0x38, 0x1C, 0xC0, 0x67, 0x00, 0x1C, 0x00, 0x60, 0x03, 0x80, 0x0E, 0x00, 0x38, 0x00, 0xE0,
    0x03, 0xC0, 0x07, 0x00, 0x1C, 0x00, 0x78, 0x00, 0xE0, 0x21, 0xFF, 0x83, 0xFC, 0x00, 0x00, 0x00,
    0x01, 0xE0, 0x3C, 0x0C, 0xC3, 0x0C, 0x00, 0x03, 0xC1, 0xFE, 0x70, 0xCC, 0x19, 0x82, 0x70, 0x0E,
    0x01, 0xC0, 0x38, 0x07, 0x00, 0x60, 0x0E, 0x08, 0xFF, 0x0F, 0xC0, 0x00, 0x01, 0xC0, 0x07, 0x00,
    0x1C, 0x00, 0x00, 0x00, 0x00, 0x1F, 0xC1, 0xE7, 0x8E, 0x07, 0x30, 0x19, 0xC0, 0x07, 0x00, 0x18,
    0x00, 0xE0, 0x03, 0x80, 0x0E, 0x00, 0x38, 0x00, 0xF0, 0x01, 0xC0, 0x07, 0x00, 0x1E, 0x00, 0x38,
    0x08, 0x7F, 0xE0, 0xFF, 0x00, 0x00, 0x06, 0x00, 0xE0, 0x18, 0x00, 0x00, 0x00, 0x1E, 0x0F, 0xF3,
    0x86, 0x60, 0xCC, 0x13, 0x80, 0x70, 0x0E, 0x01, 0xC0, 0x38, 0x03, 0x00, 0x70, 0x47, 0xF8, 0x7E,
    0x00, 0x00, 0x00, 0x00, 0x30, 0xC0, 0x7E, 0x00, 0xF0, 0x01, 0x80, 0x00, 0x00, 0x7F, 0x07, 0x9E,
    0x38, 0x1C, 0xC0, 0x67, 0x00, 0x1C, 0x00, 0x60, 0x03, 0x80, 0x0E, 0x00, 0x38, 0x00, 0xE0, 0x03,
    0xC0, 0x07, 0x00, 0x1C, 0x00, 0x78, 0x00, 0xE0, 0x21, 0xFF, 0x83, 0xFC, 0x00, 0x00, 0x00, 0x06,
    0x18, 0x7E, 0x07, 0x80, 0x60, 0x00, 0x03, 0xC1, 0xFE, 0x70, 0xCC, 0x19, 0x82, 0x70, 0x0E, 0x01,
    0xC0, 0x38, 0x07, 0x00, 0x60, 0x0E, 0x08, 0xFF, 0x0F, 0xC0, 0x00, 0x00, 0x00, 0x03, 0x18, 0x01,
    0xD8, 0x00, 0x78, 0x00, 0x1C, 0x00, 0x00, 0x01, 0xFF, 0xC0, 0x7F, 0xF8, 0x1C, 0x1E, 0x0E, 0x07,
    0x87, 0x01, 0xC3, 0x80, 0xE1, 0xC0, 0x38, 0xE0, 0x1C, 0x70, 0x0E, 0x38, 0x07, 0x1C, 0x03, 0x8E,
    0x01, 0xC7, 0x01, 0xC3, 0x80, 0xE1, 0xC0, 0x70, 0xE0, 0x70, 0x71, 0xF0, 0xFF, 0xE0, 0x01, 0xF3,
    0x00, 0x76, 0x00, 0x76, 0x00, 0x74, 0x00, 0x70, 0x0E, 0x70, 0x3F, 0xF0, 0x70, 0xF0, 0x70, 0x70,
    0x60, 0x70, 0xE0, 0x70, 0xE0, 0x70, 0xE0, 0x70, 0xE0, 0x70, 0xE0, 0x70, 0x60, 0x70, 0x70, 0xF0,
    0x3F, 0xF0, 0x1F, 0x7C, 0x00, 0x00, 0x7F, 0xF0, 0x1F, 0xFE, 0x07, 0x07, 0x83, 0x81, 0xE1, 0xC0,
    0x70, 0xE0, 0x38, 0x70, 0x0E, 0x38, 0x07, 0x7F, 0xC3, 0x8E, 0x01, 0xC7, 0x00, 0xE3, 0x80, 0x71,
    0xC0, 0x70, 0xE0, 0x38, 0x70, 0x1C, 0x38, 0x1C, 0x1C, 0x7C, 0x3F, 0xF8, 0x00, 0x01, 0xF0, 0x01,
    0xC0, 0x07, 0x01, 0xFF, 0x00, 0x70, 0x01, 0xC1, 0xF7, 0x0F, 0xFC, 0x70, 0xF1, 0x81, 0xCE, 0x07,
    0x38, 0x1C, 0xE0, 0x73, 0x81, 0xCE, 0x07, 0x18, 0x1C, 0x70, 0xF1, 0xFF, 0xC3, 0xF7, 0xC0, 0x00,
    0x0F, 0xF0, 0x1F, 0xC0, 0x00, 0x03, 0xFF, 0xE3, 0xFF, 0xC3, 0x81, 0x87, 0x03, 0x0E, 0x00, 0x1C,
    0x00, 0x38, 0x00, 0x70, 0x00, 0xFF, 0x81, 0xC0, 0x03, 0x80, 0x07, 0x00, 0x0E, 0x00, 0x1C, 0x00,
    0x38, 0x0C, 0x70, 0x18, 0xE0, 0xF7, 0xFF, 0xC0, 0x3F, 0xC3, 0xF8, 0x00, 0x00, 0xF0, 0x3F, 0x87,
    0x0C, 0x70, 0xE6, 0x0E, 0xE0, 0xEF, 0xFE, 0xFF, 0xEE, 0x00, 0xE0, 0x06, 0x00, 0x70, 0x63, 0xDC,
    0x1F, 0x80, 0x00, 0x08, 0x20, 0x18, 0xC0, 0x1F, 0x80, 0x1E, 0x00, 0x00, 0x0F, 0xFF, 0x8F, 0xFF,
    0x0E, 0x06, 0x1C, 0x0C, 0x38, 0x00, 0x70, 0x00, 0xE0, 0x01, 0xC0, 0x03, 0xFE, 0x07, 0x00, 0x0E,
    0x00, 0x1C, 0x00, 0x38, 0x00, 0x70, 0x00, 0xE0, 0x31, 0xC0, 0x63, 0x83, 0xDF, 0xFF, 0x00, 0x10,
    0x83, 0x08, 0x1F, 0x80, 0xF0, 0x00, 0x00, 0xF0, 0x3F, 0x87, 0x0C, 0x70, 0xE6, 0x0E, 0xE0, 0xEF,
    0xFE, 0xFF, 0xEE, 0x00, 0xE0, 0x06, 0x00, 0x70, 0x63, 0xDC, 0x1F, 0x80, 0x00, 0x01, 0x80, 0x03,
    0x80, 0x06, 0x00, 0x00, 0x00, 0x00, 0x0F, 0xFF, 0x8F, 0xFF, 0x0E, 0x06, 0x1C, 0x0C, 0x38, 0x00,
    0x70, 0x00, 0xE0, 0x01, 0xC0, 0x03, 0xFE, 0x07, 0x00, 0x0E, 0x00, 0x1C, 0x00, 0x38, 0x00, 0x70,
    0x00, 0xE0, 0x31, 0xC0, 0x63, 0x83, 0xDF, 0xFF, 0x00, 0x06, 0x00, 0xE0, 0x06, 0x00, 0x00, 0x00,
    0x00, 0xF0, 0x3F, 0x87, 0x0C, 0x70, 0xE6, 0x0E, 0xE0, 0xEF, 0xFE, 0xFF, 0xEE, 0x00, 0xE0, 0x06,
    0x00, 0x70, 0x63, 0xDC, 0x1F, 0x80, 0x00, 0x7F, 0xFC, 0x7F, 0xF8, 0x70, 0x30, 0xE0, 0x61, 0xC0,
    0x03, 0x80, 0x07, 0x00, 0x0E, 0x00, 0x1F, 0xF0, 0x38, 0x00, 0x70, 0x00, 0xE0, 0x01, 0xC0, 0x03,
    0x80, 0x07, 0x01, 0x8E, 0x03, 0x1C, 0x1E, 0xFF, 0xF8, 0x00, 0xC0, 0x03, 0x00, 0x06, 0x00, 0x0C,
    0x00, 0x1F, 0x00, 0x1E, 0x0F, 0x03, 0xF8, 0x70, 0xC7, 0x0E, 0x60, 0xEE, 0x0E, 0xFF, 0xEF, 0xFE,
    0xE0, 0x0E, 0x00, 0x60, 0x07, 0x06, 0x3D, 0xC1, 0xF8, 0x03, 0x00, 0x60, 0x06, 0x00, 0x60, 0x07,
    0xC0, 0x1C, 0x00, 0x00, 0x18, 0xC0, 0x1B, 0x80, 0x1E, 0x00, 0x38, 0x00, 0x00, 0x1F, 0xFF, 0x1F,
    0xFE, 0x1C, 0x0C, 0x38, 0x18, 0x70, 0x00, 0xE0, 0x01, 0xC0, 0x03, 0x80, 0x07, 0xFC, 0x0E, 0x00,
    0x1C, 0x00, 0x38, 0x00, 0x70, 0x00, 0xE0, 0x01, 0xC0, 0x63, 0x80, 0xC7, 0x07, 0xBF, 0xFE, 0x00,
    0x03, 0x18, 0x1B, 0x80, 0xF0, 0x0E, 0x00, 0x00, 0x0F, 0x03, 0xF8, 0x70, 0xC7, 0x0E, 0x60, 0xEE,
    0x0E, 0xFF, 0xEF, 0xFE, 0xE0, 0x0E, 0x00, 0x60, 0x07, 0x06, 0x3D, 0xC1, 0xF8, 0x00, 0x00, 0x00,
    0x00, 0x00, 0xF0, 0x00, 0x78, 0x00, 0x66, 0x00, 0x61, 0x00, 0x00, 0x00, 0x1F, 0xE0, 0x1E, 0x78,
    0x38, 0x0E, 0x1C, 0x07, 0x1C, 0x00, 0x0E, 0x00, 0x07, 0x00, 0x07, 0x00, 0x03, 0x80, 0x01, 0xC0,
    0x00, 0xE0, 0x3F, 0x38, 0x07, 0x1C, 0x03, 0x8E, 0x01, 0xC3, 0x80, 0xE1, 0xC0, 0x70, 0x7C, 0x38,
    0x0F, 0xF8, 0x00, 0x00, 0x00, 0x00, 0x00, 0x1C, 0x00, 0xF8, 0x07, 0x70, 0x10, 0xC0, 0x00, 0x00,
    0xF3, 0x87, 0xFE, 0x38, 0xC0, 0xC3, 0x83, 0x0E, 0x0C, 0x38, 0x30, 0xE0, 0xE3, 0x01, 0xF8, 0x06,
    0x00, 0x30, 0x00, 0xFE, 0x01, 0xFE, 0x0F, 0xFC, 0x60, 0x31, 0x80, 0xEE, 0x03, 0x18, 0x0C, 0x70,
    0xE0, 0xFF, 0x00, 0x00, 0x10, 0x03, 0x18, 0x00, 0xFC, 0x00, 0x3C, 0x00, 0x00, 0x00, 0x3F, 0xC0,
    0x3C, 0xF0, 0x70, 0x1C, 0x38, 0x0E, 0x38, 0x00, 0x1C, 0x00, 0x0E, 0x00, 0x0E, 0x00, 0x07, 0x00,
    0x03, 0x80, 0x01, 0xC0, 0x7E, 0x70, 0x0E, 0x38, 0x07, 0x1C, 0x03, 0x87, 0x01, 0xC3, 0x80, 0xE0,
    0xF8, 0x70, 0x1F, 0xF0, 0x00, 0x00, 0x10, 0x40, 0x63, 0x01, 0xF8, 0x03, 0xC0, 0x00, 0x00, 0x3C,
    0xE1, 0xFF, 0x8E, 0x30, 0x30, 0xE0, 0xC3, 0x83, 0x0E, 0x0C, 0x38, 0x38, 0xC0, 0x7E, 0x01, 0x80,
    0x0C, 0x00, 0x3F, 0x80, 0x7F, 0x83, 0xFF, 0x18, 0x0C, 0x60, 0x3B, 0x80, 0xC6, 0x03, 0x1C, 0x38,
    0x3F, 0xC0, 0x00, 0xC0, 0x00, 0x70, 0x00, 0x30, 0x00, 0x00, 0x00, 0x00, 0x00, 0x3F, 0xC0, 0x3C,
    0xF0, 0x70, 0x1C, 0x38, 0x0E, 0x38, 0x00, 0x1C, 0x00, 0x0E, 0x00, 0x0E, 0x00, 0x07, 0x00, 0x03,
    0x80, 0x01, 0xC0, 0x7E, 0x70, 0x0E, 0x38, 0x07, 0x1C, 0x03, 0x87, 0x01, 0xC3, 0x80, 0xE0, 0xF8,
    0x70, 0x1F, 0xF0, 0x00, 0x00, 0x07, 0x00, 0x1C, 0x00, 0x70, 0x00, 0x00, 0x00, 0x00, 0x3C, 0xE1,
    0xFF, 0x8E, 0x30, 0x30, 0xE0, 0xC3, 0x83, 0x0E, 0x0C, 0x38, 0x38, 0xC0, 0x7E, 0x01, 0x80, 0x0C,
    0x00, 0x3F, 0x80, 0x7F, 0x83, 0xFF, 0x18, 0x0C, 0x60, 0x3B, 0x80, 0xC6, 0x03, 0x1C, 0x38, 0x3F,
    0xC0, 0x00, 0x00, 0x03, 0xFC, 0x03, 0xCF, 0x07, 0x01, 0xC3, 0x80, 0xE3, 0x80, 0x01, 0xC0, 0x00,
    0xE0, 0x00, 0xE0, 0x00, 0x70, 0x00, 0x38, 0x00, 0x1C, 0x07, 0xE7, 0x00, 0xE3, 0x80, 0x71, 0xC0,
    0x38, 0x70, 0x1C, 0x38, 0x0E, 0x0F, 0x87, 0x01, 0xFF, 0x00, 0x00, 0x00, 0x0C, 0x00, 0x0E, 0x00,
    0x06, 0x00, 0x03, 0x00, 0x01, 0x00, 0x00, 0x00, 0x00, 0x04, 0x00, 0x30, 0x00, 0xC0, 0x07, 0x00,
    0x00, 0x00, 0xF3, 0x87, 0xFE, 0x38, 0xC0, 0xC3, 0x83, 0x0E, 0x0C, 0x38, 0x30, 0xE0, 0xE3, 0x01,
    0xF8, 0x06, 0x00, 0x30, 0x00, 0xFE, 0x01, 0xFE, 0x0F, 0xFC, 0x60, 0x31, 0x80, 0xEE, 0x03, 0x18,
    0x0C, 0x70, 0xE0, 0xFF, 0x00, 0x00, 0x00, 0x00, 0x1E, 0x00, 0x03, 0xC0, 0x00, 0xCC, 0x00, 0x30,
    0xC0, 0x00, 0x00, 0x1F, 0xC3, 0xF9, 0xF0, 0x3C, 0x1C, 0x03, 0x83, 0x80, 0x70, 0x70, 0x0E, 0x0E,
    0x01, 0xC1, 0xC0, 0x38, 0x38, 0x07, 0x07, 0xFF, 0xE0, 0xE0, 0x1C, 0x1C, 0x03, 0x83, 0x80, 0x70,
    0x70, 0x0E, 0x0E, 0x01, 0xC1, 0xC0, 0x38, 0x38, 0x07, 0x07, 0x81, 0xE3, 0xF8, 0xFF, 0x00, 0x00,
    0x03, 0x80, 0x07, 0xC0, 0x06, 0x60, 0x0C, 0x20, 0x00, 0x00, 0xF8, 0x00, 0x38, 0x00, 0x18, 0x00,
    0x18, 0x00, 0x18, 0x00, 0x19, 0xE0, 0x1B, 0xF0, 0x1E, 0x38, 0x1C, 0x38, 0x18, 0x18, 0x18, 0x18,
    0x18, 0x18, 0x18, 0x18, 0x18, 0x18, 0x18, 0x18, 0x18, 0x18, 0x18, 0x18, 0x3C, 0x1C, 0xFE, 0x1E,
    0x7F, 0x0F, 0xE7, 0xC0, 0xF0, 0x70, 0x0E, 0x0E, 0x01, 0xC7, 0xFF, 0xFE, 0xFF, 0xFF, 0xC7, 0x00,
    0xE0, 0xE0, 0x1C, 0x1F, 0xFF, 0x83, 0x80, 0x70, 0x70, 0x0E, 0x0E, 0x01, 0xC1, 0xC0, 0x38, 0x38,
    0x07, 0x07, 0x00, 0xE0, 0xE0, 0x1C, 0x1E, 0x07, 0x8F, 0xE3, 0xFC, 0xF8, 0x00, 0x38, 0x00, 0x18,
    0x00, 0xFF, 0x80, 0x38, 0x00, 0x18, 0x00, 0x1B, 0xF0, 0x1F, 0xF8, 0x1C, 0x38, 0x18, 0x18, 0x18,
    0x18, 0x18, 0x18, 0x18, 0x18, 0x18, 0x18, 0x18, 0x18, 0x18, 0x18, 0x18, 0x18, 0x3C, 0x1C, 0xFE,
    0x1E, 0x00, 0x1E, 0x2D, 0xFA, 0x1C, 0x00, 0x1F, 0xC3, 0xE0, 0x70, 0x1C, 0x07, 0x01, 0xC0, 0x70,
    0x1C, 0x07, 0x01, 0xC0, 0x70, 0x1C, 0x07, 0x01, 0xC0, 0x70, 0x1C, 0x07, 0x87, 0xF0, 0x00, 0x1F,
    0x25, 0xF8, 0x1C, 0x00, 0x0F, 0x03, 0xC0, 0x30, 0x0C, 0x03, 0x00, 0xC0, 0x30, 0x0C, 0x03, 0x00,
    0xC0, 0x30, 0x0C, 0x07, 0x87, 0xF8, 0x7F, 0x3F, 0x80, 0x0F, 0xE3, 0xE0, 0xE0, 0x70, 0x38, 0x1C,
    0x0E, 0x07, 0x03, 0x81, 0xC0, 0xE0, 0x70, 0x38, 0x1C, 0x0E, 0x07, 0x03, 0xC7, 0xF0, 0xFE, 0xFE,
    0x00, 0x78, 0x78, 0x18, 0x18, 0x18, 0x18, 0x18, 0x18, 0x18, 0x18, 0x18, 0x18, 0x3C, 0xFF, 0x41,
    0x31, 0x8F, 0xC3, 0xC0, 0x03, 0xF8, 0xF8, 0x38, 0x1C, 0x0E, 0x07, 0x03, 0x81, 0xC0, 0xE0, 0x70,
    0x38, 0x1C, 0x0E, 0x07, 0x03, 0x81, 0xC0, 0xF1, 0xFC, 0x82, 0xC6, 0x7E, 0x3C, 0x00, 0x78, 0x78,
    0x18, 0x18, 0x18, 0x18, 0x18, 0x18, 0x18, 0x18, 0x18, 0x18, 0x3C, 0xFF, 0x7F, 0x1F, 0x07, 0x03,
    0x81, 0xC0, 0xE0, 0x70, 0x38, 0x1C, 0x0E, 0x07, 0x03, 0x81, 0xC0, 0xE0, 0x70, 0x38, 0x1E, 0x3F,
    0x83, 0x03, 0x03, 0x01, 0x80, 0xF8, 0x3C, 0x18, 0x3C, 0x18, 0x00, 0x00, 0x78, 0x78, 0x18, 0x18,
    0x18, 0x18, 0x18, 0x18, 0x18, 0x18, 0x18, 0x18, 0x3C, 0xFF, 0x18, 0x30, 0x30, 0x30, 0x3E, 0x1E,
    0x1C, 0x0E, 0x07, 0x00, 0x00, 0x03, 0xF8, 0xF8, 0x38, 0x1C, 0x0E, 0x07, 0x03, 0x81, 0xC0, 0xE0,
    0x70, 0x38, 0x1C, 0x0E, 0x07, 0x03, 0x81, 0xC0, 0xF1, 0xFC, 0x78, 0x78, 0x18, 0x18, 0x18, 0x18,
    0x18, 0x18, 0x18, 0x18, 0x18, 0x18, 0x3C, 0xFF, 0x7F, 0x7F, 0x9F, 0x0F, 0x07, 0x03, 0x03, 0x81,
    0x81, 0xC0, 0xC0, 0xE0, 0x60, 0x70, 0x30, 0x38, 0x18, 0x1C, 0x0C, 0x0E, 0x06, 0x07, 0x03, 0x03,
    0x81, 0x81, 0xC0, 0xC0, 0xE0, 0x60, 0x70, 0x30, 0x38, 0x18, 0x1E, 0x0C, 0x3F, 0x86, 0x00, 0x03,
    0x00, 0x01, 0x80, 0x01, 0xC0, 0x00, 0xE0, 0x00, 0xE0, 0x01, 0xE0, 0x18, 0x18, 0xF0, 0xE1, 0x83,
    0x80, 0x00, 0x00, 0x01, 0xE1, 0xE7, 0x87, 0x86, 0x0E, 0x18, 0x18, 0x60, 0x61, 0x81, 0x86, 0x06,
    0x18, 0x18, 0x60, 0x61, 0x81, 0x86, 0x06, 0x18, 0x18, 0xF0, 0x6F, 0xF1, 0x80, 0x06, 0x00, 0x18,
    0x00, 0xE0, 0x03, 0x80, 0x1C, 0x00, 0xE0, 0x00, 0x03, 0x81, 0xF0, 0x6E, 0x30, 0x80, 0x03, 0xF8,
    0x7C, 0x0E, 0x03, 0x80, 0xE0, 0x38, 0x0E, 0x03, 0x80, 0xE0, 0x38, 0x0E, 0x03, 0x80, 0xE0, 0x38,
    0x0E, 0x03, 0x80, 0xE0, 0x38, 0x0E, 0x03, 0x80, 0xE0, 0x30, 0x3C, 0x1C, 0x00, 0x00, 0x0E, 0x0F,
    0x8E, 0xC4, 0x30, 0x00, 0xF0, 0x78, 0x1C, 0x06, 0x03, 0x01, 0x80, 0xC0, 0x60, 0x30, 0x18, 0x0C,
    0x06, 0x03, 0x01, 0x80, 0xC0, 0x60, 0x70, 0x38, 0x38, 0x38, 0x00, 0x7F, 0x1F, 0x8F, 0x83, 0xC1,
    0xC0, 0xC0, 0x70, 0x70, 0x1C, 0x18, 0x07, 0x0C, 0x01, 0xC6, 0x00, 0x73, 0x00, 0x1D, 0xC0, 0x07,
    0xF8, 0x01, 0xEF, 0x00, 0x71, 0xE0, 0x1C, 0x38, 0x07, 0x07, 0x01, 0xC1, 0xE0, 0x70, 0x3C, 0x1E,
    0x07, 0x9F, 0xC0, 0xF0, 0x00, 0x00, 0x03, 0x00, 0x00, 0xC0, 0x00, 0x30, 0x00, 0x08, 0x00, 0x02,
    0x00, 0xF8, 0x00, 0x70, 0x00, 0x60, 0x00, 0xC0, 0x01, 0x80, 0x03, 0x0F, 0x06, 0x3F, 0x0C, 0x38,
    0x18, 0x60, 0x31, 0x80, 0x66, 0x00, 0xDC, 0x01, 0xFC, 0x03, 0xB8, 0x06, 0x38, 0x0C, 0x38, 0x18,
    0x70, 0x78, 0x73, 0xF8, 0x78, 0x00, 0x00, 0x18, 0x00, 0x70, 0x00, 0xC0, 0x01, 0x80, 0x02, 0x00,
    0x78, 0x78, 0xF1, 0xF8, 0xE1, 0xC0, 0xC3, 0x01, 0x8C, 0x03, 0x30, 0x06, 0xE0, 0x0F, 0xE0, 0x1D,
    0xC0, 0x31, 0xC0, 0x61, 0xC0, 0xC3, 0x83, 0xC3, 0x9F, 0xC3, 0xC0, 0x00, 0x00, 0x0E, 0x00, 0x18,
    0x00, 0x60, 0x00, 0x80, 0x00, 0x00, 0x1F, 0xC0, 0x1F, 0x00, 0x1C, 0x00, 0x38, 0x00, 0x70, 0x00,
    0xE0, 0x01, 0xC0, 0x03, 0x80, 0x07, 0x00, 0x0E, 0x00, 0x1C, 0x00, 0x38, 0x00, 0x70, 0x00, 0xE0,
    0x31, 0xC0, 0x63, 0x80, 0xC7, 0x03, 0xBF, 0xFE, 0x00, 0x0E, 0x0C, 0x18, 0x10, 0x00, 0xF8, 0x38,
    0x18, 0x18, 0x18, 0x18, 0x18, 0x18, 0x18, 0x18, 0x18, 0x18, 0x18, 0x18, 0x18, 0x18, 0x18, 0x3C,
    0xFF, 0x7F, 0x00, 0x7C, 0x00, 0x70, 0x00, 0xE0, 0x01, 0xC0, 0x03, 0x80, 0x07, 0x00, 0x0E, 0x00,
    0x1C, 0x00, 0x38, 0x00, 0x70, 0x00, 0xE0, 0x01, 0xC0, 0x03, 0x80, 0xC7, 0x01, 0x8E, 0x03, 0x1C,
    0x0E, 0xFF, 0xF8, 0x00, 0x00, 0x0C, 0x00, 0x18, 0x00, 0x30, 0x00, 0xC0, 0x00, 0x00, 0xF8, 0x38,
    0x18, 0x18, 0x18, 0x18, 0x18, 0x18, 0x18, 0x18, 0x18, 0x18, 0x18, 0x18, 0x18, 0x18, 0x18, 0x3C,
    0xFF, 0x00, 0x18, 0x38, 0x30, 0x30, 0x20, 0x7F, 0x18, 0x7C, 0x30, 0x70, 0x60, 0xE0, 0x81, 0xC0,
    0x03, 0x80, 0x07, 0x00, 0x0E, 0x00, 0x1C, 0x00, 0x38, 0x00, 0x70, 0x00, 0xE0, 0x01, 0xC0, 0x03,
    0x80, 0xC7, 0x01, 0x8E, 0x03, 0x1C, 0x0E, 0xFF, 0xF8, 0xF9, 0x8E, 0x61, 0x90, 0x6C, 0x18, 0x06,
    0x01, 0x80, 0x60, 0x18, 0x06, 0x01, 0x80, 0x60, 0x18, 0x06, 0x01, 0x80, 0x60, 0x18, 0x0F, 0x0F,
    0xF0, 0x7F, 0x00, 0x7C, 0x00, 0x70, 0x00, 0xE0, 0x01, 0xC0, 0x03, 0x80, 0x07, 0x00, 0x0E, 0x0C,
    0x1C, 0x1C, 0x38, 0x30, 0x70, 0x00, 0xE0, 0x01, 0xC0, 0x03, 0x80, 0xC7, 0x01, 0x8E, 0x03, 0x1C,
    0x0E, 0xFF, 0xF8, 0xF8, 0x0E, 0x01, 0x80, 0x60, 0x18, 0x06, 0x01, 0x80, 0x60, 0x18, 0x06, 0x71,
    0x9C, 0x67, 0x18, 0x06, 0x01, 0x80, 0x60, 0x18, 0x0F, 0x0F, 0xF0, 0x7F, 0x00, 0x7C, 0x00, 0x70,
    0x00, 0xE0, 0x01, 0xC0, 0x03, 0x80, 0x07, 0x30, 0x0E, 0xC0, 0x1F, 0x00, 0x38, 0x01, 0xF0, 0x03,
    0xE0, 0x01, 0xC0, 0x03, 0x80, 0xC7, 0x01, 0x8E, 0x03, 0x1C, 0x0E, 0xFF, 0xF8, 0x7C, 0x3C, 0x1C,
    0x1C, 0x1C, 0x1C, 0x1C, 0x1C, 0x1D, 0x1F, 0x1C, 0x7C, 0x7C, 0x1C, 0x1C, 0x1C, 0x1C, 0x3C, 0x7F,
    0x00, 0x00, 0x00, 0x07, 0x00, 0x00, 0xC0, 0x00, 0x30, 0x00, 0x04, 0x00, 0x00, 0x00, 0x1F, 0x03,
    0xF1, 0xF0, 0x1C, 0x1E, 0x03, 0x03, 0xE0, 0x60, 0x7C, 0x0C, 0x0D, 0xC1, 0x81, 0x9C, 0x30, 0x33,
    0x86, 0x06, 0x38, 0xC0, 0xC3, 0x98, 0x18, 0x73, 0x03, 0x07, 0x60, 0x60, 0x7C, 0x0C, 0x0F, 0x81,
    0x80, 0xF0, 0x30, 0x1E, 0x07, 0x01, 0xC3, 0xF0, 0x18, 0x00, 0x00, 0x00, 0x70, 0x00, 0xE0, 0x00,
    0xC0, 0x01, 0x80, 0x00, 0x00, 0x71, 0xE0, 0x7B, 0xF0, 0x1E, 0x38, 0x1C, 0x18, 0x1C, 0x1C, 0x18,
    0x1C, 0x18, 0x1C, 0x18, 0x1C, 0x18, 0x1C, 0x18, 0x1C, 0x18, 0x1C, 0x18, 0x1C, 0x3C, 0x1C, 0x7F,
    0x1F, 0x7C, 0x0F, 0xC7, 0xC0, 0x70, 0x78, 0x0C, 0x0F, 0x81, 0x81, 0xF0, 0x30, 0x37, 0x06, 0x06,
    0x70, 0xC0, 0xCE, 0x18, 0x18, 0xE3, 0x03, 0x0E, 0x60, 0x61, 0xCC, 0x0C, 0x1D, 0x81, 0x81, 0xF0,
    0x30, 0x3E, 0x06, 0x03, 0xC0, 0xC0, 0x78, 0x1C, 0x07, 0x0F, 0xC0, 0x60, 0x00, 0x00, 0x00, 0x30,
    0x00, 0x06, 0x00, 0x01, 0xC0, 0x00, 0x30, 0x00, 0x04, 0x00, 0x71, 0xE0, 0x7B, 0xF0, 0x1E, 0x38,
    0x1C, 0x18, 0x1C, 0x1C, 0x18, 0x1C, 0x18, 0x1C, 0x18, 0x1C, 0x18, 0x1C, 0x18, 0x1C, 0x18, 0x1C,
    0x18, 0x1C, 0x3C, 0x1C, 0x7F, 0x1F, 0x00, 0x00, 0x00, 0x80, 0x01, 0x80, 0x01, 0x80, 0x01, 0x00,
    0x01, 0x00, 0x00, 0x00, 0x00, 0x21, 0x80, 0x07, 0x60, 0x00, 0x78, 0x00, 0x07, 0x00, 0x00, 0x00,
    0x1F, 0x03, 0xF1, 0xF0, 0x1C, 0x1E, 0x03, 0x03, 0xE0, 0x60, 0x7C, 0x0C, 0x0D, 0xC1, 0x81, 0x9C,
    0x30, 0x33, 0x86, 0x06, 0x38, 0xC0, 0xC3, 0x98, 0x18, 0x73, 0x03, 0x07, 0x60, 0x60, 0x7C, 0x0C,
    0x0F, 0x81, 0x80, 0xF0, 0x30, 0x1E, 0x07, 0x01, 0xC3, 0xF0, 0x18, 0x00, 0x00, 0x06, 0x30, 0x07,
    0x60, 0x03, 0xC0, 0x01, 0xC0, 0x00, 0x00, 0x71, 0xE0, 0x7B, 0xF0, 0x1E, 0x38, 0x1C, 0x18, 0x1C,
    0x1C, 0x18, 0x1C, 0x18, 0x1C, 0x18, 0x1C, 0x18, 0x1C, 0x18, 0x1C, 0x18, 0x1C, 0x18, 0x1C, 0x3C,
    0x1C, 0x7F, 0x1F, 0x60, 0x00, 0x1E, 0x00, 0x01, 0xC0, 0x00, 0x18, 0x00, 0x03, 0x71, 0xC0, 0xDF,
    0xFE, 0x30, 0xF1, 0xC0, 0x1C, 0x1C, 0x03, 0x83, 0x80, 0x70, 0x70, 0x0E, 0x0E, 0x01, 0xC1, 0xC0,
    0x38, 0x38, 0x07, 0x07, 0x00, 0xE0, 0xE0, 0x1C, 0x1C, 0x03, 0x83, 0x81, 0xFC, 0x7C, 0x7C, 0x0F,
    0xC7, 0xC0, 0x70, 0x78, 0x0C, 0x0F, 0x81, 0x81, 0xF8, 0x30, 0x37, 0x06, 0x06, 0x70, 0xC0, 0xCF,
    0x18, 0x18, 0xE3, 0x03, 0x0E, 0x60, 0x61, 0xEC, 0x0C, 0x1D, 0x81, 0x81, 0xF0, 0x30, 0x3E, 0x06,
    0x03, 0xC0, 0xC0, 0x38, 0x1C, 0x07, 0x0F, 0xC0, 0x60, 0x00, 0x0C, 0x00, 0x01, 0x80, 0x00, 0x30,
    0x00, 0x06, 0x00, 0x01, 0x80, 0x00, 0xE0, 0x71, 0xE1, 0xEF, 0xC1, 0xE3, 0x87, 0x06, 0x1C, 0x1C,
    0x60, 0x71, 0x81, 0xC6, 0x07, 0x18, 0x1C, 0x60, 0x71, 0x81, 0xC6, 0x07, 0x3C, 0x1D, 0xFC, 0x70,
    0x01, 0xC0, 0x06, 0x00, 0x18, 0x00, 0xE0, 0x03, 0x00, 0x38, 0x07, 0xF0, 0x03, 0xF8, 0x00, 0x00,
    0x00, 0xFE, 0x01, 0xE3, 0x81, 0xC0, 0xE0, 0xC0, 0x38, 0xE0, 0x0C, 0x70, 0x07, 0x70, 0x03, 0xB8,
    0x01, 0xDC, 0x00, 0xEE, 0x00, 0x77, 0x00, 0x3B, 0x80, 0x1C, 0xE0, 0x0E, 0x70, 0x06, 0x38, 0x07,
    0x0E, 0x03, 0x03, 0xC7, 0x00, 0xFF, 0x00, 0x00, 0x00, 0x3F, 0xC0, 0xFE, 0x00, 0x00, 0x1E, 0x03,
    0xFC, 0x38, 0x71, 0xC1, 0xCC, 0x0E, 0xE0, 0x77, 0x03, 0xB8, 0x1D, 0xC0, 0xEE, 0x07, 0x30, 0x39,
    0xC1, 0x87, 0x1C, 0x1F, 0xC0, 0x00, 0x00, 0x04, 0x10, 0x03, 0x18, 0x01, 0xF8, 0x00, 0x78, 0x00,
    0x00, 0x00, 0x3F, 0x80, 0x78, 0xE0, 0x70, 0x38, 0x30, 0x0E, 0x38, 0x03, 0x1C, 0x01, 0xDC, 0x00,
    0xEE, 0x00, 0x77, 0x00, 0x3B, 0x80, 0x1D, 0xC0, 0x0E, 0xE0, 0x07, 0x38, 0x03, 0x9C, 0x01, 0x8E,
    0x01, 0xC3, 0x80, 0xC0, 0xF1, 0xC0, 0x3F, 0xC0, 0x00, 0x00, 0x10, 0x40, 0xC6, 0x07, 0xE0, 0x1E,
    0x00, 0x00, 0x07, 0x80, 0xFF, 0x0E, 0x1C, 0x70, 0x73, 0x03, 0xB8, 0x1D, 0xC0, 0xEE, 0x07, 0x70,
    0x3B, 0x81, 0xCC, 0x0E, 0x70, 0x61, 0xC7, 0x07, 0xF0, 0x00, 0x00, 0x00, 0x00, 0x01, 0xCE, 0x00,
    0xCE, 0x00, 0xCE, 0x00, 0xC6, 0x00, 0x00, 0x00, 0x1F, 0xC0, 0x3C, 0x70, 0x38, 0x1C, 0x18, 0x07,
    0x1C, 0x01, 0x8E, 0x00, 0xEE, 0x00, 0x77, 0x00, 0x3B, 0x80, 0x1D, 0xC0, 0x0E, 0xE0, 0x07, 0x70,
    0x03, 0x9C, 0x01, 0xCE, 0x00, 0xC7, 0x00, 0xE1, 0xC0, 0x60, 0x78, 0xE0, 0x1F, 0xE0, 0x00, 0x00,
    0x00, 0x00, 0x00, 0x73, 0x83, 0x38, 0x33, 0x83, 0x18, 0x00, 0x00, 0x3C, 0x07, 0xF8, 0x70, 0xE3,
    0x83, 0x98, 0x1D, 0xC0, 0xEE, 0x07, 0x70, 0x3B, 0x81, 0xDC, 0x0E, 0x60, 0x73, 0x83, 0x0E, 0x38,
    0x3F, 0x80, 0x00, 0x00, 0x00, 0x00, 0x00, 0x1F, 0xFF, 0xE1, 0xE3, 0xFF, 0x8E, 0x06, 0x06, 0x30,
    0x18, 0x09, 0xC0, 0x60, 0x27, 0x01, 0x80, 0x38, 0x06, 0x00, 0xE0, 0x18, 0x03, 0x80, 0x7F, 0x8E,
    0x01, 0xC0, 0x38, 0x06, 0x00, 0xE0, 0x18, 0x01, 0xC0, 0x60, 0x07, 0x01, 0x80, 0x1C, 0x06, 0x03,
    0x38, 0x18, 0x0C, 0x78, 0xF0, 0x70, 0xFF, 0xFF, 0xC0, 0x00, 0x00, 0x0F, 0x07, 0x81, 0xFE, 0x7F,
    0x1C, 0x3E, 0x1C, 0xE0, 0xF0, 0xE6, 0x07, 0x03, 0x70, 0x38, 0x1B, 0x81, 0xFF, 0xFC, 0x0F, 0xFE,
    0xE0, 0x70, 0x07, 0x03, 0x80, 0x18, 0x1E, 0x00, 0xE0, 0xF0, 0x23, 0x8D, 0xEF, 0x0F, 0xC7, 0xF0,
    0x00, 0x00, 0x00, 0x00, 0x00, 0x00, 0x70, 0x00, 0x30, 0x00, 0x30, 0x00, 0x30, 0x00, 0x00, 0x01,
    0xFF, 0x80, 0x79, 0xF0, 0x1C, 0x1C, 0x0E, 0x0E, 0x07, 0x07, 0x03, 0x83, 0x81, 0xC1, 0xC0, 0xE0,
    0xC0, 0x70, 0xE0, 0x3F, 0xC0, 0x1C, 0xE0, 0x0E, 0x38, 0x07, 0x1C, 0x03, 0x87, 0x01, 0xC3, 0xC0,
    0xE0, 0xE0, 0x78, 0x38, 0xFE, 0x0F, 0x00, 0x00, 0x38, 0x03, 0x00, 0x60, 0x04, 0x00, 0x00, 0x71,
    0xC7, 0xBE, 0x1E, 0x61, 0xC6, 0x1C, 0x01, 0xC0, 0x18, 0x01, 0x80, 0x18, 0x01, 0x80, 0x18, 0x01,
    0x80, 0x3C, 0x07, 0xF0, 0x7F, 0xE0, 0x1E, 0x7C, 0x07, 0x07, 0x03, 0x83, 0x81, 0xC1, 0xC0, 0xE0,
    0xE0, 0x70, 0x70, 0x38, 0x30, 0x1C, 0x38, 0x0F, 0xF0, 0x07, 0x38, 0x03, 0x8E, 0x01, 0xC7, 0x00,
    0xE1, 0xC0, 0x70, 0xF0, 0x38, 0x38, 0x1E, 0x0E, 0x3F, 0x83, 0xC0, 0x00, 0x00, 0x10, 0x00, 0x18,
    0x00, 0x0C, 0x00, 0x04, 0x00, 0x02, 0x00, 0x71, 0xC7, 0xBE, 0x1E, 0x61, 0xC6, 0x1C, 0x01, 0xC0,
    0x18, 0x01, 0x80, 0x18, 0x01, 0x80, 0x18, 0x01, 0x80, 0x3C, 0x07, 0xF0, 0x00, 0x01, 0x80, 0x18,
    0x03, 0x80, 0x30, 0x02, 0x00, 0x00, 0x00, 0x06, 0x30, 0x01, 0xB0, 0x00, 0x78, 0x00, 0x38, 0x00,
    0x00, 0x01, 0xFF, 0x80, 0x79, 0xF0, 0x1C, 0x1C, 0x0E, 0x0E, 0x07, 0x07, 0x03, 0x83, 0x81, 0xC1,
    0xC0, 0xE0, 0xC0, 0x70, 0xE0, 0x3F, 0xC0, 0x1C, 0xE0, 0x0E, 0x38, 0x07, 0x1C, 0x03, 0x87, 0x01,
    0xC3, 0xC0, 0xE0, 0xE0, 0x78, 0x38, 0xFE, 0x0F, 0x00, 0x03, 0x18, 0x1B, 0x01, 0xF0, 0x0E, 0x00,
    0x00, 0x71, 0xC7, 0xBE, 0x1E, 0x61, 0xC6, 0x1C, 0x01, 0xC0, 0x18, 0x01, 0x80, 0x18, 0x01, 0x80,
    0x18, 0x01, 0x80, 0x3C, 0x07, 0xF0, 0x00, 0x00, 0x38, 0x03, 0x00, 0x60, 0x04, 0x00, 0x00, 0x1F,
    0x87, 0x9C, 0x60, 0xEE, 0x0E, 0xE0, 0x0E, 0x00, 0x70, 0x07, 0xC0, 0x3F, 0x00, 0xFC, 0x03, 0xE0,
    0x0E, 0x00, 0x64, 0x06, 0xC0, 0x6E, 0x0E, 0x71, 0xC3, 0xF8, 0x00, 0x00, 0x00, 0x01, 0xC0, 0x60,
    0x30, 0x08, 0x00, 0x01, 0xE1, 0xFC, 0xE3, 0xB0, 0x4E, 0x01, 0xC0, 0x7C, 0x07, 0xC0, 0x78, 0x0E,
    0xC1, 0xB0, 0x6E, 0x39, 0xFC, 0x00, 0x00, 0x00, 0x00, 0xF0, 0x0F, 0x01, 0x98, 0x30, 0xC0, 0x00,
    0x1F, 0x87, 0x9C, 0x60, 0xEE, 0x0E, 0xE0, 0x0E, 0x00, 0x70, 0x07, 0xC0, 0x3F, 0x00, 0xFC, 0x03,
    0xE0, 0x0E, 0x00, 0x64, 0x06, 0xC0, 0x6E, 0x0E, 0x71, 0xC3, 0xF8, 0x00, 0x00, 0x00, 0x07, 0x81,
    0xE0, 0xCC, 0x61, 0x80, 0x01, 0xE1, 0xFC, 0xE3, 0xB0, 0x4E, 0x01, 0xC0, 0x7C, 0x07, 0xC0, 0x78,
    0x0E, 0xC1, 0xB0, 0x6E, 0x39, 0xFC, 0x00, 0x00, 0x00, 0x01, 0xF8, 0x79, 0xC6, 0x0E, 0xE0, 0xEE,
    0x00, 0xE0, 0x07, 0x00, 0x7C, 0x03, 0xF0, 0x0F, 0xC0, 0x3E, 0x00, 0xE0, 0x06, 0x40, 0x6C, 0x06,
    0xE0, 0xE7, 0x1C, 0x3F, 0x80, 0xC0, 0x0F, 0x00, 0x30, 0x03, 0x01, 0x70, 0x1E, 0x00, 0x1E, 0x1F,
    0xCE, 0x3B, 0x04, 0xE0, 0x1C, 0x07, 0xC0, 0x7C, 0x07, 0x80, 0xEC, 0x1B, 0x06, 0xE3, 0x9F, 0xC1,
    0x80, 0x78, 0x06, 0x01, 0x82, 0xE0, 0xF0, 0x00, 0x03, 0x08, 0x1B, 0x80, 0xF0, 0x0E, 0x00, 0x00,
    0x1F, 0x87, 0x9C, 0x60, 0xEE, 0x0E, 0xE0, 0x0E, 0x00, 0x70, 0x07, 0xC0, 0x3F, 0x00, 0xFC, 0x03,
    0xE0, 0x0E, 0x00, 0x64, 0x06, 0xC0, 0x6E, 0x0E, 0x71, 0xC3, 0xF8, 0x00, 0x00, 0x00, 0x18, 0xC3,
    0x70, 0x78, 0x1C, 0x00, 0x01, 0xE1, 0xFC, 0xE3, 0xB0, 0x4E, 0x01, 0xC0, 0x7C, 0x07, 0xC0, 0x78,
    0x0E, 0xC1, 0xB0, 0x6E, 0x39, 0xFC, 0x00, 0x00, 0x7F, 0xFF, 0xFF, 0xFF, 0x0E, 0x1E, 0x1C, 0x34,
    0x38, 0x20, 0x70, 0x00, 0xE0, 0x01, 0xC0, 0x03, 0x80, 0x07, 0x00, 0x0E, 0x00, 0x1C, 0x00, 0x38,
    0x00, 0x70, 0x00, 0xE0, 0x01, 0xC0, 0x03, 0xC0, 0x1F, 0xE0, 0x04, 0x00, 0x0E, 0x00, 0x0C, 0x00,
    0x18, 0x01, 0x70, 0x03, 0xC0, 0x00, 0x0C, 0x06, 0x07, 0xEF, 0xF1, 0xC0, 0xE0, 0x70, 0x38, 0x1C,
    0x0E, 0x07, 0x03, 0x81, 0xC0, 0xE0, 0x38, 0x1F, 0x06, 0x03, 0x80, 0x60, 0x30, 0xB8, 0x78, 0x00,
    0x00, 0x18, 0xC0, 0x1B, 0x00, 0x1E, 0x00, 0x38, 0x00, 0x00, 0x1F, 0xFF, 0xFF, 0xFF, 0xC3, 0x87,
    0x87, 0x0D, 0x0E, 0x08, 0x1C, 0x00, 0x38, 0x00, 0x70, 0x00, 0xE0, 0x01, 0xC0, 0x03, 0x80, 0x07,
    0x00, 0x0E, 0x00, 0x1C, 0x00, 0x38, 0x00, 0x70, 0x00, 0xF0, 0x07, 0xF8, 0x01, 0x80, 0x60, 0x10,
    0x6C, 0x18, 0x0F, 0xCF, 0xF0, 0xE0, 0x38, 0x0E, 0x03, 0x80, 0xE0, 0x38, 0x0E, 0x03, 0x80, 0xE0,
    0x38, 0x07, 0x01, 0xF0, 0x00, 0x7F, 0xFF, 0xFF, 0xFF, 0x0E, 0x1E, 0x1C, 0x34, 0x38, 0x20, 0x70,
    0x00, 0xE0, 0x01, 0xC0, 0x1F, 0xF8, 0x7F, 0xF0, 0x0E, 0x00, 0x1C, 0x00, 0x38, 0x00, 0x70, 0x00,
    0xE0, 0x01, 0xC0, 0x03, 0xC0, 0x1F, 0xE0, 0x00, 0x0C, 0x06, 0x07, 0xEF, 0xF1, 0xC0, 0xE0, 0x70,
    0x7E, 0x3F, 0x8E, 0x07, 0x03, 0x81, 0xC0, 0xE0, 0x38, 0x1F, 0x00, 0x00, 0x00, 0x00, 0x01, 0xF3,
    0x00, 0x6F, 0x80, 0x11, 0xE0, 0x00, 0x00, 0x3F, 0xC7, 0xF3, 0xC0, 0x70, 0x60, 0x18, 0x18, 0x02,
    0x06, 0x00, 0x81, 0x80, 0x20, 0x60, 0x08, 0x18, 0x02, 0x06, 0x00, 0x81, 0x80, 0x20, 0x60, 0x08,
    0x18, 0x02, 0x06, 0x00, 0x81, 0x80, 0x60, 0x70, 0x18, 0x1C, 0x06, 0x03, 0xC7, 0x00, 0x7F, 0x80,
    0x00, 0x00, 0x00, 0x00, 0x0F, 0x10, 0x1B, 0xF0, 0x10, 0xE0, 0x00, 0x00, 0x78, 0x78, 0x78, 0x78,
    0x38, 0x38, 0x18, 0x18, 0x18, 0x18, 0x18, 0x18, 0x18, 0x18, 0x18, 0x18, 0x18, 0x18, 0x18, 0x18,
    0x18, 0x38, 0x1C, 0x38, 0x1E, 0xFC, 0x0F, 0xDE, 0x00, 0x00, 0x03, 0xF8, 0x00, 0xFE, 0x00, 0x00,
    0x03, 0xFC, 0x7F, 0x3C, 0x07, 0x06, 0x01, 0x81, 0x80, 0x20, 0x60, 0x08, 0x18, 0x02, 0x06, 0x00,
    0x81, 0x80, 0x20, 0x60, 0x08, 0x18, 0x02, 0x06, 0x00, 0x81, 0x80, 0x20, 0x60, 0x08, 0x18, 0x06,
    0x07, 0x01, 0x81, 0xC0, 0x60, 0x3C, 0x70, 0x07, 0xF8, 0x00, 0x00, 0x00, 0x0F, 0xE0, 0x0F, 0xE0,
    0x00, 0x00, 0x78, 0x78, 0x78, 0x78, 0x38, 0x38, 0x18, 0x18, 0x18, 0x18, 0x18, 0x18, 0x18, 0x18,
    0x18, 0x18, 0x18, 0x18, 0x18, 0x18, 0x18, 0x38, 0x1C, 0x38, 0x1E, 0xFC, 0x0F, 0xDE, 0x00, 0x00,
    0x02, 0x08, 0x00, 0xC6, 0x00, 0x3F, 0x00, 0x07, 0x80, 0x00, 0x00, 0x3F, 0xC7, 0xF3, 0xC0, 0x70,
    0x60, 0x18, 0x18, 0x02, 0x06, 0x00, 0x81, 0x80, 0x20, 0x60, 0x08, 0x18, 0x02, 0x06, 0x00, 0x81,
    0x80, 0x20, 0x60, 0x08, 0x18, 0x02, 0x06, 0x00, 0x81, 0x80, 0x60, 0x70, 0x18, 0x1C, 0x06, 0x03,
    0xC7, 0x00, 0x7F, 0x80, 0x00, 0x00, 0x08, 0x20, 0x0C, 0x60, 0x07, 0xE0, 0x03, 0xC0, 0x00, 0x00,
    0x78, 0x78, 0x78, 0x78, 0x38, 0x38, 0x18, 0x18, 0x18, 0x18, 0x18, 0x18, 0x18, 0x18, 0x18, 0x18,
    0x18, 0x18, 0x18, 0x18, 0x18, 0x38, 0x1C, 0x38, 0x1E, 0xFC, 0x0F, 0xDE, 0x00, 0x00, 0x00, 0x00,
    0x00, 0x7C, 0x00, 0x33, 0x00, 0x0C, 0x40, 0x03, 0x30, 0x00, 0x78, 0x00, 0x00, 0x03, 0xFC, 0x7F,
    0x3C, 0x07, 0x06, 0x01, 0x81, 0x80, 0x20, 0x60, 0x08, 0x18, 0x02, 0x06, 0x00, 0x81, 0x80, 0x20,
    0x60, 0x08, 0x18, 0x02, 0x06, 0x00, 0x81, 0x80, 0x20, 0x60, 0x08, 0x18, 0x06, 0x07, 0x01, 0x81,
    0xC0, 0x60, 0x3C, 0x70, 0x07, 0xF8, 0x00, 0x00, 0x00, 0x00, 0x00, 0x07, 0xC0, 0x04, 0x60, 0x04,
    0x60, 0x06, 0x60, 0x03, 0xC0, 0x00, 0x00, 0x78, 0x78, 0x78, 0x78, 0x38, 0x38, 0x18, 0x18, 0x18,
    0x18, 0x18, 0x18, 0x18, 0x18, 0x18, 0x18, 0x18, 0x18, 0x18, 0x18, 0x18, 0x38, 0x1C, 0x38, 0x1E,
    0xFC, 0x0F, 0xDE, 0x00, 0x00, 0x00, 0x00, 0x00, 0x73, 0x80, 0x19, 0xC0, 0x0C, 0x60, 0x02, 0x30,
    0x00, 0x00, 0x0F, 0xF1, 0xFC, 0xF0, 0x1C, 0x18, 0x06, 0x06, 0x00, 0x81, 0x80, 0x20, 0x60, 0x08,
    0x18, 0x02, 0x06, 0x00, 0x81, 0x80, 0x20, 0x60, 0x08, 0x18, 0x02, 0x06, 0x00, 0x81, 0x80, 0x20,
    0x60, 0x18, 0x1C, 0x06, 0x07, 0x01, 0x80, 0xF1, 0xC0, 0x1F, 0xE0, 0x00, 0x00, 0x00, 0x00, 0x00,
    0x03, 0xB8, 0x07, 0x30, 0x06, 0x60, 0x0C, 0x40, 0x00, 0x00, 0x78, 0x78, 0x78, 0x78, 0x38, 0x38,
    0x18, 0x18, 0x18, 0x18, 0x18, 0x18, 0x18, 0x18, 0x18, 0x18, 0x18, 0x18, 0x18, 0x18, 0x18, 0x38,
    0x1C, 0x38, 0x1E, 0xFC, 0x0F, 0xDE, 0x00, 0x00, 0x7F, 0x1F, 0xCF, 0x01, 0xC1, 0xC0, 0x30, 0x70,
    0x0C, 0x1C, 0x03, 0x07, 0x00, 0xC1, 0xC0, 0x30, 0x70, 0x0C, 0x1C, 0x03, 0x07, 0x00, 0xC1, 0xC0,
    0x30, 0x70, 0x0C, 0x1C, 0x03, 0x07, 0x00, 0x81, 0xC0, 0x60, 0x70, 0x18, 0x0F, 0x1C, 0x01, 0xFE,
    0x00, 0x0C, 0x00, 0x06, 0x00, 0x01, 0x80, 0x00, 0x60, 0x00, 0x1F, 0x00, 0x03, 0xC0, 0x78, 0x78,
    0x78, 0x78, 0x38, 0x38, 0x18, 0x18, 0x18, 0x18, 0x18, 0x18, 0x18, 0x18, 0x18, 0x18, 0x18, 0x18,
    0x18, 0x18, 0x18, 0x38, 0x1C, 0x38, 0x1E, 0xFC, 0x0F, 0xDE, 0x00, 0x30, 0x00, 0x60, 0x00, 0xE0,
    0x00, 0xE0, 0x00, 0x7C, 0x00, 0x7C, 0x00, 0x00, 0x00, 0x00, 0x03, 0x80, 0x00, 0x01, 0xF0, 0x00,
    0x00, 0x6E, 0x00, 0x00, 0x30, 0x80, 0x00, 0x00, 0x00, 0x0F, 0xE0, 0x40, 0xFD, 0xF0, 0x38, 0x1E,
    0x38, 0x0E, 0x03, 0x0E, 0x03, 0x80, 0xC1, 0xC1, 0xF0, 0x60, 0x70, 0x7C, 0x18, 0x1C, 0x13, 0x06,
    0x03, 0x8C, 0xE1, 0x00, 0xE3, 0x38, 0xC0, 0x38, 0xCE, 0x30, 0x06, 0x21, 0x8C, 0x01, 0xD8, 0x76,
    0x00, 0x76, 0x1D, 0x80, 0x1D, 0x83, 0x60, 0x03, 0xC0, 0xF0, 0x00, 0xF0, 0x3C, 0x00, 0x3C, 0x07,
    0x00, 0x06, 0x01, 0xC0, 0x00, 0x00, 0x00, 0x01, 0xE0, 0x00, 0x07, 0x80, 0x00, 0x33, 0x00, 0x01,
    0x86, 0x00, 0x00, 0x00, 0x0F, 0xC0, 0x07, 0xBF, 0x0C, 0x3E, 0x38, 0x38, 0x30, 0xE1, 0xE0, 0x83,
    0x87, 0x82, 0x06, 0x17, 0x18, 0x18, 0xCC, 0x60, 0x72, 0x31, 0x01, 0xC8, 0xEC, 0x03, 0x63, 0xB0,
    0x0F, 0x06, 0x80, 0x3C, 0x1E, 0x00, 0x70, 0x78, 0x01, 0x80, 0xC0, 0x00, 0x00, 0x00, 0xF0, 0x00,
    0x78, 0x00, 0x66, 0x00, 0x61, 0x00, 0x00, 0x01, 0xFC, 0x7E, 0x78, 0x1E, 0x1C, 0x06, 0x0E, 0x06,
    0x03, 0x83, 0x00, 0xE3, 0x00, 0x71, 0x80, 0x1D, 0x80, 0x0E, 0x80, 0x03, 0xC0, 0x01, 0xC0, 0x00,
    0xE0, 0x00, 0x70, 0x00, 0x38, 0x00, 0x1C, 0x00, 0x0E, 0x00, 0x07, 0x80, 0x0F, 0xF0, 0x00, 0x00,
    0x07, 0x00, 0x1F, 0x00, 0x76, 0x00, 0x86, 0x00, 0x00, 0x1F, 0x1F, 0x7E, 0x3E, 0x38, 0x38, 0x70,
    0x60, 0xE0, 0xC0, 0xE1, 0x81, 0xC6, 0x01, 0x8C, 0x03, 0x98, 0x03, 0x60, 0x07, 0xC0, 0x0F, 0x00,
    0x0E, 0x00, 0x1C, 0x00, 0x30, 0x00, 0x60, 0x01, 0xC0, 0x07, 0x00, 0x1C, 0x00, 0xF0, 0x00, 0x02,
    0x10, 0x03, 0x9C, 0x01, 0xCE, 0x00, 0x00, 0x00, 0x00, 0x03, 0xF8, 0xFC, 0xF0, 0x3C, 0x38, 0x0C,
    0x1C, 0x0C, 0x07, 0x06, 0x01, 0xC6, 0x00, 0xE3, 0x00, 0x3B, 0x00, 0x1D, 0x00, 0x07, 0x80, 0x03,
    0x80, 0x01, 0xC0, 0x00, 0xE0, 0x00, 0x70, 0x00, 0x38, 0x00, 0x1C, 0x00, 0x0F, 0x00, 0x1F, 0xE0,
    0x00, 0x00, 0x03, 0x80, 0x1C, 0x00, 0x60, 0x03, 0x00, 0x00, 0x07, 0xFF, 0x9F, 0xFE, 0x60, 0x79,
    0x81, 0xC0, 0x0E, 0x00, 0x38, 0x01, 0xC0, 0x0F, 0x00, 0x38, 0x01, 0xC0, 0x07, 0x00, 0x38, 0x01,
    0xE0, 0x07, 0x00, 0x38, 0x0C, 0xE0, 0x37, 0x81, 0xDF, 0xFF, 0x00, 0x00, 0x70, 0x1C, 0x03, 0x00,
    0xC0, 0x00, 0x1F, 0xF7, 0xFE, 0xC1, 0xD8, 0x70, 0x0C, 0x03, 0x80, 0xE0, 0x18, 0x07, 0x01, 0xC0,
    0x30, 0x4E, 0x0B, 0xFF, 0x7F, 0xE0, 0x01, 0x80, 0x0E, 0x00, 0x38, 0x00, 0x00, 0x00, 0x01, 0xFF,
    0xE7, 0xFF, 0x98, 0x1E, 0x60, 0x70, 0x03, 0x80, 0x0E, 0x00, 0x70, 0x03, 0xC0, 0x0E, 0x00, 0x70,
    0x01, 0xC0, 0x0E, 0x00, 0x78, 0x01, 0xC0, 0x0E, 0x03, 0x38, 0x0D, 0xE0, 0x77, 0xFF, 0xC0, 0x0E,
    0x01, 0xC0, 0x38, 0x00, 0x00, 0x00, 0xFF, 0xBF, 0xF6, 0x0E, 0xC3, 0x80, 0x60, 0x1C, 0x07, 0x00,
    0xC0, 0x38, 0x0E, 0x01, 0x82, 0x70, 0x5F, 0xFB, 0xFF, 0x00, 0x00, 0x00, 0x31, 0x80, 0x6C, 0x01,
    0xF0, 0x03, 0x80, 0x00, 0x07, 0xFF, 0x9F, 0xFE, 0x60, 0x79, 0x81, 0xC0, 0x0E, 0x00, 0x38, 0x01,
    0xC0, 0x0F, 0x00, 0x38, 0x01, 0xC0, 0x07, 0x00, 0x38, 0x01, 0xE0, 0x07, 0x00, 0x38, 0x0C, 0xE0,
    0x37, 0x81, 0xDF, 0xFF, 0x00, 0x06, 0x30, 0x6E, 0x07, 0x80, 0xE0, 0x00, 0x1F, 0xF7, 0xFE, 0xC1,
    0xD8, 0x70, 0x0C, 0x03, 0x80, 0xE0, 0x18, 0x07, 0x01, 0xC0, 0x30, 0x4E, 0x0B, 0xFF, 0x7F, 0xE0,
    0x00, 0x01, 0xF8, 0x73, 0x8C, 0x61, 0x80, 0x30, 0x06, 0x00, 0xC0, 0x18, 0x03, 0x00, 0x60, 0x0C,
    0x01, 0x80, 0x30, 0x06, 0x00, 0xC0, 0x18, 0x03, 0x00, 0xF0, 0x7F, 0x80, 0x7E, 0xFE, 0x00, 0x7E,
    0xFE, 0x00, 0xFF, 0xFF, 0xFF, 0x7F, 0xF9, 0xFF, 0xF0, 0x00, 0x00, 0x7F, 0xFF, 0xFF, 0xCF, 0xFF,
    0xFF, 0xF8, 0x00, 0x00, 0x00, 0x00, 0x7F, 0xFF, 0xFF, 0xCF, 0xFF, 0xFF, 0xF8, 0x00, 0x00, 0x00,
    0x00, 0xCF, 0x3C, 0xF3, 0xCF, 0x3C, 0xF3, 0xCF, 0x3C, 0xF3, 0xCF, 0x3C, 0xF3, 0xCF, 0x3C, 0xF3,
    0xCF, 0x3C, 0xF3, 0xCC, 0x7F, 0xE7, 0xFF, 0x00, 0x07, 0xFE, 0x7F, 0xF0, 0x00, 0x19, 0x98, 0x8E,
    0x79, 0xC0, 0x33, 0xCE, 0x31, 0x19, 0x80, 0x03, 0x9E, 0x71, 0x89, 0x88, 0x77, 0xBD, 0x84, 0x30,
    0x60, 0x18, 0xCC, 0x66, 0x31, 0x08, 0xE7, 0x3D, 0xE7, 0x38, 0x00, 0x31, 0x9E, 0xF3, 0x9C, 0x63,
    0x10, 0x8C, 0x66, 0x30, 0x00, 0x00, 0x1C, 0xE7, 0xBC, 0xE7, 0x18, 0xC4, 0x26, 0x31, 0x08, 0x73,
    0xBD, 0xEF, 0x7B, 0x18, 0x42, 0x18, 0xC1, 0x8C, 0x00, 0x0E, 0x01, 0xC0, 0x18, 0x03, 0x00, 0x40,
    0xC9, 0x9F, 0xF0, 0x30, 0x0E, 0x01, 0xC0, 0x38, 0x07, 0x00, 0xE0, 0x0C, 0x01, 0x80, 0x20, 0x04,
    0x00, 0x80, 0x10, 0x02, 0x00, 0x40, 0x08, 0x00, 0x0E, 0x00, 0xC0, 0x18, 0x02, 0x07, 0xFC, 0xFF,
    0x81, 0x80, 0x70, 0x0E, 0x00, 0x80, 0x10, 0x02, 0x00, 0x40, 0x1C, 0x03, 0x80, 0x30, 0x7F, 0xCC,
    0x98, 0x10, 0x03, 0x00, 0xE0, 0x1C, 0x00, 0x38, 0xFB, 0xFF, 0xFF, 0xFF, 0xDF, 0x1C, 0x40, 0x78,
    0x3F, 0x1F, 0xEF, 0xF7, 0xE3, 0xC1, 0x80, 0x00, 0x00, 0x67, 0xF6, 0x60, 0xDE, 0x1F, 0xC3, 0xB0,
    0x60, 0x00, 0x00, 0x38, 0x70, 0xEE, 0x1C, 0x3F, 0x87, 0x0E, 0x00, 0x00, 0x00, 0x07, 0xF7, 0x00,
    0x01, 0xFB, 0x06, 0x0C, 0x18, 0x30, 0x60, 0xC1, 0x83, 0x06, 0x0C, 0x18, 0x30, 0x60, 0xC1, 0x83,
    0x00, 0x00, 0x00, 0xFC, 0x18, 0x30, 0x60, 0xC1, 0x83, 0x06, 0x0C, 0x18, 0x30, 0x60, 0xC1, 0x83,
    0x06, 0x0C, 0x18, 0x00, 0x03, 0xFF, 0xFF, 0xFF, 0xF3, 0x0C, 0x30, 0xC3, 0x0C, 0x30, 0xC3, 0x0C,
    0x30, 0xC3, 0x0C, 0x30, 0x00, 0x03, 0xF8, 0x20, 0x83, 0xF3, 0x0C, 0x30, 0xC3, 0x0C, 0x30, 0xC3,
    0x0C, 0x30, 0xC3, 0x0C, 0x30, 0x00, 0x03, 0xF0, 0x41, 0x07, 0xF3, 0x0C, 0x30, 0xC3, 0x0C, 0x30,
    0xC3, 0x0C, 0x30, 0xC3, 0x0C, 0x30, 0x00, 0x00, 0x00, 0x00, 0x00, 0x7C, 0x04, 0x00, 0x01, 0x98,
    0x18, 0x00, 0x07, 0x18, 0x60, 0x00, 0x0E, 0x30, 0xC0, 0x00, 0x1C, 0x63, 0x00, 0x00, 0x38, 0xC6,
    0x00, 0x00, 0x71, 0x98, 0x00, 0x00, 0xE3, 0x33, 0xC0, 0xF0, 0xC6, 0xCE, 0xC3, 0x31, 0x99, 0xB8,
    0xCE, 0x71, 0xE6, 0x71, 0x98, 0x60, 0x0C, 0xC3, 0x30, 0xC0, 0x31, 0x86, 0x61, 0x80, 0x63, 0x0C,
    0xC3, 0x01, 0x87, 0x19, 0x86, 0x03, 0x0E, 0x33, 0x9C, 0x0C, 0x0C, 0xE3, 0x30, 0x18, 0x0F, 0x83,
    0xE0, 0x00, 0x00, 0x00, 0x00, 0x00, 0x00, 0x00, 0x00, 0x00, 0x1F, 0x01, 0x00, 0x00, 0x00, 0x19,
    0x81, 0x80, 0x00, 0x00, 0x1C, 0x61, 0x80, 0x00, 0x00, 0x0E, 0x30, 0xC0, 0x00, 0x00, 0x07, 0x18,
    0xC0, 0x00, 0x00, 0x03, 0x8C, 0x60, 0x00, 0x00, 0x01, 0xC6, 0x60, 0x00, 0x00, 0x00, 0xE3, 0x33,
    0xC0, 0xF0, 0x3C, 0x31, 0xB3, 0xB0, 0xCC, 0x33, 0x19, 0x9B, 0x8C, 0xE7, 0x39, 0xC7, 0x99, 0xC6,
    0x61, 0x98, 0xE0, 0x0C, 0xC3, 0x30, 0xCC, 0x30, 0x0C, 0x61, 0x98, 0x66, 0x18, 0x06, 0x30, 0xCC,
    0x33, 0x0C, 0x06, 0x1C, 0x66, 0x19, 0x86, 0x03, 0x0E, 0x33, 0x9C, 0xC7, 0x03, 0x03, 0x30, 0xCC,
    0x33, 0x01, 0x80, 0xF8, 0x3E, 0x1F, 0x00, 0x00, 0x00, 0x00, 0x00, 0x00, 0x73, 0x98, 0xC4, 0x60,
    0x00, 0x73, 0xB9, 0x98, 0xCC, 0x64, 0x66, 0x30, 0x00, 0x73, 0x99, 0xCC, 0x66, 0x33, 0x98, 0xCC,
    0x46, 0x33, 0x18, 0x80, 0x00, 0x00, 0x63, 0x9C, 0x63, 0x08, 0x00, 0x67, 0x39, 0x9C, 0xC6, 0x33,
    0x18, 0x8C, 0x00, 0x67, 0x39, 0xCC, 0xE7, 0x31, 0x8C, 0x66, 0x31, 0x88, 0x46, 0x30, 0x00, 0x00,
    0x00, 0x18, 0x18, 0x3C, 0x3C, 0x66, 0x66, 0xC3, 0x08, 0x61, 0x8C, 0x71, 0x87, 0x0C, 0x18, 0x30,
    0x41, 0x83, 0x0E, 0x1C, 0x73, 0x8C, 0x61, 0x00, 0x00, 0x00, 0x3F, 0x00, 0xC7, 0x03, 0x06, 0x0E,
    0x00, 0x1C, 0x00, 0x38, 0x00, 0x73, 0xFE, 0xE3, 0x8D, 0xC7, 0x09, 0x8E, 0x03, 0x9C, 0x01, 0xFF,
    0x80, 0x70, 0x00, 0xE0, 0x01, 0xC0, 0x03, 0x86, 0x07, 0x0C, 0x1F, 0xF8, 0x01, 0xA0, 0x04, 0x80,
    0x7F, 0x07, 0xFE, 0x3B, 0x7D, 0xCD, 0x67, 0x25, 0x9C, 0x90, 0xE2, 0xC3, 0x9B, 0x0E, 0x6C, 0x39,
    0x20, 0x74, 0x81, 0xD2, 0x07, 0xD8, 0x0F, 0x66, 0x1F, 0xF8, 0x3F, 0x80, 0x90, 0x02, 0xC0, 0x00,
    0x00, 0x00, 0x00, 0x1F, 0xC1, 0xE7, 0x8E, 0x07, 0x30, 0x19, 0xC0, 0x07, 0x00, 0x18, 0x00, 0xE7,
    0x7B, 0x8F, 0x6E, 0x39, 0xB8, 0xE0, 0xF3, 0x81, 0xCE, 0x07, 0x38, 0x1E, 0xE0, 0x3B, 0x88, 0x7F,
    0xE0, 0xFF, 0x00, 0x00, 0xFF, 0xF1, 0xFF, 0x8E, 0x0C, 0x70, 0x23, 0x81, 0x1C, 0x00, 0xE0, 0x07,
    0x00, 0x3F, 0xC1, 0xFF, 0x0E, 0x00, 0x70, 0x0F, 0xF0, 0x7F, 0x80, 0xE0, 0x07, 0x00, 0x38, 0x07,
    0xF8, 0x00, 0x00, 0x00, 0x7E, 0x0E, 0x38, 0x60, 0xC3, 0x06, 0x38, 0x00, 0xC0, 0x06, 0x00, 0x38,
    0x07, 0xFC, 0x07, 0x00, 0x38, 0x0F, 0xF8, 0x0E, 0x00, 0x60, 0x03, 0x00, 0x3E, 0x13, 0xFF, 0xB0,
    0xF8, 0x00, 0x00, 0x00, 0x01, 0x00, 0x00, 0x06, 0x00, 0x00, 0x08, 0x03, 0x8F, 0x3F, 0x07, 0xBF,
    0x7F, 0x03, 0xC7, 0x8F, 0x07, 0x0F, 0x0E, 0x0E, 0x0C, 0x1C, 0x18, 0x18, 0x38, 0x30, 0x30, 0x70,
    0x60, 0xE0, 0xE0, 0xC1, 0xC1, 0xC1, 0x83, 0x83, 0x83, 0x0F, 0x07, 0x06, 0x16, 0x0E, 0x1E, 0x6E,
    0x1E, 0x7F, 0x9E, 0x3E, 0x03, 0x00, 0x00, 0x06, 0x00, 0x00, 0x08, 0x00, 0x00, 0x78, 0x3F, 0x1E,
    0x0E, 0x07, 0x03, 0x03, 0xC1, 0x81, 0xE0, 0xC0, 0xF8, 0x60, 0x7E, 0x31, 0xFF, 0xFE, 0x19, 0xCC,
    0x0C, 0xE6, 0x3F, 0xFF, 0xC3, 0x1D, 0x81, 0x87, 0xC0, 0xC3, 0xE0, 0x60, 0xF0, 0x30, 0x78, 0x38,
    0x1C, 0x3F, 0x0E, 0x00, 0x7F, 0xC0, 0x03, 0xDF, 0x00, 0x1C, 0x70, 0x01, 0xC3, 0x80, 0x1C, 0x38,
    0x01, 0xC3, 0x80, 0x1C, 0x39, 0x81, 0xC3, 0x98, 0x1C, 0x33, 0x81, 0xCF, 0xFE, 0x1F, 0xC3, 0x81,
    0xC0, 0x38, 0x1C, 0x03, 0x81, 0xC0, 0x38, 0x1C, 0x03, 0x81, 0xC0, 0x38, 0x3C, 0x01, 0x87, 0xF8,
    0x1F, 0x00, 0x00, 0x00, 0x7F, 0xE0, 0x00, 0x1E, 0x78, 0x00, 0x07, 0x0E, 0x00, 0x03, 0x83, 0x80,
    0x01, 0xC1, 0xC3, 0xC0, 0xE0, 0xE7, 0xF8, 0x70, 0x63, 0x0C, 0x38, 0x73, 0x86, 0x1C, 0x71, 0xC0,
    0x0F, 0xE0, 0x70, 0x07, 0x38, 0x1F, 0x03, 0x9C, 0x07, 0xC1, 0xC7, 0x00, 0xF0, 0xE3, 0x80, 0x18,
    0x70, 0xE2, 0x0E, 0x38, 0x73, 0x06, 0x1E, 0x1D, 0xC7, 0x3F, 0x87, 0x7F, 0x00, 0x00, 0x00, 0x00,
    0x7F, 0x02, 0x07, 0xE3, 0xE0, 0x70, 0x3C, 0x1C, 0x07, 0x01, 0x81, 0xC0, 0x70, 0x18, 0x0E, 0x0F,
    0x83, 0x00, 0xE0, 0xF8, 0x30, 0x0E, 0x09, 0x83, 0x00, 0x60, 0x9C, 0x20, 0x7F, 0xFF, 0xFF, 0xE7,
    0xFF, 0xFF, 0xFE, 0x03, 0x10, 0xC6, 0x00, 0x39, 0x0E, 0x40, 0x03, 0xB0, 0xEC, 0x00, 0x3B, 0x06,
    0xC0, 0x01, 0xE0, 0x78, 0x00, 0x1E, 0x07, 0x80, 0x01, 0xE0, 0x38, 0x00, 0x0C, 0x03, 0x80, 0x7F,
    0xC1, 0xD8, 0x3C, 0x76, 0x03, 0x1D, 0x80, 0xE7, 0x60, 0x39, 0xD8, 0xCE, 0x76, 0x73, 0x9D, 0x9C,
    0xE7, 0x67, 0x39, 0xD9, 0xCE, 0x76, 0x70, 0x1D, 0x9C, 0x07, 0x67, 0x03, 0x99, 0xC1, 0xE6, 0x7F,
    0xE0, 0x01, 0xF0, 0x01, 0xC0, 0x07, 0x01, 0xFF, 0x00, 0x70, 0x01, 0xC1, 0xF7, 0x0F, 0xFC, 0x70,
    0xF1, 0x81, 0xCE, 0x07, 0x38, 0x1C, 0xE0, 0x73, 0x81, 0xCE, 0x07, 0x18, 0x1C, 0x70, 0xF1, 0xFF,
    0xC3, 0xF7, 0xC0, 0x00, 0x00, 0x01, 0xFF, 0xE7, 0xFF, 0x80, 0x00, 0x00, 0x3F, 0x03, 0x9C, 0x38,
    0x61, 0x83, 0x1C, 0x00, 0xE0, 0x06, 0x00, 0xFF, 0x87, 0xFC, 0x0C, 0x01, 0xFF, 0x07, 0x80, 0x1C,
    0x00, 0xE0, 0x03, 0x00, 0x1C, 0x10, 0x71, 0x81, 0xF8, 0x00, 0x00, 0x7F, 0x1F, 0x8F, 0x83, 0xC1,
    0xC0, 0xC0, 0x70, 0x70, 0x1C, 0x18, 0x07, 0x0C, 0x01, 0xC6, 0x00, 0x73, 0x00, 0xFF, 0xFE, 0x07,
    0xFC, 0x01, 0xEF, 0x00, 0x71, 0xE0, 0x1C, 0x38, 0x07, 0x07, 0x01, 0xC1, 0xE0, 0x70, 0x3C, 0x1E,
    0x07, 0x9F, 0xC0, 0xF0, 0x7F, 0xFF, 0xFF, 0xFF, 0x0E, 0x1E, 0x1C, 0x34, 0x38, 0x20, 0x70, 0x00,
    0xFC, 0x01, 0xF0, 0x07, 0x80, 0x3F, 0x20, 0x4F, 0xC0, 0x1E, 0x00, 0xF8, 0x03, 0x70, 0x00, 0xE0,
    0x01, 0xC0, 0x03, 0xC0, 0x1F, 0xE0, 0x00, 0x00, 0x00, 0x00, 0x0C, 0x00, 0x00, 0x0C, 0x00, 0x00,
    0x3E, 0x00, 0x01, 0xFF, 0xC0, 0x00, 0x06, 0x30, 0x00, 0x07, 0x0C, 0x00, 0x03, 0x06, 0x00, 0x03,
    0x83, 0x80, 0x01, 0xC0, 0xC0, 0x00, 0xC0, 0x60, 0x00, 0x60, 0x30, 0x00, 0x70, 0x18, 0x00, 0x38,
    0x1C, 0x00, 0x18, 0x0E, 0x7C, 0x0C, 0x07, 0x66, 0x06, 0x03, 0x61, 0xBF, 0x03, 0xB0, 0xF3, 0x83,
    0x98, 0x79, 0xE3, 0x8E, 0x67, 0x9F, 0x0F, 0xE0, 0x00, 0x06, 0x00, 0x00, 0x03, 0x00, 0x00, 0x01,
    0x80, 0x00, 0x01, 0xC0, 0x00, 0x00, 0xC0, 0x00, 0x00, 0x00, 0x03, 0xC0, 0x1D, 0x80, 0x62, 0x03,
    0x8C, 0x0E, 0x20, 0x38, 0x80, 0x66, 0x01, 0x98, 0x07, 0x40, 0x1F, 0x00, 0x38, 0x00, 0xE0, 0x23,
    0x81, 0xCF, 0x07, 0x7C, 0x37, 0x39, 0x98, 0xE4, 0x23, 0x80, 0x06, 0x00, 0x1C, 0x18, 0x60, 0x61,
    0x80, 0xEE, 0x01, 0xF0, 0x7F, 0xC0, 0x79, 0xE0, 0x70, 0xE7, 0xFF, 0xFF, 0xFF, 0xE3, 0x83, 0xBF,
    0xFF, 0xFF, 0xFF, 0x1C, 0x38, 0x38, 0xE0, 0x7F, 0x00, 0xE0, 0x01, 0xC0, 0x03, 0x80, 0x07, 0x00,
    0x0E, 0x00, 0x1E, 0x00, 0xFF, 0x00, 0x00, 0x80, 0x00, 0x60, 0x01, 0xFE, 0x01, 0xFF, 0x83, 0x88,
    0xE1, 0xC4, 0x71, 0xC2, 0x00, 0xE1, 0x00, 0x70, 0x80, 0x70, 0x40, 0x38, 0x20, 0x1C, 0x10, 0x0E,
    0x0F, 0xF3, 0x84, 0x71, 0xC2, 0x38, 0xE1, 0x1C, 0x38, 0x8E, 0x1C, 0x47, 0x07, 0xF3, 0x80, 0xFF,
    0x80, 0x0C, 0x00, 0x04, 0x00, 0x01, 0xC0, 0x00, 0x70, 0x00, 0x1E, 0x00, 0x0F, 0x80, 0x03, 0x60,
    0x00, 0x9C, 0x00, 0x67, 0x01, 0xFF, 0xFE, 0xFF, 0xFF, 0x83, 0x0E, 0x00, 0xC3, 0xC3, 0xFF, 0xFE,
    0x18, 0x1C, 0x06, 0x03, 0x03, 0x00, 0xE0, 0xC0, 0x38, 0x70, 0x0F, 0x3F, 0x0F, 0xE0, 0x00, 0x00,
    0x7F, 0x03, 0xCE, 0x0C, 0x1C, 0x30, 0x30, 0x00, 0xC0, 0x07, 0x1F, 0xFE, 0xFF, 0xF8, 0x1F, 0x07,
    0xFF, 0xBF, 0xFE, 0x78, 0x01, 0xC0, 0x07, 0x03, 0x1C, 0x0C, 0x30, 0x30, 0xE1, 0xC0, 0xFE, 0x00,
    0x00, 0x00, 0x80, 0x06, 0x00, 0x7F, 0x07, 0xFE, 0x39, 0x9C, 0xC6, 0x67, 0x18, 0x1C, 0x60, 0x61,
    0x83, 0x86, 0x0E, 0x18, 0x38, 0x60, 0xE1, 0x83, 0xC6, 0x07, 0x18, 0x1C, 0x60, 0x79, 0x80, 0xE6,
    0x21, 0xFF, 0x83, 0xFC, 0x01, 0x80, 0x06, 0x00, 0x18, 0xE0, 0x39, 0xC0, 0x73, 0x80, 0xE7, 0x07,
    0xFF, 0xCF, 0xFF, 0x87, 0x38, 0x0E, 0x70, 0x1C, 0xE0, 0x39, 0xC0, 0x73, 0x80, 0xE7, 0x01, 0xCE,
    0x03, 0x9C, 0x07, 0x38, 0x0E, 0x70, 0x1C, 0x70, 0x38, 0xF8, 0x00, 0x00, 0x00, 0x00, 0x7E, 0x0F,
    0x38, 0x60, 0xE7, 0x03, 0x38, 0x01, 0xC0, 0x07, 0x00, 0x3E, 0x00, 0xFC, 0x01, 0xF8, 0x03, 0xE0,
    0x07, 0x00, 0x1D, 0xB4, 0xEF, 0xF6, 0xD6, 0xB3, 0xB7, 0x0F, 0xF0, 0x2F, 0x01, 0x68, 0x00, 0x00,
    0x7F, 0xF9, 0xFF, 0xE0, 0x00, 0x1F, 0xFE, 0x7F, 0xF9, 0x0C, 0x24, 0x30, 0x90, 0xC2, 0x03, 0x00,
    0x0C, 0x00, 0x30, 0x00, 0xC0, 0x03, 0x00, 0x0C, 0x00, 0x30, 0x00, 0xC0, 0x07, 0x80, 0x7F, 0x80,
    0xFF, 0xF0, 0x7C, 0x00, 0xE0, 0x07, 0x07, 0xFF, 0x3F, 0xF8, 0x06, 0x00, 0x70, 0x07, 0x07, 0xF0,
    0x1C, 0x00, 0xF0, 0x03, 0x80, 0x0E, 0x00, 0x70, 0x01, 0xC0, 0x0F, 0x00, 0x3E, 0x00, 0x7F, 0x00,
    0xF8, 0x01, 0xC0, 0x07, 0x00, 0x1D, 0xC0, 0x7C, 0x03, 0xC0, 0x3F, 0x30, 0x1F, 0x80, 0xF0, 0x0F,
    0xC7, 0x87, 0x0E, 0x1C, 0x18, 0x70, 0x21, 0xC1, 0x87, 0x06, 0x1E, 0x31, 0xFF, 0x80, 0x00, 0x00,
    0x3C, 0x00, 0x6C, 0x00, 0x46, 0x00, 0x67, 0xF8, 0x7F, 0xFC, 0x3E, 0x0E, 0x06, 0x06, 0x06, 0x02,
    0x06, 0x02, 0x07, 0xF6, 0x07, 0xFC, 0x06, 0x58, 0x0E, 0x00, 0x1A, 0x00, 0x03, 0x00, 0x03, 0x06,
    0x01, 0xFE, 0x00, 0xFC, 0x00, 0x00, 0x01, 0x80, 0x01, 0x80, 0x01, 0x80, 0x07, 0xE0, 0x1F, 0xF8,
    0x39, 0x9C, 0x71, 0x8C, 0x61, 0x8E, 0x61, 0x8E, 0xE1, 0x86, 0xE1, 0x86, 0xE1, 0x86, 0xE1, 0x86,
    0xE1, 0x86, 0xE1, 0x86, 0xE1, 0x86, 0xE1, 0x86, 0xFF, 0xC1, 0xCF, 0x0E, 0x1C, 0x70, 0x73, 0x83,
    0x9C, 0x1C, 0xE0, 0xE7, 0x0E, 0x38, 0xE7, 0xFE, 0x0E, 0x00, 0x70, 0x0F, 0xF0, 0x7F, 0x80, 0xE0,
    0x07, 0x00, 0x38, 0x07, 0xF8, 0x00, 0x02, 0xC0, 0x05, 0x80, 0x1F, 0x00, 0xFF, 0x83, 0xAD, 0x8E,
    0x59, 0x98, 0xB3, 0xF1, 0x67, 0xE2, 0xCD, 0xC0, 0x03, 0x80, 0x07, 0x00, 0x06, 0x00, 0x0E, 0x00,
    0x0C, 0x00, 0x1C, 0x00, 0x0C, 0x01, 0xFF, 0xFB, 0xFF, 0xF0, 0x09, 0x00, 0xB0, 0xFF, 0x87, 0xFC,
    0x30, 0xE3, 0x0E, 0x30, 0xE3, 0x0E, 0x30, 0xE3, 0x1C, 0x3F, 0x83, 0x9C, 0x30, 0x63, 0x07, 0x30,
    0x73, 0x07, 0x30, 0x73, 0x07, 0x79, 0xEF, 0xFC, 0x0B, 0x00, 0xB0, 0x0F, 0x07, 0xF9, 0xC3, 0xB0,
    0x7E, 0x01, 0xC0, 0x38, 0x07, 0x00, 0xE0, 0x1C, 0x03, 0x80, 0x38, 0x13, 0xDC, 0x3F, 0x80, 0x00,
    0x00, 0xFF, 0xCF, 0xF8, 0xFF, 0xFF, 0xFF, 0x01, 0xE0, 0x3C, 0x07, 0x80, 0xF0, 0x1E, 0x03, 0xC0,
    0x78, 0x0F, 0x01, 0xE0, 0x3C, 0x07, 0x80, 0xF0, 0x1E, 0x03, 0xC0, 0x7F, 0xFC, 0xFF, 0xFF, 0xFF,
    0x01, 0xE0, 0x3C, 0x07, 0x80, 0xF0, 0x1E, 0x03, 0xC0, 0x78, 0x0F, 0x01, 0xE0, 0x3C, 0x07, 0x80,
    0xF0, 0x1E, 0x03, 0xC0, 0x7F, 0xFC, 0xFF, 0xFF, 0xFF, 0x01, 0xE0, 0x3C, 0x07, 0x80, 0xF0, 0x1E,
    0x03, 0xC0, 0x78, 0x0F, 0x01, 0xE0, 0x3C, 0x07, 0x80, 0xF0, 0x1E, 0x03, 0xC0, 0x7F, 0xFC, 0xFF,
    0xFF, 0xFF, 0x01, 0xE0, 0x3C, 0x07, 0x80, 0xF0, 0x1E, 0x03, 0xC0, 0x78, 0x0F, 0x01, 0xE0, 0x3C,
    0x07, 0x80, 0xF0, 0x1E, 0x03, 0xC0, 0x7F, 0xFC, 0xFF, 0xFF, 0xFF, 0x01, 0xE0, 0x3C, 0x07, 0x80,
    0xF0, 0x1E, 0x03, 0xC0, 0x78, 0x0F, 0x01, 0xE0, 0x3C, 0x07, 0x80, 0xF0, 0x1E, 0x03, 0xC0, 0x7F,
    0xFC, 0xFF, 0xFF, 0xFF, 0x01, 0xE0, 0x3C, 0x07, 0x80, 0xF0, 0x1E, 0x03, 0xC0, 0x78, 0x0F, 0x01,
    0xE0, 0x3C, 0x07, 0x80, 0xF0, 0x1E, 0x03, 0xC0, 0x7F, 0xFC, 0xFF, 0xFF, 0xFF, 0x01, 0xE0, 0x3C,
    0x07, 0x80, 0xF0, 0x1E, 0x03, 0xC0, 0x78, 0x0F, 0x01, 0xE0, 0x3C, 0x07, 0x80, 0xF0, 0x1E, 0x03,
    0xC0, 0x7F, 0xFC, 0xFF, 0xFF, 0xFF, 0x01, 0xE0, 0x3C, 0x07, 0x80, 0xF0, 0x1E, 0x03, 0xC0, 0x78,
    0x0F, 0x01, 0xE0, 0x3C, 0x07, 0x80, 0xF0, 0x1E, 0x03, 0xC0, 0x7F, 0xFC, 0xFF, 0xFF, 0xFF, 0x01,
    0xE0, 0x3C, 0x07, 0x80, 0xF0, 0x1E, 0x03, 0xC0, 0x78, 0x0F, 0x01, 0xE0, 0x3C, 0x07, 0x80, 0xF0,
    0x1E, 0x03, 0xC0, 0x7F, 0xFC, 0xFF, 0xFF, 0xFF, 0x01, 0xE0, 0x3C, 0x07, 0x80, 0xF0, 0x1E, 0x03,
    0xC0, 0x78, 0x0F, 0x01, 0xE0, 0x3C, 0x07, 0x80, 0xF0, 0x1E, 0x03, 0xC0, 0x7F, 0xFC, 0xFF, 0xFF,
    0xFF, 0x01, 0xE0, 0x3C, 0x07, 0x80, 0xF0, 0x1E, 0x03, 0xC0, 0x78, 0x0F, 0x01, 0xE0, 0x3C, 0x07,
    0x80, 0xF0, 0x1E, 0x03, 0xC0, 0x7F, 0xFC, 0xFF, 0xFF, 0xFF, 0x01, 0xE0, 0x3C, 0x07, 0x80, 0xF0,
    0x1E, 0x03, 0xC0, 0x78, 0x0F, 0x01, 0xE0, 0x3C, 0x07, 0x80, 0xF0, 0x1E, 0x03, 0xC0, 0x7F, 0xFC,
    0xFF, 0xFF, 0xFF, 0x01, 0xE0, 0x3C, 0x07, 0x80, 0xF0, 0x1E, 0x03, 0xC0, 0x78, 0x0F, 0x01, 0xE0,
    0x3C, 0x07, 0x80, 0xF0, 0x1E, 0x03, 0xC0, 0x7F, 0xFC, 0xFF, 0xFF, 0xFF, 0x01, 0xE0, 0x3C, 0x07,
    0x80, 0xF0, 0x1E, 0x03, 0xC0, 0x78, 0x0F, 0x01, 0xE0, 0x3C, 0x07, 0x80, 0xF0, 0x1E, 0x03, 0xC0,
    0x7F, 0xFC, 0xFF, 0xFF, 0xFF, 0x01, 0xE0, 0x3C, 0x07, 0x80, 0xF0, 0x1E, 0x03, 0xC0, 0x78, 0x0F,
    0x01, 0xE0, 0x3C, 0x07, 0x80, 0xF0, 0x1E, 0x03, 0xC0, 0x7F, 0xFC,
];

pub(crate) static NOTO_SERIF_12_REGULAR: BitmapFont = BitmapFont::new(
    &NOTO_SERIF_CODEPOINTS,
    &NOTO_SERIF_12_REGULAR_GLYPHS,
    &NOTO_SERIF_12_REGULAR_BITMAP,
    34,
);

static NOTO_SERIF_12_BOLD_GLYPHS: [BitmapGlyph; 410] = [
    BitmapGlyph::new(0, 0, 0, 0, 27, 7),
    BitmapGlyph::new(0, 5, 19, 2, 9, 10),
    BitmapGlyph::new(12, 11, 8, 1, 9, 13),
    BitmapGlyph::new(23, 14, 18, 0, 9, 14),
    BitmapGlyph::new(55, 12, 21, 1, 8, 14),
    BitmapGlyph::new(87, 22, 20, 0, 8, 23),
    BitmapGlyph::new(142, 19, 20, 1, 8, 20),
    BitmapGlyph::new(190, 5, 8, 1, 9, 7),
    BitmapGlyph::new(195, 9, 24, 1, 7, 10),
    BitmapGlyph::new(222, 9, 24, 0, 7, 10),
    BitmapGlyph::new(249, 12, 11, 0, 7, 13),
    BitmapGlyph::new(266, 12, 12, 1, 12, 14),
    BitmapGlyph::new(284, 5, 8, 1, 23, 7),
    BitmapGlyph::new(289, 8, 4, 0, 18, 8),
    BitmapGlyph::new(293, 5, 5, 1, 23, 7),
    BitmapGlyph::new(297, 8, 23, 0, 8, 7),
    BitmapGlyph::new(320, 14, 20, 0, 8, 14),
    BitmapGlyph::new(355, 12, 18, 1, 9, 14),
    BitmapGlyph::new(382, 12, 19, 1, 8, 14),
    BitmapGlyph::new(411, 14, 20, 0, 8, 14),
    BitmapGlyph::new(446, 14, 18, 0, 9, 14),
    BitmapGlyph::new(478, 12, 19, 1, 9, 14),
    BitmapGlyph::new(507, 13, 20, 1, 8, 14),
    BitmapGlyph::new(540, 12, 18, 1, 9, 14),
    BitmapGlyph::new(567, 14, 20, 0, 8, 14),
    BitmapGlyph::new(602, 13, 20, 0, 8, 14),
    BitmapGlyph::new(635, 5, 15, 1, 13, 8),
    BitmapGlyph::new(645, 5, 18, 1, 13, 8),
    BitmapGlyph::new(657, 12, 14, 1, 11, 14),
    BitmapGlyph::new(678, 12, 8, 1, 14, 14),
    BitmapGlyph::new(690, 12, 14, 1, 11, 14),
    BitmapGlyph::new(711, 13, 20, 0, 8, 14),
    BitmapGlyph::new(744, 21, 22, 1, 9, 23),
    BitmapGlyph::new(802, 19, 18, 0, 9, 19),
    BitmapGlyph::new(845, 16, 18, 0, 9, 17),
    BitmapGlyph::new(881, 15, 20, 1, 8, 17),
    BitmapGlyph::new(919, 18, 18, 0, 9, 19),
    BitmapGlyph::new(960, 16, 18, 0, 9, 16),
    BitmapGlyph::new(996, 15, 18, 0, 9, 16),
    BitmapGlyph::new(1030, 18, 20, 1, 8, 19),
    BitmapGlyph::new(1075, 20, 18, 0, 9, 20),
    BitmapGlyph::new(1120, 10, 18, 0, 9, 10),
    BitmapGlyph::new(1143, 11, 24, -1, 9, 10),
    BitmapGlyph::new(1176, 19, 18, 0, 9, 18),
    BitmapGlyph::new(1219, 16, 18, 0, 9, 16),
    BitmapGlyph::new(1255, 24, 18, 0, 9, 24),
    BitmapGlyph::new(1309, 20, 18, 0, 9, 20),
    BitmapGlyph::new(1354, 18, 20, 1, 8, 20),
    BitmapGlyph::new(1399, 16, 18, 0, 9, 16),
    BitmapGlyph::new(1435, 18, 25, 1, 8, 20),
    BitmapGlyph::new(1492, 18, 18, 0, 9, 18),
    BitmapGlyph::new(1533, 14, 20, 0, 8, 14),
    BitmapGlyph::new(1568, 17, 18, 0, 9, 16),
    BitmapGlyph::new(1607, 19, 19, 0, 9, 19),
    BitmapGlyph::new(1653, 18, 18, 0, 9, 17),
    BitmapGlyph::new(1694, 27, 18, 0, 9, 27),
    BitmapGlyph::new(1755, 19, 18, 0, 9, 18),
    BitmapGlyph::new(1798, 18, 18, 0, 9, 17),
    BitmapGlyph::new(1839, 15, 18, 1, 9, 17),
    BitmapGlyph::new(1873, 8, 23, 2, 8, 10),
    BitmapGlyph::new(1896, 8, 23, 0, 8, 7),
    BitmapGlyph::new(1919, 8, 23, 0, 8, 10),
    BitmapGlyph::new(1942, 12, 12, 1, 9, 14),
    BitmapGlyph::new(1960, 13, 2, -1, 29, 11),
    BitmapGlyph::new(1964, 7, 5, 1, 7, 8),
    BitmapGlyph::new(1969, 14, 15, 1, 13, 15),
    BitmapGlyph::new(1996, 16, 20, 0, 8, 16),
    BitmapGlyph::new(2036, 12, 15, 1, 13, 13),
    BitmapGlyph::new(2059, 15, 20, 1, 8, 16),
    BitmapGlyph::new(2097, 13, 15, 1, 13, 14),
    BitmapGlyph::new(2122, 12, 20, 0, 7, 10),
    BitmapGlyph::new(2152, 14, 21, 0, 12, 14),
    BitmapGlyph::new(2189, 17, 19, 0, 8, 17),
    BitmapGlyph::new(2230, 9, 20, 0, 7, 9),
    BitmapGlyph::new(2253, 8, 26, -1, 7, 9),
    BitmapGlyph::new(2279, 16, 19, 0, 8, 16),
    BitmapGlyph::new(2317, 9, 19, 0, 8, 9),
    BitmapGlyph::new(2339, 25, 14, 0, 13, 25),
    BitmapGlyph::new(2383, 17, 14, 0, 13, 17),
    BitmapGlyph::new(2413, 14, 15, 1, 13, 15),
    BitmapGlyph::new(2440, 15, 20, 0, 13, 16),
    BitmapGlyph::new(2478, 15, 20, 1, 13, 16),
    BitmapGlyph::new(2516, 13, 14, 0, 13, 13),
    BitmapGlyph::new(2539, 12, 15, 0, 13, 12),
    BitmapGlyph::new(2562, 10, 18, 0, 10, 10),
    BitmapGlyph::new(2585, 17, 15, 0, 13, 17),
    BitmapGlyph::new(2617, 16, 14, 0, 13, 15),
    BitmapGlyph::new(2645, 23, 14, -1, 13, 21),
    BitmapGlyph::new(2686, 16, 14, 0, 13, 16),
    BitmapGlyph::new(2714, 15, 20, 0, 13, 14),
    BitmapGlyph::new(2752, 13, 14, 0, 13, 13),
    BitmapGlyph::new(2775, 11, 23, 0, 8, 11),
    BitmapGlyph::new(2807, 2, 25, 6, 8, 14),
    BitmapGlyph::new(2814, 11, 23, 0, 8, 11),
    BitmapGlyph::new(2846, 13, 6, 1, 15, 14),
    BitmapGlyph::new(2856, 0, 0, 0, 27, 7),
    BitmapGlyph::new(2856, 5, 19, 2, 13, 10),
    BitmapGlyph::new(2868, 13, 18, 1, 9, 14),
    BitmapGlyph::new(2898, 14, 20, 0, 8, 14),
    BitmapGlyph::new(2933, 12, 12, 1, 12, 14),
    BitmapGlyph::new(2951, 14, 18, 0, 9, 14),
    BitmapGlyph::new(2983, 2, 25, 6, 8, 14),
    BitmapGlyph::new(2990, 12, 22, 1, 8, 14),
    BitmapGlyph::new(3023, 9, 4, 3, 8, 14),
    BitmapGlyph::new(3028, 19, 20, 1, 8, 21),
    BitmapGlyph::new(3076, 10, 9, 0, 9, 11),
    BitmapGlyph::new(3088, 12, 11, 1, 15, 14),
    BitmapGlyph::new(3105, 12, 7, 1, 17, 14),
    BitmapGlyph::new(3116, 8, 4, 0, 18, 8),
    BitmapGlyph::new(3120, 19, 20, 1, 8, 21),
    BitmapGlyph::new(3168, 13, 2, -1, 6, 11),
    BitmapGlyph::new(3172, 9, 9, 0, 8, 10),
    BitmapGlyph::new(3183, 12, 15, 1, 12, 14),
    BitmapGlyph::new(3206, 9, 12, 0, 6, 10),
    BitmapGlyph::new(3220, 9, 12, 0, 6, 10),
    BitmapGlyph::new(3234, 7, 5, 1, 7, 8),
    BitmapGlyph::new(3239, 14, 20, 2, 13, 17),
    BitmapGlyph::new(3274, 14, 22, 1, 8, 16),
    BitmapGlyph::new(3313, 5, 5, 1, 16, 7),
    BitmapGlyph::new(3317, 6, 7, 1, 26, 8),
    BitmapGlyph::new(3323, 8, 12, 1, 6, 10),
    BitmapGlyph::new(3335, 11, 9, 0, 9, 11),
    BitmapGlyph::new(3348, 12, 11, 1, 15, 14),
    BitmapGlyph::new(3365, 21, 20, 0, 8, 21),
    BitmapGlyph::new(3418, 21, 20, 0, 8, 21),
    BitmapGlyph::new(3471, 21, 20, 0, 8, 21),
    BitmapGlyph::new(3524, 12, 19, 1, 13, 14),
    BitmapGlyph::new(3553, 19, 24, 0, 3, 19),
    BitmapGlyph::new(3610, 19, 24, 0, 3, 19),
    BitmapGlyph::new(3667, 19, 24, 0, 3, 19),
    BitmapGlyph::new(3724, 19, 24, 0, 3, 19),
    BitmapGlyph::new(3781, 19, 23, 0, 4, 19),
    BitmapGlyph::new(3836, 19, 22, 0, 5, 19),
    BitmapGlyph::new(3889, 25, 18, 0, 9, 25),
    BitmapGlyph::new(3946, 15, 25, 1, 8, 17),
    BitmapGlyph::new(3993, 16, 24, 0, 3, 16),
    BitmapGlyph::new(4041, 16, 24, 0, 3, 16),
    BitmapGlyph::new(4089, 16, 24, 0, 3, 16),
    BitmapGlyph::new(4137, 16, 23, 0, 4, 16),
    BitmapGlyph::new(4183, 10, 24, 0, 3, 10),
    BitmapGlyph::new(4213, 10, 24, 0, 3, 10),
    BitmapGlyph::new(4243, 10, 24, 0, 3, 10),
    BitmapGlyph::new(4273, 10, 23, 0, 4, 10),
    BitmapGlyph::new(4302, 18, 18, 0, 9, 19),
    BitmapGlyph::new(4343, 20, 24, 0, 3, 20),
    BitmapGlyph::new(4403, 18, 25, 1, 3, 20),
    BitmapGlyph::new(4460, 18, 25, 1, 3, 20),
    BitmapGlyph::new(4517, 18, 25, 1, 3, 20),
    BitmapGlyph::new(4574, 18, 25, 1, 3, 20),
    BitmapGlyph::new(4631, 18, 24, 1, 4, 20),
    BitmapGlyph::new(4685, 12, 12, 1, 12, 14),
    BitmapGlyph::new(4703, 18, 20, 1, 8, 20),
    BitmapGlyph::new(4748, 19, 25, 0, 3, 19),
    BitmapGlyph::new(4808, 19, 25, 0, 3, 19),
    BitmapGlyph::new(4868, 19, 25, 0, 3, 19),
    BitmapGlyph::new(4928, 19, 24, 0, 4, 19),
    BitmapGlyph::new(4985, 18, 24, 0, 3, 17),
    BitmapGlyph::new(5039, 16, 18, 0, 9, 16),
    BitmapGlyph::new(5075, 17, 21, 0, 7, 18),
    BitmapGlyph::new(5120, 14, 21, 1, 7, 15),
    BitmapGlyph::new(5157, 14, 21, 1, 7, 15),
    BitmapGlyph::new(5194, 14, 21, 1, 7, 15),
    BitmapGlyph::new(5231, 14, 21, 1, 7, 15),
    BitmapGlyph::new(5268, 14, 20, 1, 8, 15),
    BitmapGlyph::new(5303, 14, 22, 1, 6, 15),
    BitmapGlyph::new(5342, 20, 15, 1, 13, 22),
    BitmapGlyph::new(5380, 12, 20, 1, 13, 13),
    BitmapGlyph::new(5410, 13, 21, 1, 7, 14),
    BitmapGlyph::new(5445, 13, 21, 1, 7, 14),
    BitmapGlyph::new(5480, 13, 21, 1, 7, 14),
    BitmapGlyph::new(5515, 13, 20, 1, 8, 14),
    BitmapGlyph::new(5548, 10, 20, -1, 7, 9),
    BitmapGlyph::new(5573, 9, 20, 0, 7, 9),
    BitmapGlyph::new(5596, 10, 20, -1, 7, 9),
    BitmapGlyph::new(5621, 10, 19, -1, 8, 9),
    BitmapGlyph::new(5645, 14, 21, 1, 7, 15),
    BitmapGlyph::new(5682, 17, 20, 0, 7, 17),
    BitmapGlyph::new(5725, 14, 21, 1, 7, 15),
    BitmapGlyph::new(5762, 14, 21, 1, 7, 15),
    BitmapGlyph::new(5799, 14, 21, 1, 7, 15),
    BitmapGlyph::new(5836, 14, 21, 1, 7, 15),
    BitmapGlyph::new(5873, 14, 20, 1, 8, 15),
    BitmapGlyph::new(5908, 12, 14, 1, 11, 14),
    BitmapGlyph::new(5929, 14, 16, 1, 12, 15),
    BitmapGlyph::new(5957, 17, 21, 0, 7, 17),
    BitmapGlyph::new(6002, 17, 21, 0, 7, 17),
    BitmapGlyph::new(6047, 17, 21, 0, 7, 17),
    BitmapGlyph::new(6092, 17, 20, 0, 8, 17),
    BitmapGlyph::new(6135, 15, 26, 0, 7, 14),
    BitmapGlyph::new(6184, 15, 25, 0, 8, 16),
    BitmapGlyph::new(6231, 15, 25, 0, 8, 14),
    BitmapGlyph::new(6278, 19, 22, 0, 5, 19),
    BitmapGlyph::new(6331, 14, 19, 1, 9, 15),
    BitmapGlyph::new(6365, 19, 24, 0, 3, 19),
    BitmapGlyph::new(6422, 14, 21, 1, 7, 15),
    BitmapGlyph::new(6459, 19, 24, 0, 9, 19),
    BitmapGlyph::new(6516, 14, 20, 1, 13, 15),
    BitmapGlyph::new(6551, 15, 25, 1, 3, 17),
    BitmapGlyph::new(6598, 12, 21, 1, 7, 13),
    BitmapGlyph::new(6630, 15, 25, 1, 3, 17),
    BitmapGlyph::new(6677, 12, 21, 1, 7, 13),
    BitmapGlyph::new(6709, 15, 25, 1, 3, 17),
    BitmapGlyph::new(6756, 12, 21, 1, 7, 13),
    BitmapGlyph::new(6788, 15, 25, 1, 3, 17),
    BitmapGlyph::new(6835, 12, 21, 1, 7, 13),
    BitmapGlyph::new(6867, 18, 24, 0, 3, 19),
    BitmapGlyph::new(6921, 18, 20, 1, 8, 16),
    BitmapGlyph::new(6966, 18, 18, 0, 9, 19),
    BitmapGlyph::new(7007, 15, 20, 1, 8, 16),
    BitmapGlyph::new(7045, 16, 22, 0, 5, 16),
    BitmapGlyph::new(7089, 13, 19, 1, 9, 14),
    BitmapGlyph::new(7120, 16, 24, 0, 3, 16),
    BitmapGlyph::new(7168, 13, 21, 1, 7, 14),
    BitmapGlyph::new(7203, 16, 24, 0, 3, 16),
    BitmapGlyph::new(7251, 13, 21, 1, 7, 14),
    BitmapGlyph::new(7286, 16, 24, 0, 9, 16),
    BitmapGlyph::new(7334, 13, 20, 1, 13, 14),
    BitmapGlyph::new(7367, 16, 24, 0, 3, 16),
    BitmapGlyph::new(7415, 13, 21, 1, 7, 14),
    BitmapGlyph::new(7450, 18, 25, 1, 3, 19),
    BitmapGlyph::new(7507, 14, 26, 0, 7, 14),
    BitmapGlyph::new(7553, 18, 25, 1, 3, 19),
    BitmapGlyph::new(7610, 14, 26, 0, 7, 14),
    BitmapGlyph::new(7656, 18, 25, 1, 3, 19),
    BitmapGlyph::new(7713, 14, 26, 0, 7, 14),
    BitmapGlyph::new(7759, 18, 25, 1, 8, 19),
    BitmapGlyph::new(7816, 14, 26, 0, 7, 14),
    BitmapGlyph::new(7862, 20, 24, 0, 3, 20),
    BitmapGlyph::new(7922, 17, 25, 0, 2, 17),
    BitmapGlyph::new(7976, 21, 18, 0, 9, 20),
    BitmapGlyph::new(8024, 17, 19, 0, 8, 17),
    BitmapGlyph::new(8065, 10, 24, 0, 3, 10),
    BitmapGlyph::new(8095, 11, 20, -1, 7, 9),
    BitmapGlyph::new(8123, 10, 22, 0, 5, 10),
    BitmapGlyph::new(8151, 9, 18, 0, 9, 9),
    BitmapGlyph::new(8172, 10, 24, 0, 3, 10),
    BitmapGlyph::new(8202, 9, 20, 0, 7, 9),
    BitmapGlyph::new(8225, 10, 24, 0, 9, 10),
    BitmapGlyph::new(8255, 9, 26, 0, 7, 9),
    BitmapGlyph::new(8285, 10, 24, 0, 3, 10),
    BitmapGlyph::new(8315, 9, 14, 0, 13, 9),
    BitmapGlyph::new(8331, 20, 24, 0, 9, 20),
    BitmapGlyph::new(8391, 16, 26, 0, 7, 17),
    BitmapGlyph::new(8443, 11, 30, -1, 3, 10),
    BitmapGlyph::new(8485, 10, 26, -1, 7, 9),
    BitmapGlyph::new(8518, 19, 24, 0, 9, 18),
    BitmapGlyph::new(8575, 16, 25, 0, 8, 16),
    BitmapGlyph::new(8625, 16, 14, 0, 13, 16),
    BitmapGlyph::new(8653, 16, 24, 0, 3, 16),
    BitmapGlyph::new(8701, 10, 25, 0, 2, 9),
    BitmapGlyph::new(8733, 16, 24, 0, 9, 16),
    BitmapGlyph::new(8781, 9, 25, 0, 8, 9),
    BitmapGlyph::new(8810, 16, 18, 0, 9, 16),
    BitmapGlyph::new(8846, 12, 19, 0, 8, 9),
    BitmapGlyph::new(8875, 16, 18, 0, 9, 16),
    BitmapGlyph::new(8911, 13, 19, 0, 8, 12),
    BitmapGlyph::new(8942, 16, 18, 0, 9, 16),
    BitmapGlyph::new(8978, 9, 19, 0, 8, 9),
    BitmapGlyph::new(9000, 20, 24, 0, 3, 20),
    BitmapGlyph::new(9060, 17, 20, 0, 7, 17),
    BitmapGlyph::new(9103, 20, 24, 0, 9, 20),
    BitmapGlyph::new(9163, 17, 20, 0, 13, 17),
    BitmapGlyph::new(9206, 20, 24, 0, 3, 20),
    BitmapGlyph::new(9266, 17, 20, 0, 7, 17),
    BitmapGlyph::new(9309, 21, 18, 0, 9, 21),
    BitmapGlyph::new(9357, 20, 24, 0, 9, 20),
    BitmapGlyph::new(9417, 15, 20, 0, 13, 17),
    BitmapGlyph::new(9455, 18, 23, 1, 5, 20),
    BitmapGlyph::new(9507, 14, 19, 1, 9, 15),
    BitmapGlyph::new(9541, 18, 25, 1, 3, 20),
    BitmapGlyph::new(9598, 14, 21, 1, 7, 15),
    BitmapGlyph::new(9635, 18, 25, 1, 3, 20),
    BitmapGlyph::new(9692, 14, 21, 1, 7, 15),
    BitmapGlyph::new(9729, 24, 20, 1, 8, 25),
    BitmapGlyph::new(9789, 22, 15, 1, 13, 23),
    BitmapGlyph::new(9831, 18, 24, 0, 3, 18),
    BitmapGlyph::new(9885, 13, 20, 0, 7, 13),
    BitmapGlyph::new(9918, 18, 24, 0, 9, 18),
    BitmapGlyph::new(9972, 13, 20, 0, 13, 13),
    BitmapGlyph::new(10005, 18, 24, 0, 3, 18),
    BitmapGlyph::new(10059, 13, 20, 0, 7, 13),
    BitmapGlyph::new(10092, 14, 25, 0, 3, 14),
    BitmapGlyph::new(10136, 12, 21, 0, 7, 12),
    BitmapGlyph::new(10168, 14, 25, 0, 3, 14),
    BitmapGlyph::new(10212, 12, 21, 0, 7, 12),
    BitmapGlyph::new(10244, 14, 25, 0, 8, 14),
    BitmapGlyph::new(10288, 12, 20, 0, 13, 12),
    BitmapGlyph::new(10318, 14, 25, 0, 3, 14),
    BitmapGlyph::new(10362, 12, 21, 0, 7, 12),
    BitmapGlyph::new(10394, 17, 24, 0, 9, 16),
    BitmapGlyph::new(10445, 10, 23, 0, 10, 10),
    BitmapGlyph::new(10474, 17, 24, 0, 3, 16),
    BitmapGlyph::new(10525, 12, 20, 0, 8, 10),
    BitmapGlyph::new(10555, 17, 18, 0, 9, 16),
    BitmapGlyph::new(10594, 10, 18, 0, 10, 10),
    BitmapGlyph::new(10617, 19, 25, 0, 3, 19),
    BitmapGlyph::new(10677, 17, 21, 0, 7, 17),
    BitmapGlyph::new(10722, 19, 23, 0, 5, 19),
    BitmapGlyph::new(10777, 17, 19, 0, 9, 17),
    BitmapGlyph::new(10818, 19, 25, 0, 3, 19),
    BitmapGlyph::new(10878, 17, 21, 0, 7, 17),
    BitmapGlyph::new(10923, 19, 26, 0, 2, 19),
    BitmapGlyph::new(10985, 17, 22, 0, 6, 17),
    BitmapGlyph::new(11032, 19, 25, 0, 3, 19),
    BitmapGlyph::new(11092, 17, 21, 0, 7, 17),
    BitmapGlyph::new(11137, 19, 24, 0, 9, 19),
    BitmapGlyph::new(11194, 17, 20, 0, 13, 17),
    BitmapGlyph::new(11237, 27, 24, 0, 3, 27),
    BitmapGlyph::new(11318, 23, 20, -1, 7, 21),
    BitmapGlyph::new(11376, 18, 24, 0, 3, 17),
    BitmapGlyph::new(11430, 15, 26, 0, 7, 14),
    BitmapGlyph::new(11479, 18, 23, 0, 4, 17),
    BitmapGlyph::new(11531, 15, 24, 1, 3, 17),
    BitmapGlyph::new(11576, 13, 20, 0, 7, 13),
    BitmapGlyph::new(11609, 15, 24, 1, 3, 17),
    BitmapGlyph::new(11654, 13, 20, 0, 7, 13),
    BitmapGlyph::new(11687, 15, 24, 1, 3, 17),
    BitmapGlyph::new(11732, 13, 20, 0, 7, 13),
    BitmapGlyph::new(11765, 12, 20, 0, 7, 10),
    BitmapGlyph::new(11795, 8, 4, 0, 18, 8),
    BitmapGlyph::new(11799, 8, 4, 0, 18, 8),
    BitmapGlyph::new(11803, 12, 2, 1, 17, 14),
    BitmapGlyph::new(11806, 14, 3, -1, 19, 13),
    BitmapGlyph::new(11812, 27, 3, -1, 19, 25),
    BitmapGlyph::new(11823, 27, 3, -1, 19, 25),
    BitmapGlyph::new(11834, 8, 25, 3, 8, 14),
    BitmapGlyph::new(11859, 12, 6, -1, 27, 10),
    BitmapGlyph::new(11868, 5, 8, 1, 9, 7),
    BitmapGlyph::new(11873, 5, 8, 1, 9, 7),
    BitmapGlyph::new(11878, 5, 8, 1, 23, 7),
    BitmapGlyph::new(11883, 5, 8, 1, 9, 7),
    BitmapGlyph::new(11888, 11, 8, 1, 9, 12),
    BitmapGlyph::new(11899, 10, 8, 1, 9, 12),
    BitmapGlyph::new(11909, 10, 8, 1, 23, 12),
    BitmapGlyph::new(11919, 11, 8, 1, 9, 12),
    BitmapGlyph::new(11930, 12, 22, 0, 8, 12),
    BitmapGlyph::new(11963, 12, 22, 0, 8, 12),
    BitmapGlyph::new(11996, 8, 9, 1, 14, 10),
    BitmapGlyph::new(12005, 9, 9, 2, 14, 13),
    BitmapGlyph::new(12016, 5, 5, 1, 16, 7),
    BitmapGlyph::new(12020, 12, 5, 1, 16, 14),
    BitmapGlyph::new(12028, 21, 5, 1, 23, 23),
    BitmapGlyph::new(12042, 5, 5, 1, 17, 7),
    BitmapGlyph::new(12046, 0, 0, 0, 27, 15),
    BitmapGlyph::new(12046, 0, 0, 0, 27, 15),
    BitmapGlyph::new(12046, 7, 20, -1, 11, 1),
    BitmapGlyph::new(12064, 7, 20, -6, 11, 1),
    BitmapGlyph::new(12082, 6, 22, -3, 9, 1),
    BitmapGlyph::new(12099, 6, 22, -3, 9, 1),
    BitmapGlyph::new(12116, 6, 22, -3, 9, 1),
    BitmapGlyph::new(12133, 0, 0, 0, 27, 4),
    BitmapGlyph::new(12133, 32, 20, 0, 8, 33),
    BitmapGlyph::new(12213, 43, 20, 0, 8, 43),
    BitmapGlyph::new(12321, 6, 7, 0, 9, 6),
    BitmapGlyph::new(12327, 12, 7, 0, 9, 12),
    BitmapGlyph::new(12338, 18, 7, 0, 9, 18),
    BitmapGlyph::new(12354, 6, 7, 0, 9, 6),
    BitmapGlyph::new(12360, 12, 7, 0, 9, 12),
    BitmapGlyph::new(12371, 18, 7, 0, 9, 18),
    BitmapGlyph::new(12387, 11, 8, 0, 25, 11),
    BitmapGlyph::new(12398, 7, 11, 1, 15, 9),
    BitmapGlyph::new(12408, 7, 11, 1, 15, 9),
    BitmapGlyph::new(12418, 19, 19, 0, 8, 19),
    BitmapGlyph::new(12464, 15, 21, 1, 8, 17),
    BitmapGlyph::new(12504, 15, 20, 1, 8, 17),
    BitmapGlyph::new(12542, 14, 18, 0, 9, 14),
    BitmapGlyph::new(12574, 14, 20, 0, 8, 14),
    BitmapGlyph::new(12609, 25, 21, 0, 10, 25),
    BitmapGlyph::new(12675, 20, 18, 0, 9, 20),
    BitmapGlyph::new(12720, 22, 19, 0, 9, 23),
    BitmapGlyph::new(12773, 28, 19, 0, 9, 29),
    BitmapGlyph::new(12840, 28, 18, -1, 9, 27),
    BitmapGlyph::new(12903, 20, 15, 1, 12, 22),
    BitmapGlyph::new(12941, 15, 23, 1, 8, 16),
    BitmapGlyph::new(12985, 14, 20, 0, 8, 14),
    BitmapGlyph::new(13020, 19, 18, 0, 9, 18),
    BitmapGlyph::new(13063, 17, 18, 0, 9, 16),
    BitmapGlyph::new(13102, 28, 26, 0, 6, 28),
    BitmapGlyph::new(13193, 15, 25, 0, 8, 16),
    BitmapGlyph::new(13240, 16, 18, 0, 9, 16),
    BitmapGlyph::new(13276, 18, 22, 1, 7, 19),
    BitmapGlyph::new(13326, 19, 18, 0, 9, 19),
    BitmapGlyph::new(13369, 16, 20, -1, 8, 14),
    BitmapGlyph::new(13409, 15, 22, 1, 7, 17),
    BitmapGlyph::new(13451, 15, 19, 0, 9, 15),
    BitmapGlyph::new(13487, 14, 22, 0, 8, 14),
    BitmapGlyph::new(13526, 14, 18, 0, 9, 14),
    BitmapGlyph::new(13558, 12, 18, 1, 9, 14),
    BitmapGlyph::new(13585, 14, 18, 0, 9, 14),
    BitmapGlyph::new(13617, 16, 20, 0, 8, 16),
    BitmapGlyph::new(13657, 17, 17, 1, 10, 20),
    BitmapGlyph::new(13694, 15, 18, 0, 9, 15),
    BitmapGlyph::new(13728, 16, 19, 1, 8, 18),
    BitmapGlyph::new(13766, 14, 22, 0, 7, 14),
    BitmapGlyph::new(13805, 13, 19, 0, 13, 13),
    BitmapGlyph::new(13836, 11, 18, 2, 9, 15),
    BitmapGlyph::new(13861, 11, 18, 2, 9, 15),
    BitmapGlyph::new(13886, 11, 18, 2, 9, 15),
    BitmapGlyph::new(13911, 11, 18, 2, 9, 15),
    BitmapGlyph::new(13936, 11, 18, 2, 9, 15),
    BitmapGlyph::new(13961, 11, 18, 2, 9, 15),
    BitmapGlyph::new(13986, 11, 18, 2, 9, 15),
    BitmapGlyph::new(14011, 11, 18, 2, 9, 15),
    BitmapGlyph::new(14036, 11, 18, 2, 9, 15),
    BitmapGlyph::new(14061, 11, 18, 2, 9, 15),
    BitmapGlyph::new(14086, 11, 18, 2, 9, 15),
    BitmapGlyph::new(14111, 11, 18, 2, 9, 15),
    BitmapGlyph::new(14136, 11, 18, 2, 9, 15),
    BitmapGlyph::new(14161, 11, 18, 2, 9, 15),
    BitmapGlyph::new(14186, 11, 18, 2, 9, 15),
];

static NOTO_SERIF_12_BOLD_BITMAP: [u8; 14211] = [
    0x7B, 0xDE, 0xF7, 0xBD, 0xCE, 0x73, 0x8C, 0x60, 0x01, 0xCF, 0x7B, 0xC0, 0x7B, 0xCE, 0x79, 0xCF,
    0x38, 0xE7, 0x18, 0xE3, 0x0C, 0x60, 0x00, 0x06, 0x30, 0x18, 0xC0, 0x63, 0x01, 0x98, 0x06, 0x61,
    0xFF, 0xE3, 0xFF, 0x83, 0x18, 0x0C, 0xC0, 0x33, 0x01, 0xCC, 0x1F, 0xFE, 0x7F, 0xF8, 0x66, 0x01,
    0x98, 0x06, 0x60, 0x31, 0x80, 0xC6, 0x00, 0x06, 0x00, 0x60, 0x1F, 0xC3, 0xFE, 0x76, 0xE7, 0x6E,
    0x76, 0x07, 0xE0, 0x7F, 0x03, 0xFC, 0x0F, 0xE0, 0x7F, 0x26, 0xFE, 0x67, 0xE6, 0x7F, 0x6E, 0x7F,
    0xE3, 0xF8, 0x06, 0x00, 0x60, 0x06, 0x00, 0x00, 0x00, 0x00, 0x7C, 0x0C, 0x03, 0xB8, 0x30, 0x1C,
    0x61, 0xC0, 0x71, 0xC6, 0x01, 0xC7, 0x38, 0x07, 0x1C, 0xC0, 0x1C, 0x77, 0x00, 0x71, 0xD9, 0xE1,
    0xC6, 0xEF, 0xE3, 0xBB, 0x73, 0x87, 0xDD, 0xC7, 0x00, 0x67, 0x1C, 0x01, 0x9C, 0x70, 0x0C, 0x71,
    0xC0, 0x31, 0xC7, 0x01, 0x87, 0x18, 0x06, 0x0E, 0xE0, 0x30, 0x3F, 0x00, 0x00, 0x00, 0x00, 0x00,
    0x01, 0xFC, 0x00, 0x7F, 0xC0, 0x0E, 0x38, 0x03, 0xC7, 0x00, 0x78, 0xE0, 0x07, 0x9C, 0x00, 0xFF,
    0x00, 0x0F, 0x87, 0xC3, 0xF0, 0xF8, 0xFF, 0x18, 0x3C, 0xF7, 0x0F, 0x0F, 0xE1, 0xE1, 0xF8, 0x3C,
    0x1F, 0x07, 0x81, 0xF0, 0xF8, 0x3F, 0x0F, 0xFF, 0xF8, 0xFF, 0x1F, 0x80, 0x00, 0x00, 0x7B, 0x9C,
    0xE7, 0x38, 0xC0, 0x00, 0x01, 0x81, 0xC1, 0xC1, 0xC1, 0xE1, 0xE0, 0xF0, 0x78, 0x3C, 0x3E, 0x1F,
    0x0F, 0x87, 0xC3, 0xE0, 0xF0, 0x78, 0x3C, 0x0F, 0x03, 0x81, 0xE0, 0x78, 0x0C, 0x00, 0x00, 0x30,
    0x1C, 0x07, 0x81, 0xC0, 0xF0, 0x3C, 0x1E, 0x0F, 0x07, 0xC3, 0xE1, 0xF0, 0xF8, 0x7C, 0x3E, 0x1E,
    0x0F, 0x07, 0x87, 0x83, 0xC3, 0xC3, 0xC1, 0x80, 0x00, 0x00, 0x00, 0x70, 0x06, 0x07, 0x66, 0x7F,
    0xF1, 0xFC, 0x3F, 0xC7, 0xFF, 0x76, 0x60, 0x60, 0x07, 0x00, 0x02, 0x00, 0x60, 0x06, 0x00, 0x60,
    0x06, 0x0F, 0xFF, 0xFF, 0xF0, 0x60, 0x06, 0x00, 0x60, 0x06, 0x00, 0x60, 0x77, 0xBE, 0xF3, 0x1B,
    0x98, 0x00, 0xFE, 0xFE, 0x7E, 0x73, 0xDE, 0xE0, 0x00, 0x06, 0x06, 0x06, 0x0C, 0x0C, 0x0C, 0x0C,
    0x18, 0x18, 0x18, 0x18, 0x38, 0x30, 0x30, 0x30, 0x70, 0x60, 0x60, 0x60, 0xE0, 0xC0, 0xC0, 0x00,
    0x00, 0x00, 0x3F, 0x01, 0xFE, 0x0F, 0x3C, 0x38, 0x71, 0xE1, 0xE7, 0x87, 0x9E, 0x1E, 0x78, 0x79,
    0xE1, 0xE7, 0x87, 0x9E, 0x1E, 0x78, 0x79, 0xE1, 0xE7, 0x87, 0x8E, 0x1C, 0x3C, 0xF0, 0x7F, 0x80,
    0xFC, 0x00, 0x00, 0x07, 0x80, 0xF8, 0x3F, 0x8F, 0x78, 0xE7, 0x80, 0x78, 0x07, 0x80, 0x78, 0x07,
    0x80, 0x78, 0x07, 0x80, 0x78, 0x07, 0x80, 0x78, 0x07, 0x80, 0x78, 0x0F, 0xC7, 0xFF, 0x00, 0x03,
    0xF8, 0x7F, 0xCF, 0x1E, 0xF1, 0xEE, 0x1E, 0x21, 0xE0, 0x1E, 0x01, 0xC0, 0x3C, 0x07, 0x80, 0x70,
    0x0E, 0x01, 0xC0, 0x38, 0x37, 0x03, 0xFF, 0xFF, 0xFF, 0xFF, 0xF0, 0x00, 0x00, 0x7F, 0x03, 0xFF,
    0x1E, 0x3C, 0x78, 0xF8, 0xC3, 0xE0, 0x0F, 0x00, 0x3C, 0x01, 0xE0, 0x3F, 0x00, 0xFE, 0x00, 0x3C,
    0x00, 0x78, 0x01, 0xE2, 0x07, 0x98, 0x1E, 0x70, 0xF9, 0xFF, 0xC3, 0xFC, 0x00, 0x00, 0x01, 0xE0,
    0x07, 0x80, 0x3E, 0x01, 0xF8, 0x07, 0xE0, 0x37, 0x80, 0xDE, 0x06, 0x78, 0x31, 0xE0, 0xC7, 0x86,
    0x1E, 0x38, 0x78, 0xFF, 0xFC, 0x07, 0x80, 0x1E, 0x00, 0x78, 0x03, 0xF0, 0x3F, 0xE0, 0x7F, 0xE7,
    0xFE, 0x7F, 0xE6, 0x06, 0x60, 0x66, 0x00, 0x60, 0x07, 0xF0, 0x7F, 0xC0, 0x1E, 0x01, 0xF0, 0x0F,
    0x00, 0xF4, 0x0F, 0xC1, 0xFE, 0x1E, 0xFF, 0xC7, 0xF8, 0x00, 0x00, 0x00, 0x00, 0x7E, 0x07, 0xF8,
    0x71, 0xE7, 0x87, 0x38, 0x21, 0xC0, 0x1E, 0x00, 0xF7, 0xC7, 0xFF, 0x3C, 0x3D, 0xE1, 0xEF, 0x0F,
    0x78, 0x79, 0xC3, 0xCE, 0x1E, 0x78, 0xF1, 0xFF, 0x07, 0xF0, 0x00, 0x00, 0xFF, 0xFF, 0xFF, 0xFF,
    0xFC, 0x0E, 0xC0, 0xE0, 0x0E, 0x01, 0xC0, 0x1C, 0x03, 0x80, 0x38, 0x07, 0x80, 0x70, 0x07, 0x00,
    0xE0, 0x0E, 0x01, 0xE0, 0x1C, 0x03, 0xC0, 0x00, 0x00, 0x3F, 0x03, 0xFF, 0x0E, 0x1C, 0x78, 0x79,
    0xE1, 0xE7, 0x87, 0x8F, 0x1C, 0x3F, 0xE0, 0x3F, 0x01, 0xFE, 0x0E, 0x7C, 0x78, 0x79, 0xC1, 0xE7,
    0x03, 0x9C, 0x0E, 0x78, 0x78, 0xF3, 0xC1, 0xFE, 0x00, 0x00, 0x00, 0x00, 0x7E, 0x0F, 0xF8, 0x71,
    0xE7, 0x87, 0x3C, 0x3D, 0xE1, 0xEF, 0x0F, 0x78, 0x7B, 0xC3, 0xCF, 0xFE, 0x3E, 0xF0, 0x07, 0x80,
    0x3C, 0x01, 0xC4, 0x1E, 0x30, 0xE1, 0xDE, 0x07, 0xE0, 0x00, 0x00, 0x33, 0xDE, 0xF0, 0x00, 0x00,
    0x00, 0x1C, 0xF7, 0xBC, 0x00, 0x33, 0xDE, 0xF0, 0x00, 0x00, 0x00, 0x1C, 0xF7, 0xBC, 0xE6, 0xE6,
    0x00, 0x00, 0x00, 0x03, 0x00, 0xF0, 0x3C, 0x0F, 0x03, 0xC0, 0x78, 0x07, 0x00, 0x3C, 0x00, 0xF0,
    0x03, 0xC0, 0x0E, 0x00, 0x70, 0x00, 0x7F, 0xEF, 0xFF, 0x7F, 0xE0, 0x00, 0x00, 0x00, 0x00, 0xFF,
    0xF7, 0xFE, 0x00, 0x0E, 0x00, 0x70, 0x03, 0xC0, 0x0F, 0x00, 0x3C, 0x00, 0xE0, 0x0F, 0x03, 0xC0,
    0xF0, 0x3C, 0x07, 0x80, 0xE0, 0x00, 0x00, 0x00, 0x01, 0xFE, 0x1F, 0xF8, 0xF1, 0xE7, 0x8F, 0x08,
    0x78, 0x03, 0xC0, 0x1E, 0x01, 0xE0, 0x1E, 0x01, 0xE0, 0x0C, 0x00, 0x60, 0x00, 0x00, 0x00, 0x00,
    0xC0, 0x0F, 0x00, 0x78, 0x03, 0xC0, 0x00, 0x00, 0x00, 0x7F, 0x00, 0x1F, 0xFE, 0x01, 0xC0, 0x38,
    0x1C, 0x00, 0xE1, 0xC0, 0x03, 0x1C, 0x3F, 0x9C, 0xC7, 0x9C, 0x6E, 0x38, 0xE3, 0x63, 0x87, 0x1B,
    0x1C, 0x38, 0xF9, 0xE3, 0x87, 0xCF, 0x1C, 0x3E, 0x78, 0xE3, 0x73, 0xC7, 0x19, 0x8F, 0xDF, 0x8C,
    0x3C, 0x78, 0x70, 0x00, 0x01, 0x80, 0x00, 0x0F, 0x00, 0x10, 0x1E, 0x07, 0x80, 0x7F, 0xF0, 0x00,
    0x7C, 0x00, 0x00, 0xE0, 0x00, 0x3E, 0x00, 0x07, 0xC0, 0x01, 0xFC, 0x00, 0x37, 0x80, 0x06, 0xF0,
    0x01, 0xCF, 0x00, 0x31, 0xE0, 0x06, 0x3C, 0x01, 0x83, 0xC0, 0x3F, 0xF8, 0x07, 0xFF, 0x01, 0xC1,
    0xF0, 0x30, 0x1E, 0x0E, 0x03, 0xC1, 0xC0, 0x7C, 0x78, 0x0F, 0xDF, 0xC7, 0xFC, 0x7F, 0xF0, 0x7F,
    0xFC, 0x1E, 0x3E, 0x1E, 0x1E, 0x1E, 0x1E, 0x1E, 0x1E, 0x1E, 0x1E, 0x1E, 0x3C, 0x1F, 0xF8, 0x1F,
    0xFC, 0x1E, 0x1E, 0x1E, 0x1F, 0x1E, 0x0F, 0x1E, 0x0F, 0x1E, 0x1F, 0x1E, 0x1E, 0x3F, 0xFE, 0x7F,
    0xF8, 0x00, 0x00, 0x0F, 0xF0, 0x7F, 0xF1, 0xE0, 0xF3, 0xC1, 0xEF, 0x03, 0x9E, 0x00, 0x3C, 0x00,
    0xF8, 0x01, 0xF0, 0x03, 0xE0, 0x07, 0xC0, 0x0F, 0x80, 0x0F, 0x00, 0x1E, 0x00, 0x1E, 0x01, 0x3E,
    0x0E, 0x3F, 0xF8, 0x1F, 0xE0, 0x00, 0x00, 0x7F, 0xF0, 0x1F, 0xFF, 0x81, 0xE1, 0xF0, 0x78, 0x3E,
    0x1E, 0x07, 0x87, 0x81, 0xE1, 0xE0, 0x7C, 0x78, 0x1F, 0x1E, 0x07, 0xC7, 0x81, 0xF1, 0xE0, 0x7C,
    0x78, 0x1F, 0x1E, 0x07, 0x87, 0x81, 0xE1, 0xE0, 0xF0, 0x78, 0x7C, 0x3F, 0xFC, 0x1F, 0xFE, 0x00,
    0x7F, 0xFE, 0x7F, 0xFE, 0x1E, 0x0E, 0x1E, 0x06, 0x1E, 0x06, 0x1E, 0x00, 0x1E, 0x00, 0x1E, 0x00,
    0x1F, 0xF8, 0x1F, 0xF8, 0x1E, 0x00, 0x1E, 0x00, 0x1E, 0x00, 0x1E, 0x02, 0x1E, 0x03, 0x1E, 0x07,
    0x3F, 0xFF, 0x7F, 0xFF, 0x7F, 0xFE, 0xFF, 0xFC, 0x78, 0x38, 0xF0, 0x31, 0xE0, 0x63, 0xC0, 0x07,
    0x80, 0x0F, 0x00, 0x1F, 0xF8, 0x3F, 0xF0, 0x78, 0x00, 0xF0, 0x01, 0xE0, 0x03, 0xC0, 0x07, 0x80,
    0x0F, 0x00, 0x3F, 0x00, 0xFF, 0x80, 0x00, 0x00, 0x00, 0xFF, 0x00, 0xFF, 0xF0, 0x78, 0x3C, 0x3C,
    0x0F, 0x1E, 0x01, 0x87, 0x80, 0x01, 0xE0, 0x00, 0xF8, 0x00, 0x3E, 0x00, 0x0F, 0x83, 0xFB, 0xE0,
    0xFF, 0xF8, 0x1F, 0x1E, 0x03, 0xC7, 0x80, 0xF0, 0xF0, 0x3C, 0x3E, 0x0F, 0x07, 0xFF, 0xC0, 0x7F,
    0xE0, 0x00, 0x00, 0x7F, 0x9F, 0xF7, 0xF8, 0xFF, 0x1E, 0x07, 0xC1, 0xE0, 0x7C, 0x1E, 0x07, 0xC1,
    0xE0, 0x7C, 0x1E, 0x07, 0xC1, 0xE0, 0x7C, 0x1F, 0xFF, 0xC1, 0xFF, 0xFC, 0x1E, 0x07, 0xC1, 0xE0,
    0x7C, 0x1E, 0x07, 0xC1, 0xE0, 0x7C, 0x1E, 0x07, 0xC1, 0xE0, 0x7C, 0x3F, 0x0F, 0xE7, 0xF9, 0xFF,
    0x7F, 0x9F, 0xE1, 0xE0, 0x78, 0x1E, 0x07, 0x81, 0xE0, 0x78, 0x1E, 0x07, 0x81, 0xE0, 0x78, 0x1E,
    0x07, 0x81, 0xE0, 0x78, 0x3F, 0x1F, 0xE0, 0x3F, 0xC7, 0xF8, 0x3C, 0x07, 0x80, 0xF0, 0x1E, 0x03,
    0xC0, 0x78, 0x0F, 0x01, 0xE0, 0x3C, 0x07, 0x80, 0xF0, 0x1E, 0x03, 0xC0, 0x78, 0x0F, 0x01, 0xE0,
    0x3C, 0x07, 0x80, 0xF0, 0x3C, 0x1F, 0x07, 0xC0, 0x7F, 0x9F, 0xCF, 0xF3, 0xF0, 0x78, 0x38, 0x0F,
    0x06, 0x01, 0xE1, 0x80, 0x3C, 0x70, 0x07, 0x9C, 0x00, 0xF7, 0x00, 0x1F, 0xF0, 0x03, 0xFE, 0x00,
    0x7F, 0xE0, 0x0F, 0x3E, 0x01, 0xE7, 0xC0, 0x3C, 0x7C, 0x07, 0x87, 0x80, 0xF0, 0xF8, 0x3F, 0x0F,
    0xCF, 0xF0, 0xF8, 0x7F, 0x80, 0x7F, 0x80, 0x1E, 0x00, 0x1E, 0x00, 0x1E, 0x00, 0x1E, 0x00, 0x1E,
    0x00, 0x1E, 0x00, 0x1E, 0x00, 0x1E, 0x00, 0x1E, 0x00, 0x1E, 0x00, 0x1E, 0x02, 0x1E, 0x03, 0x1E,
    0x03, 0x1E, 0x07, 0x3F, 0xFF, 0x7F, 0xFF, 0x7F, 0x00, 0xFE, 0x7F, 0x01, 0xFE, 0x1F, 0x81, 0xF8,
    0x1F, 0x81, 0xF8, 0x1F, 0xC3, 0xF8, 0x1B, 0xC3, 0x78, 0x1B, 0xC3, 0x78, 0x1B, 0xE6, 0x78, 0x19,
    0xE6, 0x78, 0x19, 0xE6, 0x78, 0x19, 0xFC, 0x78, 0x18, 0xFC, 0x78, 0x18, 0xFC, 0x78, 0x18, 0x78,
    0x78, 0x18, 0x78, 0x78, 0x18, 0x78, 0x78, 0x3C, 0x30, 0xFC, 0x7E, 0x31, 0xFE, 0x7E, 0x07, 0xE7,
    0xE0, 0x7E, 0x1F, 0x01, 0x81, 0xF8, 0x18, 0x1F, 0x81, 0x81, 0xBC, 0x18, 0x1B, 0xE1, 0x81, 0x9F,
    0x18, 0x18, 0xF1, 0x81, 0x87, 0x98, 0x18, 0x7D, 0x81, 0x83, 0xD8, 0x18, 0x1F, 0x81, 0x81, 0xF8,
    0x18, 0x0F, 0x81, 0x80, 0x78, 0x3C, 0x07, 0x87, 0xE0, 0x38, 0x00, 0x00, 0x01, 0xFE, 0x01, 0xFF,
    0xC0, 0xF0, 0x78, 0x3C, 0x0F, 0x1E, 0x03, 0xE7, 0x80, 0x7B, 0xE0, 0x1E, 0xF8, 0x07, 0xBE, 0x01,
    0xEF, 0x80, 0x7B, 0xE0, 0x1E, 0xF8, 0x07, 0x9E, 0x01, 0xE7, 0x80, 0xF8, 0xF0, 0x3C, 0x3C, 0x1E,
    0x07, 0xFF, 0x00, 0x7F, 0x80, 0x00, 0x00, 0x7F, 0xF0, 0x7F, 0xFC, 0x1E, 0x3E, 0x1E, 0x1E, 0x1E,
    0x1F, 0x1E, 0x1F, 0x1E, 0x1F, 0x1E, 0x1E, 0x1E, 0x1E, 0x1E, 0x7C, 0x1F, 0xF0, 0x1E, 0x00, 0x1E,
    0x00, 0x1E, 0x00, 0x1E, 0x00, 0x1E, 0x00, 0x3F, 0x00, 0x7F, 0xC0, 0x00, 0x00, 0x01, 0xFE, 0x01,
    0xFF, 0xC0, 0xF0, 0x78, 0x3C, 0x0F, 0x1E, 0x03, 0xE7, 0x80, 0x7B, 0xE0, 0x1E, 0xF8, 0x07, 0xBE,
    0x01, 0xEF, 0x80, 0x7B, 0xE0, 0x1E, 0xF8, 0x07, 0x9E, 0x01, 0xE7, 0x80, 0xF8, 0xF0, 0x3C, 0x3C,
    0x1E, 0x07, 0xFF, 0x00, 0x7F, 0x80, 0x07, 0x80, 0x01, 0xF0, 0x00, 0x7C, 0x00, 0x0F, 0x80, 0x01,
    0xF8, 0x00, 0x1E, 0x00, 0x7F, 0xF8, 0x1F, 0xFF, 0x01, 0xE1, 0xE0, 0x78, 0x7C, 0x1E, 0x1F, 0x07,
    0x87, 0xC1, 0xE1, 0xF0, 0x78, 0x78, 0x1E, 0x3C, 0x07, 0xFE, 0x01, 0xEF, 0x80, 0x79, 0xF0, 0x1E,
    0x3C, 0x07, 0x8F, 0x81, 0xE1, 0xE0, 0x78, 0x7C, 0x3F, 0x0F, 0x9F, 0xE1, 0xF0, 0x00, 0x00, 0x3F,
    0x81, 0xFF, 0x0E, 0x1E, 0x78, 0x39, 0xE0, 0xC7, 0x80, 0x1F, 0x80, 0x3F, 0x80, 0x7F, 0x80, 0xFF,
    0x00, 0xFE, 0x00, 0xF8, 0x81, 0xF7, 0x03, 0xDC, 0x0E, 0x78, 0x39, 0xF3, 0xC1, 0xFE, 0x00, 0x00,
    0xFF, 0xFF, 0x7F, 0xFF, 0xB8, 0xF0, 0xD8, 0x78, 0x6C, 0x3C, 0x30, 0x1E, 0x00, 0x0F, 0x00, 0x07,
    0x80, 0x03, 0xC0, 0x01, 0xE0, 0x00, 0xF0, 0x00, 0x78, 0x00, 0x3C, 0x00, 0x1E, 0x00, 0x0F, 0x00,
    0x07, 0x80, 0x07, 0xE0, 0x07, 0xFC, 0x00, 0xFF, 0x8F, 0xCF, 0xF1, 0xF8, 0x78, 0x0C, 0x0F, 0x01,
    0x81, 0xE0, 0x30, 0x3C, 0x06, 0x07, 0x80, 0xC0, 0xF0, 0x18, 0x1E, 0x03, 0x03, 0xC0, 0x60, 0x78,
    0x0C, 0x0F, 0x01, 0x81, 0xE0, 0x30, 0x3C, 0x06, 0x07, 0x80, 0xC0, 0xF8, 0x30, 0x0F, 0xFE, 0x00,
    0xFF, 0x00, 0x00, 0x00, 0x00, 0xFF, 0x1F, 0xFF, 0xC7, 0xE3, 0xC0, 0x60, 0xF8, 0x18, 0x1E, 0x06,
    0x07, 0x83, 0x01, 0xF0, 0xC0, 0x3C, 0x30, 0x0F, 0x18, 0x03, 0xE6, 0x00, 0x79, 0x80, 0x1E, 0xC0,
    0x07, 0xB0, 0x00, 0xFC, 0x00, 0x3E, 0x00, 0x0F, 0x80, 0x01, 0xE0, 0x00, 0x70, 0x00, 0xFF, 0x06,
    0x0F, 0xFF, 0xE0, 0xE1, 0xF8, 0xF0, 0x3C, 0x0E, 0x1F, 0x07, 0x81, 0x83, 0xE0, 0xF8, 0x30, 0x3C,
    0x1F, 0x06, 0x07, 0x87, 0xE1, 0xC0, 0xF8, 0xDE, 0x30, 0x0F, 0x1B, 0xC6, 0x01, 0xE7, 0x7C, 0xC0,
    0x3E, 0xC7, 0xB8, 0x03, 0xD8, 0xF6, 0x00, 0x7F, 0x1F, 0xC0, 0x0F, 0xC1, 0xF8, 0x01, 0xF8, 0x3E,
    0x00, 0x1F, 0x03, 0xC0, 0x03, 0xC0, 0x78, 0x00, 0x78, 0x0F, 0x00, 0x7F, 0x8F, 0xCF, 0xF1, 0xF0,
    0x7C, 0x1C, 0x07, 0x87, 0x00, 0xF8, 0xC0, 0x0F, 0xB0, 0x00, 0xFE, 0x00, 0x1F, 0x80, 0x01, 0xE0,
    0x00, 0x3E, 0x00, 0x0F, 0xE0, 0x03, 0xBC, 0x00, 0x67, 0xC0, 0x18, 0x7C, 0x07, 0x07, 0x81, 0xC0,
    0xF8, 0x7C, 0x3F, 0xDF, 0xC7, 0xF8, 0xFF, 0x1F, 0xBF, 0xC7, 0xE3, 0xE0, 0x70, 0xF8, 0x18, 0x1E,
    0x0E, 0x07, 0xC3, 0x00, 0xF1, 0xC0, 0x3E, 0x60, 0x07, 0xB0, 0x00, 0xFC, 0x00, 0x3E, 0x00, 0x07,
    0x80, 0x01, 0xE0, 0x00, 0x78, 0x00, 0x1E, 0x00, 0x07, 0x80, 0x07, 0xF0, 0x03, 0xFE, 0x00, 0x7F,
    0xFD, 0xFF, 0xFB, 0x81, 0xE7, 0x07, 0xCE, 0x0F, 0x00, 0x3E, 0x00, 0xF8, 0x01, 0xE0, 0x07, 0xC0,
    0x1F, 0x00, 0x3C, 0x00, 0xF8, 0x01, 0xE0, 0x07, 0xC0, 0xDF, 0x03, 0xBC, 0x07, 0xFF, 0xFF, 0xFF,
    0xFC, 0xFF, 0xFC, 0xF8, 0xF0, 0xF0, 0xF0, 0xF0, 0xF0, 0xF0, 0xF0, 0xF0, 0xF0, 0xF0, 0xF0, 0xF0,
    0xF0, 0xF0, 0xF0, 0xF0, 0xF0, 0xF8, 0xFF, 0x00, 0xC0, 0xC0, 0xE0, 0x60, 0x60, 0x60, 0x70, 0x30,
    0x30, 0x30, 0x30, 0x18, 0x18, 0x18, 0x18, 0x0C, 0x0C, 0x0C, 0x0C, 0x06, 0x06, 0x06, 0x00, 0x7F,
    0x1F, 0x0F, 0x0F, 0x0F, 0x0F, 0x0F, 0x0F, 0x0F, 0x0F, 0x0F, 0x0F, 0x0F, 0x0F, 0x0F, 0x0F, 0x0F,
    0x0F, 0x0F, 0x0F, 0x1F, 0x7F, 0x00, 0x06, 0x00, 0x60, 0x0F, 0x00, 0xF0, 0x19, 0x81, 0x98, 0x31,
    0xC3, 0x0C, 0x70, 0xE6, 0x06, 0xE0, 0x64, 0x02, 0x7F, 0xFB, 0xFF, 0x80, 0x01, 0xE1, 0xE1, 0xE0,
    0xC0, 0x1F, 0x80, 0xFF, 0x87, 0x9E, 0x1E, 0x3C, 0x10, 0xF0, 0x03, 0xC1, 0xFF, 0x1F, 0xFC, 0xF8,
    0xF3, 0xC3, 0xCF, 0x1F, 0x3C, 0x7C, 0x7F, 0xF9, 0xFB, 0xE0, 0x00, 0x00, 0xFC, 0x00, 0x7C, 0x00,
    0x3C, 0x00, 0x3C, 0x00, 0x3C, 0x00, 0x3C, 0xF0, 0x3F, 0xF8, 0x3F, 0x3C, 0x3E, 0x1E, 0x3E, 0x1E,
    0x3E, 0x1E, 0x3C, 0x1E, 0x3C, 0x1E, 0x3C, 0x1E, 0x3E, 0x1E, 0x3E, 0x1E, 0x3E, 0x3C, 0x7F, 0xFC,
    0xF9, 0xF8, 0x00, 0x00, 0x0F, 0x83, 0xFE, 0x79, 0xE7, 0x8E, 0xF0, 0xEF, 0x00, 0xF0, 0x0F, 0x00,
    0xF0, 0x0F, 0x00, 0xF8, 0x07, 0x86, 0x3F, 0xE1, 0xFC, 0x00, 0x00, 0x01, 0xF8, 0x03, 0xF0, 0x01,
    0xE0, 0x03, 0xC0, 0x07, 0x83, 0xCF, 0x0F, 0xDE, 0x3E, 0xFC, 0x78, 0xF9, 0xE0, 0xF3, 0xC1, 0xE7,
    0x83, 0xCF, 0x07, 0x9E, 0x0F, 0x3C, 0x1E, 0x78, 0x7C, 0x78, 0xF8, 0xFF, 0xF8, 0xFC, 0xF8, 0x00,
    0x00, 0x0F, 0x81, 0xFE, 0x1E, 0x78, 0xF1, 0xEF, 0x0F, 0x78, 0x7B, 0xFF, 0xDF, 0xFE, 0xF0, 0x07,
    0x80, 0x1E, 0x00, 0xF0, 0x63, 0xFE, 0x0F, 0xE0, 0x00, 0x00, 0x00, 0x00, 0x7E, 0x0F, 0xF1, 0xE7,
    0x1E, 0x01, 0xE0, 0x7F, 0xCF, 0xFC, 0x3E, 0x01, 0xE0, 0x1E, 0x01, 0xE0, 0x1E, 0x01, 0xE0, 0x1E,
    0x01, 0xE0, 0x1E, 0x01, 0xE0, 0x7F, 0x0F, 0xFC, 0x00, 0x08, 0x3E, 0xF3, 0xFF, 0xCE, 0x3A, 0x78,
    0xF1, 0xE3, 0xC7, 0x8F, 0x1E, 0x3C, 0x3D, 0xE0, 0x7F, 0x01, 0x80, 0x0C, 0x00, 0x7F, 0xE0, 0xFF,
    0xC3, 0xFF, 0x9F, 0xFE, 0xE0, 0x3B, 0x80, 0xEF, 0x07, 0x9F, 0xFC, 0x3F, 0xC0, 0xFC, 0x00, 0x3E,
    0x00, 0x0F, 0x00, 0x07, 0x80, 0x03, 0xC0, 0x01, 0xE7, 0x80, 0xFF, 0xE0, 0x7F, 0xF8, 0x3E, 0x3C,
    0x1F, 0x1E, 0x0F, 0x0F, 0x07, 0x87, 0x83, 0xC3, 0xC1, 0xE1, 0xE0, 0xF0, 0xF0, 0x78, 0x78, 0x3C,
    0x3C, 0x3F, 0x9F, 0x3F, 0xCF, 0xC0, 0x00, 0x1E, 0x0F, 0x87, 0x80, 0x00, 0x01, 0xF1, 0xF8, 0x3C,
    0x1E, 0x0F, 0x07, 0x83, 0xC1, 0xE0, 0xF0, 0x78, 0x3C, 0x1F, 0x1F, 0xDF, 0xF0, 0x00, 0x1E, 0x1F,
    0x1E, 0x00, 0x00, 0x3E, 0x7E, 0x1E, 0x1E, 0x1E, 0x1E, 0x1E, 0x1E, 0x1E, 0x1E, 0x1E, 0x1E, 0x1E,
    0x1E, 0x1E, 0x1E, 0x1E, 0x1E, 0x7C, 0xF0, 0xFC, 0x00, 0x7C, 0x00, 0x3C, 0x00, 0x3C, 0x00, 0x3C,
    0x00, 0x3C, 0x7E, 0x3C, 0x7E, 0x3C, 0x38, 0x3C, 0x70, 0x3C, 0x60, 0x3C, 0xC0, 0x3F, 0xE0, 0x3F,
    0xE0, 0x3F, 0xF0, 0x3C, 0xF8, 0x3C, 0x78, 0x3C, 0x3C, 0x7F, 0x3E, 0xFF, 0x9F, 0xFC, 0x3E, 0x0F,
    0x07, 0x83, 0xC1, 0xE0, 0xF0, 0x78, 0x3C, 0x1E, 0x0F, 0x07, 0x83, 0xC1, 0xE0, 0xF0, 0x78, 0x3E,
    0x3F, 0xBF, 0xE0, 0x78, 0xF0, 0xF0, 0x3E, 0xFE, 0xFC, 0x0F, 0xFF, 0xFF, 0x07, 0xC7, 0xC7, 0x83,
    0xE3, 0xE3, 0xC1, 0xE1, 0xE1, 0xE0, 0xF0, 0xF0, 0xF0, 0x78, 0x78, 0x78, 0x3C, 0x3C, 0x3C, 0x1E,
    0x1E, 0x1E, 0x0F, 0x0F, 0x0F, 0x07, 0x87, 0x87, 0x87, 0xF3, 0xE3, 0xE7, 0xF9, 0xF9, 0xF8, 0x7C,
    0xF0, 0x3E, 0xFC, 0x0F, 0xFF, 0x07, 0xC7, 0x83, 0xE3, 0xC1, 0xE1, 0xE0, 0xF0, 0xF0, 0x78, 0x78,
    0x3C, 0x3C, 0x1E, 0x1E, 0x0F, 0x0F, 0x07, 0x87, 0x87, 0xF3, 0xE7, 0xF9, 0xF8, 0x0F, 0x80, 0xFF,
    0x87, 0x8F, 0x1E, 0x1E, 0xF0, 0x7B, 0xC1, 0xEF, 0x07, 0xBC, 0x1E, 0xF0, 0x7B, 0xC1, 0xE7, 0x87,
    0x9E, 0x3C, 0x3D, 0xF0, 0x7F, 0x00, 0x00, 0x00, 0x78, 0xF1, 0xFB, 0xF0, 0xFD, 0xF1, 0xF1, 0xF3,
    0xE1, 0xE7, 0x83, 0xCF, 0x07, 0x9E, 0x0F, 0x3C, 0x1E, 0x78, 0x3C, 0xF8, 0x79, 0xF1, 0xE3, 0xFF,
    0xC7, 0xBF, 0x0F, 0x00, 0x1E, 0x00, 0x3C, 0x00, 0x78, 0x03, 0xFC, 0x07, 0xFC, 0x00, 0x0E, 0x3C,
    0x7E, 0xFD, 0xF7, 0xE3, 0xC7, 0xCF, 0x07, 0x9E, 0x0F, 0x3C, 0x1E, 0x78, 0x3C, 0xF0, 0x79, 0xE0,
    0xF3, 0xC3, 0xE3, 0xC7, 0xC7, 0xFF, 0x87, 0xEF, 0x00, 0x1E, 0x00, 0x3C, 0x00, 0x78, 0x00, 0xF0,
    0x0F, 0xF8, 0x1F, 0xF0, 0x78, 0xF3, 0xEF, 0xCF, 0xFE, 0x7C, 0xF3, 0xE3, 0x1F, 0x00, 0xF0, 0x07,
    0x80, 0x3C, 0x01, 0xE0, 0x0F, 0x00, 0x78, 0x07, 0xF0, 0x7F, 0xC0, 0x0F, 0x83, 0xFC, 0x70, 0xE7,
    0x0E, 0x78, 0x07, 0xE0, 0x3F, 0x81, 0xFC, 0x0F, 0xE2, 0x1E, 0x60, 0xE7, 0x0E, 0x79, 0xC3, 0xF8,
    0x00, 0x00, 0x0C, 0x03, 0x01, 0xC0, 0xFE, 0xFF, 0xCF, 0x83, 0xC0, 0xF0, 0x3C, 0x0F, 0x03, 0xC0,
    0xF0, 0x3C, 0x0F, 0x03, 0xE0, 0x7F, 0x1F, 0xC0, 0x00, 0x7C, 0x7C, 0x3E, 0x3E, 0x0F, 0x0F, 0x07,
    0x87, 0x83, 0xC3, 0xC1, 0xE1, 0xE0, 0xF0, 0xF0, 0x78, 0x78, 0x3C, 0x3C, 0x1E, 0x1E, 0x0F, 0x8F,
    0x03, 0xCF, 0x81, 0xFF, 0xE0, 0x7C, 0xF8, 0x00, 0x00, 0x7E, 0x3E, 0xFF, 0x3E, 0x7C, 0x1C, 0x3C,
    0x18, 0x3C, 0x18, 0x1E, 0x38, 0x1E, 0x30, 0x1F, 0x30, 0x0F, 0x60, 0x0F, 0x60, 0x07, 0xE0, 0x07,
    0xC0, 0x07, 0xC0, 0x03, 0xC0, 0x7F, 0x00, 0x7C, 0xFE, 0x38, 0xFC, 0xF8, 0x70, 0xE0, 0xF0, 0xE1,
    0x81, 0xE3, 0xE3, 0x03, 0xC7, 0xC6, 0x03, 0x8F, 0x8C, 0x07, 0xB7, 0xB0, 0x0F, 0x6F, 0x60, 0x0F,
    0x8F, 0xC0, 0x1F, 0x1F, 0x00, 0x3E, 0x3E, 0x00, 0x78, 0x3C, 0x00, 0x70, 0x70, 0x00, 0x7F, 0x3E,
    0x7F, 0xFE, 0x3E, 0x1C, 0x1F, 0x38, 0x0F, 0x30, 0x07, 0xE0, 0x03, 0xC0, 0x03, 0xE0, 0x07, 0xF0,
    0x0E, 0xF0, 0x0C, 0x78, 0x18, 0x7C, 0x7C, 0x7E, 0xFE, 0xFF, 0xFE, 0x7D, 0xFC, 0xFD, 0xF0, 0xE1,
    0xE1, 0xC3, 0xC3, 0x03, 0xC6, 0x07, 0x8C, 0x0F, 0x30, 0x0F, 0x60, 0x1E, 0x80, 0x1F, 0x00, 0x3E,
    0x00, 0x78, 0x00, 0x70, 0x00, 0xE0, 0x03, 0x80, 0x07, 0x00, 0x1C, 0x01, 0xF0, 0x03, 0x80, 0x00,
    0x3F, 0xF3, 0xFF, 0x9C, 0x7C, 0xC3, 0xC6, 0x3C, 0x03, 0xE0, 0x1E, 0x01, 0xE0, 0x1F, 0x00, 0xF0,
    0x8F, 0x06, 0xF0, 0x77, 0xFF, 0xFF, 0xF8, 0x07, 0xC1, 0xF0, 0x3C, 0x07, 0x80, 0xF0, 0x1E, 0x03,
    0xC0, 0x78, 0x1F, 0x03, 0xC1, 0xF0, 0x3E, 0x01, 0xE0, 0x3E, 0x03, 0xC0, 0x78, 0x0F, 0x01, 0xE0,
    0x3C, 0x07, 0x80, 0xF8, 0x0F, 0x80, 0x00, 0xFF, 0xFF, 0xFF, 0xFF, 0xFF, 0xFF, 0xC0, 0x7C, 0x07,
    0xC0, 0x78, 0x0F, 0x81, 0xF0, 0x3E, 0x07, 0xC0, 0xF8, 0x1F, 0x01, 0xE0, 0x1F, 0x03, 0xE0, 0xF0,
    0x3E, 0x07, 0xC0, 0xF8, 0x1F, 0x03, 0xE0, 0x7C, 0x0F, 0x01, 0xE0, 0xF8, 0x00, 0x00, 0x00, 0x03,
    0xE1, 0x9F, 0x8D, 0x8F, 0xEC, 0x3E, 0x60, 0x60, 0x33, 0xDE, 0xF2, 0x00, 0xC6, 0x33, 0x9C, 0xE7,
    0x3D, 0xEF, 0x7B, 0xDE, 0x03, 0x00, 0x18, 0x03, 0xF8, 0x7F, 0xE7, 0xBF, 0x3D, 0xB9, 0xED, 0x9E,
    0x60, 0xF3, 0x07, 0x98, 0x3C, 0xC0, 0xF6, 0x07, 0xB1, 0x3F, 0x98, 0xFF, 0x81, 0xF8, 0x03, 0x00,
    0x18, 0x00, 0x00, 0x00, 0x3F, 0x81, 0xFF, 0x0F, 0x1E, 0x3C, 0x78, 0xF1, 0xC3, 0xC0, 0x0F, 0x00,
    0x1C, 0x03, 0xFF, 0x81, 0xE0, 0x03, 0x80, 0x0E, 0x00, 0x38, 0x00, 0xC0, 0x07, 0x00, 0x3F, 0xF9,
    0xFF, 0xE6, 0x3F, 0x80, 0x00, 0x00, 0x06, 0x66, 0x7F, 0xE3, 0x9C, 0x30, 0xC6, 0x06, 0x60, 0x63,
    0x0E, 0x39, 0xC7, 0xFE, 0x6F, 0x60, 0x00, 0xFE, 0x7F, 0xF9, 0xF3, 0xC3, 0x8F, 0x0C, 0x3C, 0x30,
    0x79, 0x81, 0xE6, 0x03, 0xF0, 0x0F, 0xC0, 0xFF, 0xC3, 0xFF, 0x81, 0xE0, 0x3F, 0xF0, 0xFF, 0xE0,
    0x78, 0x01, 0xE0, 0x0F, 0xC0, 0x7F, 0xC0, 0xFF, 0xFF, 0xF0, 0x03, 0xFF, 0xFF, 0xC0, 0x1F, 0x83,
    0xFC, 0x70, 0xE7, 0x0E, 0x70, 0xC7, 0x80, 0x3E, 0x07, 0xF8, 0x6F, 0xC6, 0x3E, 0x70, 0xF7, 0x87,
    0x3E, 0x71, 0xFE, 0x07, 0xC0, 0x1E, 0x00, 0xE6, 0x06, 0x70, 0x67, 0x0E, 0x3F, 0xC1, 0xF0, 0xE3,
    0x73, 0xB9, 0xC8, 0x40, 0x00, 0x00, 0x00, 0x7F, 0x00, 0x3F, 0xF8, 0x0E, 0x01, 0x83, 0x0F, 0x18,
    0xC7, 0xF1, 0x99, 0xC7, 0x33, 0x30, 0x43, 0xC6, 0x00, 0x79, 0xC0, 0x0F, 0x38, 0x01, 0xE7, 0x00,
    0x34, 0x60, 0x06, 0xCE, 0x09, 0x98, 0xFE, 0x31, 0x8F, 0x8C, 0x18, 0x03, 0x81, 0xE3, 0xC0, 0x1F,
    0xF0, 0x00, 0x00, 0x00, 0x3F, 0x1C, 0xE3, 0x38, 0x7E, 0x7B, 0x9C, 0xE7, 0x39, 0xFF, 0x10, 0x00,
    0x0C, 0x61, 0xCE, 0x39, 0xC7, 0xBC, 0x73, 0x87, 0x38, 0x73, 0x83, 0x9C, 0x18, 0xC0, 0xC6, 0x00,
    0x00, 0xFF, 0xF7, 0xFF, 0x00, 0x70, 0x07, 0x00, 0x70, 0x07, 0x00, 0x20, 0x00, 0xFE, 0xFE, 0x7E,
    0x00, 0x00, 0x00, 0x7F, 0x00, 0x3E, 0xF8, 0x0C, 0x01, 0x83, 0x7C, 0x18, 0xCF, 0xF1, 0x98, 0xC7,
    0x32, 0x18, 0xE3, 0xC3, 0x1C, 0x78, 0x77, 0x0F, 0x0F, 0xC1, 0xE1, 0x98, 0x34, 0x33, 0x86, 0xC6,
    0x31, 0x99, 0xF3, 0xB1, 0xBE, 0x7C, 0x18, 0x03, 0x81, 0xE3, 0xC0, 0x1F, 0xF0, 0x00, 0x00, 0x00,
    0x7F, 0xF3, 0xFF, 0xC0, 0x00, 0x1F, 0x0F, 0xCE, 0x76, 0x1B, 0x0D, 0xCE, 0x7E, 0x1E, 0x00, 0x02,
    0x00, 0x60, 0x06, 0x00, 0x60, 0x06, 0x0F, 0xFF, 0xFF, 0xF0, 0x60, 0x06, 0x00, 0x60, 0x06, 0x00,
    0x60, 0x00, 0x07, 0xFF, 0xFF, 0xF0, 0x1E, 0x3F, 0x9C, 0xE6, 0x70, 0x30, 0x38, 0x38, 0x30, 0x30,
    0xBF, 0xDF, 0xE0, 0x00, 0x1C, 0x3F, 0x9C, 0xE4, 0x70, 0x70, 0xF0, 0x3C, 0x07, 0x43, 0xB1, 0xDF,
    0xC3, 0x00, 0x00, 0x79, 0xE3, 0x8C, 0x00, 0x70, 0x73, 0xC3, 0xCF, 0x0F, 0x3C, 0x3C, 0xF0, 0xF3,
    0xC3, 0xCF, 0x0F, 0x3C, 0x3C, 0xF0, 0xF3, 0xC3, 0xCF, 0x0F, 0x3E, 0x7C, 0xFF, 0x7B, 0x78, 0xFC,
    0x00, 0x30, 0x00, 0xE0, 0x03, 0xC0, 0x0F, 0x80, 0x1C, 0x00, 0x3F, 0xFD, 0xFF, 0xEF, 0xF7, 0x3F,
    0xD8, 0xFF, 0x63, 0xFD, 0x8F, 0xF6, 0x1F, 0xD8, 0x7F, 0x60, 0x1D, 0x80, 0x76, 0x01, 0xD8, 0x07,
    0x60, 0x1D, 0x80, 0x76, 0x01, 0xD8, 0x07, 0x60, 0x1D, 0x80, 0x76, 0x01, 0xDC, 0x1F, 0x78, 0x79,
    0xF0, 0x73, 0xDE, 0xE0, 0x00, 0x00, 0xC3, 0x87, 0x1F, 0xFF, 0x80, 0x08, 0x3C, 0xFC, 0xDC, 0x1C,
    0x1C, 0x1C, 0x1C, 0x1C, 0x1C, 0x7F, 0x00, 0x1F, 0x07, 0x71, 0xC7, 0x38, 0xE7, 0x1C, 0xE3, 0x9C,
    0x71, 0xFC, 0x0E, 0x00, 0x63, 0x07, 0x38, 0x31, 0xC3, 0x9C, 0x1C, 0xE1, 0xCE, 0x3D, 0xE3, 0x9C,
    0x73, 0x86, 0x30, 0x00, 0x00, 0x08, 0x00, 0x01, 0xE0, 0x18, 0x3F, 0x01, 0x81, 0xB8, 0x0C, 0x01,
    0xC0, 0xC0, 0x0E, 0x06, 0x00, 0x70, 0x60, 0x03, 0x83, 0x00, 0x1C, 0x30, 0xC0, 0xE1, 0x87, 0x1F,
    0xD8, 0x78, 0x00, 0xC7, 0xC0, 0x0C, 0x6E, 0x00, 0x62, 0x70, 0x06, 0x33, 0x80, 0x33, 0xFF, 0x03,
    0x0F, 0xF0, 0x18, 0x07, 0x01, 0x80, 0xFC, 0x00, 0x00, 0x00, 0x08, 0x00, 0x01, 0xE0, 0x30, 0x3F,
    0x01, 0x80, 0xB8, 0x1C, 0x01, 0xC0, 0xC0, 0x0E, 0x0E, 0x00, 0x70, 0x60, 0x03, 0x87, 0x00, 0x1C,
    0x33, 0xC0, 0xE3, 0xBF, 0x9F, 0xD9, 0x9C, 0x01, 0xCC, 0xE0, 0x0C, 0x07, 0x00, 0xE0, 0x30, 0x06,
    0x03, 0x00, 0x70, 0x30, 0x03, 0x07, 0x18, 0x38, 0x7F, 0xC1, 0x83, 0xFE, 0x00, 0x00, 0x00, 0x1C,
    0x00, 0x03, 0xF8, 0x18, 0x1C, 0xE0, 0xC0, 0x47, 0x0C, 0x00, 0x70, 0x60, 0x0F, 0x06, 0x00, 0x3C,
    0x30, 0x00, 0x73, 0x00, 0x43, 0x98, 0xC3, 0x1D, 0x87, 0x1F, 0xCC, 0x78, 0x30, 0xC7, 0xC0, 0x06,
    0x6E, 0x00, 0x62, 0x70, 0x03, 0x33, 0x80, 0x33, 0xFF, 0x01, 0x8F, 0xF0, 0x18, 0x07, 0x00, 0xC0,
    0xFC, 0x00, 0x00, 0x00, 0x02, 0x00, 0x78, 0x0F, 0x80, 0x78, 0x02, 0x00, 0x00, 0x02, 0x00, 0x70,
    0x07, 0x01, 0xF0, 0x3C, 0x07, 0x80, 0x78, 0x0F, 0x80, 0xF0, 0xEF, 0x8F, 0x78, 0xF3, 0xFE, 0x0F,
    0xC0, 0x00, 0x00, 0x00, 0xF0, 0x00, 0x0F, 0x00, 0x00, 0xE0, 0x00, 0x06, 0x00, 0x00, 0x00, 0x00,
    0x38, 0x00, 0x0F, 0x80, 0x01, 0xF0, 0x00, 0x7F, 0x00, 0x0D, 0xE0, 0x01, 0xBC, 0x00, 0x73, 0xC0,
    0x0C, 0x78, 0x01, 0x8F, 0x00, 0x60, 0xF0, 0x0F, 0xFE, 0x01, 0xFF, 0xC0, 0x70, 0x7C, 0x0C, 0x07,
    0x83, 0x80, 0xF0, 0x70, 0x1F, 0x1E, 0x03, 0xF7, 0xF1, 0xFF, 0x00, 0x00, 0x00, 0x07, 0x80, 0x01,
    0xE0, 0x00, 0x78, 0x00, 0x0C, 0x00, 0x00, 0x00, 0x00, 0x38, 0x00, 0x0F, 0x80, 0x01, 0xF0, 0x00,
    0x7F, 0x00, 0x0D, 0xE0, 0x01, 0xBC, 0x00, 0x73, 0xC0, 0x0C, 0x78, 0x01, 0x8F, 0x00, 0x60, 0xF0,
    0x0F, 0xFE, 0x01, 0xFF, 0xC0, 0x70, 0x7C, 0x0C, 0x07, 0x83, 0x80, 0xF0, 0x70, 0x1F, 0x1E, 0x03,
    0xF7, 0xF1, 0xFF, 0x00, 0x00, 0x00, 0x3E, 0x00, 0x07, 0xC0, 0x01, 0xDC, 0x00, 0x60, 0xC0, 0x00,
    0x00, 0x00, 0x38, 0x00, 0x0F, 0x80, 0x01, 0xF0, 0x00, 0x7F, 0x00, 0x0D, 0xE0, 0x01, 0xBC, 0x00,
    0x73, 0xC0, 0x0C, 0x78, 0x01, 0x8F, 0x00, 0x60, 0xF0, 0x0F, 0xFE, 0x01, 0xFF, 0xC0, 0x70, 0x7C,
    0x0C, 0x07, 0x83, 0x80, 0xF0, 0x70, 0x1F, 0x1E, 0x03, 0xF7, 0xF1, 0xFF, 0x00, 0x00, 0x00, 0x78,
    0x80, 0x1F, 0xF0, 0x03, 0x7E, 0x00, 0x43, 0x80, 0x00, 0x00, 0x00, 0x38, 0x00, 0x0F, 0x80, 0x01,
    0xF0, 0x00, 0x7F, 0x00, 0x0D, 0xE0, 0x01, 0xBC, 0x00, 0x73, 0xC0, 0x0C, 0x78, 0x01, 0x8F, 0x00,
    0x60, 0xF0, 0x0F, 0xFE, 0x01, 0xFF, 0xC0, 0x70, 0x7C, 0x0C, 0x07, 0x83, 0x80, 0xF0, 0x70, 0x1F,
    0x1E, 0x03, 0xF7, 0xF1, 0xFF, 0x03, 0x18, 0x00, 0xF7, 0x80, 0x1C, 0xF0, 0x01, 0x08, 0x00, 0x00,
    0x00, 0x01, 0xC0, 0x00, 0x7C, 0x00, 0x0F, 0x80, 0x03, 0xF8, 0x00, 0x6F, 0x00, 0x0D, 0xE0, 0x03,
    0x9E, 0x00, 0x63, 0xC0, 0x0C, 0x78, 0x03, 0x07, 0x80, 0x7F, 0xF0, 0x0F, 0xFE, 0x03, 0x83, 0xE0,
    0x60, 0x3C, 0x1C, 0x07, 0x83, 0x80, 0xF8, 0xF0, 0x1F, 0xBF, 0x8F, 0xF8, 0x00, 0xE0, 0x00, 0x3E,
    0x00, 0x0C, 0x60, 0x01, 0x8C, 0x00, 0x1F, 0x00, 0x03, 0xE0, 0x00, 0x7C, 0x00, 0x1F, 0xC0, 0x03,
    0x78, 0x00, 0x6F, 0x00, 0x1C, 0xF0, 0x03, 0x1E, 0x00, 0x63, 0xC0, 0x18, 0x3C, 0x03, 0xFF, 0x80,
    0x7F, 0xF0, 0x1C, 0x1F, 0x03, 0x01, 0xE0, 0xE0, 0x3C, 0x1C, 0x07, 0xC7, 0x80, 0xFD, 0xFC, 0x7F,
    0xC0, 0x00, 0xFF, 0xFE, 0x00, 0x7F, 0xFF, 0x00, 0x1F, 0xC1, 0x80, 0x1B, 0xE0, 0xC0, 0x0D, 0xF0,
    0x60, 0x0C, 0xF8, 0x00, 0x06, 0x7C, 0x00, 0x06, 0x3E, 0x00, 0x03, 0x1F, 0xFC, 0x03, 0x0F, 0xFC,
    0x01, 0x87, 0xC0, 0x01, 0xFF, 0xE0, 0x00, 0xC1, 0xF0, 0x00, 0xC0, 0xF8, 0x18, 0x60, 0x7C, 0x0C,
    0x70, 0x3E, 0x06, 0x78, 0x3F, 0xFF, 0x7E, 0x3F, 0xFF, 0x80, 0x00, 0x00, 0x0F, 0xF0, 0x7F, 0xF1,
    0xE0, 0xF3, 0xC1, 0xEF, 0x03, 0x9E, 0x00, 0x3C, 0x00, 0xF8, 0x01, 0xF0, 0x03, 0xE0, 0x07, 0xC0,
    0x0F, 0x80, 0x0F, 0x00, 0x1E, 0x00, 0x1E, 0x01, 0x3E, 0x0E, 0x3F, 0xF8, 0x1F, 0xE0, 0x0C, 0x00,
    0x1E, 0x00, 0x0E, 0x00, 0x1C, 0x01, 0xF0, 0x03, 0xC0, 0x00, 0x00, 0x0F, 0x00, 0x07, 0x80, 0x03,
    0x80, 0x00, 0xC0, 0x00, 0x00, 0x7F, 0xFE, 0x7F, 0xFE, 0x1E, 0x0E, 0x1E, 0x06, 0x1E, 0x06, 0x1E,
    0x00, 0x1E, 0x00, 0x1E, 0x00, 0x1F, 0xF8, 0x1F, 0xF8, 0x1E, 0x00, 0x1E, 0x00, 0x1E, 0x00, 0x1E,
    0x02, 0x1E, 0x03, 0x1E, 0x07, 0x3F, 0xFF, 0x7F, 0xFF, 0x00, 0x00, 0x00, 0xF8, 0x00, 0xE0, 0x01,
    0xC0, 0x03, 0x80, 0x00, 0x00, 0x7F, 0xFE, 0x7F, 0xFE, 0x1E, 0x0E, 0x1E, 0x06, 0x1E, 0x06, 0x1E,
    0x00, 0x1E, 0x00, 0x1E, 0x00, 0x1F, 0xF8, 0x1F, 0xF8, 0x1E, 0x00, 0x1E, 0x00, 0x1E, 0x00, 0x1E,
    0x02, 0x1E, 0x03, 0x1E, 0x07, 0x3F, 0xFF, 0x7F, 0xFF, 0x00, 0x00, 0x03, 0xC0, 0x07, 0xE0, 0x0E,
    0x70, 0x0C, 0x30, 0x00, 0x00, 0x7F, 0xFE, 0x7F, 0xFE, 0x1E, 0x0E, 0x1E, 0x06, 0x1E, 0x06, 0x1E,
    0x00, 0x1E, 0x00, 0x1E, 0x00, 0x1F, 0xF8, 0x1F, 0xF8, 0x1E, 0x00, 0x1E, 0x00, 0x1E, 0x00, 0x1E,
    0x02, 0x1E, 0x03, 0x1E, 0x07, 0x3F, 0xFF, 0x7F, 0xFF, 0x06, 0x30, 0x0F, 0x78, 0x0E, 0x78, 0x04,
    0x00, 0x00, 0x00, 0x7F, 0xFE, 0x7F, 0xFE, 0x1E, 0x0E, 0x1E, 0x06, 0x1E, 0x06, 0x1E, 0x00, 0x1E,
    0x00, 0x1E, 0x00, 0x1F, 0xF8, 0x1F, 0xF8, 0x1E, 0x00, 0x1E, 0x00, 0x1E, 0x00, 0x1E, 0x02, 0x1E,
    0x03, 0x1E, 0x07, 0x3F, 0xFF, 0x7F, 0xFF, 0x00, 0x1E, 0x03, 0xC0, 0x70, 0x0E, 0x00, 0x07, 0xF9,
    0xFE, 0x1E, 0x07, 0x81, 0xE0, 0x78, 0x1E, 0x07, 0x81, 0xE0, 0x78, 0x1E, 0x07, 0x81, 0xE0, 0x78,
    0x1E, 0x07, 0x83, 0xF1, 0xFE, 0x00, 0x01, 0xE0, 0xF0, 0x38, 0x1C, 0x00, 0x07, 0xF9, 0xFE, 0x1E,
    0x07, 0x81, 0xE0, 0x78, 0x1E, 0x07, 0x81, 0xE0, 0x78, 0x1E, 0x07, 0x81, 0xE0, 0x78, 0x1E, 0x07,
    0x83, 0xF1, 0xFE, 0x00, 0x07, 0x83, 0xF1, 0xCE, 0x61, 0x80, 0x07, 0xF9, 0xFE, 0x1E, 0x07, 0x81,
    0xE0, 0x78, 0x1E, 0x07, 0x81, 0xE0, 0x78, 0x1E, 0x07, 0x81, 0xE0, 0x78, 0x1E, 0x07, 0x83, 0xF1,
    0xFE, 0x73, 0x9C, 0xE7, 0x38, 0x84, 0x00, 0x1F, 0xE7, 0xF8, 0x78, 0x1E, 0x07, 0x81, 0xE0, 0x78,
    0x1E, 0x07, 0x81, 0xE0, 0x78, 0x1E, 0x07, 0x81, 0xE0, 0x78, 0x1E, 0x0F, 0xC7, 0xF8, 0x7F, 0xF0,
    0x1F, 0xFF, 0x81, 0xE1, 0xF0, 0x78, 0x3E, 0x1E, 0x07, 0x87, 0x81, 0xE1, 0xE0, 0x7C, 0x78, 0x1F,
    0x7F, 0xC7, 0xDF, 0xF1, 0xF1, 0xE0, 0x7C, 0x78, 0x1F, 0x1E, 0x07, 0x87, 0x81, 0xE1, 0xE0, 0xF0,
    0x78, 0x7C, 0x3F, 0xFC, 0x1F, 0xFE, 0x00, 0x00, 0x00, 0x00, 0x3C, 0x60, 0x03, 0xFE, 0x00, 0x7F,
    0xC0, 0x06, 0x38, 0x00, 0x00, 0x00, 0x7E, 0x07, 0xE7, 0xE0, 0x7E, 0x1F, 0x01, 0x81, 0xF8, 0x18,
    0x1F, 0x81, 0x81, 0xBC, 0x18, 0x1B, 0xE1, 0x81, 0x9F, 0x18, 0x18, 0xF1, 0x81, 0x87, 0x98, 0x18,
    0x7D, 0x81, 0x83, 0xD8, 0x18, 0x1F, 0x81, 0x81, 0xF8, 0x18, 0x0F, 0x81, 0x80, 0x78, 0x3C, 0x07,
    0x87, 0xE0, 0x38, 0x00, 0x00, 0x03, 0xE0, 0x00, 0x38, 0x00, 0x07, 0x00, 0x00, 0xE0, 0x00, 0x00,
    0x00, 0x7F, 0x80, 0x7F, 0xF0, 0x3C, 0x1E, 0x0F, 0x03, 0xC7, 0x80, 0xF9, 0xE0, 0x1E, 0xF8, 0x07,
    0xBE, 0x01, 0xEF, 0x80, 0x7B, 0xE0, 0x1E, 0xF8, 0x07, 0xBE, 0x01, 0xE7, 0x80, 0x79, 0xE0, 0x3E,
    0x3C, 0x0F, 0x0F, 0x07, 0x81, 0xFF, 0xC0, 0x1F, 0xE0, 0x00, 0x00, 0x00, 0x00, 0x00, 0x00, 0x1E,
    0x00, 0x0F, 0x00, 0x03, 0x80, 0x01, 0xC0, 0x00, 0x00, 0x00, 0x7F, 0x80, 0x7F, 0xF0, 0x3C, 0x1E,
    0x0F, 0x03, 0xC7, 0x80, 0xF9, 0xE0, 0x1E, 0xF8, 0x07, 0xBE, 0x01, 0xEF, 0x80, 0x7B, 0xE0, 0x1E,
    0xF8, 0x07, 0xBE, 0x01, 0xE7, 0x80, 0x79, 0xE0, 0x3E, 0x3C, 0x0F, 0x0F, 0x07, 0x81, 0xFF, 0xC0,
    0x1F, 0xE0, 0x00, 0x00, 0x00, 0x00, 0x00, 0x00, 0x78, 0x00, 0x3F, 0x00, 0x1C, 0xE0, 0x0E, 0x18,
    0x00, 0x00, 0x00, 0x7F, 0x80, 0x7F, 0xF0, 0x3C, 0x1E, 0x0F, 0x03, 0xC7, 0x80, 0xF9, 0xE0, 0x1E,
    0xF8, 0x07, 0xBE, 0x01, 0xEF, 0x80, 0x7B, 0xE0, 0x1E, 0xF8, 0x07, 0xBE, 0x01, 0xE7, 0x80, 0x79,
    0xE0, 0x3E, 0x3C, 0x0F, 0x0F, 0x07, 0x81, 0xFF, 0xC0, 0x1F, 0xE0, 0x00, 0x00, 0x00, 0x00, 0x00,
    0x01, 0xE3, 0x00, 0xFF, 0xC0, 0x37, 0xE0, 0x08, 0x70, 0x00, 0x00, 0x00, 0x7F, 0x80, 0x7F, 0xF0,
    0x3C, 0x1E, 0x0F, 0x03, 0xC7, 0x80, 0xF9, 0xE0, 0x1E, 0xF8, 0x07, 0xBE, 0x01, 0xEF, 0x80, 0x7B,
    0xE0, 0x1E, 0xF8, 0x07, 0xBE, 0x01, 0xE7, 0x80, 0x79, 0xE0, 0x3E, 0x3C, 0x0F, 0x0F, 0x07, 0x81,
    0xFF, 0xC0, 0x1F, 0xE0, 0x00, 0x00, 0x00, 0x06, 0x30, 0x03, 0xCE, 0x00, 0x73, 0x80, 0x08, 0x40,
    0x00, 0x00, 0x01, 0xFE, 0x01, 0xFF, 0xC0, 0xF0, 0x78, 0x3C, 0x0F, 0x1E, 0x03, 0xE7, 0x80, 0x7B,
    0xE0, 0x1E, 0xF8, 0x07, 0xBE, 0x01, 0xEF, 0x80, 0x7B, 0xE0, 0x1E, 0xF8, 0x07, 0x9E, 0x01, 0xE7,
    0x80, 0xF8, 0xF0, 0x3C, 0x3C, 0x1E, 0x07, 0xFF, 0x00, 0x7F, 0x80, 0x00, 0x00, 0x00, 0x02, 0x06,
    0x70, 0xE3, 0x9C, 0x1F, 0x80, 0xF0, 0x0F, 0x01, 0xF8, 0x39, 0xC7, 0x0E, 0x60, 0x60, 0x00, 0x00,
    0x06, 0x01, 0xFF, 0x01, 0xFF, 0xC0, 0xF0, 0x78, 0x3C, 0x1F, 0x1E, 0x0F, 0xE7, 0x83, 0x7B, 0xE1,
    0x9E, 0xF8, 0x67, 0xBE, 0x31, 0xEF, 0x8C, 0x7B, 0xE6, 0x1E, 0xF9, 0x87, 0x9E, 0xC1, 0xE7, 0xE0,
    0xF8, 0xF8, 0x3C, 0x3E, 0x1E, 0x07, 0xFF, 0x01, 0xFF, 0x80, 0x60, 0x00, 0x00, 0x00, 0x00, 0xF8,
    0x00, 0x07, 0x00, 0x00, 0x70, 0x00, 0x07, 0x00, 0x00, 0x00, 0x3F, 0xE3, 0xF3, 0xFC, 0x7E, 0x1E,
    0x03, 0x03, 0xC0, 0x60, 0x78, 0x0C, 0x0F, 0x01, 0x81, 0xE0, 0x30, 0x3C, 0x06, 0x07, 0x80, 0xC0,
    0xF0, 0x18, 0x1E, 0x03, 0x03, 0xC0, 0x60, 0x78, 0x0C, 0x0F, 0x01, 0x81, 0xE0, 0x30, 0x3E, 0x0C,
    0x03, 0xFF, 0x80, 0x3F, 0xC0, 0x00, 0x00, 0x00, 0x00, 0x00, 0x00, 0x07, 0x80, 0x01, 0xE0, 0x00,
    0x78, 0x00, 0x0C, 0x00, 0x00, 0x00, 0x3F, 0xE3, 0xF3, 0xFC, 0x7E, 0x1E, 0x03, 0x03, 0xC0, 0x60,
    0x78, 0x0C, 0x0F, 0x01, 0x81, 0xE0, 0x30, 0x3C, 0x06, 0x07, 0x80, 0xC0, 0xF0, 0x18, 0x1E, 0x03,
    0x03, 0xC0, 0x60, 0x78, 0x0C, 0x0F, 0x01, 0x81, 0xE0, 0x30, 0x3E, 0x0C, 0x03, 0xFF, 0x80, 0x3F,
    0xC0, 0x00, 0x00, 0x00, 0x00, 0x00, 0x00, 0x1E, 0x00, 0x07, 0xE0, 0x01, 0xCE, 0x00, 0x30, 0xC0,
    0x00, 0x00, 0x3F, 0xE3, 0xF3, 0xFC, 0x7E, 0x1E, 0x03, 0x03, 0xC0, 0x60, 0x78, 0x0C, 0x0F, 0x01,
    0x81, 0xE0, 0x30, 0x3C, 0x06, 0x07, 0x80, 0xC0, 0xF0, 0x18, 0x1E, 0x03, 0x03, 0xC0, 0x60, 0x78,
    0x0C, 0x0F, 0x01, 0x81, 0xE0, 0x30, 0x3E, 0x0C, 0x03, 0xFF, 0x80, 0x3F, 0xC0, 0x00, 0x00, 0x00,
    0x03, 0x9C, 0x00, 0x73, 0x80, 0x0E, 0x70, 0x00, 0x84, 0x00, 0x00, 0x01, 0xFF, 0x1F, 0x9F, 0xE3,
    0xF0, 0xF0, 0x18, 0x1E, 0x03, 0x03, 0xC0, 0x60, 0x78, 0x0C, 0x0F, 0x01, 0x81, 0xE0, 0x30, 0x3C,
    0x06, 0x07, 0x80, 0xC0, 0xF0, 0x18, 0x1E, 0x03, 0x03, 0xC0, 0x60, 0x78, 0x0C, 0x0F, 0x01, 0x81,
    0xF0, 0x60, 0x1F, 0xFC, 0x01, 0xFE, 0x00, 0x00, 0x00, 0x00, 0x00, 0x00, 0x1E, 0x00, 0x07, 0x00,
    0x03, 0x80, 0x01, 0xC0, 0x00, 0x00, 0x0F, 0xF1, 0xFB, 0xFC, 0x7E, 0x3E, 0x07, 0x0F, 0x81, 0x81,
    0xE0, 0xE0, 0x7C, 0x30, 0x0F, 0x1C, 0x03, 0xE6, 0x00, 0x7B, 0x00, 0x0F, 0xC0, 0x03, 0xE0, 0x00,
    0x78, 0x00, 0x1E, 0x00, 0x07, 0x80, 0x01, 0xE0, 0x00, 0x78, 0x00, 0x7F, 0x00, 0x3F, 0xE0, 0x7F,
    0xC0, 0x7F, 0x80, 0x1E, 0x00, 0x1F, 0xE0, 0x1F, 0xF8, 0x1E, 0x3C, 0x1E, 0x1E, 0x1E, 0x1E, 0x1E,
    0x1E, 0x1E, 0x1E, 0x1E, 0x1E, 0x1E, 0x3E, 0x1E, 0x7C, 0x1F, 0xF8, 0x1F, 0x80, 0x1E, 0x00, 0x3F,
    0x00, 0x7F, 0xC0, 0x00, 0x00, 0x03, 0xFC, 0x03, 0xCF, 0x03, 0xC3, 0xC1, 0xE0, 0xE1, 0xE0, 0x71,
    0xF0, 0x79, 0xF8, 0xFC, 0x3C, 0xF0, 0x1E, 0x70, 0x0F, 0x38, 0x07, 0x9F, 0x03, 0xCF, 0xE1, 0xE1,
    0xF8, 0xF0, 0x7C, 0x78, 0x0F, 0x3C, 0x87, 0x9E, 0xE3, 0xDF, 0x3B, 0xDF, 0x9F, 0xC0, 0x00, 0x00,
    0x00, 0x00, 0xF0, 0x01, 0xE0, 0x03, 0xC0, 0x03, 0x00, 0x00, 0x01, 0xF8, 0x0F, 0xF8, 0x79, 0xE1,
    0xE3, 0xC1, 0x0F, 0x00, 0x3C, 0x1F, 0xF1, 0xFF, 0xCF, 0x8F, 0x3C, 0x3C, 0xF1, 0xF3, 0xC7, 0xC7,
    0xFF, 0x9F, 0xBE, 0x00, 0x00, 0x00, 0x00, 0x07, 0x80, 0x3C, 0x01, 0xE0, 0x06, 0x00, 0x00, 0x01,
    0xF8, 0x0F, 0xF8, 0x79, 0xE1, 0xE3, 0xC1, 0x0F, 0x00, 0x3C, 0x1F, 0xF1, 0xFF, 0xCF, 0x8F, 0x3C,
    0x3C, 0xF1, 0xF3, 0xC7, 0xC7, 0xFF, 0x9F, 0xBE, 0x00, 0x00, 0x00, 0x00, 0x3E, 0x00, 0xF8, 0x07,
    0x70, 0x30, 0x60, 0x00, 0x01, 0xF8, 0x0F, 0xF8, 0x79, 0xE1, 0xE3, 0xC1, 0x0F, 0x00, 0x3C, 0x1F,
    0xF1, 0xFF, 0xCF, 0x8F, 0x3C, 0x3C, 0xF1, 0xF3, 0xC7, 0xC7, 0xFF, 0x9F, 0xBE, 0x00, 0x00, 0x00,
    0x00, 0x78, 0x83, 0xFE, 0x0D, 0xF8, 0x21, 0xC0, 0x00, 0x01, 0xF8, 0x0F, 0xF8, 0x79, 0xE1, 0xE3,
    0xC1, 0x0F, 0x00, 0x3C, 0x1F, 0xF1, 0xFF, 0xCF, 0x8F, 0x3C, 0x3C, 0xF1, 0xF3, 0xC7, 0xC7, 0xFF,
    0x9F, 0xBE, 0x00, 0x00, 0x18, 0xC0, 0xF7, 0x83, 0x9E, 0x04, 0x00, 0x00, 0x00, 0x7E, 0x03, 0xFE,
    0x1E, 0x78, 0x78, 0xF0, 0x43, 0xC0, 0x0F, 0x07, 0xFC, 0x7F, 0xF3, 0xE3, 0xCF, 0x0F, 0x3C, 0x7C,
    0xF1, 0xF1, 0xFF, 0xE7, 0xEF, 0x80, 0x00, 0x00, 0x00, 0x3E, 0x00, 0xCC, 0x06, 0x30, 0x0D, 0x80,
    0x3E, 0x00, 0x00, 0x07, 0xE0, 0x3F, 0xE1, 0xE7, 0x87, 0x8F, 0x04, 0x3C, 0x00, 0xF0, 0x7F, 0xC7,
    0xFF, 0x3E, 0x3C, 0xF0, 0xF3, 0xC7, 0xCF, 0x1F, 0x1F, 0xFE, 0x7E, 0xF8, 0x00, 0x00, 0x1F, 0x8F,
    0x03, 0xFF, 0xFC, 0x79, 0xF9, 0xE7, 0x8F, 0x0E, 0x10, 0xF0, 0xF0, 0x0F, 0x0F, 0x1F, 0xFF, 0xF7,
    0xFF, 0xFF, 0xF8, 0xF0, 0x0F, 0x0F, 0x00, 0xF1, 0xF0, 0x2F, 0x1F, 0x86, 0x7F, 0xFF, 0xE7, 0xE1,
    0xFC, 0x00, 0x00, 0x00, 0x0F, 0x83, 0xFE, 0x79, 0xE7, 0x8E, 0xF0, 0xEF, 0x00, 0xF0, 0x0F, 0x00,
    0xF0, 0x0F, 0x00, 0xF8, 0x07, 0x86, 0x3F, 0xE1, 0xFC, 0x06, 0x00, 0x78, 0x03, 0x80, 0x18, 0x0F,
    0x80, 0xF0, 0x00, 0x01, 0xF0, 0x07, 0x80, 0x0E, 0x00, 0x30, 0x00, 0x00, 0x3E, 0x07, 0xF8, 0x79,
    0xE3, 0xC7, 0xBC, 0x3D, 0xE1, 0xEF, 0xFF, 0x7F, 0xFB, 0xC0, 0x1E, 0x00, 0x78, 0x03, 0xC1, 0x8F,
    0xF8, 0x3F, 0x80, 0x00, 0x00, 0x00, 0x00, 0x0F, 0x00, 0xF0, 0x0F, 0x00, 0x60, 0x00, 0x00, 0x3E,
    0x07, 0xF8, 0x79, 0xE3, 0xC7, 0xBC, 0x3D, 0xE1, 0xEF, 0xFF, 0x7F, 0xFB, 0xC0, 0x1E, 0x00, 0x78,
    0x03, 0xC1, 0x8F, 0xF8, 0x3F, 0x80, 0x00, 0x00, 0x00, 0x00, 0x7C, 0x03, 0xE0, 0x3B, 0x83, 0x06,
    0x00, 0x00, 0x3E, 0x07, 0xF8, 0x79, 0xE3, 0xC7, 0xBC, 0x3D, 0xE1, 0xEF, 0xFF, 0x7F, 0xFB, 0xC0,
    0x1E, 0x00, 0x78, 0x03, 0xC1, 0x8F, 0xF8, 0x3F, 0x80, 0x00, 0x00, 0x18, 0xC1, 0xEF, 0x0F, 0x78,
    0x20, 0x00, 0x00, 0x07, 0xC0, 0xFF, 0x0F, 0x3C, 0x78, 0xF7, 0x87, 0xBC, 0x3D, 0xFF, 0xEF, 0xFF,
    0x78, 0x03, 0xC0, 0x0F, 0x00, 0x78, 0x31, 0xFF, 0x07, 0xF0, 0x00, 0x00, 0x00, 0x1E, 0x03, 0xC0,
    0x78, 0x06, 0x00, 0x03, 0xE1, 0xF8, 0x1E, 0x07, 0x81, 0xE0, 0x78, 0x1E, 0x07, 0x81, 0xE0, 0x78,
    0x1E, 0x07, 0xC3, 0xF9, 0xFF, 0x00, 0x07, 0xC3, 0xC3, 0x81, 0x80, 0x01, 0xF1, 0xF8, 0x3C, 0x1E,
    0x0F, 0x07, 0x83, 0xC1, 0xE0, 0xF0, 0x78, 0x3C, 0x1F, 0x1F, 0xDF, 0xF0, 0x00, 0x07, 0x83, 0xF1,
    0xCE, 0x61, 0x80, 0x03, 0xE1, 0xF8, 0x1E, 0x07, 0x81, 0xE0, 0x78, 0x1E, 0x07, 0x81, 0xE0, 0x78,
    0x1E, 0x07, 0xC3, 0xF9, 0xFF, 0x73, 0x9C, 0xE7, 0x38, 0x84, 0x00, 0x0F, 0x87, 0xE0, 0x78, 0x1E,
    0x07, 0x81, 0xE0, 0x78, 0x1E, 0x07, 0x81, 0xE0, 0x78, 0x1F, 0x0F, 0xE7, 0xFC, 0x00, 0x00, 0xE1,
    0x81, 0xFE, 0x01, 0xE0, 0x0F, 0xC0, 0x67, 0x80, 0x0F, 0x07, 0xFC, 0x3F, 0xF9, 0xE3, 0xE7, 0x87,
    0xBC, 0x1E, 0xF0, 0x7B, 0xC1, 0xEF, 0x07, 0xBC, 0x1E, 0xF0, 0x79, 0xE3, 0xC3, 0xDE, 0x07, 0xF0,
    0x00, 0x00, 0x00, 0x00, 0x03, 0x8C, 0x03, 0xFE, 0x03, 0xFE, 0x01, 0x8E, 0x00, 0x00, 0x01, 0xF3,
    0xC0, 0xFB, 0xF0, 0x3F, 0xFC, 0x1F, 0x1E, 0x0F, 0x8F, 0x07, 0x87, 0x83, 0xC3, 0xC1, 0xE1, 0xE0,
    0xF0, 0xF0, 0x78, 0x78, 0x3C, 0x3C, 0x1E, 0x1E, 0x1F, 0xCF, 0x9F, 0xE7, 0xE0, 0x00, 0x00, 0xF0,
    0x01, 0xE0, 0x03, 0xC0, 0x03, 0x00, 0x00, 0x00, 0xF8, 0x0F, 0xF8, 0x78, 0xF1, 0xE1, 0xEF, 0x07,
    0xBC, 0x1E, 0xF0, 0x7B, 0xC1, 0xEF, 0x07, 0xBC, 0x1E, 0x78, 0x79, 0xE3, 0xC3, 0xDF, 0x07, 0xF0,
    0x00, 0x00, 0x00, 0x00, 0x07, 0x80, 0x3C, 0x00, 0xE0, 0x07, 0x00, 0x00, 0x00, 0xF8, 0x0F, 0xF8,
    0x78, 0xF1, 0xE1, 0xEF, 0x07, 0xBC, 0x1E, 0xF0, 0x7B, 0xC1, 0xEF, 0x07, 0xBC, 0x1E, 0x78, 0x79,
    0xE3, 0xC3, 0xDF, 0x07, 0xF0, 0x00, 0x00, 0x00, 0x00, 0x3E, 0x00, 0xFC, 0x07, 0x30, 0x38, 0x60,
    0x00, 0x00, 0xF8, 0x0F, 0xF8, 0x78, 0xF1, 0xE1, 0xEF, 0x07, 0xBC, 0x1E, 0xF0, 0x7B, 0xC1, 0xEF,
    0x07, 0xBC, 0x1E, 0x78, 0x79, 0xE3, 0xC3, 0xDF, 0x07, 0xF0, 0x00, 0x00, 0x00, 0x00, 0x78, 0xC3,
    0xFE, 0x0D, 0xF8, 0x21, 0xC0, 0x00, 0x00, 0xF8, 0x0F, 0xF8, 0x78, 0xF1, 0xE1, 0xEF, 0x07, 0xBC,
    0x1E, 0xF0, 0x7B, 0xC1, 0xEF, 0x07, 0xBC, 0x1E, 0x78, 0x79, 0xE3, 0xC3, 0xDF, 0x07, 0xF0, 0x00,
    0x00, 0x18, 0xC0, 0xF7, 0x83, 0xCE, 0x00, 0x10, 0x00, 0x00, 0x3E, 0x03, 0xFE, 0x1E, 0x3C, 0x78,
    0x7B, 0xC1, 0xEF, 0x07, 0xBC, 0x1E, 0xF0, 0x7B, 0xC1, 0xEF, 0x07, 0x9E, 0x1E, 0x78, 0xF0, 0xF7,
    0xC1, 0xFC, 0x00, 0x00, 0x00, 0x00, 0x60, 0x07, 0x00, 0x60, 0x00, 0x00, 0x00, 0xFF, 0xFF, 0xFF,
    0x00, 0x00, 0x00, 0x06, 0x00, 0x70, 0x07, 0x00, 0x20, 0x00, 0x10, 0x3E, 0xC3, 0xFE, 0x1E, 0x3C,
    0x78, 0xFB, 0xC7, 0xEF, 0x1F, 0xBC, 0xDE, 0xF3, 0x7B, 0xD9, 0xEF, 0xC7, 0x9F, 0x1E, 0x78, 0xF0,
    0xF7, 0xC3, 0xFC, 0x18, 0x00, 0x00, 0x00, 0x0F, 0x00, 0x03, 0xC0, 0x00, 0x70, 0x00, 0x18, 0x00,
    0x00, 0x01, 0xF1, 0xF0, 0xF8, 0xF8, 0x3C, 0x3C, 0x1E, 0x1E, 0x0F, 0x0F, 0x07, 0x87, 0x83, 0xC3,
    0xC1, 0xE1, 0xE0, 0xF0, 0xF0, 0x78, 0x78, 0x3E, 0x3C, 0x0F, 0x3E, 0x07, 0xFF, 0x81, 0xF3, 0xE0,
    0x00, 0x00, 0x00, 0x00, 0x00, 0x7C, 0x00, 0x3C, 0x00, 0x38, 0x00, 0x38, 0x00, 0x00, 0x01, 0xF1,
    0xF0, 0xF8, 0xF8, 0x3C, 0x3C, 0x1E, 0x1E, 0x0F, 0x0F, 0x07, 0x87, 0x83, 0xC3, 0xC1, 0xE1, 0xE0,
    0xF0, 0xF0, 0x78, 0x78, 0x3E, 0x3C, 0x0F, 0x3E, 0x07, 0xFF, 0x81, 0xF3, 0xE0, 0x00, 0x00, 0x00,
    0x00, 0x01, 0xE0, 0x01, 0xF8, 0x01, 0xCE, 0x00, 0xC3, 0x00, 0x00, 0x01, 0xF1, 0xF0, 0xF8, 0xF8,
    0x3C, 0x3C, 0x1E, 0x1E, 0x0F, 0x0F, 0x07, 0x87, 0x83, 0xC3, 0xC1, 0xE1, 0xE0, 0xF0, 0xF0, 0x78,
    0x78, 0x3E, 0x3C, 0x0F, 0x3E, 0x07, 0xFF, 0x81, 0xF3, 0xE0, 0x00, 0x00, 0x0E, 0x70, 0x07, 0x38,
    0x03, 0x9C, 0x00, 0x84, 0x00, 0x00, 0x03, 0xE3, 0xE1, 0xF1, 0xF0, 0x78, 0x78, 0x3C, 0x3C, 0x1E,
    0x1E, 0x0F, 0x0F, 0x07, 0x87, 0x83, 0xC3, 0xC1, 0xE1, 0xE0, 0xF0, 0xF0, 0x7C, 0x78, 0x1E, 0x7C,
    0x0F, 0xFF, 0x03, 0xE7, 0xC0, 0x00, 0x00, 0x00, 0x00, 0x01, 0xE0, 0x07, 0x80, 0x1E, 0x00, 0x30,
    0x00, 0x00, 0x3F, 0x9F, 0x7F, 0x3F, 0x7C, 0x38, 0x78, 0x70, 0xF0, 0xC0, 0xF1, 0x81, 0xE3, 0x03,
    0xCC, 0x03, 0xD8, 0x07, 0xA0, 0x07, 0xC0, 0x0F, 0x80, 0x1E, 0x00, 0x1C, 0x00, 0x38, 0x00, 0xE0,
    0x01, 0xC0, 0x07, 0x00, 0x7C, 0x00, 0xE0, 0x00, 0xFC, 0x00, 0xF8, 0x00, 0xF0, 0x01, 0xE0, 0x03,
    0xC0, 0x07, 0x9E, 0x0F, 0x7E, 0x1F, 0xBE, 0x3E, 0x3E, 0x7C, 0x3C, 0xF0, 0x79, 0xE0, 0xF3, 0xC1,
    0xE7, 0x83, 0xCF, 0x07, 0x9F, 0x0F, 0x3E, 0x3C, 0x7F, 0xF8, 0xF7, 0xE1, 0xE0, 0x03, 0xC0, 0x07,
    0x80, 0x0F, 0x00, 0x3F, 0x80, 0xFF, 0x80, 0x0C, 0x60, 0x3C, 0xE0, 0x39, 0xC0, 0x21, 0x00, 0x00,
    0x1F, 0xCF, 0xBF, 0x9F, 0xBE, 0x1C, 0x3C, 0x38, 0x78, 0x60, 0x78, 0xC0, 0xF1, 0x81, 0xE6, 0x01,
    0xEC, 0x03, 0xD0, 0x03, 0xE0, 0x07, 0xC0, 0x0F, 0x00, 0x0E, 0x00, 0x1C, 0x00, 0x70, 0x00, 0xE0,
    0x03, 0x80, 0x3E, 0x00, 0x70, 0x00, 0x00, 0x00, 0x00, 0x7F, 0x00, 0x0F, 0xE0, 0x00, 0x00, 0x00,
    0x0E, 0x00, 0x03, 0xE0, 0x00, 0x7C, 0x00, 0x1F, 0xC0, 0x03, 0x78, 0x00, 0x6F, 0x00, 0x1C, 0xF0,
    0x03, 0x1E, 0x00, 0x63, 0xC0, 0x18, 0x3C, 0x03, 0xFF, 0x80, 0x7F, 0xF0, 0x1C, 0x1F, 0x03, 0x01,
    0xE0, 0xE0, 0x3C, 0x1C, 0x07, 0xC7, 0x80, 0xFD, 0xFC, 0x7F, 0xC0, 0x00, 0x00, 0x7F, 0x01, 0xFC,
    0x00, 0x00, 0x1F, 0x80, 0xFF, 0x87, 0x9E, 0x1E, 0x3C, 0x10, 0xF0, 0x03, 0xC1, 0xFF, 0x1F, 0xFC,
    0xF8, 0xF3, 0xC3, 0xCF, 0x1F, 0x3C, 0x7C, 0x7F, 0xF9, 0xFB, 0xE0, 0x00, 0x00, 0x00, 0x00, 0x00,
    0xE3, 0x80, 0x0F, 0xE0, 0x01, 0xFC, 0x00, 0x0E, 0x00, 0x00, 0x00, 0x00, 0x38, 0x00, 0x0F, 0x80,
    0x01, 0xF0, 0x00, 0x7F, 0x00, 0x0D, 0xE0, 0x01, 0xBC, 0x00, 0x73, 0xC0, 0x0C, 0x78, 0x01, 0x8F,
    0x00, 0x60, 0xF0, 0x0F, 0xFE, 0x01, 0xFF, 0xC0, 0x70, 0x7C, 0x0C, 0x07, 0x83, 0x80, 0xF0, 0x70,
    0x1F, 0x1E, 0x03, 0xF7, 0xF1, 0xFF, 0x00, 0x00, 0xC3, 0x03, 0xFC, 0x07, 0xE0, 0x0F, 0x00, 0x00,
    0x01, 0xF8, 0x0F, 0xF8, 0x79, 0xE1, 0xE3, 0xC1, 0x0F, 0x00, 0x3C, 0x1F, 0xF1, 0xFF, 0xCF, 0x8F,
    0x3C, 0x3C, 0xF1, 0xF3, 0xC7, 0xC7, 0xFF, 0x9F, 0xBE, 0x00, 0x00, 0x00, 0xE0, 0x00, 0x3E, 0x00,
    0x07, 0xC0, 0x01, 0xFC, 0x00, 0x37, 0x80, 0x06, 0xF0, 0x01, 0xCF, 0x00, 0x31, 0xE0, 0x06, 0x3C,
    0x01, 0x83, 0xC0, 0x3F, 0xF8, 0x07, 0xFF, 0x01, 0xC1, 0xF0, 0x30, 0x1E, 0x0E, 0x03, 0xC1, 0xC0,
    0x7C, 0x78, 0x0F, 0xDF, 0xC7, 0xFC, 0x00, 0x0C, 0x00, 0x03, 0x00, 0x00, 0xE0, 0x00, 0x1C, 0x00,
    0x03, 0xF0, 0x00, 0x3E, 0x1F, 0x80, 0xFF, 0x87, 0x9E, 0x1E, 0x3C, 0x10, 0xF0, 0x03, 0xC1, 0xFF,
    0x1F, 0xFC, 0xF8, 0xF3, 0xC3, 0xCF, 0x1F, 0x3C, 0x7C, 0x7F, 0xF9, 0xFB, 0xE0, 0x1C, 0x00, 0xE0,
    0x03, 0x00, 0x1C, 0x00, 0x3F, 0x00, 0x78, 0x00, 0x00, 0x00, 0xF0, 0x03, 0xC0, 0x07, 0x00, 0x1C,
    0x00, 0x00, 0x01, 0xFE, 0x0F, 0xFE, 0x3C, 0x1E, 0x78, 0x3D, 0xE0, 0x73, 0xC0, 0x07, 0x80, 0x1F,
    0x00, 0x3E, 0x00, 0x7C, 0x00, 0xF8, 0x01, 0xF0, 0x01, 0xE0, 0x03, 0xC0, 0x03, 0xC0, 0x27, 0xC1,
    0xC7, 0xFF, 0x03, 0xFC, 0x00, 0x00, 0x00, 0x00, 0x3E, 0x03, 0xC0, 0x70, 0x06, 0x00, 0x00, 0x0F,
    0x83, 0xFE, 0x79, 0xE7, 0x8E, 0xF0, 0xEF, 0x00, 0xF0, 0x0F, 0x00, 0xF0, 0x0F, 0x00, 0xF8, 0x07,
    0x86, 0x3F, 0xE1, 0xFC, 0x00, 0x00, 0x00, 0x00, 0x07, 0xC0, 0x0F, 0x80, 0x3B, 0x80, 0xC1, 0x80,
    0x00, 0x01, 0xFE, 0x0F, 0xFE, 0x3C, 0x1E, 0x78, 0x3D, 0xE0, 0x73, 0xC0, 0x07, 0x80, 0x1F, 0x00,
    0x3E, 0x00, 0x7C, 0x00, 0xF8, 0x01, 0xF0, 0x01, 0xE0, 0x03, 0xC0, 0x03, 0xC0, 0x27, 0xC1, 0xC7,
    0xFF, 0x03, 0xFC, 0x00, 0x00, 0x00, 0x00, 0xF0, 0x1F, 0x81, 0x9C, 0x30, 0xE0, 0x00, 0x0F, 0x83,
    0xFE, 0x79, 0xE7, 0x8E, 0xF0, 0xEF, 0x00, 0xF0, 0x0F, 0x00, 0xF0, 0x0F, 0x00, 0xF8, 0x07, 0x86,
    0x3F, 0xE1, 0xFC, 0x00, 0x00, 0x00, 0x00, 0x03, 0xC0, 0x0F, 0x80, 0x0F, 0x00, 0x00, 0x00, 0x00,
    0x01, 0xFE, 0x0F, 0xFE, 0x3C, 0x1E, 0x78, 0x3D, 0xE0, 0x73, 0xC0, 0x07, 0x80, 0x1F, 0x00, 0x3E,
    0x00, 0x7C, 0x00, 0xF8, 0x01, 0xF0, 0x01, 0xE0, 0x03, 0xC0, 0x03, 0xC0, 0x27, 0xC1, 0xC7, 0xFF,
    0x03, 0xFC, 0x00, 0x00, 0x00, 0x00, 0xF0, 0x0F, 0x00, 0xF0, 0x00, 0x00, 0x00, 0x0F, 0x83, 0xFE,
    0x79, 0xE7, 0x8E, 0xF0, 0xEF, 0x00, 0xF0, 0x0F, 0x00, 0xF0, 0x0F, 0x00, 0xF8, 0x07, 0x86, 0x3F,
    0xE1, 0xFC, 0x00, 0x00, 0x00, 0x00, 0x1C, 0x70, 0x1D, 0xC0, 0x1F, 0x00, 0x1C, 0x00, 0x00, 0x01,
    0xFE, 0x0F, 0xFE, 0x3C, 0x1E, 0x78, 0x3D, 0xE0, 0x73, 0xC0, 0x07, 0x80, 0x1F, 0x00, 0x3E, 0x00,
    0x7C, 0x00, 0xF8, 0x01, 0xF0, 0x01, 0xE0, 0x03, 0xC0, 0x03, 0xC0, 0x27, 0xC1, 0xC7, 0xFF, 0x03,
    0xFC, 0x00, 0x00, 0x00, 0x03, 0x8E, 0x1D, 0xC0, 0xF8, 0x0F, 0x00, 0x00, 0x0F, 0x83, 0xFE, 0x79,
    0xE7, 0x8E, 0xF0, 0xEF, 0x00, 0xF0, 0x0F, 0x00, 0xF0, 0x0F, 0x00, 0xF8, 0x07, 0x86, 0x3F, 0xE1,
    0xFC, 0x00, 0x00, 0x00, 0x00, 0x01, 0x86, 0x00, 0x3B, 0x80, 0x0F, 0xC0, 0x01, 0xE0, 0x00, 0x00,
    0x07, 0xFF, 0x01, 0xFF, 0xF8, 0x1E, 0x1F, 0x07, 0x83, 0xE1, 0xE0, 0x78, 0x78, 0x1E, 0x1E, 0x07,
    0xC7, 0x81, 0xF1, 0xE0, 0x7C, 0x78, 0x1F, 0x1E, 0x07, 0xC7, 0x81, 0xF1, 0xE0, 0x78, 0x78, 0x1E,
    0x1E, 0x0F, 0x07, 0x87, 0xC3, 0xFF, 0xC1, 0xFF, 0xE0, 0x01, 0xF9, 0xC0, 0x7E, 0x60, 0x07, 0xB8,
    0x01, 0xEC, 0x00, 0x78, 0x07, 0x9E, 0x03, 0xF7, 0x81, 0xF7, 0xE0, 0x78, 0xF8, 0x3C, 0x1E, 0x0F,
    0x07, 0x83, 0xC1, 0xE0, 0xF0, 0x78, 0x3C, 0x1E, 0x0F, 0x07, 0x83, 0xC3, 0xE0, 0x78, 0xF8, 0x1F,
    0xFF, 0x03, 0xF3, 0xE0, 0x00, 0x00, 0x7F, 0xF0, 0x1F, 0xFF, 0x81, 0xE1, 0xF0, 0x78, 0x3E, 0x1E,
    0x07, 0x87, 0x81, 0xE1, 0xE0, 0x7C, 0x78, 0x1F, 0x7F, 0xC7, 0xDF, 0xF1, 0xF1, 0xE0, 0x7C, 0x78,
    0x1F, 0x1E, 0x07, 0x87, 0x81, 0xE1, 0xE0, 0xF0, 0x78, 0x7C, 0x3F, 0xFC, 0x1F, 0xFE, 0x00, 0x01,
    0xF8, 0x03, 0xF0, 0x01, 0xE0, 0x3F, 0xF0, 0x7F, 0xE0, 0x0F, 0x07, 0x9E, 0x1F, 0xFC, 0x78, 0xF9,
    0xF1, 0xF3, 0xC1, 0xE7, 0x83, 0xCF, 0x07, 0x9E, 0x0F, 0x3C, 0x1E, 0x78, 0x7C, 0x78, 0xF8, 0xFF,
    0xF8, 0xFC, 0xF8, 0x00, 0x00, 0x00, 0x00, 0x0F, 0xF0, 0x07, 0xF0, 0x00, 0x00, 0x7F, 0xFE, 0x7F,
    0xFE, 0x1E, 0x0E, 0x1E, 0x06, 0x1E, 0x06, 0x1E, 0x00, 0x1E, 0x00, 0x1E, 0x00, 0x1F, 0xF8, 0x1F,
    0xF8, 0x1E, 0x00, 0x1E, 0x00, 0x1E, 0x00, 0x1E, 0x02, 0x1E, 0x03, 0x1E, 0x07, 0x3F, 0xFF, 0x7F,
    0xFF, 0x00, 0x00, 0xFE, 0x07, 0xF0, 0x00, 0x00, 0xF8, 0x1F, 0xE1, 0xE7, 0x8F, 0x1E, 0xF0, 0xF7,
    0x87, 0xBF, 0xFD, 0xFF, 0xEF, 0x00, 0x78, 0x01, 0xE0, 0x0F, 0x06, 0x3F, 0xE0, 0xFE, 0x00, 0x00,
    0x00, 0x00, 0x0C, 0x30, 0x07, 0xF0, 0x07, 0xE0, 0x03, 0xC0, 0x00, 0x00, 0x7F, 0xFE, 0x7F, 0xFE,
    0x1E, 0x0E, 0x1E, 0x06, 0x1E, 0x06, 0x1E, 0x00, 0x1E, 0x00, 0x1E, 0x00, 0x1F, 0xF8, 0x1F, 0xF8,
    0x1E, 0x00, 0x1E, 0x00, 0x1E, 0x00, 0x1E, 0x02, 0x1E, 0x03, 0x1E, 0x07, 0x3F, 0xFF, 0x7F, 0xFF,
    0x00, 0x01, 0x86, 0x07, 0xF0, 0x3F, 0x80, 0xF0, 0x00, 0x00, 0x3E, 0x07, 0xF8, 0x79, 0xE3, 0xC7,
    0xBC, 0x3D, 0xE1, 0xEF, 0xFF, 0x7F, 0xFB, 0xC0, 0x1E, 0x00, 0x78, 0x03, 0xC1, 0x8F, 0xF8, 0x3F,
    0x80, 0x00, 0x00, 0x00, 0x00, 0x03, 0xC0, 0x03, 0xE0, 0x03, 0xC0, 0x00, 0x00, 0x00, 0x00, 0x7F,
    0xFE, 0x7F, 0xFE, 0x1E, 0x0E, 0x1E, 0x06, 0x1E, 0x06, 0x1E, 0x00, 0x1E, 0x00, 0x1E, 0x00, 0x1F,
    0xF8, 0x1F, 0xF8, 0x1E, 0x00, 0x1E, 0x00, 0x1E, 0x00, 0x1E, 0x02, 0x1E, 0x03, 0x1E, 0x07, 0x3F,
    0xFF, 0x7F, 0xFF, 0x00, 0x00, 0x38, 0x03, 0xE0, 0x1E, 0x00, 0x00, 0x00, 0x00, 0x3E, 0x07, 0xF8,
    0x79, 0xE3, 0xC7, 0xBC, 0x3D, 0xE1, 0xEF, 0xFF, 0x7F, 0xFB, 0xC0, 0x1E, 0x00, 0x78, 0x03, 0xC1,
    0x8F, 0xF8, 0x3F, 0x80, 0x00, 0x00, 0x7F, 0xFE, 0x7F, 0xFE, 0x1E, 0x0E, 0x1E, 0x06, 0x1E, 0x06,
    0x1E, 0x00, 0x1E, 0x00, 0x1E, 0x00, 0x1F, 0xF8, 0x1F, 0xF8, 0x1E, 0x00, 0x1E, 0x00, 0x1E, 0x00,
    0x1E, 0x02, 0x1E, 0x03, 0x1E, 0x07, 0x3F, 0xFF, 0x7F, 0xFF, 0x00, 0x18, 0x00, 0x30, 0x00, 0x70,
    0x00, 0x70, 0x00, 0x7E, 0x00, 0x3E, 0x0F, 0x81, 0xFE, 0x1E, 0x78, 0xF1, 0xEF, 0x0F, 0x78, 0x7B,
    0xFF, 0xDF, 0xFE, 0xF0, 0x07, 0x80, 0x1E, 0x00, 0xF0, 0x63, 0xFE, 0x0F, 0xE0, 0x0E, 0x00, 0xE0,
    0x06, 0x00, 0x38, 0x01, 0xF8, 0x07, 0xC0, 0x00, 0x00, 0x0E, 0x38, 0x07, 0x70, 0x03, 0xE0, 0x03,
    0xC0, 0x00, 0x00, 0x7F, 0xFE, 0x7F, 0xFE, 0x1E, 0x0E, 0x1E, 0x06, 0x1E, 0x06, 0x1E, 0x00, 0x1E,
    0x00, 0x1E, 0x00, 0x1F, 0xF8, 0x1F, 0xF8, 0x1E, 0x00, 0x1E, 0x00, 0x1E, 0x00, 0x1E, 0x02, 0x1E,
    0x03, 0x1E, 0x07, 0x3F, 0xFF, 0x7F, 0xFF, 0x00, 0x01, 0xC7, 0x07, 0x70, 0x1F, 0x00, 0xF0, 0x00,
    0x00, 0x3E, 0x07, 0xF8, 0x79, 0xE3, 0xC7, 0xBC, 0x3D, 0xE1, 0xEF, 0xFF, 0x7F, 0xFB, 0xC0, 0x1E,
    0x00, 0x78, 0x03, 0xC1, 0x8F, 0xF8, 0x3F, 0x80, 0x00, 0x00, 0x00, 0x00, 0x00, 0x78, 0x00, 0x3F,
    0x00, 0x0C, 0xE0, 0x06, 0x1C, 0x00, 0x00, 0x00, 0x3F, 0xC0, 0x3F, 0xFC, 0x1E, 0x0F, 0x0F, 0x03,
    0xC7, 0x80, 0x61, 0xE0, 0x00, 0x78, 0x00, 0x3E, 0x00, 0x0F, 0x80, 0x03, 0xE0, 0xFE, 0xF8, 0x3F,
    0xFE, 0x07, 0xC7, 0x80, 0xF1, 0xE0, 0x3C, 0x3C, 0x0F, 0x0F, 0x83, 0xC1, 0xFF, 0xF0, 0x1F, 0xF8,
    0x00, 0x00, 0x00, 0x00, 0x00, 0x3E, 0x00, 0xF8, 0x07, 0x70, 0x30, 0x60, 0x00, 0x20, 0xFB, 0xCF,
    0xFF, 0x38, 0xE9, 0xE3, 0xC7, 0x8F, 0x1E, 0x3C, 0x78, 0xF0, 0xF7, 0x81, 0xFC, 0x06, 0x00, 0x30,
    0x01, 0xFF, 0x83, 0xFF, 0x0F, 0xFE, 0x7F, 0xFB, 0x80, 0xEE, 0x03, 0xBC, 0x1E, 0x7F, 0xF0, 0xFF,
    0x00, 0x00, 0x00, 0x01, 0x86, 0x00, 0x7F, 0x80, 0x0F, 0xC0, 0x01, 0xE0, 0x00, 0x00, 0x00, 0x3F,
    0xC0, 0x3F, 0xFC, 0x1E, 0x0F, 0x0F, 0x03, 0xC7, 0x80, 0x61, 0xE0, 0x00, 0x78, 0x00, 0x3E, 0x00,
    0x0F, 0x80, 0x03, 0xE0, 0xFE, 0xF8, 0x3F, 0xFE, 0x07, 0xC7, 0x80, 0xF1, 0xE0, 0x3C, 0x3C, 0x0F,
    0x0F, 0x83, 0xC1, 0xFF, 0xF0, 0x1F, 0xF8, 0x00, 0x00, 0x00, 0x00, 0x00, 0xC3, 0x01, 0xFC, 0x07,
    0xF0, 0x0F, 0x00, 0x00, 0x20, 0xFB, 0xCF, 0xFF, 0x38, 0xE9, 0xE3, 0xC7, 0x8F, 0x1E, 0x3C, 0x78,
    0xF0, 0xF7, 0x81, 0xFC, 0x06, 0x00, 0x30, 0x01, 0xFF, 0x83, 0xFF, 0x0F, 0xFE, 0x7F, 0xFB, 0x80,
    0xEE, 0x03, 0xBC, 0x1E, 0x7F, 0xF0, 0xFF, 0x00, 0x00, 0x00, 0x00, 0x78, 0x00, 0x1E, 0x00, 0x07,
    0x80, 0x00, 0x00, 0x00, 0x00, 0x00, 0x3F, 0xC0, 0x3F, 0xFC, 0x1E, 0x0F, 0x0F, 0x03, 0xC7, 0x80,
    0x61, 0xE0, 0x00, 0x78, 0x00, 0x3E, 0x00, 0x0F, 0x80, 0x03, 0xE0, 0xFE, 0xF8, 0x3F, 0xFE, 0x07,
    0xC7, 0x80, 0xF1, 0xE0, 0x3C, 0x3C, 0x0F, 0x0F, 0x83, 0xC1, 0xFF, 0xF0, 0x1F, 0xF8, 0x00, 0x00,
    0x00, 0x00, 0x00, 0x3C, 0x00, 0xF8, 0x03, 0xC0, 0x00, 0x00, 0x00, 0x20, 0xFB, 0xCF, 0xFF, 0x38,
    0xE9, 0xE3, 0xC7, 0x8F, 0x1E, 0x3C, 0x78, 0xF0, 0xF7, 0x81, 0xFC, 0x06, 0x00, 0x30, 0x01, 0xFF,
    0x83, 0xFF, 0x0F, 0xFE, 0x7F, 0xFB, 0x80, 0xEE, 0x03, 0xBC, 0x1E, 0x7F, 0xF0, 0xFF, 0x00, 0x00,
    0x00, 0x00, 0xFF, 0x00, 0xFF, 0xF0, 0x78, 0x3C, 0x3C, 0x0F, 0x1E, 0x01, 0x87, 0x80, 0x01, 0xE0,
    0x00, 0xF8, 0x00, 0x3E, 0x00, 0x0F, 0x83, 0xFB, 0xE0, 0xFF, 0xF8, 0x1F, 0x1E, 0x03, 0xC7, 0x80,
    0xF0, 0xF0, 0x3C, 0x3E, 0x0F, 0x07, 0xFF, 0xC0, 0x7F, 0xE0, 0x00, 0x00, 0x00, 0xC0, 0x00, 0x70,
    0x00, 0x1C, 0x00, 0x06, 0x00, 0x01, 0x00, 0x00, 0x00, 0x00, 0x06, 0x00, 0x38, 0x00, 0xE0, 0x07,
    0x00, 0x00, 0x20, 0xFB, 0xCF, 0xFF, 0x38, 0xE9, 0xE3, 0xC7, 0x8F, 0x1E, 0x3C, 0x78, 0xF0, 0xF7,
    0x81, 0xFC, 0x06, 0x00, 0x30, 0x01, 0xFF, 0x83, 0xFF, 0x0F, 0xFE, 0x7F, 0xFB, 0x80, 0xEE, 0x03,
    0xBC, 0x1E, 0x7F, 0xF0, 0xFF, 0x00, 0x00, 0x00, 0x00, 0x0F, 0x00, 0x01, 0xF8, 0x00, 0x19, 0xC0,
    0x03, 0x0E, 0x00, 0x00, 0x00, 0x7F, 0x9F, 0xF7, 0xF8, 0xFF, 0x1E, 0x07, 0xC1, 0xE0, 0x7C, 0x1E,
    0x07, 0xC1, 0xE0, 0x7C, 0x1E, 0x07, 0xC1, 0xE0, 0x7C, 0x1F, 0xFF, 0xC1, 0xFF, 0xFC, 0x1E, 0x07,
    0xC1, 0xE0, 0x7C, 0x1E, 0x07, 0xC1, 0xE0, 0x7C, 0x1E, 0x07, 0xC1, 0xE0, 0x7C, 0x3F, 0x0F, 0xE7,
    0xF9, 0xFF, 0x00, 0x00, 0x07, 0x80, 0x07, 0xE0, 0x07, 0x30, 0x07, 0x0C, 0x00, 0x00, 0x03, 0xF0,
    0x00, 0xF8, 0x00, 0x3C, 0x00, 0x1E, 0x00, 0x0F, 0x00, 0x07, 0x9E, 0x03, 0xFF, 0x81, 0xFF, 0xE0,
    0xF8, 0xF0, 0x7C, 0x78, 0x3C, 0x3C, 0x1E, 0x1E, 0x0F, 0x0F, 0x07, 0x87, 0x83, 0xC3, 0xC1, 0xE1,
    0xE0, 0xF0, 0xF0, 0xFE, 0x7C, 0xFF, 0x3F, 0x00, 0x7F, 0x9F, 0xF3, 0xFC, 0x7F, 0x87, 0x81, 0xF0,
    0x3C, 0x0F, 0x8F, 0xFF, 0xFF, 0x3F, 0xFF, 0xF8, 0x78, 0x1F, 0x03, 0xC0, 0xF8, 0x1F, 0xFF, 0xC0,
    0xFF, 0xFE, 0x07, 0x81, 0xF0, 0x3C, 0x0F, 0x81, 0xE0, 0x7C, 0x0F, 0x03, 0xE0, 0x78, 0x1F, 0x03,
    0xC0, 0xF8, 0x3F, 0x0F, 0xE3, 0xFC, 0xFF, 0x80, 0xFC, 0x00, 0x3E, 0x00, 0x0F, 0x00, 0x1F, 0xF8,
    0x07, 0xFC, 0x01, 0xE0, 0x00, 0xF3, 0xC0, 0x7F, 0xF8, 0x3F, 0x7C, 0x1F, 0x1E, 0x0F, 0x8F, 0x07,
    0x87, 0x83, 0xC3, 0xC1, 0xE1, 0xE0, 0xF0, 0xF0, 0x78, 0x78, 0x3C, 0x3C, 0x3F, 0x9F, 0x3F, 0xCF,
    0xC0, 0x00, 0x1E, 0x3F, 0xFF, 0xFE, 0xC7, 0x00, 0x07, 0xF9, 0xFE, 0x1E, 0x07, 0x81, 0xE0, 0x78,
    0x1E, 0x07, 0x81, 0xE0, 0x78, 0x1E, 0x07, 0x81, 0xE0, 0x78, 0x1E, 0x07, 0x83, 0xF1, 0xFE, 0x00,
    0x07, 0x99, 0xFF, 0x77, 0xEC, 0x78, 0x00, 0x0F, 0x83, 0xF0, 0x1E, 0x03, 0xC0, 0x78, 0x0F, 0x01,
    0xE0, 0x3C, 0x07, 0x80, 0xF0, 0x1E, 0x03, 0xE0, 0xFE, 0x3F, 0xE0, 0x00, 0x1F, 0xE7, 0xF8, 0x00,
    0x7F, 0x9F, 0xE1, 0xE0, 0x78, 0x1E, 0x07, 0x81, 0xE0, 0x78, 0x1E, 0x07, 0x81, 0xE0, 0x78, 0x1E,
    0x07, 0x81, 0xE0, 0x78, 0x3F, 0x1F, 0xE0, 0x00, 0x7F, 0xBF, 0xC0, 0x07, 0xC7, 0xE0, 0xF0, 0x78,
    0x3C, 0x1E, 0x0F, 0x07, 0x83, 0xC1, 0xE0, 0xF0, 0x7C, 0x7F, 0x7F, 0xC0, 0x00, 0x18, 0x67, 0xF8,
    0xFC, 0x1E, 0x00, 0x07, 0xF9, 0xFE, 0x1E, 0x07, 0x81, 0xE0, 0x78, 0x1E, 0x07, 0x81, 0xE0, 0x78,
    0x1E, 0x07, 0x81, 0xE0, 0x78, 0x1E, 0x07, 0x83, 0xF1, 0xFE, 0x00, 0x61, 0xBF, 0xCF, 0xC3, 0xC0,
    0x01, 0xF1, 0xF8, 0x3C, 0x1E, 0x0F, 0x07, 0x83, 0xC1, 0xE0, 0xF0, 0x78, 0x3C, 0x1F, 0x1F, 0xDF,
    0xF0, 0x7F, 0x9F, 0xE1, 0xE0, 0x78, 0x1E, 0x07, 0x81, 0xE0, 0x78, 0x1E, 0x07, 0x81, 0xE0, 0x78,
    0x1E, 0x07, 0x81, 0xE0, 0x78, 0x3F, 0x1F, 0xE0, 0xE0, 0x70, 0x18, 0x0E, 0x01, 0xF8, 0x3C, 0x00,
    0x1E, 0x0F, 0x87, 0x80, 0x00, 0x01, 0xF1, 0xF8, 0x3C, 0x1E, 0x0F, 0x07, 0x83, 0xC1, 0xE0, 0xF0,
    0x78, 0x3C, 0x1F, 0x1F, 0xDF, 0xF1, 0xC1, 0xC0, 0xE0, 0x70, 0x3F, 0x0F, 0x80, 0x00, 0x07, 0x81,
    0xE0, 0x78, 0x00, 0x00, 0x07, 0xF9, 0xFE, 0x1E, 0x07, 0x81, 0xE0, 0x78, 0x1E, 0x07, 0x81, 0xE0,
    0x78, 0x1E, 0x07, 0x81, 0xE0, 0x78, 0x1E, 0x07, 0x83, 0xF1, 0xFE, 0x7C, 0x7E, 0x0F, 0x07, 0x83,
    0xC1, 0xE0, 0xF0, 0x78, 0x3C, 0x1E, 0x0F, 0x07, 0xC7, 0xF7, 0xFC, 0x7F, 0x9F, 0xF7, 0xF9, 0xFE,
    0x1E, 0x07, 0x81, 0xE0, 0x78, 0x1E, 0x07, 0x81, 0xE0, 0x78, 0x1E, 0x07, 0x81, 0xE0, 0x78, 0x1E,
    0x07, 0x81, 0xE0, 0x78, 0x1E, 0x07, 0x81, 0xE0, 0x78, 0x1E, 0x07, 0x81, 0xE0, 0x78, 0x1E, 0x07,
    0x81, 0xE0, 0x78, 0x3F, 0x07, 0x87, 0xF8, 0x78, 0x00, 0x07, 0x80, 0x00, 0x78, 0x00, 0x07, 0x80,
    0x00, 0xF0, 0x00, 0x3E, 0x00, 0x07, 0xC0, 0x00, 0x00, 0x3C, 0x1E, 0x3E, 0x1E, 0x3C, 0x1E, 0x00,
    0x00, 0x00, 0x00, 0x7C, 0x3E, 0xFC, 0x7E, 0x3C, 0x1E, 0x3C, 0x1E, 0x3C, 0x1E, 0x3C, 0x1E, 0x3C,
    0x1E, 0x3C, 0x1E, 0x3C, 0x1E, 0x3C, 0x1E, 0x3C, 0x1E, 0x3E, 0x1E, 0x7F, 0x1E, 0xFF, 0x9E, 0x00,
    0x1E, 0x00, 0x1E, 0x00, 0x1E, 0x00, 0x3C, 0x00, 0xFC, 0x00, 0xF0, 0x00, 0x01, 0xE0, 0x7E, 0x1C,
    0xE3, 0x0C, 0x00, 0x0F, 0xF1, 0xFE, 0x0F, 0x01, 0xE0, 0x3C, 0x07, 0x80, 0xF0, 0x1E, 0x03, 0xC0,
    0x78, 0x0F, 0x01, 0xE0, 0x3C, 0x07, 0x80, 0xF0, 0x1E, 0x03, 0xC0, 0x78, 0x0F, 0x01, 0xE0, 0x3C,
    0x0F, 0x07, 0xC1, 0xF0, 0x00, 0x00, 0x07, 0x83, 0xF1, 0xCE, 0x61, 0x80, 0x03, 0xE1, 0xF8, 0x1E,
    0x07, 0x81, 0xE0, 0x78, 0x1E, 0x07, 0x81, 0xE0, 0x78, 0x1E, 0x07, 0x81, 0xE0, 0x78, 0x1E, 0x07,
    0x81, 0xE0, 0x78, 0x7C, 0x3C, 0x00, 0x7F, 0x9F, 0xCF, 0xF3, 0xF0, 0x78, 0x38, 0x0F, 0x06, 0x01,
    0xE1, 0x80, 0x3C, 0x70, 0x07, 0x9C, 0x00, 0xF7, 0x00, 0x1F, 0xF0, 0x03, 0xFE, 0x00, 0x7F, 0xE0,
    0x0F, 0x3E, 0x01, 0xE7, 0xC0, 0x3C, 0x7C, 0x07, 0x87, 0x80, 0xF0, 0xF8, 0x3F, 0x0F, 0xCF, 0xF0,
    0xF8, 0x00, 0x00, 0x00, 0x30, 0x00, 0x0E, 0x00, 0x01, 0xC0, 0x00, 0x30, 0x00, 0x04, 0x00, 0xFC,
    0x00, 0x7C, 0x00, 0x3C, 0x00, 0x3C, 0x00, 0x3C, 0x00, 0x3C, 0x7E, 0x3C, 0x7E, 0x3C, 0x38, 0x3C,
    0x70, 0x3C, 0x60, 0x3C, 0xC0, 0x3F, 0xE0, 0x3F, 0xE0, 0x3F, 0xF0, 0x3C, 0xF8, 0x3C, 0x78, 0x3C,
    0x3C, 0x7F, 0x3E, 0xFF, 0x9F, 0x00, 0x00, 0x00, 0xC0, 0x01, 0xC0, 0x01, 0x80, 0x03, 0x80, 0x01,
    0x00, 0x7C, 0x7E, 0xFC, 0x7E, 0x3C, 0x38, 0x3C, 0x70, 0x3C, 0x60, 0x3C, 0xC0, 0x3F, 0xE0, 0x3F,
    0xE0, 0x3F, 0xF0, 0x3C, 0xF8, 0x3C, 0x78, 0x3C, 0x7C, 0x7F, 0x3E, 0xFF, 0x9F, 0x00, 0x00, 0x03,
    0xC0, 0x03, 0x80, 0x07, 0x00, 0x0E, 0x00, 0x00, 0x00, 0x7F, 0x80, 0x7F, 0x80, 0x1E, 0x00, 0x1E,
    0x00, 0x1E, 0x00, 0x1E, 0x00, 0x1E, 0x00, 0x1E, 0x00, 0x1E, 0x00, 0x1E, 0x00, 0x1E, 0x00, 0x1E,
    0x00, 0x1E, 0x02, 0x1E, 0x03, 0x1E, 0x03, 0x1E, 0x07, 0x3F, 0xFF, 0x7F, 0xFF, 0x00, 0x01, 0xE0,
    0xF0, 0x78, 0x18, 0x00, 0x0F, 0xC1, 0xF0, 0x3C, 0x0F, 0x03, 0xC0, 0xF0, 0x3C, 0x0F, 0x03, 0xC0,
    0xF0, 0x3C, 0x0F, 0x03, 0xC0, 0xF0, 0x3C, 0x0F, 0x03, 0xE1, 0xFC, 0xFF, 0x80, 0x7F, 0x80, 0x7F,
    0x80, 0x1E, 0x00, 0x1E, 0x00, 0x1E, 0x00, 0x1E, 0x00, 0x1E, 0x00, 0x1E, 0x00, 0x1E, 0x00, 0x1E,
    0x00, 0x1E, 0x00, 0x1E, 0x00, 0x1E, 0x02, 0x1E, 0x03, 0x1E, 0x03, 0x1E, 0x07, 0x3F, 0xFF, 0x7F,
    0xFF, 0x00, 0x00, 0x01, 0xC0, 0x01, 0xC0, 0x03, 0x80, 0x03, 0x00, 0x03, 0x00, 0xFC, 0x3E, 0x0F,
    0x07, 0x83, 0xC1, 0xE0, 0xF0, 0x78, 0x3C, 0x1E, 0x0F, 0x07, 0x83, 0xC1, 0xE0, 0xF0, 0x78, 0x3E,
    0x3F, 0xBF, 0xE0, 0x01, 0xC0, 0xE0, 0xE0, 0x60, 0x30, 0x00, 0x7F, 0x8E, 0x7F, 0x8E, 0x1E, 0x0C,
    0x1E, 0x18, 0x1E, 0x00, 0x1E, 0x00, 0x1E, 0x00, 0x1E, 0x00, 0x1E, 0x00, 0x1E, 0x00, 0x1E, 0x00,
    0x1E, 0x00, 0x1E, 0x02, 0x1E, 0x03, 0x1E, 0x03, 0x1E, 0x07, 0x3F, 0xFF, 0x7F, 0xFF, 0xFC, 0xF7,
    0xCE, 0x3C, 0xC3, 0xCC, 0x3C, 0x03, 0xC0, 0x3C, 0x03, 0xC0, 0x3C, 0x03, 0xC0, 0x3C, 0x03, 0xC0,
    0x3C, 0x03, 0xC0, 0x3C, 0x03, 0xC0, 0x3E, 0x07, 0xF0, 0xFF, 0x80, 0x7F, 0x80, 0x7F, 0x80, 0x1E,
    0x00, 0x1E, 0x00, 0x1E, 0x00, 0x1E, 0x00, 0x1E, 0x00, 0x1E, 0x1E, 0x1E, 0x1E, 0x1E, 0x1E, 0x1E,
    0x00, 0x1E, 0x00, 0x1E, 0x02, 0x1E, 0x03, 0x1E, 0x03, 0x1E, 0x07, 0x3F, 0xFF, 0x7F, 0xFF, 0xFC,
    0x03, 0xE0, 0x0F, 0x00, 0x78, 0x03, 0xC0, 0x1E, 0x00, 0xF0, 0x07, 0x80, 0x3C, 0x01, 0xE7, 0x8F,
    0x3C, 0x79, 0xE3, 0xC0, 0x1E, 0x00, 0xF0, 0x07, 0x80, 0x3E, 0x03, 0xF8, 0x3F, 0xE0, 0x7F, 0x80,
    0x7F, 0x80, 0x1E, 0x00, 0x1E, 0x00, 0x1E, 0x00, 0x1E, 0x60, 0x1E, 0xE0, 0x1F, 0x80, 0x1F, 0x00,
    0x1E, 0x00, 0x7E, 0x00, 0x7E, 0x00, 0x1E, 0x02, 0x1E, 0x03, 0x1E, 0x03, 0x1E, 0x07, 0x3F, 0xFF,
    0x7F, 0xFF, 0xFC, 0x3E, 0x0F, 0x07, 0x83, 0xC1, 0xE0, 0xF0, 0x78, 0x3F, 0x1F, 0x8F, 0x0F, 0x87,
    0xC1, 0xE0, 0xF0, 0x78, 0x3C, 0x3F, 0xBF, 0xE0, 0x00, 0x00, 0x00, 0x01, 0xE0, 0x00, 0x3C, 0x00,
    0x07, 0x80, 0x00, 0x60, 0x00, 0x00, 0x00, 0x7E, 0x07, 0xE7, 0xE0, 0x7E, 0x1F, 0x01, 0x81, 0xF8,
    0x18, 0x1F, 0x81, 0x81, 0xBC, 0x18, 0x1B, 0xE1, 0x81, 0x9F, 0x18, 0x18, 0xF1, 0x81, 0x87, 0x98,
    0x18, 0x7D, 0x81, 0x83, 0xD8, 0x18, 0x1F, 0x81, 0x81, 0xF8, 0x18, 0x0F, 0x81, 0x80, 0x78, 0x3C,
    0x07, 0x87, 0xE0, 0x38, 0x00, 0x00, 0x00, 0x3C, 0x00, 0x3C, 0x00, 0x3C, 0x00, 0x18, 0x00, 0x00,
    0x01, 0xF3, 0xC0, 0xFB, 0xF0, 0x3F, 0xFC, 0x1F, 0x1E, 0x0F, 0x8F, 0x07, 0x87, 0x83, 0xC3, 0xC1,
    0xE1, 0xE0, 0xF0, 0xF0, 0x78, 0x78, 0x3C, 0x3C, 0x1E, 0x1E, 0x1F, 0xCF, 0x9F, 0xE7, 0xE0, 0x7E,
    0x07, 0xE7, 0xE0, 0x7E, 0x1F, 0x01, 0x81, 0xF8, 0x18, 0x1F, 0x81, 0x81, 0xBC, 0x18, 0x1B, 0xE1,
    0x81, 0x9F, 0x18, 0x18, 0xF1, 0x81, 0x87, 0x98, 0x18, 0x7D, 0x81, 0x83, 0xD8, 0x18, 0x1F, 0x81,
    0x81, 0xF8, 0x18, 0x0F, 0x81, 0x80, 0x78, 0x3C, 0x07, 0x87, 0xE0, 0x38, 0x00, 0x00, 0x00, 0x06,
    0x00, 0x00, 0x70, 0x00, 0x0E, 0x00, 0x00, 0xC0, 0x00, 0x08, 0x00, 0x7C, 0xF0, 0x3E, 0xFC, 0x0F,
    0xFF, 0x07, 0xC7, 0x83, 0xE3, 0xC1, 0xE1, 0xE0, 0xF0, 0xF0, 0x78, 0x78, 0x3C, 0x3C, 0x1E, 0x1E,
    0x0F, 0x0F, 0x07, 0x87, 0x87, 0xF3, 0xE7, 0xF9, 0xF8, 0x00, 0x00, 0x03, 0x80, 0x01, 0xC0, 0x00,
    0xC0, 0x00, 0xE0, 0x00, 0x60, 0x00, 0x00, 0x00, 0x00, 0x38, 0xE0, 0x01, 0xDC, 0x00, 0x0F, 0x80,
    0x00, 0xF0, 0x00, 0x00, 0x00, 0x7E, 0x07, 0xE7, 0xE0, 0x7E, 0x1F, 0x01, 0x81, 0xF8, 0x18, 0x1F,
    0x81, 0x81, 0xBC, 0x18, 0x1B, 0xE1, 0x81, 0x9F, 0x18, 0x18, 0xF1, 0x81, 0x87, 0x98, 0x18, 0x7D,
    0x81, 0x83, 0xD8, 0x18, 0x1F, 0x81, 0x81, 0xF8, 0x18, 0x0F, 0x81, 0x80, 0x78, 0x3C, 0x07, 0x87,
    0xE0, 0x38, 0x00, 0x00, 0x07, 0x1C, 0x01, 0xDC, 0x00, 0x7C, 0x00, 0x3C, 0x00, 0x00, 0x01, 0xF3,
    0xC0, 0xFB, 0xF0, 0x3F, 0xFC, 0x1F, 0x1E, 0x0F, 0x8F, 0x07, 0x87, 0x83, 0xC3, 0xC1, 0xE1, 0xE0,
    0xF0, 0xF0, 0x78, 0x78, 0x3C, 0x3C, 0x1E, 0x1E, 0x1F, 0xCF, 0x9F, 0xE7, 0xE0, 0x70, 0x00, 0x03,
    0xC0, 0x00, 0x1E, 0x00, 0x00, 0xF0, 0x00, 0x03, 0xBC, 0x78, 0x1B, 0xF7, 0xE3, 0x87, 0xFF, 0x98,
    0x3E, 0x3C, 0x01, 0xE1, 0xE0, 0x0F, 0x0F, 0x00, 0x78, 0x78, 0x03, 0xC3, 0xC0, 0x1E, 0x1E, 0x00,
    0xF0, 0xF0, 0x07, 0x87, 0x80, 0x3C, 0x3C, 0x03, 0xF1, 0xF0, 0x3F, 0xCF, 0xC0, 0x7E, 0x07, 0xE7,
    0xE0, 0x7E, 0x1F, 0x01, 0x81, 0xF8, 0x18, 0x1F, 0xC1, 0x81, 0xBC, 0x18, 0x1B, 0xE1, 0x81, 0x9F,
    0x18, 0x18, 0xF1, 0x81, 0x87, 0x98, 0x18, 0x7D, 0x81, 0x83, 0xF8, 0x18, 0x1F, 0x81, 0x80, 0xF8,
    0x18, 0x0F, 0x81, 0x80, 0x78, 0x3C, 0x03, 0x87, 0xE0, 0x18, 0x00, 0x01, 0x80, 0x00, 0x18, 0x00,
    0x01, 0x80, 0x00, 0x38, 0x00, 0x0F, 0x00, 0x00, 0xE0, 0x7C, 0xF0, 0xFB, 0xF0, 0xFF, 0xF1, 0xF1,
    0xE3, 0xE3, 0xC7, 0x87, 0x8F, 0x0F, 0x1E, 0x1E, 0x3C, 0x3C, 0x78, 0x78, 0xF0, 0xF1, 0xE1, 0xE7,
    0xF3, 0xDF, 0xE7, 0x80, 0x0F, 0x00, 0x1E, 0x00, 0x3C, 0x00, 0x78, 0x03, 0xE0, 0x07, 0x80, 0x00,
    0x00, 0x01, 0xFE, 0x00, 0x7F, 0x00, 0x00, 0x00, 0x07, 0xF8, 0x07, 0xFF, 0x03, 0xC1, 0xE0, 0xF0,
    0x3C, 0x78, 0x0F, 0x9E, 0x01, 0xEF, 0x80, 0x7B, 0xE0, 0x1E, 0xF8, 0x07, 0xBE, 0x01, 0xEF, 0x80,
    0x7B, 0xE0, 0x1E, 0x78, 0x07, 0x9E, 0x03, 0xE3, 0xC0, 0xF0, 0xF0, 0x78, 0x1F, 0xFC, 0x01, 0xFE,
    0x00, 0x00, 0x00, 0x00, 0x00, 0x7F, 0x01, 0xFC, 0x00, 0x00, 0x0F, 0x80, 0xFF, 0x87, 0x8F, 0x1E,
    0x1E, 0xF0, 0x7B, 0xC1, 0xEF, 0x07, 0xBC, 0x1E, 0xF0, 0x7B, 0xC1, 0xE7, 0x87, 0x9E, 0x3C, 0x3D,
    0xF0, 0x7F, 0x00, 0x00, 0x00, 0x00, 0x00, 0x01, 0x86, 0x00, 0x7F, 0x80, 0x0F, 0xC0, 0x01, 0xE0,
    0x00, 0x00, 0x00, 0x7F, 0x80, 0x7F, 0xF0, 0x3C, 0x1E, 0x0F, 0x03, 0xC7, 0x80, 0xF9, 0xE0, 0x1E,
    0xF8, 0x07, 0xBE, 0x01, 0xEF, 0x80, 0x7B, 0xE0, 0x1E, 0xF8, 0x07, 0xBE, 0x01, 0xE7, 0x80, 0x79,
    0xE0, 0x3E, 0x3C, 0x0F, 0x0F, 0x07, 0x81, 0xFF, 0xC0, 0x1F, 0xE0, 0x00, 0x00, 0x00, 0x00, 0x00,
    0x61, 0x81, 0xFC, 0x07, 0xF0, 0x07, 0x80, 0x00, 0x00, 0xF8, 0x0F, 0xF8, 0x78, 0xF1, 0xE1, 0xEF,
    0x07, 0xBC, 0x1E, 0xF0, 0x7B, 0xC1, 0xEF, 0x07, 0xBC, 0x1E, 0x78, 0x79, 0xE3, 0xC3, 0xDF, 0x07,
    0xF0, 0x00, 0x00, 0x00, 0x00, 0x00, 0xF7, 0x80, 0x39, 0xC0, 0x1C, 0xE0, 0x06, 0x30, 0x00, 0x00,
    0x00, 0x7F, 0x80, 0x7F, 0xF0, 0x3C, 0x1E, 0x0F, 0x03, 0xC7, 0x80, 0xF9, 0xE0, 0x1E, 0xF8, 0x07,
    0xBE, 0x01, 0xEF, 0x80, 0x7B, 0xE0, 0x1E, 0xF8, 0x07, 0xBE, 0x01, 0xE7, 0x80, 0x79, 0xE0, 0x3E,
    0x3C, 0x0F, 0x0F, 0x07, 0x81, 0xFF, 0xC0, 0x1F, 0xE0, 0x00, 0x00, 0x00, 0x00, 0x00, 0x3D, 0xC0,
    0xEF, 0x07, 0x38, 0x19, 0xC0, 0x00, 0x00, 0xF8, 0x0F, 0xF8, 0x78, 0xF1, 0xE1, 0xEF, 0x07, 0xBC,
    0x1E, 0xF0, 0x7B, 0xC1, 0xEF, 0x07, 0xBC, 0x1E, 0x78, 0x79, 0xE3, 0xC3, 0xDF, 0x07, 0xF0, 0x00,
    0x00, 0x00, 0x00, 0x00, 0x07, 0xFF, 0xFE, 0x1F, 0xFF, 0xFE, 0x3C, 0x1E, 0x06, 0x3C, 0x1E, 0x06,
    0x78, 0x1E, 0x06, 0x78, 0x1E, 0x00, 0xF8, 0x1E, 0x00, 0xF8, 0x1E, 0x00, 0xF8, 0x1F, 0xF8, 0xF8,
    0x1F, 0xF8, 0xF8, 0x1E, 0x00, 0xF8, 0x1E, 0x00, 0x78, 0x1E, 0x00, 0x78, 0x1E, 0x03, 0x3C, 0x1E,
    0x03, 0x3C, 0x1E, 0x07, 0x1F, 0xFF, 0xFF, 0x07, 0xFF, 0xFF, 0x00, 0x00, 0x00, 0x0F, 0x87, 0xC0,
    0xFF, 0xBF, 0xC7, 0x8F, 0xC7, 0x1E, 0x1F, 0x1E, 0xF0, 0x78, 0x7B, 0xC1, 0xE1, 0xEF, 0x07, 0xFF,
    0xBC, 0x1F, 0xFE, 0xF0, 0x78, 0x03, 0xC1, 0xE0, 0x07, 0x87, 0xC0, 0x1E, 0x3F, 0x06, 0x3D, 0xFF,
    0xF8, 0x7F, 0x3F, 0xC0, 0x00, 0x00, 0x00, 0x00, 0x00, 0x00, 0x1E, 0x00, 0x0F, 0x00, 0x07, 0x80,
    0x01, 0x80, 0x00, 0x00, 0x07, 0xFF, 0x81, 0xFF, 0xF0, 0x1E, 0x1E, 0x07, 0x87, 0xC1, 0xE1, 0xF0,
    0x78, 0x7C, 0x1E, 0x1F, 0x07, 0x87, 0x81, 0xE3, 0xC0, 0x7F, 0xE0, 0x1E, 0xF8, 0x07, 0x9F, 0x01,
    0xE3, 0xC0, 0x78, 0xF8, 0x1E, 0x1E, 0x07, 0x87, 0xC3, 0xF0, 0xF9, 0xFE, 0x1F, 0x00, 0x00, 0x1F,
    0x00, 0xF0, 0x0E, 0x00, 0x60, 0x00, 0x01, 0xE3, 0xCF, 0xBF, 0x3F, 0xF9, 0xF3, 0xCF, 0x8C, 0x7C,
    0x03, 0xC0, 0x1E, 0x00, 0xF0, 0x07, 0x80, 0x3C, 0x01, 0xE0, 0x1F, 0xC1, 0xFF, 0x00, 0x7F, 0xF8,
    0x1F, 0xFF, 0x01, 0xE1, 0xE0, 0x78, 0x7C, 0x1E, 0x1F, 0x07, 0x87, 0xC1, 0xE1, 0xF0, 0x78, 0x78,
    0x1E, 0x3C, 0x07, 0xFE, 0x01, 0xEF, 0x80, 0x79, 0xF0, 0x1E, 0x3C, 0x07, 0x8F, 0x81, 0xE1, 0xE0,
    0x78, 0x7C, 0x3F, 0x0F, 0x9F, 0xE1, 0xF0, 0x00, 0x00, 0x03, 0x00, 0x01, 0xC0, 0x00, 0x70, 0x00,
    0x18, 0x00, 0x04, 0x00, 0x78, 0xF3, 0xEF, 0xCF, 0xFE, 0x7C, 0xF3, 0xE3, 0x1F, 0x00, 0xF0, 0x07,
    0x80, 0x3C, 0x01, 0xE0, 0x0F, 0x00, 0x78, 0x07, 0xF0, 0x7F, 0xC0, 0x00, 0x01, 0x80, 0x1C, 0x00,
    0xC0, 0x0E, 0x00, 0x60, 0x00, 0x00, 0x00, 0x03, 0x0C, 0x00, 0x77, 0x00, 0x0F, 0x80, 0x03, 0xC0,
    0x00, 0x00, 0x07, 0xFF, 0x81, 0xFF, 0xF0, 0x1E, 0x1E, 0x07, 0x87, 0xC1, 0xE1, 0xF0, 0x78, 0x7C,
    0x1E, 0x1F, 0x07, 0x87, 0x81, 0xE3, 0xC0, 0x7F, 0xE0, 0x1E, 0xF8, 0x07, 0x9F, 0x01, 0xE3, 0xC0,
    0x78, 0xF8, 0x1E, 0x1E, 0x07, 0x87, 0xC3, 0xF0, 0xF9, 0xFE, 0x1F, 0x00, 0x01, 0xC7, 0x07, 0x70,
    0x1F, 0x00, 0x78, 0x00, 0x01, 0xE3, 0xCF, 0xBF, 0x3F, 0xF9, 0xF3, 0xCF, 0x8C, 0x7C, 0x03, 0xC0,
    0x1E, 0x00, 0xF0, 0x07, 0x80, 0x3C, 0x01, 0xE0, 0x1F, 0xC1, 0xFF, 0x00, 0x00, 0x00, 0x03, 0xC0,
    0x1E, 0x00, 0x70, 0x03, 0x80, 0x00, 0x00, 0xFE, 0x07, 0xFC, 0x38, 0x79, 0xE0, 0xE7, 0x83, 0x1E,
    0x00, 0x7E, 0x00, 0xFE, 0x01, 0xFE, 0x03, 0xFC, 0x03, 0xF8, 0x03, 0xE2, 0x07, 0xDC, 0x0F, 0x70,
    0x39, 0xE0, 0xE7, 0xCF, 0x07, 0xF8, 0x00, 0x00, 0x00, 0x00, 0x1E, 0x03, 0xC0, 0x78, 0x06, 0x00,
    0x00, 0x0F, 0x83, 0xFC, 0x70, 0xE7, 0x0E, 0x78, 0x07, 0xE0, 0x3F, 0x81, 0xFC, 0x0F, 0xE2, 0x1E,
    0x60, 0xE7, 0x0E, 0x79, 0xC3, 0xF8, 0x00, 0x00, 0x00, 0x00, 0x1F, 0x00, 0x7C, 0x03, 0xB8, 0x18,
    0x30, 0x00, 0x00, 0xFE, 0x07, 0xFC, 0x38, 0x79, 0xE0, 0xE7, 0x83, 0x1E, 0x00, 0x7E, 0x00, 0xFE,
    0x01, 0xFE, 0x03, 0xFC, 0x03, 0xF8, 0x03, 0xE2, 0x07, 0xDC, 0x0F, 0x70, 0x39, 0xE0, 0xE7, 0xCF,
    0x07, 0xF8, 0x00, 0x00, 0x00, 0x00, 0xF0, 0x1F, 0x83, 0x9C, 0x30, 0xC0, 0x00, 0x0F, 0x83, 0xFC,
    0x70, 0xE7, 0x0E, 0x78, 0x07, 0xE0, 0x3F, 0x81, 0xFC, 0x0F, 0xE2, 0x1E, 0x60, 0xE7, 0x0E, 0x79,
    0xC3, 0xF8, 0x00, 0x00, 0x00, 0x00, 0x3F, 0x81, 0xFF, 0x0E, 0x1E, 0x78, 0x39, 0xE0, 0xC7, 0x80,
    0x1F, 0x80, 0x3F, 0x80, 0x7F, 0x80, 0xFF, 0x00, 0xFE, 0x00, 0xF8, 0x81, 0xF7, 0x03, 0xDC, 0x0E,
    0x78, 0x39, 0xF3, 0xC1, 0xFE, 0x00, 0xC0, 0x03, 0x80, 0x07, 0x00, 0x1C, 0x03, 0xF0, 0x0F, 0x80,
    0x0F, 0x83, 0xFC, 0x70, 0xE7, 0x0E, 0x78, 0x07, 0xE0, 0x3F, 0x81, 0xFC, 0x0F, 0xE2, 0x1E, 0x60,
    0xE7, 0x0E, 0x79, 0xC3, 0xF8, 0x06, 0x00, 0x70, 0x03, 0x80, 0x38, 0x1F, 0x81, 0xF0, 0x00, 0x00,
    0x71, 0xC0, 0xEE, 0x01, 0xF0, 0x07, 0x80, 0x00, 0x00, 0xFE, 0x07, 0xFC, 0x38, 0x79, 0xE0, 0xE7,
    0x83, 0x1E, 0x00, 0x7E, 0x00, 0xFE, 0x01, 0xFE, 0x03, 0xFC, 0x03, 0xF8, 0x03, 0xE2, 0x07, 0xDC,
    0x0F, 0x70, 0x39, 0xE0, 0xE7, 0xCF, 0x07, 0xF8, 0x00, 0x00, 0x00, 0x03, 0x0C, 0x1D, 0xC1, 0xF8,
    0x0F, 0x00, 0x00, 0x0F, 0x83, 0xFC, 0x70, 0xE7, 0x0E, 0x78, 0x07, 0xE0, 0x3F, 0x81, 0xFC, 0x0F,
    0xE2, 0x1E, 0x60, 0xE7, 0x0E, 0x79, 0xC3, 0xF8, 0x00, 0x00, 0xFF, 0xFF, 0x7F, 0xFF, 0xB8, 0xF0,
    0xD8, 0x78, 0x6C, 0x3C, 0x30, 0x1E, 0x00, 0x0F, 0x00, 0x07, 0x80, 0x03, 0xC0, 0x01, 0xE0, 0x00,
    0xF0, 0x00, 0x78, 0x00, 0x3C, 0x00, 0x1E, 0x00, 0x0F, 0x00, 0x07, 0x80, 0x07, 0xE0, 0x07, 0xFC,
    0x00, 0x60, 0x00, 0x3C, 0x00, 0x0E, 0x00, 0x07, 0x00, 0x1F, 0x80, 0x0F, 0x80, 0x0C, 0x03, 0x01,
    0xC0, 0xFE, 0xFF, 0xCF, 0x83, 0xC0, 0xF0, 0x3C, 0x0F, 0x03, 0xC0, 0xF0, 0x3C, 0x0F, 0x03, 0xE0,
    0x7F, 0x1F, 0xC1, 0x80, 0x70, 0x0E, 0x03, 0x87, 0xE1, 0xF0, 0x00, 0x00, 0x06, 0x18, 0x01, 0xDC,
    0x00, 0xFC, 0x00, 0x3C, 0x00, 0x00, 0x03, 0xFF, 0xFD, 0xFF, 0xFE, 0xE3, 0xC3, 0x61, 0xE1, 0xB0,
    0xF0, 0xC0, 0x78, 0x00, 0x3C, 0x00, 0x1E, 0x00, 0x0F, 0x00, 0x07, 0x80, 0x03, 0xC0, 0x01, 0xE0,
    0x00, 0xF0, 0x00, 0x78, 0x00, 0x3C, 0x00, 0x1E, 0x00, 0x1F, 0x80, 0x1F, 0xF0, 0x00, 0xF0, 0x0E,
    0x0C, 0xC0, 0xCC, 0x1C, 0x03, 0xF8, 0xFF, 0xC3, 0xE0, 0x3C, 0x03, 0xC0, 0x3C, 0x03, 0xC0, 0x3C,
    0x03, 0xC0, 0x3C, 0x03, 0xC0, 0x3E, 0x01, 0xFC, 0x0F, 0xC0, 0x00, 0xFF, 0xFF, 0x7F, 0xFF, 0xB8,
    0xF0, 0xD8, 0x78, 0x6C, 0x3C, 0x30, 0x1E, 0x00, 0x0F, 0x00, 0x07, 0x80, 0x1F, 0xFC, 0x0F, 0xFE,
    0x00, 0xF0, 0x00, 0x78, 0x00, 0x3C, 0x00, 0x1E, 0x00, 0x0F, 0x00, 0x07, 0x80, 0x07, 0xE0, 0x07,
    0xFC, 0x00, 0x0C, 0x03, 0x01, 0xC0, 0xFE, 0xFF, 0xCF, 0x83, 0xC0, 0xF0, 0x3E, 0x1F, 0xE3, 0xC0,
    0xF0, 0x3C, 0x0F, 0x03, 0xE0, 0x7F, 0x1F, 0xC0, 0x00, 0x00, 0x00, 0x00, 0x78, 0xC0, 0x0F, 0xF8,
    0x03, 0xFE, 0x00, 0x63, 0x80, 0x00, 0x00, 0x3F, 0xE3, 0xF3, 0xFC, 0x7E, 0x1E, 0x03, 0x03, 0xC0,
    0x60, 0x78, 0x0C, 0x0F, 0x01, 0x81, 0xE0, 0x30, 0x3C, 0x06, 0x07, 0x80, 0xC0, 0xF0, 0x18, 0x1E,
    0x03, 0x03, 0xC0, 0x60, 0x78, 0x0C, 0x0F, 0x01, 0x81, 0xE0, 0x30, 0x3E, 0x0C, 0x03, 0xFF, 0x80,
    0x3F, 0xC0, 0x00, 0x00, 0x00, 0x00, 0x00, 0x03, 0xCC, 0x03, 0xFE, 0x03, 0xBF, 0x01, 0x8F, 0x00,
    0x00, 0x01, 0xF1, 0xF0, 0xF8, 0xF8, 0x3C, 0x3C, 0x1E, 0x1E, 0x0F, 0x0F, 0x07, 0x87, 0x83, 0xC3,
    0xC1, 0xE1, 0xE0, 0xF0, 0xF0, 0x78, 0x78, 0x3E, 0x3C, 0x0F, 0x3E, 0x07, 0xFF, 0x81, 0xF3, 0xE0,
    0x00, 0x00, 0x00, 0x00, 0x00, 0x7F, 0x80, 0x0F, 0xF0, 0x00, 0x00, 0x0F, 0xF8, 0xFC, 0xFF, 0x1F,
    0x87, 0x80, 0xC0, 0xF0, 0x18, 0x1E, 0x03, 0x03, 0xC0, 0x60, 0x78, 0x0C, 0x0F, 0x01, 0x81, 0xE0,
    0x30, 0x3C, 0x06, 0x07, 0x80, 0xC0, 0xF0, 0x18, 0x1E, 0x03, 0x03, 0xC0, 0x60, 0x78, 0x0C, 0x0F,
    0x83, 0x00, 0xFF, 0xE0, 0x0F, 0xF0, 0x00, 0x00, 0x00, 0x00, 0x00, 0x07, 0xF8, 0x03, 0xFC, 0x00,
    0x00, 0x07, 0xC7, 0xC3, 0xE3, 0xE0, 0xF0, 0xF0, 0x78, 0x78, 0x3C, 0x3C, 0x1E, 0x1E, 0x0F, 0x0F,
    0x07, 0x87, 0x83, 0xC3, 0xC1, 0xE1, 0xE0, 0xF8, 0xF0, 0x3C, 0xF8, 0x1F, 0xFE, 0x07, 0xCF, 0x80,
    0x00, 0x00, 0x00, 0x00, 0x00, 0x61, 0x80, 0x0F, 0xF0, 0x00, 0xFC, 0x00, 0x0F, 0x00, 0x00, 0x00,
    0x3F, 0xE3, 0xF3, 0xFC, 0x7E, 0x1E, 0x03, 0x03, 0xC0, 0x60, 0x78, 0x0C, 0x0F, 0x01, 0x81, 0xE0,
    0x30, 0x3C, 0x06, 0x07, 0x80, 0xC0, 0xF0, 0x18, 0x1E, 0x03, 0x03, 0xC0, 0x60, 0x78, 0x0C, 0x0F,
    0x01, 0x81, 0xE0, 0x30, 0x3E, 0x0C, 0x03, 0xFF, 0x80, 0x3F, 0xC0, 0x00, 0x00, 0x00, 0x00, 0x00,
    0x06, 0x18, 0x03, 0xFC, 0x00, 0xFC, 0x00, 0x3C, 0x00, 0x00, 0x01, 0xF1, 0xF0, 0xF8, 0xF8, 0x3C,
    0x3C, 0x1E, 0x1E, 0x0F, 0x0F, 0x07, 0x87, 0x83, 0xC3, 0xC1, 0xE1, 0xE0, 0xF0, 0xF0, 0x78, 0x78,
    0x3E, 0x3C, 0x0F, 0x3E, 0x07, 0xFF, 0x81, 0xF3, 0xE0, 0x00, 0x00, 0x00, 0x00, 0x00, 0x3E, 0x00,
    0x06, 0xE0, 0x01, 0x8C, 0x00, 0x1B, 0x00, 0x03, 0xE0, 0x00, 0x00, 0x07, 0xFC, 0x7E, 0x7F, 0x8F,
    0xC3, 0xC0, 0x60, 0x78, 0x0C, 0x0F, 0x01, 0x81, 0xE0, 0x30, 0x3C, 0x06, 0x07, 0x80, 0xC0, 0xF0,
    0x18, 0x1E, 0x03, 0x03, 0xC0, 0x60, 0x78, 0x0C, 0x0F, 0x01, 0x81, 0xE0, 0x30, 0x3C, 0x06, 0x07,
    0xC1, 0x80, 0x7F, 0xF0, 0x07, 0xF8, 0x00, 0x00, 0x00, 0x00, 0x00, 0x01, 0xE0, 0x01, 0x98, 0x00,
    0xCC, 0x00, 0x6E, 0x00, 0x1E, 0x00, 0x00, 0x00, 0xF8, 0xF8, 0x7C, 0x7C, 0x1E, 0x1E, 0x0F, 0x0F,
    0x07, 0x87, 0x83, 0xC3, 0xC1, 0xE1, 0xE0, 0xF0, 0xF0, 0x78, 0x78, 0x3C, 0x3C, 0x1F, 0x1E, 0x07,
    0x9F, 0x03, 0xFF, 0xC0, 0xF9, 0xF0, 0x00, 0x00, 0x00, 0x00, 0x00, 0x1D, 0xE0, 0x07, 0x38, 0x00,
    0xCE, 0x00, 0x31, 0x80, 0x00, 0x00, 0x3F, 0xE3, 0xF3, 0xFC, 0x7E, 0x1E, 0x03, 0x03, 0xC0, 0x60,
    0x78, 0x0C, 0x0F, 0x01, 0x81, 0xE0, 0x30, 0x3C, 0x06, 0x07, 0x80, 0xC0, 0xF0, 0x18, 0x1E, 0x03,
    0x03, 0xC0, 0x60, 0x78, 0x0C, 0x0F, 0x01, 0x81, 0xE0, 0x30, 0x3E, 0x0C, 0x03, 0xFF, 0x80, 0x3F,
    0xC0, 0x00, 0x00, 0x00, 0x00, 0x00, 0x01, 0xCE, 0x01, 0xCE, 0x00, 0xEE, 0x00, 0xC6, 0x00, 0x00,
    0x01, 0xF1, 0xF0, 0xF8, 0xF8, 0x3C, 0x3C, 0x1E, 0x1E, 0x0F, 0x0F, 0x07, 0x87, 0x83, 0xC3, 0xC1,
    0xE1, 0xE0, 0xF0, 0xF0, 0x78, 0x78, 0x3E, 0x3C, 0x0F, 0x3E, 0x07, 0xFF, 0x81, 0xF3, 0xE0, 0x00,
    0x00, 0x7F, 0x8F, 0xEF, 0xF1, 0xF8, 0x78, 0x0C, 0x0F, 0x01, 0x81, 0xE0, 0x30, 0x3C, 0x06, 0x07,
    0x80, 0xC0, 0xF0, 0x18, 0x1E, 0x03, 0x03, 0xC0, 0x60, 0x78, 0x0C, 0x0F, 0x01, 0x81, 0xE0, 0x30,
    0x3C, 0x06, 0x07, 0x80, 0xC0, 0x78, 0x38, 0x0F, 0xFE, 0x00, 0x7F, 0x80, 0x03, 0x80, 0x00, 0x60,
    0x00, 0x1C, 0x00, 0x03, 0x80, 0x00, 0x7E, 0x00, 0x07, 0xC0, 0x7C, 0x7C, 0x3E, 0x3E, 0x0F, 0x0F,
    0x07, 0x87, 0x83, 0xC3, 0xC1, 0xE1, 0xE0, 0xF0, 0xF0, 0x78, 0x78, 0x3C, 0x3C, 0x1E, 0x1E, 0x0F,
    0x8F, 0x03, 0xCF, 0x81, 0xFF, 0xE0, 0x7C, 0xF8, 0x00, 0xC0, 0x00, 0xC0, 0x00, 0xE0, 0x00, 0x70,
    0x00, 0x3F, 0x00, 0x0F, 0x80, 0x00, 0x00, 0x00, 0x00, 0x01, 0xE0, 0x00, 0x00, 0x7E, 0x00, 0x00,
    0x1C, 0xE0, 0x00, 0x03, 0x0C, 0x00, 0x00, 0x00, 0x00, 0x3F, 0xC1, 0x83, 0xFF, 0xF8, 0x38, 0x7E,
    0x3C, 0x0F, 0x03, 0x87, 0xC1, 0xE0, 0x60, 0xF8, 0x3E, 0x0C, 0x0F, 0x07, 0xC1, 0x81, 0xE1, 0xF8,
    0x70, 0x3E, 0x37, 0x8C, 0x03, 0xC6, 0xF1, 0x80, 0x79, 0xDF, 0x30, 0x0F, 0xB1, 0xEE, 0x00, 0xF6,
    0x3D, 0x80, 0x1F, 0xC7, 0xF0, 0x03, 0xF0, 0x7E, 0x00, 0x7E, 0x0F, 0x80, 0x07, 0xC0, 0xF0, 0x00,
    0xF0, 0x1E, 0x00, 0x1E, 0x03, 0xC0, 0x00, 0x00, 0x00, 0x00, 0x7C, 0x00, 0x00, 0xF8, 0x00, 0x03,
    0xB8, 0x00, 0x0C, 0x18, 0x00, 0x00, 0x00, 0x1F, 0xC0, 0x1F, 0x3F, 0x8E, 0x3F, 0x3E, 0x1C, 0x38,
    0x3C, 0x38, 0x60, 0x78, 0xF8, 0xC0, 0xF1, 0xF1, 0x80, 0xE3, 0xE3, 0x01, 0xED, 0xEC, 0x03, 0xDB,
    0xD8, 0x03, 0xE3, 0xF0, 0x07, 0xC7, 0xC0, 0x0F, 0x8F, 0x80, 0x1E, 0x0F, 0x00, 0x1C, 0x1C, 0x00,
    0x00, 0x00, 0x00, 0x78, 0x00, 0x3F, 0x00, 0x1C, 0xE0, 0x0E, 0x18, 0x00, 0x00, 0x0F, 0xF1, 0xFB,
    0xFC, 0x7E, 0x3E, 0x07, 0x0F, 0x81, 0x81, 0xE0, 0xE0, 0x7C, 0x30, 0x0F, 0x1C, 0x03, 0xE6, 0x00,
    0x7B, 0x00, 0x0F, 0xC0, 0x03, 0xE0, 0x00, 0x78, 0x00, 0x1E, 0x00, 0x07, 0x80, 0x01, 0xE0, 0x00,
    0x78, 0x00, 0x7F, 0x00, 0x3F, 0xE0, 0x00, 0x00, 0x0F, 0x80, 0x3F, 0x00, 0x67, 0x01, 0x87, 0x00,
    0x00, 0x3F, 0x9F, 0x7F, 0x3F, 0x7C, 0x38, 0x78, 0x70, 0xF0, 0xC0, 0xF1, 0x81, 0xE3, 0x03, 0xCC,
    0x03, 0xD8, 0x07, 0xA0, 0x07, 0xC0, 0x0F, 0x80, 0x1E, 0x00, 0x1C, 0x00, 0x38, 0x00, 0xE0, 0x01,
    0xC0, 0x07, 0x00, 0x7C, 0x00, 0xE0, 0x00, 0x07, 0x38, 0x01, 0xCE, 0x00, 0x73, 0x80, 0x08, 0x40,
    0x00, 0x00, 0x3F, 0xC7, 0xEF, 0xF1, 0xF8, 0xF8, 0x1C, 0x3E, 0x06, 0x07, 0x83, 0x81, 0xF0, 0xC0,
    0x3C, 0x70, 0x0F, 0x98, 0x01, 0xEC, 0x00, 0x3F, 0x00, 0x0F, 0x80, 0x01, 0xE0, 0x00, 0x78, 0x00,
    0x1E, 0x00, 0x07, 0x80, 0x01, 0xE0, 0x01, 0xFC, 0x00, 0xFF, 0x80, 0x00, 0x00, 0x03, 0xE0, 0x07,
    0x80, 0x1C, 0x00, 0x30, 0x00, 0x00, 0x1F, 0xFF, 0x7F, 0xFE, 0xE0, 0x79, 0xC1, 0xF3, 0x83, 0xC0,
    0x0F, 0x80, 0x3E, 0x00, 0x78, 0x01, 0xF0, 0x07, 0xC0, 0x0F, 0x00, 0x3E, 0x00, 0x78, 0x01, 0xF0,
    0x37, 0xC0, 0xEF, 0x01, 0xFF, 0xFF, 0xFF, 0xFF, 0x00, 0x00, 0x0F, 0x00, 0xF0, 0x07, 0x00, 0x70,
    0x00, 0x00, 0xFF, 0xCF, 0xFE, 0x71, 0xF3, 0x0F, 0x18, 0xF0, 0x0F, 0x80, 0x78, 0x07, 0x80, 0x7C,
    0x03, 0xC2, 0x3C, 0x1B, 0xC1, 0xDF, 0xFF, 0xFF, 0xE0, 0x00, 0x00, 0x07, 0x80, 0x0F, 0x00, 0x1E,
    0x00, 0x00, 0x00, 0x00, 0x1F, 0xFF, 0x7F, 0xFE, 0xE0, 0x79, 0xC1, 0xF3, 0x83, 0xC0, 0x0F, 0x80,
    0x3E, 0x00, 0x78, 0x01, 0xF0, 0x07, 0xC0, 0x0F, 0x00, 0x3E, 0x00, 0x78, 0x01, 0xF0, 0x37, 0xC0,
    0xEF, 0x01, 0xFF, 0xFF, 0xFF, 0xFF, 0x00, 0x00, 0x3C, 0x01, 0xE0, 0x0F, 0x00, 0x00, 0x00, 0x00,
    0xFF, 0xCF, 0xFE, 0x71, 0xF3, 0x0F, 0x18, 0xF0, 0x0F, 0x80, 0x78, 0x07, 0x80, 0x7C, 0x03, 0xC2,
    0x3C, 0x1B, 0xC1, 0xDF, 0xFF, 0xFF, 0xE0, 0x00, 0x00, 0x38, 0xE0, 0x3B, 0x80, 0x3E, 0x00, 0x3C,
    0x00, 0x00, 0x1F, 0xFF, 0x7F, 0xFE, 0xE0, 0x79, 0xC1, 0xF3, 0x83, 0xC0, 0x0F, 0x80, 0x3E, 0x00,
    0x78, 0x01, 0xF0, 0x07, 0xC0, 0x0F, 0x00, 0x3E, 0x00, 0x78, 0x01, 0xF0, 0x37, 0xC0, 0xEF, 0x01,
    0xFF, 0xFF, 0xFF, 0xFF, 0x00, 0x00, 0xC3, 0x07, 0x70, 0x1F, 0x80, 0x78, 0x00, 0x00, 0xFF, 0xCF,
    0xFE, 0x71, 0xF3, 0x0F, 0x18, 0xF0, 0x0F, 0x80, 0x78, 0x07, 0x80, 0x7C, 0x03, 0xC2, 0x3C, 0x1B,
    0xC1, 0xDF, 0xFF, 0xFF, 0xE0, 0x00, 0x00, 0xFE, 0x1E, 0xF1, 0xE7, 0x3C, 0x03, 0xC0, 0x3C, 0x03,
    0xC0, 0x3C, 0x03, 0xC0, 0x3C, 0x03, 0xC0, 0x3C, 0x03, 0xC0, 0x3C, 0x03, 0xC0, 0x3C, 0x03, 0xE0,
    0x7F, 0x0F, 0xF8, 0x00, 0xFE, 0xFE, 0x7E, 0x00, 0xFE, 0xFE, 0x7E, 0xFF, 0xFF, 0xFF, 0x7F, 0xF9,
    0xFF, 0xF0, 0x00, 0x00, 0x7F, 0xFF, 0xFF, 0xCF, 0xFF, 0xFF, 0xF8, 0x00, 0x00, 0x00, 0x00, 0x7F,
    0xFF, 0xFF, 0xCF, 0xFF, 0xFF, 0xF8, 0x00, 0x00, 0x00, 0x00, 0x66, 0x66, 0x66, 0x66, 0x66, 0x66,
    0x66, 0x66, 0x66, 0x66, 0x66, 0x66, 0x66, 0x66, 0x66, 0x66, 0x66, 0x66, 0x66, 0x66, 0x66, 0x66,
    0x66, 0x66, 0x66, 0x7F, 0xE7, 0xFF, 0x00, 0x07, 0xFE, 0x7F, 0xF0, 0x00, 0x09, 0xD8, 0xCF, 0x7D,
    0xEE, 0x77, 0xBE, 0xF3, 0x1B, 0x90, 0x77, 0xBE, 0xF3, 0x1B, 0x98, 0x73, 0xFF, 0xE6, 0x30, 0xE1,
    0x08, 0x47, 0x39, 0x8C, 0x31, 0x8F, 0x39, 0xF7, 0x9E, 0xF3, 0x8C, 0x73, 0xBC, 0xFF, 0xBD, 0xEF,
    0x31, 0xCC, 0x6E, 0x72, 0x18, 0x73, 0xBC, 0xFF, 0xBD, 0xEF, 0x31, 0xCC, 0x6E, 0x73, 0x18, 0x71,
    0x8F, 0x7B, 0xEF, 0x79, 0xC6, 0x30, 0xC6, 0x0E, 0x70, 0x42, 0x0F, 0x00, 0x60, 0x06, 0x00, 0x60,
    0x06, 0x07, 0xFE, 0x7F, 0xE6, 0x66, 0x06, 0x00, 0xF0, 0x0F, 0x00, 0xF0, 0x06, 0x00, 0x60, 0x06,
    0x00, 0x60, 0x06, 0x00, 0x60, 0x06, 0x00, 0x60, 0x06, 0x00, 0x60, 0x0F, 0x00, 0x60, 0x06, 0x06,
    0x66, 0x7F, 0xE7, 0xFE, 0x06, 0x00, 0xF0, 0x0F, 0x00, 0x60, 0x06, 0x00, 0x60, 0x06, 0x00, 0xF0,
    0x06, 0x00, 0x60, 0x7F, 0xE7, 0xFE, 0x46, 0x20, 0x60, 0x06, 0x00, 0xF0, 0x3C, 0x7E, 0xFF, 0xFF,
    0xFF, 0xFF, 0x7E, 0x3C, 0x00, 0x40, 0x78, 0x3F, 0x1F, 0xEF, 0xF7, 0xE3, 0xC1, 0x80, 0x00, 0x00,
    0x73, 0xDE, 0xE0, 0x00, 0x70, 0xE7, 0x8F, 0x78, 0xF7, 0x0E, 0x00, 0x00, 0x70, 0x70, 0x63, 0xC7,
    0x87, 0x9E, 0x3E, 0x3C, 0xF0, 0xE1, 0xE0, 0x00, 0x00, 0x00, 0x73, 0xDE, 0xE0, 0x00, 0x01, 0xFB,
    0x06, 0x0C, 0x18, 0x30, 0x60, 0xC1, 0x83, 0x06, 0x0C, 0x18, 0x30, 0x60, 0xC1, 0x83, 0x00, 0x00,
    0x00, 0xFC, 0x18, 0x30, 0x60, 0xC1, 0x83, 0x06, 0x0C, 0x18, 0x30, 0x60, 0xC1, 0x83, 0x06, 0x0C,
    0x18, 0x00, 0x03, 0xFF, 0xFF, 0xFF, 0xF3, 0x0C, 0x30, 0xC3, 0x0C, 0x30, 0xC3, 0x0C, 0x30, 0xC3,
    0x0C, 0x30, 0x00, 0x03, 0xF8, 0x20, 0x83, 0xF3, 0x0C, 0x30, 0xC3, 0x0C, 0x30, 0xC3, 0x0C, 0x30,
    0xC3, 0x0C, 0x30, 0x00, 0x03, 0xF0, 0x41, 0x07, 0xF3, 0x0C, 0x30, 0xC3, 0x0C, 0x30, 0xC3, 0x0C,
    0x30, 0xC3, 0x0C, 0x30, 0x00, 0x00, 0x00, 0x00, 0x00, 0x1F, 0x03, 0x00, 0x00, 0x3B, 0x83, 0x00,
    0x00, 0x71, 0x87, 0x00, 0x00, 0x71, 0xC6, 0x00, 0x00, 0x71, 0xCE, 0x00, 0x00, 0x71, 0xCC, 0x00,
    0x00, 0x71, 0xDC, 0x00, 0x00, 0x71, 0xD9, 0xE0, 0x7C, 0x71, 0xBB, 0xF8, 0xFE, 0x3B, 0xB7, 0x39,
    0xC6, 0x1F, 0x77, 0x1D, 0xC7, 0x00, 0x67, 0x1D, 0xC7, 0x00, 0x67, 0x1D, 0xC7, 0x00, 0xC7, 0x1D,
    0xC7, 0x00, 0xC7, 0x1D, 0xC7, 0x01, 0x87, 0x19, 0xC7, 0x01, 0x83, 0xB8, 0xEE, 0x03, 0x03, 0xF0,
    0x7C, 0x00, 0x00, 0x00, 0x00, 0x00, 0x00, 0x00, 0x00, 0x00, 0x03, 0xE0, 0x60, 0x00, 0x00, 0x00,
    0xEE, 0x0C, 0x00, 0x00, 0x00, 0x38, 0xC3, 0x80, 0x00, 0x00, 0x07, 0x1C, 0x60, 0x00, 0x00, 0x00,
    0xE3, 0x9C, 0x00, 0x00, 0x00, 0x1C, 0x73, 0x00, 0x00, 0x00, 0x03, 0x8E, 0xE0, 0x00, 0x00, 0x00,
    0x71, 0xD9, 0xE0, 0x7C, 0x0F, 0x0E, 0x37, 0x7F, 0x1F, 0xC7, 0xF0, 0xEE, 0xDC, 0xE3, 0x1C, 0xE7,
    0x0F, 0xBB, 0x8E, 0xE3, 0x9C, 0xE0, 0x06, 0x71, 0xDC, 0x77, 0x1C, 0x00, 0xCE, 0x3B, 0x8E, 0xE3,
    0xC0, 0x31, 0xC7, 0x71, 0xDC, 0x78, 0x06, 0x38, 0xEE, 0x3B, 0x8E, 0x01, 0x87, 0x19, 0xC7, 0x39,
    0xC0, 0x30, 0x77, 0x1D, 0xC7, 0x38, 0x0C, 0x0F, 0xC1, 0xF0, 0x7E, 0x00, 0x00, 0x00, 0x00, 0x00,
    0x00, 0x7D, 0xE7, 0x9C, 0x73, 0x80, 0x00, 0x7D, 0xF7, 0x9E, 0x79, 0xE7, 0x1C, 0x71, 0xCE, 0x38,
    0x00, 0x00, 0x7D, 0xF7, 0xDE, 0x79, 0xE7, 0x9E, 0x79, 0xC7, 0x1C, 0x71, 0xC7, 0x38, 0xE3, 0x80,
    0x00, 0x00, 0x79, 0xE3, 0x8E, 0x1C, 0x70, 0x00, 0x79, 0xE7, 0x9E, 0x38, 0xE3, 0x8E, 0x1C, 0x71,
    0xC7, 0x00, 0x00, 0x79, 0xE7, 0x9E, 0x79, 0xE3, 0x8E, 0x38, 0xE3, 0x8E, 0x1C, 0x71, 0xC7, 0x1C,
    0x70, 0x00, 0x00, 0x00, 0x01, 0xC0, 0x7C, 0x0F, 0x83, 0xB8, 0x63, 0x1C, 0x73, 0x06, 0x0C, 0x38,
    0xE3, 0xC7, 0x0E, 0x1C, 0x1C, 0x18, 0x18, 0x00, 0x60, 0xE0, 0xC1, 0xC1, 0xC3, 0x8F, 0x1C, 0x70,
    0xC0, 0x00, 0x00, 0x00, 0x01, 0xFC, 0x00, 0x7B, 0xC0, 0x1C, 0x38, 0x07, 0x86, 0x00, 0xF0, 0x00,
    0x1C, 0x3F, 0xE3, 0x8F, 0xFE, 0x78, 0x70, 0xCF, 0x0E, 0x18, 0xE1, 0xC0, 0x0F, 0x38, 0x00, 0xFF,
    0xF8, 0x00, 0xF0, 0x00, 0x1C, 0x00, 0x03, 0x82, 0x00, 0x70, 0xC0, 0x1F, 0x38, 0x07, 0xFF, 0x00,
    0x00, 0xD0, 0x01, 0x20, 0x1F, 0xC0, 0xFF, 0xE3, 0xDB, 0xEF, 0x27, 0xDE, 0x4B, 0x7D, 0xB0, 0xFB,
    0x61, 0xF6, 0xC3, 0xE9, 0x07, 0xD6, 0x0F, 0xEC, 0x0F, 0xD8, 0x1F, 0xA1, 0x9F, 0xC7, 0x1F, 0xFC,
    0x1F, 0xF0, 0x36, 0x00, 0x48, 0x00, 0x90, 0x00, 0x00, 0x00, 0x0F, 0xF0, 0x7F, 0xF1, 0xE0, 0xF3,
    0xC1, 0xEF, 0x03, 0x9E, 0x00, 0x7C, 0x00, 0xFB, 0xDD, 0xF7, 0xFF, 0xE7, 0xBF, 0xCE, 0x0F, 0x9C,
    0x0F, 0x38, 0x1E, 0x70, 0x3E, 0xE1, 0x3F, 0xCE, 0x3F, 0xF8, 0x1F, 0xE0, 0x00, 0x00, 0x7F, 0xF9,
    0xFF, 0xF1, 0xE1, 0xC7, 0x87, 0x1E, 0x08, 0x78, 0x01, 0xE0, 0x07, 0x80, 0x1F, 0xF0, 0x7F, 0xC1,
    0xE0, 0x07, 0x80, 0x7F, 0xC1, 0xFF, 0x01, 0xE0, 0x07, 0x80, 0x3F, 0x01, 0xFF, 0x00, 0x00, 0x00,
    0x3F, 0x81, 0xFF, 0x0F, 0x1E, 0x3C, 0x78, 0xF0, 0xC3, 0xC0, 0x0F, 0x00, 0x1C, 0x01, 0xFF, 0x81,
    0xE0, 0x03, 0x80, 0x7F, 0xE1, 0xFF, 0x00, 0xE0, 0x07, 0x00, 0x3F, 0xF9, 0xFF, 0xE6, 0x3F, 0x80,
    0x00, 0x00, 0x01, 0x80, 0x00, 0x00, 0xC0, 0x00, 0x00, 0xC0, 0x0F, 0x1E, 0x7E, 0x07, 0xDF, 0xFF,
    0x81, 0xFF, 0xFF, 0xE0, 0xF8, 0xF8, 0xF0, 0x7C, 0x7C, 0x78, 0x3C, 0x3C, 0x3C, 0x1E, 0x1E, 0x1E,
    0x0F, 0x0F, 0x0F, 0x07, 0x87, 0x87, 0x83, 0xC3, 0xC3, 0xC1, 0xE1, 0xE1, 0xE0, 0xF1, 0xF0, 0xF0,
    0xFE, 0xFC, 0x7C, 0xFF, 0x7F, 0x3F, 0x00, 0x60, 0x00, 0x00, 0x30, 0x00, 0x00, 0x18, 0x00, 0x00,
    0x00, 0x00, 0x00, 0x7E, 0x07, 0xE7, 0xE0, 0x7E, 0x1F, 0x01, 0x81, 0xF8, 0x18, 0x1F, 0x81, 0x81,
    0xBC, 0x18, 0x1B, 0xE1, 0x8F, 0xFF, 0xFF, 0x18, 0xF1, 0x87, 0xFF, 0xFE, 0xFF, 0xFF, 0xF1, 0x83,
    0xD8, 0x18, 0x1F, 0x81, 0x81, 0xF8, 0x18, 0x0F, 0x81, 0x80, 0x78, 0x3C, 0x07, 0x87, 0xE0, 0x38,
    0x7F, 0xE0, 0x01, 0xFF, 0xE0, 0x01, 0xE3, 0xC0, 0x07, 0x87, 0x00, 0x1E, 0x1E, 0x00, 0x78, 0x78,
    0x01, 0xE1, 0xE6, 0x07, 0x87, 0x38, 0x1E, 0x3D, 0xE0, 0x7B, 0xEF, 0xE1, 0xFF, 0x1E, 0x07, 0x80,
    0x78, 0x1E, 0x01, 0xE0, 0x78, 0x07, 0x81, 0xE0, 0x1E, 0x07, 0x80, 0x78, 0x3F, 0x00, 0xF1, 0xFF,
    0x03, 0xF0, 0x00, 0x00, 0x00, 0x7F, 0xF0, 0x00, 0x07, 0xFF, 0xC0, 0x00, 0x1E, 0x3E, 0x00, 0x01,
    0xE1, 0xE0, 0x00, 0x1E, 0x1E, 0x07, 0x81, 0xE1, 0xE1, 0xFE, 0x1E, 0x1E, 0x38, 0xE1, 0xE3, 0xC3,
    0x86, 0x1E, 0x78, 0x38, 0x01, 0xFF, 0x03, 0xE0, 0x1E, 0xF0, 0x3F, 0xC1, 0xE7, 0x81, 0xFE, 0x1E,
    0x7C, 0x07, 0xF1, 0xE3, 0xC1, 0x0F, 0x1E, 0x3E, 0x70, 0x71, 0xE1, 0xE7, 0x07, 0x3F, 0x0F, 0xBC,
    0xE7, 0xF8, 0x79, 0xFC, 0x00, 0x00, 0x00, 0x00, 0x7F, 0x83, 0x87, 0xF7, 0xF8, 0x38, 0x7E, 0x1E,
    0x07, 0x81, 0xC1, 0xF0, 0x7C, 0x18, 0x1F, 0x07, 0xC1, 0x80, 0xF0, 0xDC, 0x18, 0x0F, 0x0D, 0xE3,
    0x80, 0xF8, 0xDE, 0x38, 0x7F, 0xFF, 0xFF, 0xF0, 0x79, 0x8F, 0x70, 0x07, 0x98, 0xF7, 0x00, 0x3D,
    0x87, 0x60, 0x03, 0xD0, 0x76, 0x00, 0x3F, 0x07, 0xE0, 0x03, 0xF0, 0x7E, 0x00, 0x1F, 0x03, 0xC0,
    0x01, 0xE0, 0x3C, 0x00, 0x1E, 0x03, 0xC0, 0x7F, 0xF0, 0xF7, 0xFF, 0x8F, 0x70, 0x3C, 0xF7, 0x01,
    0xCF, 0x70, 0x1C, 0xF7, 0x39, 0xEF, 0x73, 0xDE, 0xF7, 0x3D, 0xEF, 0x73, 0xDE, 0xF7, 0x3D, 0xCF,
    0x73, 0xC0, 0xF7, 0x3C, 0x0E, 0x73, 0xC1, 0xE7, 0x3F, 0xFC, 0x73, 0xFF, 0x80, 0x01, 0xF8, 0x03,
    0xF0, 0x01, 0xE0, 0x3F, 0xF0, 0x7F, 0xE0, 0x0F, 0x07, 0x9E, 0x1F, 0xFC, 0x78, 0xF9, 0xF1, 0xF3,
    0xC1, 0xE7, 0x83, 0xCF, 0x07, 0x9E, 0x0F, 0x3C, 0x1E, 0x78, 0x7C, 0x78, 0xF8, 0xFF, 0xF8, 0xFC,
    0xF8, 0x00, 0x00, 0x00, 0x0F, 0xFF, 0x0F, 0xFE, 0x00, 0x00, 0x00, 0x0F, 0xC0, 0xFF, 0x87, 0x8F,
    0x1C, 0x38, 0xF0, 0xE3, 0xC0, 0x0F, 0x00, 0x7F, 0xC0, 0xF0, 0x03, 0xC0, 0x1F, 0xE0, 0x7F, 0x80,
    0xF0, 0x01, 0xC0, 0x07, 0x80, 0x1E, 0x08, 0x3F, 0xE0, 0x7F, 0x00, 0x00, 0x7F, 0x9F, 0xCF, 0xF3,
    0xF0, 0x78, 0x38, 0x0F, 0x06, 0x01, 0xE1, 0x80, 0x3C, 0x70, 0x07, 0x9C, 0x00, 0xF7, 0x00, 0xFF,
    0xFF, 0x9F, 0xFF, 0xF0, 0x7F, 0xE0, 0x0F, 0x3E, 0x01, 0xE7, 0xC0, 0x3C, 0x7C, 0x07, 0x87, 0x80,
    0xF0, 0xF8, 0x3F, 0x0F, 0xCF, 0xF0, 0xF8, 0xFF, 0xFF, 0x7F, 0xFF, 0xB8, 0xF0, 0xD8, 0x78, 0x6C,
    0x3C, 0x30, 0x1E, 0x40, 0x0F, 0xF0, 0x07, 0xE0, 0x07, 0xC0, 0x0F, 0xEE, 0x06, 0xFE, 0x00, 0x7C,
    0x00, 0x7C, 0x00, 0xFE, 0x00, 0x4F, 0x00, 0x07, 0x80, 0x07, 0xE0, 0x07, 0xFC, 0x00, 0x00, 0x00,
    0x00, 0x00, 0x00, 0xC0, 0x00, 0x00, 0x18, 0x00, 0x00, 0x0F, 0x80, 0x00, 0x0F, 0xFE, 0x00, 0x01,
    0xCF, 0x78, 0x00, 0x01, 0xE3, 0x80, 0x00, 0x1E, 0x3C, 0x00, 0x01, 0xC1, 0xC0, 0x00, 0x3C, 0x1E,
    0x00, 0x03, 0xC1, 0xE0, 0x00, 0x3C, 0x1E, 0x00, 0x03, 0xC1, 0xE0, 0x00, 0x78, 0x1E, 0x00, 0x07,
    0x83, 0xCF, 0xC0, 0x78, 0x3D, 0xCE, 0x07, 0x83, 0xDC, 0xE7, 0xF0, 0x7B, 0xCF, 0xEF, 0x07, 0x3C,
    0xEE, 0xFD, 0xE3, 0xDE, 0x7C, 0xFC, 0x3F, 0xC0, 0x00, 0x07, 0x80, 0x00, 0x00, 0x78, 0x00, 0x00,
    0x07, 0x80, 0x00, 0x00, 0x70, 0x00, 0x00, 0x0F, 0x00, 0x00, 0x00, 0x01, 0xF0, 0x07, 0xF0, 0x1C,
    0x60, 0x38, 0xC0, 0x71, 0xC0, 0xF3, 0x01, 0xEE, 0x03, 0xDC, 0x07, 0xF0, 0x07, 0xE0, 0x0F, 0x80,
    0x8F, 0x03, 0x9E, 0x07, 0x7E, 0x1F, 0xFC, 0x7F, 0x7C, 0xCE, 0x7B, 0x98, 0xF0, 0x00, 0xF0, 0x31,
    0xE0, 0xE3, 0xC1, 0xC7, 0x03, 0xFE, 0x03, 0xF0, 0x7F, 0xE0, 0x7F, 0xF8, 0x1E, 0x3C, 0xFF, 0xFF,
    0xFF, 0xFF, 0x1E, 0x1E, 0xFF, 0xFF, 0xFF, 0xFF, 0x1E, 0x3C, 0x1E, 0xF8, 0x1F, 0xF0, 0x1E, 0x00,
    0x1E, 0x00, 0x1E, 0x00, 0x1E, 0x00, 0x1E, 0x00, 0x3F, 0x00, 0x7F, 0xC0, 0x00, 0x40, 0x00, 0x30,
    0x00, 0x3F, 0xC0, 0x3F, 0xFC, 0x1E, 0xCF, 0x0F, 0x33, 0xC7, 0x8C, 0x61, 0xE3, 0x00, 0x78, 0xC0,
    0x3E, 0x30, 0x0F, 0x8C, 0x03, 0xE3, 0xFE, 0xF8, 0xFF, 0xFE, 0x37, 0xC7, 0x8C, 0xF1, 0xE3, 0x3C,
    0x3C, 0xCF, 0x0F, 0xB3, 0xC1, 0xFF, 0xF0, 0x1F, 0xF8, 0x00, 0xC0, 0x00, 0x30, 0x00, 0x01, 0xE0,
    0x00, 0x3C, 0x00, 0x0F, 0xC0, 0x01, 0xF8, 0x00, 0x3F, 0x00, 0x0C, 0xF0, 0x01, 0x9E, 0x00, 0x33,
    0xC0, 0xFF, 0xFF, 0xE1, 0x87, 0x80, 0x30, 0xF0, 0x7F, 0xFF, 0xEF, 0xFF, 0xFC, 0x30, 0x3C, 0x0E,
    0x07, 0x81, 0xC0, 0xF8, 0x78, 0x1F, 0x9F, 0xCF, 0xF8, 0x00, 0x00, 0x0F, 0xE0, 0x1F, 0xF8, 0x3C,
    0x3C, 0x1C, 0x1C, 0x1C, 0x1C, 0x00, 0x3C, 0x7F, 0xFE, 0x7F, 0xFF, 0x0F, 0xF8, 0x7F, 0xFE, 0x7F,
    0xFF, 0x3E, 0x00, 0x3C, 0x08, 0x38, 0x0C, 0x38, 0x1E, 0x3C, 0x1E, 0x1E, 0x7C, 0x07, 0xF8, 0x00,
    0x00, 0x00, 0x80, 0x01, 0x80, 0x1F, 0xE0, 0xFF, 0xE3, 0xCD, 0xE7, 0x9B, 0xDE, 0x37, 0x3C, 0x60,
    0x78, 0xC1, 0xF1, 0x83, 0xE3, 0x07, 0xC6, 0x0F, 0x8C, 0x1F, 0x18, 0x1E, 0x30, 0x3C, 0x60, 0x3C,
    0xC2, 0x7D, 0x9C, 0x7F, 0xF0, 0x3F, 0xC0, 0x0C, 0x00, 0x18, 0x00, 0x38, 0xF0, 0xF1, 0xE1, 0xE3,
    0xC3, 0xC7, 0x87, 0xFF, 0xDF, 0xFF, 0x9E, 0x3C, 0x3C, 0x78, 0x78, 0xF0, 0xF1, 0xE1, 0xE3, 0xC3,
    0xC7, 0x87, 0x8F, 0x0F, 0x1E, 0x1E, 0x3C, 0x3C, 0x78, 0x78, 0xFE, 0xF0, 0xF8, 0x00, 0x00, 0x00,
    0x00, 0x3F, 0x81, 0xFF, 0x0E, 0x1E, 0x78, 0x79, 0xE0, 0xC7, 0xC0, 0x0F, 0x80, 0x3F, 0x80, 0x7F,
    0x80, 0xFF, 0x00, 0x7E, 0x00, 0x78, 0x00, 0xE7, 0xFB, 0x95, 0xAE, 0x56, 0xF9, 0xFB, 0xC3, 0xFC,
    0x07, 0xA0, 0x16, 0x80, 0x00, 0x00, 0x7F, 0xFD, 0xFF, 0xF0, 0x00, 0x1F, 0xFE, 0x7F, 0xFD, 0x9E,
    0x76, 0x78, 0xF1, 0xE3, 0x07, 0x80, 0x1E, 0x00, 0x78, 0x01, 0xE0, 0x07, 0x80, 0x1E, 0x00, 0x78,
    0x01, 0xE0, 0x0F, 0xC0, 0x7F, 0x80, 0xFF, 0xFF, 0xFF, 0x0F, 0x80, 0x78, 0xFF, 0xFF, 0xFF, 0x07,
    0x80, 0xF8, 0x3F, 0x0F, 0xC0, 0xF8, 0x07, 0xC0, 0x3C, 0x03, 0xE0, 0x1F, 0x01, 0xF0, 0x0F, 0xC0,
    0x7C, 0x7F, 0x81, 0xFE, 0x01, 0xE0, 0x07, 0x80, 0x1F, 0xE0, 0x7E, 0x03, 0xE0, 0x3F, 0xF8, 0x9F,
    0x80, 0xF8, 0x4F, 0xE7, 0xB7, 0x9F, 0x1E, 0x1C, 0x78, 0x71, 0xE1, 0xC7, 0x86, 0x3F, 0x71, 0xFF,
    0x80, 0x00, 0x00, 0x78, 0x00, 0x7C, 0x00, 0xC6, 0x00, 0xC7, 0xF8, 0x7F, 0xFC, 0x7F, 0xFE, 0x06,
    0x06, 0x06, 0x02, 0x06, 0xA2, 0x07, 0xF6, 0x07, 0xFE, 0x0E, 0xDC, 0x1E, 0x00, 0x1E, 0x00, 0x03,
    0x06, 0x03, 0x8E, 0x01, 0xFE, 0x00, 0xFC, 0x00, 0x00, 0x00, 0xC0, 0x00, 0x60, 0x00, 0x30, 0x00,
    0xFF, 0x01, 0xFF, 0xC1, 0xE6, 0xF0, 0xE3, 0x3C, 0xF1, 0x8E, 0x78, 0xC7, 0xBC, 0x63, 0xDE, 0x31,
    0xEF, 0x18, 0xF7, 0x8C, 0x7B, 0xC6, 0x3D, 0xE3, 0x1E, 0xF1, 0x8F, 0x78, 0xC7, 0x80, 0x7F, 0xE0,
    0xFF, 0xF0, 0xF9, 0xF1, 0xF1, 0xE3, 0xE3, 0xC7, 0xC7, 0x8F, 0x8F, 0x1F, 0x1E, 0x3E, 0xF8, 0xFF,
    0xE0, 0xF8, 0x01, 0xF0, 0x07, 0xFC, 0x0F, 0xF8, 0x0F, 0x80, 0x1F, 0x00, 0x3F, 0x00, 0xFF, 0x80,
    0x02, 0x40, 0x02, 0x40, 0x07, 0xE0, 0x1F, 0xF8, 0x3E, 0x7C, 0x72, 0x4E, 0x72, 0x4E, 0xF2, 0x4E,
    0xF2, 0x46, 0xE0, 0x00, 0xE0, 0x00, 0xF0, 0x00, 0xF0, 0x00, 0x70, 0x00, 0x70, 0x00, 0x38, 0x00,
    0xFF, 0xFE, 0xFF, 0xFE, 0xFF, 0xFE, 0x04, 0x80, 0x16, 0x07, 0xFC, 0x1F, 0xFC, 0x3C, 0xF0, 0xF1,
    0xE3, 0xC7, 0x8F, 0x1E, 0x3C, 0x70, 0xF3, 0x83, 0xFC, 0x0F, 0xFC, 0x3C, 0x78, 0xF1, 0xE3, 0xC7,
    0x8F, 0x1E, 0x3C, 0x78, 0xF1, 0xE3, 0xFF, 0x1F, 0xF8, 0x05, 0x80, 0x16, 0x00, 0x07, 0xC0, 0xFF,
    0x8F, 0x1C, 0xF0, 0xE7, 0x87, 0x3C, 0x01, 0xE0, 0x0F, 0x00, 0x78, 0x03, 0xC0, 0x1E, 0x00, 0x78,
    0x23, 0xFF, 0x07, 0xF0, 0x00, 0x00, 0x00, 0x7F, 0xF3, 0xFF, 0x8F, 0xFC, 0xFF, 0xDF, 0xFF, 0x01,
    0xE0, 0x3C, 0x07, 0x80, 0xF0, 0x1E, 0x03, 0xC0, 0x78, 0x0F, 0x01, 0xE0, 0x3C, 0x07, 0x80, 0xF0,
    0x1E, 0x03, 0xC0, 0x7F, 0xFC, 0xFF, 0xDF, 0xFF, 0x01, 0xE0, 0x3C, 0x07, 0x80, 0xF0, 0x1E, 0x03,
    0xC0, 0x78, 0x0F, 0x01, 0xE0, 0x3C, 0x07, 0x80, 0xF0, 0x1E, 0x03, 0xC0, 0x7F, 0xFC, 0xFF, 0xDF,
    0xFF, 0x01, 0xE0, 0x3C, 0x07, 0x80, 0xF0, 0x1E, 0x03, 0xC0, 0x78, 0x0F, 0x01, 0xE0, 0x3C, 0x07,
    0x80, 0xF0, 0x1E, 0x03, 0xC0, 0x7F, 0xFC, 0xFF, 0xDF, 0xFF, 0x01, 0xE0, 0x3C, 0x07, 0x80, 0xF0,
    0x1E, 0x03, 0xC0, 0x78, 0x0F, 0x01, 0xE0, 0x3C, 0x07, 0x80, 0xF0, 0x1E, 0x03, 0xC0, 0x7F, 0xFC,
    0xFF, 0xDF, 0xFF, 0x01, 0xE0, 0x3C, 0x07, 0x80, 0xF0, 0x1E, 0x03, 0xC0, 0x78, 0x0F, 0x01, 0xE0,
    0x3C, 0x07, 0x80, 0xF0, 0x1E, 0x03, 0xC0, 0x7F, 0xFC, 0xFF, 0xDF, 0xFF, 0x01, 0xE0, 0x3C, 0x07,
    0x80, 0xF0, 0x1E, 0x03, 0xC0, 0x78, 0x0F, 0x01, 0xE0, 0x3C, 0x07, 0x80, 0xF0, 0x1E, 0x03, 0xC0,
    0x7F, 0xFC, 0xFF, 0xDF, 0xFF, 0x01, 0xE0, 0x3C, 0x07, 0x80, 0xF0, 0x1E, 0x03, 0xC0, 0x78, 0x0F,
    0x01, 0xE0, 0x3C, 0x07, 0x80, 0xF0, 0x1E, 0x03, 0xC0, 0x7F, 0xFC, 0xFF, 0xDF, 0xFF, 0x01, 0xE0,
    0x3C, 0x07, 0x80, 0xF0, 0x1E, 0x03, 0xC0, 0x78, 0x0F, 0x01, 0xE0, 0x3C, 0x07, 0x80, 0xF0, 0x1E,
    0x03, 0xC0, 0x7F, 0xFC, 0xFF, 0xDF, 0xFF, 0x01, 0xE0, 0x3C, 0x07, 0x80, 0xF0, 0x1E, 0x03, 0xC0,
    0x78, 0x0F, 0x01, 0xE0, 0x3C, 0x07, 0x80, 0xF0, 0x1E, 0x03, 0xC0, 0x7F, 0xFC, 0xFF, 0xDF, 0xFF,
    0x01, 0xE0, 0x3C, 0x07, 0x80, 0xF0, 0x1E, 0x03, 0xC0, 0x78, 0x0F, 0x01, 0xE0, 0x3C, 0x07, 0x80,
    0xF0, 0x1E, 0x03, 0xC0, 0x7F, 0xFC, 0xFF, 0xDF, 0xFF, 0x01, 0xE0, 0x3C, 0x07, 0x80, 0xF0, 0x1E,
    0x03, 0xC0, 0x78, 0x0F, 0x01, 0xE0, 0x3C, 0x07, 0x80, 0xF0, 0x1E, 0x03, 0xC0, 0x7F, 0xFC, 0xFF,
    0xDF, 0xFF, 0x01, 0xE0, 0x3C, 0x07, 0x80, 0xF0, 0x1E, 0x03, 0xC0, 0x78, 0x0F, 0x01, 0xE0, 0x3C,
    0x07, 0x80, 0xF0, 0x1E, 0x03, 0xC0, 0x7F, 0xFC, 0xFF, 0xDF, 0xFF, 0x01, 0xE0, 0x3C, 0x07, 0x80,
    0xF0, 0x1E, 0x03, 0xC0, 0x78, 0x0F, 0x01, 0xE0, 0x3C, 0x07, 0x80, 0xF0, 0x1E, 0x03, 0xC0, 0x7F,
    0xFC, 0xFF, 0xDF, 0xFF, 0x01, 0xE0, 0x3C, 0x07, 0x80, 0xF0, 0x1E, 0x03, 0xC0, 0x78, 0x0F, 0x01,
    0xE0, 0x3C, 0x07, 0x80, 0xF0, 0x1E, 0x03, 0xC0, 0x7F, 0xFC, 0xFF, 0xDF, 0xFF, 0x01, 0xE0, 0x3C,
    0x07, 0x80, 0xF0, 0x1E, 0x03, 0xC0, 0x78, 0x0F, 0x01, 0xE0, 0x3C, 0x07, 0x80, 0xF0, 0x1E, 0x03,
    0xC0, 0x7F, 0xFC,
];

pub(crate) static NOTO_SERIF_12_BOLD: BitmapFont = BitmapFont::new(
    &NOTO_SERIF_CODEPOINTS,
    &NOTO_SERIF_12_BOLD_GLYPHS,
    &NOTO_SERIF_12_BOLD_BITMAP,
    34,
);

static NOTO_SERIF_14_REGULAR_GLYPHS: [BitmapGlyph; 410] = [
    BitmapGlyph::new(0, 0, 0, 0, 32, 8),
    BitmapGlyph::new(0, 4, 22, 3, 11, 10),
    BitmapGlyph::new(11, 10, 8, 1, 11, 12),
    BitmapGlyph::new(21, 16, 21, 0, 11, 16),
    BitmapGlyph::new(63, 14, 26, 1, 9, 16),
    BitmapGlyph::new(109, 24, 23, 1, 10, 26),
    BitmapGlyph::new(178, 21, 23, 1, 10, 22),
    BitmapGlyph::new(239, 4, 8, 1, 11, 6),
    BitmapGlyph::new(243, 9, 27, 1, 9, 10),
    BitmapGlyph::new(274, 9, 27, 0, 9, 10),
    BitmapGlyph::new(305, 13, 12, 1, 9, 15),
    BitmapGlyph::new(325, 14, 13, 1, 15, 16),
    BitmapGlyph::new(348, 6, 9, 0, 28, 7),
    BitmapGlyph::new(355, 9, 4, 0, 22, 9),
    BitmapGlyph::new(360, 5, 5, 1, 28, 7),
    BitmapGlyph::new(364, 9, 27, 0, 9, 8),
    BitmapGlyph::new(395, 14, 23, 1, 10, 16),
    BitmapGlyph::new(436, 13, 21, 1, 11, 16),
    BitmapGlyph::new(471, 14, 22, 1, 10, 16),
    BitmapGlyph::new(510, 14, 23, 1, 10, 16),
    BitmapGlyph::new(551, 16, 21, 0, 11, 16),
    BitmapGlyph::new(593, 14, 22, 1, 11, 16),
    BitmapGlyph::new(632, 14, 23, 1, 10, 16),
    BitmapGlyph::new(673, 14, 21, 1, 11, 16),
    BitmapGlyph::new(710, 14, 23, 1, 10, 16),
    BitmapGlyph::new(751, 14, 23, 1, 10, 16),
    BitmapGlyph::new(792, 5, 17, 2, 16, 8),
    BitmapGlyph::new(803, 6, 21, 1, 16, 8),
    BitmapGlyph::new(819, 14, 15, 1, 14, 16),
    BitmapGlyph::new(846, 14, 9, 1, 17, 16),
    BitmapGlyph::new(862, 14, 15, 1, 14, 16),
    BitmapGlyph::new(889, 13, 23, 0, 10, 14),
    BitmapGlyph::new(927, 25, 26, 1, 11, 27),
    BitmapGlyph::new(1009, 21, 21, 0, 11, 21),
    BitmapGlyph::new(1065, 17, 21, 1, 11, 19),
    BitmapGlyph::new(1110, 16, 23, 1, 10, 18),
    BitmapGlyph::new(1156, 19, 21, 1, 11, 21),
    BitmapGlyph::new(1206, 16, 21, 1, 11, 18),
    BitmapGlyph::new(1248, 15, 21, 1, 11, 17),
    BitmapGlyph::new(1288, 20, 23, 1, 10, 21),
    BitmapGlyph::new(1346, 22, 21, 1, 11, 23),
    BitmapGlyph::new(1404, 9, 21, 1, 11, 11),
    BitmapGlyph::new(1428, 11, 28, -1, 11, 10),
    BitmapGlyph::new(1467, 20, 21, 1, 11, 20),
    BitmapGlyph::new(1520, 16, 21, 1, 11, 18),
    BitmapGlyph::new(1562, 26, 21, 1, 11, 27),
    BitmapGlyph::new(1631, 21, 21, 1, 11, 22),
    BitmapGlyph::new(1687, 19, 23, 1, 10, 22),
    BitmapGlyph::new(1742, 16, 21, 1, 11, 18),
    BitmapGlyph::new(1784, 19, 29, 1, 10, 22),
    BitmapGlyph::new(1853, 19, 21, 1, 11, 19),
    BitmapGlyph::new(1903, 14, 23, 1, 10, 16),
    BitmapGlyph::new(1944, 18, 21, 0, 11, 18),
    BitmapGlyph::new(1992, 21, 22, 0, 11, 21),
    BitmapGlyph::new(2050, 20, 21, 0, 11, 20),
    BitmapGlyph::new(2103, 31, 21, 0, 11, 31),
    BitmapGlyph::new(2185, 20, 21, 0, 11, 19),
    BitmapGlyph::new(2238, 20, 21, -1, 11, 18),
    BitmapGlyph::new(2291, 16, 21, 1, 11, 17),
    BitmapGlyph::new(2333, 8, 27, 2, 9, 11),
    BitmapGlyph::new(2360, 9, 27, 0, 9, 8),
    BitmapGlyph::new(2391, 7, 27, 1, 9, 11),
    BitmapGlyph::new(2415, 14, 14, 1, 11, 16),
    BitmapGlyph::new(2440, 15, 3, -1, 34, 13),
    BitmapGlyph::new(2446, 6, 6, 1, 9, 8),
    BitmapGlyph::new(2451, 15, 17, 1, 16, 16),
    BitmapGlyph::new(2483, 17, 24, 0, 9, 18),
    BitmapGlyph::new(2534, 13, 17, 1, 16, 14),
    BitmapGlyph::new(2562, 17, 24, 1, 9, 18),
    BitmapGlyph::new(2613, 14, 17, 1, 16, 16),
    BitmapGlyph::new(2643, 13, 23, 0, 9, 11),
    BitmapGlyph::new(2681, 16, 24, 0, 15, 16),
    BitmapGlyph::new(2729, 18, 23, 0, 9, 19),
    BitmapGlyph::new(2781, 9, 23, 0, 9, 9),
    BitmapGlyph::new(2807, 8, 30, -1, 9, 9),
    BitmapGlyph::new(2837, 18, 23, 0, 9, 17),
    BitmapGlyph::new(2889, 9, 23, 0, 9, 9),
    BitmapGlyph::new(2915, 27, 16, 0, 16, 28),
    BitmapGlyph::new(2969, 18, 16, 0, 16, 19),
    BitmapGlyph::new(3005, 15, 17, 1, 16, 17),
    BitmapGlyph::new(3037, 17, 23, 0, 16, 18),
    BitmapGlyph::new(3086, 17, 23, 1, 16, 18),
    BitmapGlyph::new(3135, 14, 16, 0, 16, 14),
    BitmapGlyph::new(3163, 11, 17, 1, 16, 13),
    BitmapGlyph::new(3187, 10, 21, 0, 12, 10),
    BitmapGlyph::new(3214, 18, 17, 0, 16, 19),
    BitmapGlyph::new(3253, 17, 16, 0, 16, 17),
    BitmapGlyph::new(3287, 26, 16, 0, 16, 25),
    BitmapGlyph::new(3339, 17, 16, 0, 16, 17),
    BitmapGlyph::new(3373, 17, 23, 0, 16, 16),
    BitmapGlyph::new(3422, 13, 16, 1, 16, 15),
    BitmapGlyph::new(3448, 11, 27, 1, 9, 12),
    BitmapGlyph::new(3486, 3, 30, 7, 9, 16),
    BitmapGlyph::new(3498, 11, 27, 1, 9, 12),
    BitmapGlyph::new(3536, 14, 6, 1, 19, 16),
    BitmapGlyph::new(3547, 0, 0, 0, 32, 8),
    BitmapGlyph::new(3547, 4, 22, 3, 16, 10),
    BitmapGlyph::new(3558, 13, 21, 2, 11, 16),
    BitmapGlyph::new(3593, 15, 23, 1, 10, 16),
    BitmapGlyph::new(3637, 14, 13, 1, 15, 16),
    BitmapGlyph::new(3660, 17, 21, 0, 11, 16),
    BitmapGlyph::new(3705, 3, 30, 7, 9, 16),
    BitmapGlyph::new(3717, 13, 27, 2, 9, 16),
    BitmapGlyph::new(3761, 9, 4, 4, 10, 17),
    BitmapGlyph::new(3766, 23, 23, 1, 10, 25),
    BitmapGlyph::new(3833, 10, 10, 1, 11, 11),
    BitmapGlyph::new(3846, 13, 12, 1, 18, 15),
    BitmapGlyph::new(3866, 14, 9, 1, 20, 16),
    BitmapGlyph::new(3882, 9, 4, 0, 22, 9),
    BitmapGlyph::new(3887, 23, 23, 1, 10, 25),
    BitmapGlyph::new(3954, 15, 2, -1, 8, 13),
    BitmapGlyph::new(3958, 10, 10, 1, 10, 12),
    BitmapGlyph::new(3971, 14, 17, 1, 15, 16),
    BitmapGlyph::new(4001, 10, 14, 1, 7, 12),
    BitmapGlyph::new(4019, 10, 14, 1, 7, 12),
    BitmapGlyph::new(4037, 6, 6, 1, 9, 8),
    BitmapGlyph::new(4042, 15, 23, 2, 16, 18),
    BitmapGlyph::new(4086, 16, 27, 1, 9, 18),
    BitmapGlyph::new(4140, 5, 5, 1, 19, 7),
    BitmapGlyph::new(4144, 7, 8, 1, 31, 10),
    BitmapGlyph::new(4151, 9, 13, 1, 8, 12),
    BitmapGlyph::new(4166, 10, 10, 1, 11, 12),
    BitmapGlyph::new(4179, 13, 12, 1, 18, 15),
    BitmapGlyph::new(4199, 24, 21, 0, 11, 25),
    BitmapGlyph::new(4262, 24, 21, 0, 11, 25),
    BitmapGlyph::new(4325, 23, 22, 1, 10, 25),
    BitmapGlyph::new(4389, 12, 22, 1, 16, 14),
    BitmapGlyph::new(4422, 21, 28, 0, 4, 21),
    BitmapGlyph::new(4496, 21, 28, 0, 4, 21),
    BitmapGlyph::new(4570, 21, 28, 0, 4, 21),
    BitmapGlyph::new(4644, 21, 27, 0, 5, 21),
    BitmapGlyph::new(4715, 21, 27, 0, 5, 21),
    BitmapGlyph::new(4786, 21, 26, 0, 6, 21),
    BitmapGlyph::new(4855, 27, 21, 0, 11, 28),
    BitmapGlyph::new(4926, 16, 29, 1, 10, 18),
    BitmapGlyph::new(4984, 16, 28, 1, 4, 18),
    BitmapGlyph::new(5040, 16, 28, 1, 4, 18),
    BitmapGlyph::new(5096, 16, 28, 1, 4, 18),
    BitmapGlyph::new(5152, 16, 27, 1, 5, 18),
    BitmapGlyph::new(5206, 9, 28, 1, 4, 11),
    BitmapGlyph::new(5238, 9, 28, 1, 4, 11),
    BitmapGlyph::new(5270, 9, 28, 1, 4, 11),
    BitmapGlyph::new(5302, 9, 27, 1, 5, 11),
    BitmapGlyph::new(5333, 19, 21, 1, 11, 21),
    BitmapGlyph::new(5383, 21, 27, 1, 5, 22),
    BitmapGlyph::new(5454, 19, 29, 1, 4, 22),
    BitmapGlyph::new(5523, 19, 29, 1, 4, 22),
    BitmapGlyph::new(5592, 19, 29, 1, 4, 22),
    BitmapGlyph::new(5661, 19, 28, 1, 5, 22),
    BitmapGlyph::new(5728, 19, 28, 1, 5, 22),
    BitmapGlyph::new(5795, 13, 13, 2, 15, 16),
    BitmapGlyph::new(5817, 19, 25, 1, 9, 22),
    BitmapGlyph::new(5877, 21, 29, 0, 4, 21),
    BitmapGlyph::new(5954, 21, 29, 0, 4, 21),
    BitmapGlyph::new(6031, 21, 29, 0, 4, 21),
    BitmapGlyph::new(6108, 21, 28, 0, 5, 21),
    BitmapGlyph::new(6182, 20, 28, -1, 4, 18),
    BitmapGlyph::new(6252, 16, 21, 1, 11, 18),
    BitmapGlyph::new(6294, 18, 24, 0, 9, 19),
    BitmapGlyph::new(6348, 15, 24, 1, 9, 16),
    BitmapGlyph::new(6393, 15, 24, 1, 9, 16),
    BitmapGlyph::new(6438, 15, 24, 1, 9, 16),
    BitmapGlyph::new(6483, 15, 23, 1, 10, 16),
    BitmapGlyph::new(6527, 15, 23, 1, 10, 16),
    BitmapGlyph::new(6571, 15, 25, 1, 8, 16),
    BitmapGlyph::new(6618, 23, 17, 1, 16, 25),
    BitmapGlyph::new(6667, 13, 23, 1, 16, 14),
    BitmapGlyph::new(6705, 14, 24, 1, 9, 16),
    BitmapGlyph::new(6747, 14, 24, 1, 9, 16),
    BitmapGlyph::new(6789, 14, 24, 1, 9, 16),
    BitmapGlyph::new(6831, 14, 23, 1, 10, 16),
    BitmapGlyph::new(6872, 9, 23, 0, 9, 9),
    BitmapGlyph::new(6898, 10, 23, 0, 9, 9),
    BitmapGlyph::new(6927, 9, 23, 0, 9, 9),
    BitmapGlyph::new(6953, 9, 22, 0, 10, 9),
    BitmapGlyph::new(6978, 15, 24, 1, 9, 17),
    BitmapGlyph::new(7023, 18, 22, 0, 10, 19),
    BitmapGlyph::new(7073, 15, 24, 1, 9, 17),
    BitmapGlyph::new(7118, 15, 24, 1, 9, 17),
    BitmapGlyph::new(7163, 15, 24, 1, 9, 17),
    BitmapGlyph::new(7208, 15, 23, 1, 10, 17),
    BitmapGlyph::new(7252, 15, 23, 1, 10, 17),
    BitmapGlyph::new(7296, 14, 15, 1, 14, 16),
    BitmapGlyph::new(7323, 15, 19, 1, 15, 17),
    BitmapGlyph::new(7359, 18, 24, 0, 9, 19),
    BitmapGlyph::new(7413, 18, 24, 0, 9, 19),
    BitmapGlyph::new(7467, 18, 24, 0, 9, 19),
    BitmapGlyph::new(7521, 18, 23, 0, 10, 19),
    BitmapGlyph::new(7573, 17, 30, 0, 9, 16),
    BitmapGlyph::new(7637, 17, 30, 0, 9, 18),
    BitmapGlyph::new(7701, 17, 29, 0, 10, 16),
    BitmapGlyph::new(7763, 21, 25, 0, 7, 21),
    BitmapGlyph::new(7829, 15, 21, 1, 12, 16),
    BitmapGlyph::new(7869, 21, 27, 0, 5, 21),
    BitmapGlyph::new(7940, 15, 23, 1, 10, 16),
    BitmapGlyph::new(7984, 21, 28, 0, 11, 21),
    BitmapGlyph::new(8058, 15, 23, 1, 16, 16),
    BitmapGlyph::new(8102, 16, 29, 1, 4, 18),
    BitmapGlyph::new(8160, 13, 24, 1, 9, 14),
    BitmapGlyph::new(8199, 16, 29, 1, 4, 18),
    BitmapGlyph::new(8257, 13, 24, 1, 9, 14),
    BitmapGlyph::new(8296, 16, 29, 1, 4, 18),
    BitmapGlyph::new(8354, 13, 24, 1, 9, 14),
    BitmapGlyph::new(8393, 16, 29, 1, 4, 18),
    BitmapGlyph::new(8451, 13, 24, 1, 9, 14),
    BitmapGlyph::new(8490, 19, 28, 1, 4, 21),
    BitmapGlyph::new(8557, 19, 24, 1, 9, 18),
    BitmapGlyph::new(8614, 19, 21, 1, 11, 21),
    BitmapGlyph::new(8664, 17, 24, 1, 9, 18),
    BitmapGlyph::new(8715, 16, 25, 1, 7, 18),
    BitmapGlyph::new(8765, 14, 21, 1, 12, 16),
    BitmapGlyph::new(8802, 16, 27, 1, 5, 18),
    BitmapGlyph::new(8856, 14, 23, 1, 10, 16),
    BitmapGlyph::new(8897, 16, 27, 1, 5, 18),
    BitmapGlyph::new(8951, 14, 24, 1, 9, 16),
    BitmapGlyph::new(8993, 16, 28, 1, 11, 18),
    BitmapGlyph::new(9049, 14, 23, 1, 16, 16),
    BitmapGlyph::new(9090, 16, 28, 1, 4, 18),
    BitmapGlyph::new(9146, 14, 24, 1, 9, 16),
    BitmapGlyph::new(9188, 20, 29, 1, 4, 21),
    BitmapGlyph::new(9261, 16, 30, 0, 9, 16),
    BitmapGlyph::new(9321, 20, 28, 1, 5, 21),
    BitmapGlyph::new(9391, 16, 29, 0, 10, 16),
    BitmapGlyph::new(9449, 20, 29, 1, 4, 21),
    BitmapGlyph::new(9522, 16, 30, 0, 9, 16),
    BitmapGlyph::new(9582, 20, 29, 1, 10, 21),
    BitmapGlyph::new(9655, 16, 30, 0, 9, 16),
    BitmapGlyph::new(9715, 22, 28, 1, 4, 23),
    BitmapGlyph::new(9792, 18, 29, 0, 3, 19),
    BitmapGlyph::new(9858, 22, 21, 1, 11, 23),
    BitmapGlyph::new(9916, 18, 23, 0, 9, 19),
    BitmapGlyph::new(9968, 11, 27, 0, 5, 11),
    BitmapGlyph::new(10006, 11, 22, -1, 10, 9),
    BitmapGlyph::new(10037, 9, 25, 1, 7, 11),
    BitmapGlyph::new(10066, 9, 20, 0, 12, 9),
    BitmapGlyph::new(10089, 9, 27, 1, 5, 11),
    BitmapGlyph::new(10120, 9, 22, 0, 10, 9),
    BitmapGlyph::new(10145, 9, 28, 1, 11, 11),
    BitmapGlyph::new(10177, 9, 30, 0, 9, 9),
    BitmapGlyph::new(10211, 9, 28, 1, 4, 11),
    BitmapGlyph::new(10243, 9, 16, 0, 16, 9),
    BitmapGlyph::new(10261, 19, 28, 1, 11, 20),
    BitmapGlyph::new(10328, 16, 30, 0, 9, 18),
    BitmapGlyph::new(10388, 11, 35, -1, 4, 10),
    BitmapGlyph::new(10437, 10, 30, -1, 9, 9),
    BitmapGlyph::new(10475, 20, 28, 1, 11, 20),
    BitmapGlyph::new(10545, 18, 30, 0, 9, 17),
    BitmapGlyph::new(10613, 18, 16, 0, 16, 17),
    BitmapGlyph::new(10649, 16, 28, 1, 4, 18),
    BitmapGlyph::new(10705, 9, 29, 0, 3, 9),
    BitmapGlyph::new(10738, 16, 28, 1, 11, 18),
    BitmapGlyph::new(10794, 9, 30, 0, 9, 9),
    BitmapGlyph::new(10828, 16, 21, 1, 11, 18),
    BitmapGlyph::new(10870, 11, 23, 0, 9, 9),
    BitmapGlyph::new(10902, 16, 21, 1, 11, 18),
    BitmapGlyph::new(10944, 12, 23, 0, 9, 11),
    BitmapGlyph::new(10979, 16, 21, 1, 11, 18),
    BitmapGlyph::new(11021, 10, 23, 0, 9, 9),
    BitmapGlyph::new(11050, 21, 28, 1, 4, 22),
    BitmapGlyph::new(11124, 18, 23, 0, 9, 19),
    BitmapGlyph::new(11176, 21, 28, 1, 11, 22),
    BitmapGlyph::new(11250, 18, 23, 0, 16, 19),
    BitmapGlyph::new(11302, 21, 28, 1, 4, 22),
    BitmapGlyph::new(11376, 18, 23, 0, 9, 19),
    BitmapGlyph::new(11428, 22, 21, 0, 11, 23),
    BitmapGlyph::new(11486, 21, 28, 1, 11, 22),
    BitmapGlyph::new(11560, 16, 23, 0, 16, 19),
    BitmapGlyph::new(11606, 19, 26, 1, 7, 22),
    BitmapGlyph::new(11668, 15, 21, 1, 12, 17),
    BitmapGlyph::new(11708, 19, 28, 1, 5, 22),
    BitmapGlyph::new(11775, 15, 23, 1, 10, 17),
    BitmapGlyph::new(11819, 19, 29, 1, 4, 22),
    BitmapGlyph::new(11888, 15, 24, 1, 9, 17),
    BitmapGlyph::new(11933, 26, 23, 1, 10, 28),
    BitmapGlyph::new(12008, 24, 17, 1, 16, 26),
    BitmapGlyph::new(12059, 19, 28, 1, 4, 19),
    BitmapGlyph::new(12126, 14, 23, 0, 9, 14),
    BitmapGlyph::new(12167, 19, 28, 1, 11, 19),
    BitmapGlyph::new(12234, 14, 23, 0, 16, 14),
    BitmapGlyph::new(12275, 19, 28, 1, 4, 19),
    BitmapGlyph::new(12342, 14, 23, 0, 9, 14),
    BitmapGlyph::new(12383, 14, 29, 1, 4, 16),
    BitmapGlyph::new(12434, 11, 24, 1, 9, 13),
    BitmapGlyph::new(12467, 14, 29, 1, 4, 16),
    BitmapGlyph::new(12518, 11, 24, 1, 9, 13),
    BitmapGlyph::new(12551, 14, 29, 1, 10, 16),
    BitmapGlyph::new(12602, 11, 23, 1, 16, 13),
    BitmapGlyph::new(12634, 14, 29, 1, 4, 16),
    BitmapGlyph::new(12685, 11, 24, 1, 9, 13),
    BitmapGlyph::new(12718, 18, 28, 0, 11, 18),
    BitmapGlyph::new(12781, 10, 27, 0, 12, 10),
    BitmapGlyph::new(12815, 18, 28, 0, 4, 18),
    BitmapGlyph::new(12878, 11, 24, 0, 9, 10),
    BitmapGlyph::new(12911, 18, 21, 0, 11, 18),
    BitmapGlyph::new(12959, 10, 21, 0, 12, 10),
    BitmapGlyph::new(12986, 21, 28, 0, 5, 21),
    BitmapGlyph::new(13060, 18, 23, 0, 10, 19),
    BitmapGlyph::new(13112, 21, 26, 0, 7, 21),
    BitmapGlyph::new(13181, 18, 21, 0, 12, 19),
    BitmapGlyph::new(13229, 21, 28, 0, 5, 21),
    BitmapGlyph::new(13303, 18, 23, 0, 10, 19),
    BitmapGlyph::new(13355, 21, 30, 0, 3, 21),
    BitmapGlyph::new(13434, 18, 25, 0, 8, 19),
    BitmapGlyph::new(13491, 21, 29, 0, 4, 21),
    BitmapGlyph::new(13568, 18, 24, 0, 9, 19),
    BitmapGlyph::new(13622, 21, 28, 0, 11, 21),
    BitmapGlyph::new(13696, 18, 23, 0, 16, 19),
    BitmapGlyph::new(13748, 31, 28, 0, 4, 31),
    BitmapGlyph::new(13857, 26, 23, 0, 9, 25),
    BitmapGlyph::new(13932, 20, 28, -1, 4, 18),
    BitmapGlyph::new(14002, 17, 30, 0, 9, 16),
    BitmapGlyph::new(14066, 20, 27, -1, 5, 18),
    BitmapGlyph::new(14134, 16, 28, 1, 4, 17),
    BitmapGlyph::new(14190, 13, 23, 1, 9, 15),
    BitmapGlyph::new(14228, 16, 28, 1, 4, 17),
    BitmapGlyph::new(14284, 13, 23, 1, 9, 15),
    BitmapGlyph::new(14322, 16, 28, 1, 4, 17),
    BitmapGlyph::new(14378, 13, 23, 1, 9, 15),
    BitmapGlyph::new(14416, 13, 23, 0, 9, 10),
    BitmapGlyph::new(14454, 9, 4, 0, 22, 9),
    BitmapGlyph::new(14459, 9, 4, 0, 22, 9),
    BitmapGlyph::new(14464, 15, 3, 1, 20, 16),
    BitmapGlyph::new(14470, 16, 3, -1, 23, 15),
    BitmapGlyph::new(14476, 31, 3, -1, 23, 29),
    BitmapGlyph::new(14488, 31, 3, -1, 23, 29),
    BitmapGlyph::new(14500, 7, 30, 5, 9, 16),
    BitmapGlyph::new(14527, 14, 6, -1, 32, 12),
    BitmapGlyph::new(14538, 6, 9, 1, 11, 7),
    BitmapGlyph::new(14545, 6, 9, 0, 11, 7),
    BitmapGlyph::new(14552, 6, 9, 0, 28, 7),
    BitmapGlyph::new(14559, 6, 9, 1, 11, 7),
    BitmapGlyph::new(14566, 12, 9, 1, 11, 13),
    BitmapGlyph::new(14580, 12, 9, 0, 11, 13),
    BitmapGlyph::new(14594, 12, 9, 0, 28, 13),
    BitmapGlyph::new(14608, 12, 9, 1, 11, 13),
    BitmapGlyph::new(14622, 12, 27, 1, 9, 13),
    BitmapGlyph::new(14663, 12, 27, 1, 9, 13),
    BitmapGlyph::new(14704, 9, 9, 1, 17, 11),
    BitmapGlyph::new(14715, 10, 10, 3, 17, 15),
    BitmapGlyph::new(14728, 5, 5, 1, 19, 7),
    BitmapGlyph::new(14732, 13, 5, 1, 19, 16),
    BitmapGlyph::new(14741, 21, 5, 2, 28, 25),
    BitmapGlyph::new(14755, 5, 5, 1, 21, 7),
    BitmapGlyph::new(14759, 0, 0, 0, 32, 18),
    BitmapGlyph::new(14759, 0, 0, 0, 32, 18),
    BitmapGlyph::new(14759, 8, 22, -1, 14, 1),
    BitmapGlyph::new(14781, 8, 22, -7, 14, 1),
    BitmapGlyph::new(14803, 8, 25, -4, 11, 1),
    BitmapGlyph::new(14828, 8, 25, -4, 11, 1),
    BitmapGlyph::new(14853, 8, 25, -4, 11, 1),
    BitmapGlyph::new(14878, 0, 0, 0, 32, 5),
    BitmapGlyph::new(14878, 36, 23, 1, 10, 38),
    BitmapGlyph::new(14982, 47, 23, 1, 10, 49),
    BitmapGlyph::new(15118, 5, 8, 0, 11, 5),
    BitmapGlyph::new(15123, 11, 8, 0, 11, 11),
    BitmapGlyph::new(15134, 16, 8, 0, 11, 16),
    BitmapGlyph::new(15150, 5, 8, 0, 11, 5),
    BitmapGlyph::new(15155, 11, 8, 0, 11, 11),
    BitmapGlyph::new(15166, 16, 8, 0, 11, 16),
    BitmapGlyph::new(15182, 10, 9, 1, 30, 12),
    BitmapGlyph::new(15194, 7, 12, 1, 18, 10),
    BitmapGlyph::new(15205, 7, 12, 1, 18, 10),
    BitmapGlyph::new(15216, 18, 22, 1, 10, 19),
    BitmapGlyph::new(15266, 16, 25, 1, 9, 18),
    BitmapGlyph::new(15316, 16, 23, 1, 10, 18),
    BitmapGlyph::new(15362, 15, 21, 1, 11, 16),
    BitmapGlyph::new(15402, 15, 23, 1, 10, 16),
    BitmapGlyph::new(15446, 27, 24, 0, 12, 28),
    BitmapGlyph::new(15527, 20, 21, 0, 11, 19),
    BitmapGlyph::new(15580, 23, 22, 0, 11, 24),
    BitmapGlyph::new(15644, 28, 22, 1, 11, 30),
    BitmapGlyph::new(15721, 32, 21, -1, 11, 31),
    BitmapGlyph::new(15805, 20, 18, 3, 14, 26),
    BitmapGlyph::new(15850, 17, 28, 1, 9, 18),
    BitmapGlyph::new(15910, 15, 23, 1, 10, 16),
    BitmapGlyph::new(15954, 21, 21, 0, 11, 20),
    BitmapGlyph::new(16010, 18, 21, 0, 11, 16),
    BitmapGlyph::new(16058, 29, 30, 0, 8, 29),
    BitmapGlyph::new(16167, 16, 29, -1, 10, 16),
    BitmapGlyph::new(16225, 18, 21, 0, 11, 18),
    BitmapGlyph::new(16273, 20, 26, 1, 9, 21),
    BitmapGlyph::new(16338, 21, 21, 0, 11, 21),
    BitmapGlyph::new(16394, 16, 23, 0, 10, 16),
    BitmapGlyph::new(16440, 16, 26, 1, 9, 18),
    BitmapGlyph::new(16492, 17, 22, 0, 11, 17),
    BitmapGlyph::new(16539, 15, 25, 0, 10, 16),
    BitmapGlyph::new(16586, 16, 21, 0, 11, 16),
    BitmapGlyph::new(16628, 15, 21, 1, 11, 16),
    BitmapGlyph::new(16668, 16, 21, 0, 11, 16),
    BitmapGlyph::new(16710, 18, 23, 0, 10, 19),
    BitmapGlyph::new(16762, 19, 20, 2, 12, 23),
    BitmapGlyph::new(16810, 16, 21, 1, 11, 17),
    BitmapGlyph::new(16852, 18, 23, 1, 9, 20),
    BitmapGlyph::new(16904, 14, 26, 1, 9, 16),
    BitmapGlyph::new(16950, 13, 21, 1, 16, 14),
    BitmapGlyph::new(16985, 13, 21, 2, 11, 18),
    BitmapGlyph::new(17020, 13, 21, 2, 11, 18),
    BitmapGlyph::new(17055, 13, 21, 2, 11, 18),
    BitmapGlyph::new(17090, 13, 21, 2, 11, 18),
    BitmapGlyph::new(17125, 13, 21, 2, 11, 18),
    BitmapGlyph::new(17160, 13, 21, 2, 11, 18),
    BitmapGlyph::new(17195, 13, 21, 2, 11, 18),
    BitmapGlyph::new(17230, 13, 21, 2, 11, 18),
    BitmapGlyph::new(17265, 13, 21, 2, 11, 18),
    BitmapGlyph::new(17300, 13, 21, 2, 11, 18),
    BitmapGlyph::new(17335, 13, 21, 2, 11, 18),
    BitmapGlyph::new(17370, 13, 21, 2, 11, 18),
    BitmapGlyph::new(17405, 13, 21, 2, 11, 18),
    BitmapGlyph::new(17440, 13, 21, 2, 11, 18),
    BitmapGlyph::new(17475, 13, 21, 2, 11, 18),
];

static NOTO_SERIF_14_REGULAR_BITMAP: [u8; 17510] = [
    0xFF, 0xFE, 0xEE, 0xEE, 0x66, 0x66, 0x66, 0x60, 0x06, 0xFF, 0xE0, 0x73, 0x9C, 0xE7, 0x39, 0x8E,
    0x61, 0x98, 0x66, 0x18, 0x00, 0x03, 0x0C, 0x03, 0x0C, 0x03, 0x18, 0x06, 0x18, 0x06, 0x18, 0x06,
    0x18, 0x3F, 0xFF, 0x3F, 0xFE, 0x06, 0x30, 0x0C, 0x30, 0x0C, 0x30, 0x0C, 0x30, 0x0C, 0x30, 0x7F,
    0xFE, 0x7F, 0xFE, 0x18, 0x60, 0x18, 0x60, 0x18, 0x60, 0x18, 0xC0, 0x30, 0xC0, 0x30, 0xC0, 0x00,
    0x00, 0x0C, 0x00, 0x30, 0x03, 0xF8, 0x1F, 0xF0, 0xEC, 0xE7, 0x33, 0x9C, 0xCC, 0x73, 0x00, 0xEC,
    0x03, 0xF0, 0x07, 0xE0, 0x0F, 0xE0, 0x0F, 0xC0, 0x37, 0x80, 0xCE, 0x63, 0x39, 0x8C, 0xE7, 0x33,
    0x9C, 0xCE, 0x3F, 0xF0, 0x7F, 0x00, 0x30, 0x00, 0xC0, 0x03, 0x00, 0x00, 0x00, 0x00, 0x00, 0x00,
    0x3F, 0x00, 0xC0, 0x73, 0x81, 0xC0, 0x71, 0x81, 0x80, 0x61, 0xC3, 0x80, 0xE1, 0xC3, 0x00, 0xE1,
    0xC7, 0x00, 0xE1, 0xC6, 0x00, 0xE1, 0xCE, 0x00, 0xE1, 0xCC, 0x78, 0x61, 0xDC, 0xFC, 0x73, 0x99,
    0xCE, 0x3F, 0x39, 0x86, 0x1E, 0x33, 0x87, 0x00, 0x73, 0x87, 0x00, 0x63, 0x87, 0x00, 0xE3, 0x87,
    0x00, 0xC3, 0x87, 0x01, 0xC3, 0x87, 0x01, 0x81, 0x86, 0x03, 0x81, 0xCE, 0x03, 0x00, 0xFC, 0x00,
    0x00, 0x00, 0x00, 0x00, 0x00, 0x7F, 0x00, 0x07, 0x9C, 0x00, 0x38, 0x70, 0x03, 0x83, 0x80, 0x1C,
    0x1C, 0x00, 0x70, 0xE0, 0x03, 0x87, 0x00, 0x1E, 0xF0, 0x00, 0x7E, 0x00, 0x03, 0xE0, 0xFC, 0x7F,
    0x07, 0x07, 0x1C, 0x30, 0x78, 0x71, 0x83, 0x81, 0xCC, 0x1C, 0x07, 0xC0, 0xE0, 0x3E, 0x07, 0x00,
    0xF0, 0x3C, 0x03, 0xC0, 0xE0, 0x3F, 0x03, 0xEF, 0x3C, 0x0F, 0xF0, 0xFC, 0x00, 0x00, 0x00, 0x77,
    0x76, 0x66, 0x60, 0x00, 0x01, 0x81, 0xC1, 0xC1, 0xC1, 0xC0, 0xE0, 0xE0, 0x70, 0x38, 0x1C, 0x0E,
    0x07, 0x03, 0x81, 0xC0, 0xE0, 0x70, 0x38, 0x1C, 0x0E, 0x03, 0x81, 0xC0, 0x60, 0x38, 0x0E, 0x01,
    0x80, 0x40, 0x00, 0x30, 0x1C, 0x07, 0x01, 0xC0, 0x70, 0x38, 0x0E, 0x07, 0x03, 0x81, 0xC0, 0xE0,
    0x78, 0x3C, 0x1E, 0x0F, 0x07, 0x03, 0x81, 0xC0, 0xE0, 0x70, 0x70, 0x38, 0x38, 0x38, 0x38, 0x10,
    0x00, 0x00, 0x00, 0x30, 0x01, 0x80, 0xCC, 0x6F, 0x6F, 0x1F, 0xF0, 0x3C, 0x0F, 0xFE, 0xF6, 0xF2,
    0x31, 0x81, 0x80, 0x0E, 0x00, 0x03, 0x00, 0x0C, 0x00, 0x30, 0x00, 0xC0, 0x03, 0x00, 0x0C, 0x07,
    0xFF, 0xDF, 0xFE, 0x03, 0x00, 0x0C, 0x00, 0x30, 0x00, 0xC0, 0x03, 0x00, 0x39, 0xE7, 0xCF, 0x1C,
    0x63, 0x18, 0x00, 0x00, 0x3F, 0x9F, 0xC0, 0x00, 0x73, 0xDE, 0xE0, 0x00, 0x00, 0x01, 0x80, 0xC0,
    0x60, 0x30, 0x30, 0x18, 0x0C, 0x06, 0x06, 0x03, 0x01, 0x80, 0x80, 0xC0, 0x60, 0x30, 0x30, 0x18,
    0x0C, 0x06, 0x06, 0x03, 0x01, 0x80, 0xC0, 0xC0, 0x60, 0x30, 0x00, 0x00, 0x00, 0x3F, 0x01, 0xFE,
    0x0E, 0x1C, 0x70, 0x39, 0xC0, 0xE7, 0x03, 0xDC, 0x07, 0xF0, 0x1F, 0xC0, 0x7E, 0x01, 0xF8, 0x07,
    0xE0, 0x1F, 0xC0, 0x7F, 0x01, 0xDC, 0x07, 0x70, 0x3D, 0xC0, 0xE7, 0x03, 0x8E, 0x1C, 0x1C, 0xF0,
    0x3F, 0x00, 0x00, 0x00, 0x03, 0x80, 0x3C, 0x03, 0xE0, 0xF7, 0x07, 0x38, 0x01, 0xC0, 0x0E, 0x00,
    0x70, 0x03, 0x80, 0x1C, 0x00, 0xE0, 0x07, 0x00, 0x38, 0x01, 0xC0, 0x0E, 0x00, 0x70, 0x03, 0x80,
    0x1C, 0x00, 0xE0, 0x0F, 0x83, 0xFF, 0x80, 0x00, 0x00, 0x7F, 0x03, 0xDF, 0x1C, 0x1C, 0x70, 0x79,
    0xC0, 0xE3, 0x03, 0x80, 0x0E, 0x00, 0x70, 0x01, 0xC0, 0x0E, 0x00, 0x30, 0x01, 0x80, 0x0E, 0x00,
    0x70, 0x03, 0x80, 0x0C, 0x00, 0x60, 0x33, 0x00, 0xDC, 0x0F, 0x7F, 0xF9, 0xFF, 0xE0, 0x00, 0x00,
    0x7F, 0x03, 0xDF, 0x1C, 0x1E, 0x70, 0x39, 0xC0, 0xE3, 0x03, 0x80, 0x1E, 0x00, 0x70, 0x03, 0x80,
    0x7C, 0x03, 0xF8, 0x00, 0xF0, 0x01, 0xE0, 0x03, 0xC0, 0x0F, 0x00, 0x3D, 0x80, 0xF6, 0x03, 0x98,
    0x1E, 0x79, 0xF0, 0xFF, 0x00, 0x00, 0x00, 0x00, 0x70, 0x00, 0x70, 0x00, 0xF0, 0x01, 0xF0, 0x01,
    0xF0, 0x03, 0x70, 0x06, 0x70, 0x06, 0x70, 0x0C, 0x70, 0x18, 0x70, 0x18, 0x70, 0x30, 0x70, 0x60,
    0x70, 0x60, 0x78, 0xFF, 0xFF, 0x00, 0x78, 0x00, 0x70, 0x00, 0x70, 0x00, 0x78, 0x00, 0xFC, 0x03,
    0xFE, 0x3F, 0xF0, 0xFF, 0xC3, 0xFF, 0x0C, 0x04, 0x30, 0x10, 0xC0, 0x02, 0x00, 0x08, 0x00, 0x67,
    0x01, 0xFF, 0x82, 0x1F, 0x00, 0x1E, 0x00, 0x38, 0x00, 0xE0, 0x03, 0x80, 0x0E, 0x00, 0x39, 0x81,
    0xE6, 0x07, 0x1F, 0xF8, 0x3F, 0xC0, 0x00, 0x00, 0x00, 0x00, 0x1F, 0xC0, 0xF7, 0x87, 0x0E, 0x38,
    0x18, 0xE0, 0x47, 0x00, 0x1C, 0x00, 0x70, 0x01, 0xCF, 0x07, 0xFF, 0x1E, 0x1E, 0x70, 0x39, 0xC0,
    0xF7, 0x01, 0xDC, 0x07, 0x70, 0x1D, 0xC0, 0x73, 0x83, 0x8E, 0x0E, 0x1E, 0xF0, 0x3F, 0x80, 0x00,
    0x00, 0x7F, 0xFD, 0xFF, 0xF7, 0xFF, 0xD0, 0x06, 0x40, 0x39, 0x00, 0xC0, 0x07, 0x00, 0x1C, 0x00,
    0x60, 0x03, 0x80, 0x0E, 0x00, 0x30, 0x01, 0xC0, 0x07, 0x00, 0x38, 0x00, 0xE0, 0x03, 0x00, 0x1C,
    0x00, 0x70, 0x01, 0x80, 0x0E, 0x00, 0x00, 0x00, 0x3F, 0x83, 0xCF, 0x0E, 0x0E, 0x70, 0x39, 0xC0,
    0xE7, 0x03, 0x9C, 0x0E, 0x78, 0x30, 0xF9, 0x81, 0xFC, 0x03, 0xF8, 0x1D, 0xF0, 0xE1, 0xE7, 0x03,
    0xF8, 0x07, 0xE0, 0x1F, 0x80, 0x7F, 0x01, 0xDC, 0x0E, 0x38, 0x70, 0x7F, 0x80, 0x00, 0x00, 0x00,
    0x00, 0x3F, 0x03, 0xFE, 0x0E, 0x1C, 0x70, 0x79, 0xC0, 0xEF, 0x03, 0xBC, 0x0E, 0xF0, 0x3F, 0xC0,
    0xF7, 0x03, 0xDE, 0x1F, 0x3F, 0xFC, 0x7E, 0xE0, 0x03, 0x80, 0x0E, 0x00, 0x38, 0x00, 0xC0, 0x07,
    0x18, 0x38, 0x7B, 0xC0, 0xFE, 0x00, 0x00, 0x00, 0x67, 0xBC, 0xE0, 0x00, 0x00, 0x00, 0x00, 0x06,
    0x7B, 0xCE, 0x00, 0x31, 0xE7, 0x8E, 0x00, 0x00, 0x00, 0x00, 0x00, 0x00, 0x31, 0xE7, 0x8E, 0x18,
    0x63, 0x38, 0x00, 0x00, 0x00, 0x00, 0x70, 0x07, 0x80, 0x78, 0x07, 0xC0, 0x3C, 0x03, 0xC0, 0x1C,
    0x00, 0x7C, 0x00, 0x78, 0x00, 0x78, 0x00, 0x78, 0x00, 0x78, 0x00, 0x70, 0x00, 0x00, 0x00, 0x01,
    0xFF, 0xF7, 0xFF, 0x80, 0x00, 0x00, 0x00, 0x00, 0x07, 0xFF, 0x9F, 0xFF, 0x00, 0x00, 0x00, 0x01,
    0x80, 0x07, 0x80, 0x07, 0x80, 0x07, 0x80, 0x07, 0x80, 0x0F, 0x80, 0x0F, 0x00, 0x78, 0x07, 0x80,
    0x78, 0x07, 0x80, 0x78, 0x01, 0xC0, 0x04, 0x00, 0x00, 0x00, 0x00, 0xFE, 0x1F, 0x78, 0xE0, 0xE7,
    0x03, 0xB8, 0x1C, 0x00, 0xE0, 0x0F, 0x00, 0x70, 0x07, 0x80, 0x78, 0x07, 0x80, 0x70, 0x03, 0x00,
    0x18, 0x00, 0xC0, 0x00, 0x00, 0x00, 0x01, 0x80, 0x1E, 0x00, 0xF0, 0x03, 0x80, 0x00, 0x00, 0x00,
    0x1F, 0xC0, 0x00, 0x7F, 0xF8, 0x00, 0x78, 0x0F, 0x00, 0xF0, 0x01, 0x80, 0xE0, 0x00, 0x60, 0x60,
    0x30, 0x18, 0x70, 0xFF, 0x8C, 0x70, 0xE1, 0x86, 0x38, 0xE0, 0xC3, 0x18, 0x70, 0xE1, 0x9C, 0x70,
    0x70, 0xCE, 0x38, 0x38, 0x66, 0x1C, 0x18, 0x33, 0x0E, 0x0C, 0x19, 0x87, 0x0E, 0x0C, 0xC3, 0x87,
    0x0C, 0x61, 0xC7, 0xCC, 0x38, 0x7E, 0x7E, 0x1C, 0x1E, 0x1C, 0x06, 0x00, 0x00, 0x03, 0x80, 0x00,
    0x00, 0xE0, 0x00, 0x80, 0x38, 0x01, 0xC0, 0x0F, 0xFF, 0x80, 0x01, 0xFF, 0x00, 0x00, 0x00, 0x00,
    0x00, 0x00, 0x70, 0x00, 0x03, 0x80, 0x00, 0x3C, 0x00, 0x01, 0xF0, 0x00, 0x0B, 0x80, 0x00, 0xDE,
    0x00, 0x06, 0x70, 0x00, 0x63, 0x80, 0x03, 0x1E, 0x00, 0x18, 0x70, 0x01, 0x83, 0x80, 0x0C, 0x0E,
    0x00, 0x7F, 0xF0, 0x07, 0xFF, 0xC0, 0x30, 0x0E, 0x03, 0x00, 0x70, 0x18, 0x03, 0xC0, 0xC0, 0x0E,
    0x0E, 0x00, 0x70, 0xF0, 0x07, 0xCF, 0xE0, 0xFF, 0x80, 0xFF, 0xF0, 0x3F, 0xFE, 0x07, 0x07, 0x83,
    0x81, 0xC1, 0xC0, 0xE0, 0xE0, 0x78, 0x70, 0x38, 0x38, 0x1C, 0x1C, 0x1C, 0x0F, 0xFC, 0x07, 0xFE,
    0x03, 0x83, 0xC1, 0xC0, 0xF0, 0xE0, 0x38, 0x70, 0x1C, 0x38, 0x0E, 0x1C, 0x07, 0x0E, 0x03, 0x87,
    0x03, 0xC7, 0xFF, 0xCF, 0xFF, 0x80, 0x00, 0x00, 0x03, 0xFC, 0x0F, 0xFE, 0x1E, 0x0F, 0x3C, 0x07,
    0x38, 0x06, 0x78, 0x00, 0x70, 0x00, 0x70, 0x00, 0x70, 0x00, 0x70, 0x00, 0x70, 0x00, 0x70, 0x00,
    0x70, 0x00, 0x70, 0x00, 0x70, 0x00, 0x78, 0x00, 0x38, 0x00, 0x3C, 0x01, 0x1E, 0x07, 0x0F, 0xFE,
    0x07, 0xFC, 0x00, 0x00, 0xFF, 0xF0, 0x0F, 0xFF, 0xC0, 0x70, 0x3C, 0x0E, 0x03, 0xC1, 0xC0, 0x38,
    0x38, 0x07, 0x87, 0x00, 0x70, 0xE0, 0x0E, 0x1C, 0x01, 0xE3, 0x80, 0x3C, 0x70, 0x07, 0x8E, 0x00,
    0xF1, 0xC0, 0x1E, 0x38, 0x03, 0x87, 0x00, 0x70, 0xE0, 0x1E, 0x1C, 0x03, 0x83, 0x80, 0xF0, 0x70,
    0x3C, 0x1F, 0xFF, 0x0F, 0xFF, 0x80, 0xFF, 0xFE, 0x7F, 0xFE, 0x1C, 0x06, 0x1C, 0x06, 0x1C, 0x06,
    0x1C, 0x00, 0x1C, 0x00, 0x1C, 0x00, 0x1C, 0x00, 0x1F, 0xF8, 0x1F, 0xF8, 0x1C, 0x00, 0x1C, 0x00,
    0x1C, 0x00, 0x1C, 0x00, 0x1C, 0x00, 0x1C, 0x03, 0x1C, 0x03, 0x1C, 0x03, 0x3F, 0xFF, 0xFF, 0xFF,
    0xFF, 0xFE, 0xFF, 0xFC, 0x70, 0x18, 0xE0, 0x31, 0xC0, 0x63, 0x80, 0x07, 0x00, 0x0E, 0x00, 0x1C,
    0x00, 0x38, 0x00, 0x7F, 0xE0, 0xFF, 0xC1, 0xC0, 0x03, 0x80, 0x07, 0x00, 0x0E, 0x00, 0x1C, 0x00,
    0x38, 0x00, 0x70, 0x01, 0xF0, 0x0F, 0xF8, 0x00, 0x00, 0x00, 0x00, 0x1F, 0xE0, 0x07, 0xFF, 0x81,
    0xE0, 0x78, 0x1C, 0x03, 0x83, 0x80, 0x38, 0x78, 0x00, 0x07, 0x00, 0x00, 0x70, 0x00, 0x07, 0x00,
    0x00, 0x70, 0x00, 0x07, 0x00, 0x00, 0x70, 0x0F, 0xE7, 0x00, 0xFE, 0x70, 0x03, 0xC7, 0x00, 0x38,
    0x78, 0x03, 0x83, 0x80, 0x38, 0x3C, 0x03, 0x81, 0xE0, 0x38, 0x0F, 0xFF, 0x80, 0x3F, 0xF0, 0x00,
    0x00, 0x00, 0xFF, 0x8F, 0xF9, 0xFC, 0x1F, 0xE1, 0xC0, 0x1E, 0x07, 0x00, 0x70, 0x1C, 0x01, 0xC0,
    0x70, 0x07, 0x01, 0xC0, 0x1C, 0x07, 0x00, 0x70, 0x1C, 0x01, 0xC0, 0x7F, 0xFF, 0x01, 0xFF, 0xFC,
    0x07, 0x00, 0x70, 0x1C, 0x01, 0xC0, 0x70, 0x07, 0x01, 0xC0, 0x1C, 0x07, 0x00, 0x70, 0x1C, 0x01,
    0xC0, 0x70, 0x07, 0x01, 0xC0, 0x1C, 0x0F, 0x80, 0xF8, 0xFF, 0x8F, 0xF8, 0xFF, 0xBF, 0x87, 0x03,
    0x81, 0xC0, 0xE0, 0x70, 0x38, 0x1C, 0x0E, 0x07, 0x03, 0x81, 0xC0, 0xE0, 0x70, 0x38, 0x1C, 0x0E,
    0x07, 0x07, 0xCF, 0xF8, 0x3F, 0xE3, 0xF8, 0x1C, 0x03, 0x80, 0x70, 0x0E, 0x01, 0xC0, 0x38, 0x07,
    0x00, 0xE0, 0x1C, 0x03, 0x80, 0x70, 0x0E, 0x01, 0xC0, 0x38, 0x07, 0x00, 0xE0, 0x1C, 0x03, 0x80,
    0x70, 0x0E, 0x01, 0xC0, 0x38, 0x0E, 0x01, 0xC1, 0xF0, 0x3C, 0x00, 0xFF, 0x8F, 0xE7, 0xF0, 0xFC,
    0x1C, 0x07, 0x01, 0xC0, 0x60, 0x1C, 0x0C, 0x01, 0xC1, 0x80, 0x1C, 0x38, 0x01, 0xC7, 0x00, 0x1C,
    0x60, 0x01, 0xCE, 0x00, 0x1D, 0xF0, 0x01, 0xFF, 0x00, 0x1E, 0x78, 0x01, 0xC3, 0xC0, 0x1C, 0x1E,
    0x01, 0xC1, 0xE0, 0x1C, 0x0F, 0x01, 0xC0, 0x78, 0x1C, 0x07, 0xC3, 0xE0, 0x3E, 0xFF, 0x81, 0xF0,
    0xFF, 0x80, 0x7F, 0x00, 0x1C, 0x00, 0x1C, 0x00, 0x1C, 0x00, 0x1C, 0x00, 0x1C, 0x00, 0x1C, 0x00,
    0x1C, 0x00, 0x1C, 0x00, 0x1C, 0x00, 0x1C, 0x00, 0x1C, 0x00, 0x1C, 0x00, 0x1C, 0x00, 0x1C, 0x03,
    0x1C, 0x03, 0x1C, 0x03, 0x1C, 0x07, 0x3F, 0xFF, 0xFF, 0xFF, 0xFE, 0x00, 0x1F, 0x9F, 0x80, 0x0F,
    0xE1, 0xF0, 0x03, 0xE0, 0x7C, 0x01, 0xF8, 0x1F, 0x00, 0x6E, 0x06, 0xE0, 0x1B, 0x81, 0xB8, 0x0C,
    0xE0, 0x6F, 0x03, 0x38, 0x19, 0xC0, 0xCE, 0x06, 0x70, 0x63, 0x81, 0x9E, 0x18, 0xE0, 0x63, 0x86,
    0x38, 0x18, 0xE3, 0x0E, 0x06, 0x1C, 0xC3, 0x81, 0x87, 0x20, 0xE0, 0x61, 0xD8, 0x38, 0x18, 0x3E,
    0x0E, 0x06, 0x0F, 0x03, 0x81, 0x83, 0xC1, 0xE0, 0xF0, 0x70, 0x7C, 0xFE, 0x18, 0x7F, 0x80, 0xFC,
    0x07, 0xF3, 0xE0, 0x1F, 0x87, 0x80, 0x30, 0x3E, 0x01, 0x81, 0xF0, 0x0C, 0x0F, 0xC0, 0x60, 0x6F,
    0x03, 0x03, 0x38, 0x18, 0x19, 0xE0, 0xC0, 0xC7, 0x86, 0x06, 0x1C, 0x30, 0x30, 0xF1, 0x81, 0x83,
    0xCC, 0x0C, 0x0E, 0x60, 0x60, 0x7B, 0x03, 0x01, 0xF8, 0x18, 0x07, 0xC0, 0xC0, 0x3E, 0x06, 0x00,
    0xF0, 0x78, 0x07, 0x8F, 0xF0, 0x1C, 0x00, 0x00, 0x00, 0x00, 0x7F, 0x80, 0x3F, 0xF8, 0x0F, 0x03,
    0x83, 0xC0, 0x38, 0x70, 0x03, 0x9E, 0x00, 0x73, 0x80, 0x0F, 0x70, 0x01, 0xEE, 0x00, 0x1D, 0xC0,
    0x03, 0xB8, 0x00, 0x77, 0x00, 0x0E, 0xE0, 0x01, 0xDC, 0x00, 0x7B, 0x80, 0x0F, 0x78, 0x01, 0xC7,
    0x00, 0x38, 0xE0, 0x0E, 0x0E, 0x03, 0xC0, 0xF9, 0xF0, 0x0F, 0xF8, 0x00, 0x00, 0x00, 0xFF, 0xF0,
    0x7F, 0xFC, 0x1C, 0x1C, 0x1C, 0x0E, 0x1C, 0x0E, 0x1C, 0x0F, 0x1C, 0x0F, 0x1C, 0x0F, 0x1C, 0x0E,
    0x1C, 0x0E, 0x1C, 0x1C, 0x1F, 0xF8, 0x1F, 0xE0, 0x1C, 0x00, 0x1C, 0x00, 0x1C, 0x00, 0x1C, 0x00,
    0x1C, 0x00, 0x1C, 0x00, 0x3E, 0x00, 0xFF, 0x80, 0x00, 0x00, 0x00, 0x7F, 0x80, 0x3F, 0xF8, 0x0F,
    0x03, 0x83, 0xC0, 0x38, 0x70, 0x03, 0x9E, 0x00, 0x73, 0x80, 0x0F, 0x70, 0x01, 0xEE, 0x00, 0x1D,
    0xC0, 0x03, 0xB8, 0x00, 0x77, 0x00, 0x0E, 0xE0, 0x01, 0xDC, 0x00, 0x7B, 0x80, 0x0F, 0x78, 0x01,
    0xC7, 0x00, 0x38, 0xE0, 0x0E, 0x0E, 0x03, 0xC0, 0xF9, 0xF0, 0x0F, 0xF8, 0x00, 0x3C, 0x00, 0x03,
    0x80, 0x00, 0x70, 0x00, 0x0F, 0x00, 0x00, 0xF0, 0x00, 0x0F, 0x80, 0x00, 0x78, 0xFF, 0xF0, 0x0F,
    0xFF, 0x80, 0x70, 0x78, 0x0E, 0x07, 0x01, 0xC0, 0xE0, 0x38, 0x1E, 0x07, 0x03, 0xC0, 0xE0, 0x70,
    0x1C, 0x0E, 0x03, 0x83, 0x80, 0x7F, 0xE0, 0x0F, 0xF8, 0x01, 0xC7, 0x00, 0x38, 0xF0, 0x07, 0x0E,
    0x00, 0xE1, 0xE0, 0x1C, 0x1E, 0x03, 0x81, 0xC0, 0x70, 0x3C, 0x1F, 0x03, 0xCF, 0xF8, 0x3C, 0x00,
    0x00, 0x3F, 0x83, 0xFF, 0x1C, 0x1E, 0x70, 0x39, 0xC0, 0xC7, 0x00, 0x1C, 0x00, 0x78, 0x00, 0xF0,
    0x03, 0xF0, 0x03, 0xF0, 0x07, 0xF0, 0x03, 0xE0, 0x07, 0x80, 0x0E, 0x60, 0x3B, 0x80, 0xEE, 0x03,
    0x9C, 0x0E, 0x78, 0xF0, 0xFF, 0x00, 0x00, 0x00, 0x7F, 0xFF, 0x9F, 0xFF, 0xE6, 0x1E, 0x19, 0x07,
    0x86, 0xC1, 0xE0, 0x80, 0x78, 0x00, 0x1E, 0x00, 0x07, 0x80, 0x01, 0xE0, 0x00, 0x78, 0x00, 0x1E,
    0x00, 0x07, 0x80, 0x01, 0xE0, 0x00, 0x78, 0x00, 0x1E, 0x00, 0x07, 0x80, 0x01, 0xE0, 0x00, 0x78,
    0x00, 0x1E, 0x00, 0x0F, 0xC0, 0x0F, 0xFC, 0x00, 0xFF, 0x87, 0xFB, 0xF8, 0x1F, 0x87, 0x00, 0x30,
    0x38, 0x01, 0x81, 0xC0, 0x0C, 0x0E, 0x00, 0x60, 0x70, 0x03, 0x03, 0x80, 0x18, 0x1C, 0x00, 0xC0,
    0xE0, 0x06, 0x07, 0x00, 0x30, 0x38, 0x01, 0x81, 0xC0, 0x0C, 0x0E, 0x00, 0x60, 0x70, 0x03, 0x03,
    0x80, 0x18, 0x1C, 0x00, 0xC0, 0xF0, 0x0C, 0x03, 0xC0, 0xE0, 0x0F, 0xFE, 0x00, 0x3F, 0xE0, 0x00,
    0x00, 0x00, 0xFF, 0x07, 0xFF, 0xF0, 0x7E, 0x3C, 0x01, 0xC1, 0xC0, 0x18, 0x1C, 0x01, 0x81, 0xE0,
    0x30, 0x0E, 0x03, 0x00, 0xE0, 0x30, 0x0F, 0x06, 0x00, 0x70, 0x60, 0x07, 0x06, 0x00, 0x78, 0xC0,
    0x03, 0x8C, 0x00, 0x38, 0xC0, 0x03, 0xD8, 0x00, 0x1D, 0x80, 0x01, 0xD8, 0x00, 0x1F, 0x00, 0x00,
    0xF0, 0x00, 0x0F, 0x00, 0x00, 0xE0, 0x00, 0xFF, 0x01, 0x81, 0xFC, 0xFE, 0x07, 0x01, 0xF8, 0xF0,
    0x0F, 0x00, 0xC0, 0xE0, 0x1E, 0x01, 0x81, 0xC0, 0x7C, 0x06, 0x03, 0xC0, 0xF8, 0x0C, 0x03, 0x81,
    0xB8, 0x18, 0x07, 0x03, 0x70, 0x70, 0x0F, 0x0C, 0xE0, 0xC0, 0x0E, 0x19, 0xE1, 0x80, 0x1C, 0x31,
    0xC3, 0x00, 0x38, 0xC3, 0x8C, 0x00, 0x79, 0x87, 0x18, 0x00, 0x73, 0x07, 0x30, 0x00, 0xE6, 0x0E,
    0xE0, 0x01, 0xF8, 0x1D, 0x80, 0x01, 0xF0, 0x1B, 0x00, 0x03, 0xE0, 0x3E, 0x00, 0x07, 0xC0, 0x78,
    0x00, 0x0F, 0x00, 0xF0, 0x00, 0x0E, 0x00, 0xE0, 0x00, 0x7F, 0x8F, 0xC7, 0xF0, 0xFC, 0x1E, 0x07,
    0x00, 0xE0, 0x60, 0x0F, 0x0E, 0x00, 0x78, 0xC0, 0x03, 0x98, 0x00, 0x3F, 0x80, 0x01, 0xF0, 0x00,
    0x1E, 0x00, 0x00, 0xF0, 0x00, 0x0F, 0x00, 0x01, 0xF8, 0x00, 0x33, 0x80, 0x03, 0x1C, 0x00, 0x61,
    0xE0, 0x0C, 0x0E, 0x01, 0xC0, 0xF0, 0x18, 0x07, 0x87, 0xC0, 0xFC, 0xFE, 0x1F, 0xE0, 0x7F, 0x8F,
    0xE7, 0xF0, 0x7E, 0x1E, 0x01, 0x81, 0xE0, 0x18, 0x0F, 0x03, 0x00, 0x70, 0x30, 0x07, 0x86, 0x00,
    0x38, 0xC0, 0x03, 0xCC, 0x00, 0x1D, 0x80, 0x00, 0xF8, 0x00, 0x0F, 0x00, 0x00, 0x70, 0x00, 0x07,
    0x00, 0x00, 0x70, 0x00, 0x07, 0x00, 0x00, 0x70, 0x00, 0x07, 0x00, 0x00, 0xF0, 0x00, 0x1F, 0x80,
    0x03, 0xFE, 0x00, 0x7F, 0xFE, 0x7F, 0xFE, 0x60, 0x3C, 0x60, 0x38, 0x40, 0x78, 0x00, 0x70, 0x00,
    0xF0, 0x01, 0xE0, 0x01, 0xC0, 0x03, 0xC0, 0x03, 0x80, 0x07, 0x80, 0x0F, 0x00, 0x0E, 0x00, 0x1E,
    0x00, 0x1C, 0x00, 0x3C, 0x06, 0x78, 0x06, 0x70, 0x06, 0xFF, 0xFE, 0xFF, 0xFE, 0x00, 0x7F, 0x78,
    0x70, 0x70, 0x70, 0x70, 0x70, 0x70, 0x70, 0x70, 0x70, 0x70, 0x70, 0x70, 0x70, 0x70, 0x70, 0x70,
    0x70, 0x70, 0x70, 0x70, 0x70, 0x70, 0x7E, 0x7E, 0x00, 0x60, 0x30, 0x0C, 0x06, 0x03, 0x01, 0x80,
    0x60, 0x30, 0x18, 0x0C, 0x03, 0x01, 0x80, 0xC0, 0x60, 0x18, 0x0C, 0x06, 0x03, 0x00, 0xC0, 0x60,
    0x30, 0x08, 0x06, 0x03, 0x01, 0x80, 0x40, 0x01, 0xFC, 0x78, 0x70, 0xE1, 0xC3, 0x87, 0x0E, 0x1C,
    0x38, 0x70, 0xE1, 0xC3, 0x87, 0x0E, 0x1C, 0x38, 0x70, 0xE1, 0xC3, 0x87, 0x1F, 0xFF, 0xF8, 0x03,
    0x00, 0x0C, 0x00, 0x78, 0x01, 0xE0, 0x0C, 0xC0, 0x33, 0x00, 0xC6, 0x06, 0x18, 0x18, 0x30, 0xC0,
    0xC3, 0x03, 0x98, 0x06, 0x60, 0x1C, 0x00, 0x00, 0x7F, 0xFC, 0xFF, 0xFC, 0x00, 0x00, 0x03, 0xC7,
    0x0E, 0x0C, 0x00, 0x1F, 0xC0, 0x7F, 0xC0, 0xE1, 0xC1, 0x83, 0x81, 0x07, 0x00, 0x0E, 0x00, 0x1C,
    0x0F, 0xF8, 0x3C, 0x70, 0xE0, 0xE3, 0xC1, 0xC7, 0x03, 0x8E, 0x07, 0x0E, 0x1E, 0x1F, 0xEE, 0x1F,
    0x9E, 0x00, 0x00, 0x00, 0x00, 0x7E, 0x00, 0x0F, 0x00, 0x03, 0x80, 0x01, 0xC0, 0x00, 0xE0, 0x00,
    0x70, 0x00, 0x39, 0xF0, 0x1D, 0xFC, 0x0F, 0x87, 0x07, 0x81, 0xC3, 0x80, 0xE1, 0xC0, 0x70, 0xE0,
    0x38, 0x70, 0x1C, 0x38, 0x0E, 0x1C, 0x07, 0x0E, 0x03, 0x87, 0x01, 0xC3, 0xC0, 0xE1, 0xE0, 0xE1,
    0xFF, 0xF3, 0xE7, 0xF0, 0x00, 0x00, 0x0F, 0xC0, 0xFF, 0x8E, 0x1C, 0xE0, 0xE7, 0x07, 0x38, 0x01,
    0xC0, 0x1E, 0x00, 0xF0, 0x03, 0x80, 0x1C, 0x00, 0xE0, 0x07, 0x00, 0x1C, 0x18, 0xFF, 0xC1, 0xFC,
    0x00, 0x00, 0x00, 0x00, 0x00, 0x7E, 0x00, 0x0F, 0x00, 0x03, 0x80, 0x01, 0xC0, 0x00, 0xE0, 0x00,
    0x70, 0x1F, 0x38, 0x3F, 0xDC, 0x1C, 0x3E, 0x1C, 0x0F, 0x0E, 0x07, 0x87, 0x01, 0xC3, 0x80, 0xE3,
    0xC0, 0x71, 0xE0, 0x38, 0x70, 0x1C, 0x38, 0x0E, 0x1C, 0x07, 0x0E, 0x07, 0x87, 0x83, 0xC1, 0xFE,
    0xF0, 0x7E, 0x7E, 0x00, 0x00, 0x0F, 0xC0, 0x7F, 0x83, 0x87, 0x1C, 0x0E, 0x70, 0x39, 0xC0, 0xE7,
    0x03, 0x9F, 0xFE, 0xFF, 0xF9, 0xC0, 0x07, 0x00, 0x1C, 0x00, 0x70, 0x00, 0xE0, 0x61, 0xFF, 0x03,
    0xF8, 0x00, 0x00, 0x00, 0xC0, 0x3F, 0x83, 0x8E, 0x1C, 0x70, 0xC0, 0x0E, 0x00, 0x70, 0x0F, 0xF8,
    0x7F, 0xC0, 0xE0, 0x07, 0x00, 0x38, 0x01, 0xC0, 0x0E, 0x00, 0x70, 0x03, 0x80, 0x1C, 0x00, 0xE0,
    0x07, 0x00, 0x38, 0x01, 0xE0, 0x1F, 0x81, 0xFF, 0x00, 0x00, 0x04, 0x07, 0xDE, 0x1F, 0xFE, 0x18,
    0x70, 0x38, 0x38, 0x38, 0x38, 0x38, 0x38, 0x38, 0x38, 0x38, 0x30, 0x1C, 0x70, 0x0F, 0xE0, 0x0D,
    0x00, 0x18, 0x00, 0x18, 0x00, 0x1F, 0xF0, 0x1F, 0xFC, 0x1F, 0xFC, 0x70, 0x1C, 0x60, 0x0E, 0x60,
    0x0E, 0x60, 0x0C, 0x70, 0x1C, 0x3F, 0xF8, 0x1F, 0xE0, 0x00, 0x00, 0x3F, 0x00, 0x03, 0xC0, 0x00,
    0x70, 0x00, 0x1C, 0x00, 0x07, 0x00, 0x01, 0xC0, 0x00, 0x73, 0xE0, 0x1D, 0xFC, 0x07, 0xC7, 0x81,
    0xE0, 0xE0, 0x70, 0x38, 0x1C, 0x0E, 0x07, 0x03, 0xC1, 0xC0, 0xF0, 0x70, 0x3C, 0x1C, 0x0F, 0x07,
    0x03, 0xC1, 0xC0, 0xF0, 0x70, 0x3C, 0x1C, 0x0F, 0x0F, 0x83, 0xEF, 0xF8, 0xFC, 0x00, 0x0E, 0x07,
    0x03, 0x80, 0x80, 0x00, 0x00, 0xF8, 0x7C, 0x0E, 0x07, 0x03, 0x81, 0xC0, 0xE0, 0x70, 0x38, 0x1C,
    0x0E, 0x07, 0x03, 0x81, 0xC1, 0xF1, 0xFE, 0x00, 0x0E, 0x0E, 0x0E, 0x04, 0x00, 0x00, 0x3E, 0x3E,
    0x0E, 0x0E, 0x0E, 0x0E, 0x0E, 0x0E, 0x0E, 0x0E, 0x0E, 0x0E, 0x0E, 0x0E, 0x0E, 0x0E, 0x0E, 0x0E,
    0x0E, 0x0E, 0x1C, 0x78, 0x70, 0x00, 0x00, 0x3F, 0x00, 0x03, 0xC0, 0x00, 0x70, 0x00, 0x1C, 0x00,
    0x07, 0x00, 0x01, 0xC0, 0x00, 0x70, 0xFC, 0x1C, 0x3F, 0x07, 0x07, 0x01, 0xC3, 0x80, 0x70, 0xC0,
    0x1C, 0x60, 0x07, 0x30, 0x01, 0xDE, 0x00, 0x7F, 0x80, 0x1E, 0xF0, 0x07, 0x1E, 0x01, 0xC3, 0x80,
    0x70, 0xF0, 0x1C, 0x1E, 0x0F, 0x83, 0xCF, 0xF8, 0x78, 0x00, 0x7E, 0x0F, 0x03, 0x81, 0xC0, 0xE0,
    0x70, 0x38, 0x1C, 0x0E, 0x07, 0x03, 0x81, 0xC0, 0xE0, 0x70, 0x38, 0x1C, 0x0E, 0x07, 0x03, 0x81,
    0xC1, 0xF3, 0xFE, 0x7C, 0xF8, 0x7C, 0x0F, 0xBF, 0x9F, 0xC0, 0x7C, 0x7E, 0x3C, 0x0F, 0x07, 0x83,
    0x81, 0xE0, 0xF0, 0x70, 0x38, 0x1E, 0x07, 0x07, 0x03, 0xC0, 0xE0, 0xE0, 0x78, 0x1C, 0x1C, 0x0F,
    0x03, 0x83, 0x81, 0xE0, 0x70, 0x70, 0x3C, 0x0E, 0x0E, 0x07, 0x81, 0xC1, 0xC0, 0xF0, 0x38, 0x38,
    0x1E, 0x07, 0x0F, 0x83, 0xE0, 0xF3, 0xFC, 0x7E, 0x1F, 0x7C, 0xF8, 0x1F, 0x7F, 0x81, 0xF0, 0xE0,
    0x78, 0x3C, 0x1E, 0x07, 0x07, 0x01, 0xC1, 0xC0, 0x70, 0x70, 0x1C, 0x1C, 0x07, 0x07, 0x01, 0xC1,
    0xC0, 0x70, 0x70, 0x1C, 0x1C, 0x07, 0x07, 0x01, 0xC3, 0xE0, 0x79, 0xFE, 0x1F, 0x0F, 0xC0, 0x3F,
    0xE0, 0xE0, 0xE3, 0x81, 0xC7, 0x01, 0xCE, 0x03, 0x9C, 0x07, 0x78, 0x0E, 0xF0, 0x1C, 0xE0, 0x39,
    0xC0, 0x73, 0x80, 0xE7, 0x01, 0xC7, 0x07, 0x07, 0x1C, 0x07, 0xF0, 0x00, 0x00, 0xF8, 0xF8, 0x3E,
    0xFE, 0x07, 0xC3, 0x83, 0xC0, 0xE1, 0xC0, 0x70, 0xE0, 0x38, 0x70, 0x1C, 0x38, 0x0E, 0x1C, 0x07,
    0x0E, 0x03, 0x87, 0x01, 0xC3, 0x80, 0xE1, 0xE0, 0x70, 0xF0, 0x70, 0x7F, 0xF8, 0x3B, 0xF8, 0x1C,
    0x00, 0x0E, 0x00, 0x07, 0x00, 0x03, 0x80, 0x01, 0xC0, 0x01, 0xF0, 0x03, 0xFE, 0x00, 0x0F, 0x8F,
    0x1F, 0xEF, 0x8E, 0x1F, 0x0E, 0x07, 0x87, 0x03, 0xC3, 0x80, 0xE1, 0xC0, 0x71, 0xE0, 0x38, 0xF0,
    0x1C, 0x38, 0x0E, 0x1C, 0x07, 0x0E, 0x03, 0x87, 0x03, 0xC3, 0xC1, 0xE0, 0xFF, 0x70, 0x3F, 0x38,
    0x00, 0x1C, 0x00, 0x0E, 0x00, 0x07, 0x00, 0x03, 0x80, 0x01, 0xC0, 0x01, 0xF0, 0x03, 0xFE, 0x78,
    0xF1, 0xF7, 0xE1, 0xF3, 0x87, 0x8E, 0x1E, 0x00, 0x78, 0x01, 0xC0, 0x07, 0x00, 0x1C, 0x00, 0x70,
    0x01, 0xC0, 0x07, 0x00, 0x1C, 0x00, 0x70, 0x03, 0xE0, 0x1F, 0xF0, 0x1F, 0x87, 0xF9, 0x83, 0x70,
    0x6E, 0x08, 0xE0, 0x1F, 0x01, 0xF8, 0x0F, 0xC0, 0x78, 0x07, 0xA0, 0x7C, 0x0F, 0xC1, 0xDC, 0x73,
    0xFC, 0x00, 0x00, 0x00, 0x03, 0x00, 0xC0, 0x70, 0x3F, 0xBF, 0xE1, 0xC0, 0x70, 0x1C, 0x07, 0x01,
    0xC0, 0x70, 0x1C, 0x07, 0x01, 0xC0, 0x70, 0x1C, 0x07, 0x01, 0xE0, 0x3F, 0x00, 0x00, 0x7C, 0x3E,
    0x1F, 0x0F, 0xC1, 0xC0, 0xF0, 0x70, 0x3C, 0x1C, 0x0F, 0x07, 0x03, 0xC1, 0xC0, 0xF0, 0x70, 0x3C,
    0x1C, 0x0F, 0x07, 0x03, 0xC1, 0xC0, 0xF0, 0x70, 0x3C, 0x1C, 0x0F, 0x07, 0x87, 0xC0, 0xFF, 0x78,
    0x1F, 0x9F, 0x00, 0x00, 0x00, 0xFE, 0x1F, 0xFF, 0x0F, 0xCF, 0x03, 0x87, 0x00, 0xC1, 0xC0, 0xC0,
    0xE0, 0x60, 0x78, 0x60, 0x1C, 0x30, 0x0E, 0x18, 0x07, 0x98, 0x01, 0xCC, 0x00, 0xE4, 0x00, 0x3E,
    0x00, 0x1F, 0x00, 0x0F, 0x00, 0x03, 0x80, 0xFE, 0x0C, 0x1F, 0xBF, 0x83, 0x07, 0xE3, 0x81, 0xE0,
    0x60, 0xE0, 0x78, 0x18, 0x3C, 0x1E, 0x04, 0x07, 0x0D, 0xC3, 0x01, 0xC3, 0x70, 0xC0, 0x71, 0x8C,
    0x30, 0x0E, 0x63, 0x98, 0x03, 0x98, 0xE6, 0x00, 0xEC, 0x19, 0x80, 0x1B, 0x07, 0xC0, 0x07, 0xC1,
    0xF0, 0x01, 0xE0, 0x3C, 0x00, 0x78, 0x0E, 0x00, 0x0E, 0x03, 0x80, 0x7F, 0x3F, 0x3F, 0x9F, 0x87,
    0x87, 0x01, 0xC3, 0x00, 0xF3, 0x00, 0x3B, 0x00, 0x0F, 0x80, 0x03, 0x80, 0x01, 0xE0, 0x01, 0xF0,
    0x01, 0x9C, 0x00, 0x87, 0x00, 0xC3, 0xC0, 0xC0, 0xE1, 0xF0, 0xFD, 0xFC, 0xFF, 0xFE, 0x1F, 0x7F,
    0x0F, 0x8F, 0x03, 0x87, 0x01, 0x81, 0xC0, 0xC0, 0xE0, 0x60, 0x38, 0x60, 0x1C, 0x30, 0x0E, 0x18,
    0x03, 0x98, 0x01, 0xCC, 0x00, 0x76, 0x00, 0x3E, 0x00, 0x0F, 0x00, 0x07, 0x00, 0x03, 0x80, 0x01,
    0xC0, 0x00, 0xC0, 0x00, 0xE0, 0x00, 0x60, 0x00, 0x70, 0x01, 0xF0, 0x01, 0xF0, 0x00, 0x7F, 0xF3,
    0xFF, 0x98, 0x3C, 0x81, 0xC4, 0x1C, 0x01, 0xE0, 0x0E, 0x00, 0xE0, 0x0F, 0x00, 0x70, 0x07, 0x00,
    0x78, 0x23, 0x81, 0x38, 0x1B, 0xFF, 0xDF, 0xFE, 0x00, 0x00, 0xF8, 0x3C, 0x07, 0x00, 0xE0, 0x1C,
    0x03, 0x80, 0x70, 0x0E, 0x01, 0xC0, 0x38, 0x07, 0x01, 0xC1, 0xF0, 0x1F, 0x00, 0xE0, 0x0E, 0x01,
    0xC0, 0x38, 0x07, 0x00, 0xE0, 0x1C, 0x03, 0x80, 0x70, 0x0E, 0x00, 0xF8, 0x0F, 0x00, 0x1B, 0x6D,
    0xB6, 0xDB, 0x6D, 0xB6, 0xDB, 0x6D, 0xB6, 0xDB, 0x6D, 0x80, 0x00, 0x1F, 0x00, 0x70, 0x0F, 0x00,
    0xE0, 0x1C, 0x03, 0x80, 0x70, 0x0E, 0x01, 0xC0, 0x38, 0x07, 0x00, 0xF0, 0x07, 0x81, 0xF0, 0x70,
    0x0E, 0x01, 0xC0, 0x38, 0x07, 0x00, 0xE0, 0x1C, 0x03, 0x80, 0xF0, 0x1C, 0x0F, 0x83, 0xC0, 0x00,
    0x3C, 0x0D, 0xF8, 0x36, 0x39, 0x98, 0x7E, 0x60, 0xF0, 0x00, 0x00, 0x6F, 0xFE, 0x00, 0x66, 0x66,
    0x66, 0x6E, 0xEE, 0xEE, 0xEF, 0xF0, 0x03, 0x00, 0x18, 0x01, 0xF0, 0x3F, 0xE3, 0xB7, 0x39, 0xBD,
    0xCC, 0xDE, 0x60, 0xE3, 0x07, 0x18, 0x38, 0xC1, 0xC6, 0x0E, 0x30, 0x39, 0x81, 0xCC, 0x0F, 0x62,
    0x3F, 0x70, 0xFF, 0x00, 0xE0, 0x06, 0x00, 0x30, 0x00, 0x00, 0x00, 0x0F, 0xE0, 0x7B, 0xE0, 0xC1,
    0xC3, 0x83, 0x87, 0x03, 0x0E, 0x00, 0x1C, 0x00, 0x38, 0x00, 0x30, 0x00, 0x70, 0x07, 0xFF, 0x00,
    0xC0, 0x01, 0xC0, 0x03, 0x80, 0x07, 0x00, 0x0E, 0x00, 0x18, 0x00, 0x60, 0x01, 0xFE, 0x37, 0xFF,
    0xCC, 0x3F, 0x00, 0x00, 0x00, 0x00, 0x09, 0x9E, 0x63, 0xFF, 0x8E, 0x1C, 0x30, 0x30, 0xC0, 0x63,
    0x01, 0x8C, 0x06, 0x30, 0x30, 0xE1, 0xC3, 0xFF, 0x1D, 0xE6, 0x20, 0x08, 0xFE, 0x3F, 0x3F, 0x0F,
    0x8F, 0x03, 0x07, 0x81, 0x81, 0xC1, 0x80, 0xF0, 0xC0, 0x38, 0x40, 0x1C, 0x60, 0x07, 0x20, 0x03,
    0xB0, 0x00, 0xF8, 0x03, 0xFF, 0x81, 0xFF, 0x80, 0x0E, 0x00, 0x7F, 0xF0, 0x3F, 0xF8, 0x01, 0xC0,
    0x00, 0xE0, 0x00, 0x70, 0x00, 0x7C, 0x00, 0xFF, 0x80, 0x1B, 0x6D, 0xB6, 0xDB, 0x64, 0x00, 0x03,
    0x6D, 0xB6, 0xDB, 0x6D, 0x80, 0x00, 0x00, 0xFE, 0x0E, 0x78, 0xE1, 0xC6, 0x06, 0x30, 0x31, 0xC0,
    0x0F, 0x00, 0x3E, 0x03, 0xFC, 0x33, 0xF1, 0x87, 0xCE, 0x0F, 0x78, 0x39, 0xE0, 0xC7, 0xC6, 0x1F,
    0xB0, 0x7F, 0x00, 0xF8, 0x01, 0xC0, 0x07, 0x30, 0x19, 0x80, 0xCE, 0x0C, 0x78, 0xE1, 0xFE, 0x00,
    0x00, 0x63, 0x71, 0xF8, 0xE8, 0x60, 0x00, 0x00, 0x00, 0x03, 0xFE, 0x00, 0x1F, 0xFF, 0x00, 0x70,
    0x07, 0x01, 0x80, 0x07, 0x06, 0x0F, 0xC7, 0x0C, 0x71, 0xC6, 0x31, 0xC1, 0x8E, 0x63, 0x82, 0x0C,
    0xC6, 0x00, 0x19, 0x1C, 0x00, 0x36, 0x38, 0x00, 0x64, 0x70, 0x00, 0xCC, 0x60, 0x01, 0x98, 0xE0,
    0x03, 0x31, 0xC0, 0x86, 0x31, 0xC3, 0x18, 0x61, 0xFC, 0x70, 0x60, 0x01, 0xC0, 0x70, 0x07, 0x00,
    0x7C, 0xFC, 0x00, 0x3F, 0xE0, 0x00, 0x00, 0x00, 0x00, 0x3E, 0x1D, 0xC6, 0x30, 0x0E, 0x3F, 0xB8,
    0xEE, 0x3B, 0x8E, 0xFF, 0x9E, 0x70, 0x00, 0x10, 0x61, 0x83, 0x18, 0x31, 0xC3, 0x9C, 0x39, 0xE1,
    0xCE, 0x07, 0x38, 0x38, 0xE0, 0xE3, 0x03, 0x1C, 0x0C, 0x60, 0x00, 0x01, 0xFF, 0xF7, 0xFF, 0xC0,
    0x03, 0x00, 0x0C, 0x00, 0x30, 0x00, 0xC0, 0x03, 0x00, 0x08, 0x00, 0x3F, 0x9F, 0xC0, 0x00, 0x00,
    0x00, 0x00, 0x03, 0xFE, 0x00, 0x1F, 0xFF, 0x00, 0x70, 0x07, 0x01, 0x80, 0x07, 0x06, 0x7F, 0x87,
    0x0C, 0x7F, 0x86, 0x30, 0xE3, 0x8E, 0x61, 0xC3, 0x0C, 0xC3, 0x86, 0x19, 0x07, 0x1C, 0x36, 0x0F,
    0xF0, 0x64, 0x1F, 0xC0, 0xCC, 0x39, 0x81, 0x98, 0x73, 0x83, 0x30, 0xE3, 0x86, 0x31, 0xC3, 0x98,
    0x67, 0xE7, 0xF0, 0x60, 0x01, 0xC0, 0x70, 0x07, 0x00, 0x7C, 0xFC, 0x00, 0x3F, 0xE0, 0x00, 0x00,
    0x00, 0x00, 0x7F, 0xFE, 0xFF, 0xFC, 0x00, 0x0F, 0x87, 0xF1, 0x86, 0xE1, 0xB0, 0x6E, 0x19, 0xCE,
    0x3F, 0x07, 0x00, 0x03, 0x00, 0x0C, 0x00, 0x30, 0x00, 0xC0, 0x03, 0x00, 0x0C, 0x07, 0xFF, 0xDF,
    0xFE, 0x03, 0x00, 0x0C, 0x00, 0x30, 0x00, 0xC0, 0x03, 0x00, 0x00, 0x00, 0x00, 0x1F, 0xFE, 0x7F,
    0xFC, 0x00, 0x0F, 0x87, 0x73, 0x8E, 0x43, 0x80, 0xE0, 0x30, 0x1C, 0x0E, 0x06, 0x03, 0x09, 0x86,
    0xFF, 0xBF, 0xE0, 0x00, 0x0F, 0x8E, 0x73, 0x8E, 0x43, 0x80, 0xC1, 0xE0, 0xF8, 0x03, 0x80, 0xEC,
    0x3B, 0x0E, 0xFF, 0x1F, 0x80, 0x00, 0xF3, 0x9C, 0xC0, 0x00, 0x70, 0x38, 0xE0, 0x71, 0xC0, 0xE3,
    0x81, 0xC7, 0x03, 0x8E, 0x07, 0x1C, 0x0E, 0x38, 0x1C, 0x70, 0x38, 0xE0, 0x71, 0xC0, 0xE3, 0x81,
    0xC7, 0x07, 0x8F, 0x0F, 0x1F, 0xFF, 0x3F, 0xCF, 0xE0, 0x01, 0xC0, 0x03, 0x80, 0x07, 0x00, 0x0F,
    0x80, 0x0F, 0x00, 0x1C, 0x00, 0x00, 0x00, 0x00, 0x3F, 0xFF, 0x7F, 0x9C, 0xFF, 0x98, 0xFF, 0x98,
    0xFF, 0x98, 0xFF, 0x98, 0xFF, 0x98, 0xFF, 0x98, 0x7F, 0x98, 0x7F, 0x98, 0x1F, 0x98, 0x01, 0x98,
    0x01, 0x98, 0x01, 0x98, 0x01, 0x98, 0x01, 0x98, 0x01, 0x98, 0x01, 0x98, 0x01, 0x98, 0x01, 0x98,
    0x01, 0x98, 0x01, 0x98, 0x01, 0x98, 0x03, 0x9C, 0x0F, 0x9F, 0x00, 0x00, 0x03, 0x9E, 0xE3, 0x00,
    0x00, 0x20, 0xF0, 0x70, 0xE1, 0xDF, 0x3C, 0x0C, 0x1E, 0x3F, 0x0B, 0x81, 0xC0, 0xE0, 0x70, 0x38,
    0x1C, 0x0E, 0x07, 0x03, 0xC7, 0xF8, 0x3E, 0x1D, 0xEE, 0x1B, 0x87, 0xE1, 0xF8, 0x7E, 0x1F, 0x86,
    0x77, 0x8F, 0x80, 0x40, 0x03, 0x0C, 0x0C, 0x60, 0x71, 0x81, 0xCE, 0x0F, 0x38, 0x39, 0xC3, 0x9C,
    0x38, 0xE1, 0x8E, 0x1C, 0x60, 0xC6, 0x00, 0x0C, 0x00, 0xC0, 0x3C, 0x00, 0xC0, 0xFC, 0x01, 0x80,
    0x4C, 0x01, 0x80, 0x0C, 0x03, 0x00, 0x0C, 0x03, 0x00, 0x0C, 0x06, 0x00, 0x0C, 0x06, 0x00, 0x0C,
    0x0C, 0x38, 0x0C, 0x0C, 0x38, 0x0C, 0x18, 0x78, 0x1E, 0x18, 0xF8, 0x7F, 0xB0, 0xB8, 0x00, 0x31,
    0xB8, 0x00, 0x63, 0x38, 0x00, 0x63, 0x38, 0x00, 0xC7, 0xFF, 0x00, 0xC0, 0x38, 0x01, 0x80, 0x38,
    0x01, 0x80, 0x3C, 0x03, 0x00, 0xFE, 0x0C, 0x00, 0xC0, 0x3C, 0x01, 0x80, 0xFC, 0x01, 0x80, 0x4C,
    0x03, 0x00, 0x0C, 0x03, 0x00, 0x0C, 0x06, 0x00, 0x0C, 0x06, 0x00, 0x0C, 0x0C, 0x00, 0x0C, 0x0C,
    0xFC, 0x0C, 0x19, 0xCE, 0x0C, 0x19, 0x8E, 0x1E, 0x31, 0x8E, 0x7F, 0xB0, 0x0E, 0x00, 0x60, 0x0E,
    0x00, 0x60, 0x1C, 0x00, 0xC0, 0x18, 0x00, 0xC0, 0x30, 0x01, 0x80, 0xE3, 0x01, 0x81, 0xC3, 0x03,
    0x03, 0xFF, 0x03, 0x03, 0xFE, 0x00, 0x00, 0x00, 0x7C, 0x01, 0x83, 0x9C, 0x06, 0x07, 0x1C, 0x0C,
    0x04, 0x38, 0x30, 0x00, 0x60, 0x60, 0x07, 0x81, 0x80, 0x1F, 0x03, 0x00, 0x03, 0x8C, 0x00, 0x07,
    0x18, 0xE3, 0x0E, 0x61, 0xC6, 0x1C, 0xC7, 0x8F, 0xF3, 0x1F, 0x0F, 0xC6, 0x2E, 0x00, 0x18, 0xDC,
    0x00, 0x33, 0x38, 0x00, 0xE6, 0x70, 0x01, 0x9F, 0xFC, 0x07, 0x01, 0xC0, 0x0C, 0x03, 0x80, 0x38,
    0x07, 0x80, 0x60, 0x3F, 0x80, 0x03, 0x00, 0x70, 0x07, 0x80, 0x70, 0x00, 0x00, 0x00, 0x02, 0x00,
    0x20, 0x03, 0x00, 0x70, 0x0F, 0x03, 0xC0, 0x78, 0x07, 0x00, 0xE0, 0x0E, 0x00, 0xE0, 0x2E, 0x07,
    0xE0, 0x77, 0x0F, 0x3F, 0xE0, 0xF8, 0x00, 0x00, 0x00, 0x1C, 0x00, 0x00, 0x70, 0x00, 0x01, 0xC0,
    0x00, 0x06, 0x00, 0x00, 0x00, 0x00, 0x00, 0x00, 0x00, 0x0E, 0x00, 0x00, 0x70, 0x00, 0x07, 0x80,
    0x00, 0x3E, 0x00, 0x01, 0x70, 0x00, 0x1B, 0xC0, 0x00, 0xCE, 0x00, 0x0C, 0x70, 0x00, 0x63, 0xC0,
    0x03, 0x0E, 0x00, 0x30, 0x70, 0x01, 0x81, 0xC0, 0x0F, 0xFE, 0x00, 0xFF, 0xF8, 0x06, 0x01, 0xC0,
    0x60, 0x0E, 0x03, 0x00, 0x78, 0x18, 0x01, 0xC1, 0xC0, 0x0E, 0x1E, 0x00, 0xF9, 0xFC, 0x1F, 0xF0,
    0x00, 0x00, 0x00, 0x00, 0xE0, 0x00, 0x07, 0x00, 0x00, 0x70, 0x00, 0x06, 0x00, 0x00, 0x00, 0x00,
    0x00, 0x00, 0x00, 0x0E, 0x00, 0x00, 0x70, 0x00, 0x07, 0x80, 0x00, 0x3E, 0x00, 0x01, 0x70, 0x00,
    0x1B, 0xC0, 0x00, 0xCE, 0x00, 0x0C, 0x70, 0x00, 0x63, 0xC0, 0x03, 0x0E, 0x00, 0x30, 0x70, 0x01,
    0x81, 0xC0, 0x0F, 0xFE, 0x00, 0xFF, 0xF8, 0x06, 0x01, 0xC0, 0x60, 0x0E, 0x03, 0x00, 0x78, 0x18,
    0x01, 0xC1, 0xC0, 0x0E, 0x1E, 0x00, 0xF9, 0xFC, 0x1F, 0xF0, 0x00, 0x00, 0x00, 0x07, 0x80, 0x00,
    0x3E, 0x00, 0x03, 0xB8, 0x00, 0x30, 0xC0, 0x00, 0x00, 0x00, 0x00, 0x00, 0x00, 0x0E, 0x00, 0x00,
    0x70, 0x00, 0x07, 0x80, 0x00, 0x3E, 0x00, 0x01, 0x70, 0x00, 0x1B, 0xC0, 0x00, 0xCE, 0x00, 0x0C,
    0x70, 0x00, 0x63, 0xC0, 0x03, 0x0E, 0x00, 0x30, 0x70, 0x01, 0x81, 0xC0, 0x0F, 0xFE, 0x00, 0xFF,
    0xF8, 0x06, 0x01, 0xC0, 0x60, 0x0E, 0x03, 0x00, 0x78, 0x18, 0x01, 0xC1, 0xC0, 0x0E, 0x1E, 0x00,
    0xF9, 0xFC, 0x1F, 0xF0, 0x00, 0x80, 0x00, 0x1F, 0x18, 0x01, 0xFF, 0x80, 0x0C, 0x7C, 0x00, 0x00,
    0x00, 0x00, 0x00, 0x00, 0x01, 0xC0, 0x00, 0x0E, 0x00, 0x00, 0xF0, 0x00, 0x07, 0xC0, 0x00, 0x2E,
    0x00, 0x03, 0x78, 0x00, 0x19, 0xC0, 0x01, 0x8E, 0x00, 0x0C, 0x78, 0x00, 0x61, 0xC0, 0x06, 0x0E,
    0x00, 0x30, 0x38, 0x01, 0xFF, 0xC0, 0x1F, 0xFF, 0x00, 0xC0, 0x38, 0x0C, 0x01, 0xC0, 0x60, 0x0F,
    0x03, 0x00, 0x38, 0x38, 0x01, 0xC3, 0xC0, 0x1F, 0x3F, 0x83, 0xFE, 0x01, 0x0C, 0x00, 0x1C, 0xF0,
    0x00, 0xE3, 0x80, 0x02, 0x18, 0x00, 0x00, 0x00, 0x00, 0x00, 0x00, 0x01, 0xC0, 0x00, 0x0E, 0x00,
    0x00, 0xF0, 0x00, 0x07, 0xC0, 0x00, 0x2E, 0x00, 0x03, 0x78, 0x00, 0x19, 0xC0, 0x01, 0x8E, 0x00,
    0x0C, 0x78, 0x00, 0x61, 0xC0, 0x06, 0x0E, 0x00, 0x30, 0x38, 0x01, 0xFF, 0xC0, 0x1F, 0xFF, 0x00,
    0xC0, 0x38, 0x0C, 0x01, 0xC0, 0x60, 0x0F, 0x03, 0x00, 0x38, 0x38, 0x01, 0xC3, 0xC0, 0x1F, 0x3F,
    0x83, 0xFE, 0x00, 0x70, 0x00, 0x0F, 0xC0, 0x00, 0x63, 0x00, 0x03, 0x18, 0x00, 0x18, 0xC0, 0x00,
    0xFC, 0x00, 0x03, 0xC0, 0x00, 0x1E, 0x00, 0x00, 0xF8, 0x00, 0x05, 0xC0, 0x00, 0x6F, 0x00, 0x03,
    0x38, 0x00, 0x31, 0xC0, 0x01, 0x8F, 0x00, 0x0C, 0x38, 0x00, 0xC1, 0xC0, 0x06, 0x07, 0x00, 0x3F,
    0xF8, 0x03, 0xFF, 0xE0, 0x18, 0x07, 0x01, 0x80, 0x38, 0x0C, 0x01, 0xE0, 0x60, 0x07, 0x07, 0x00,
    0x38, 0x78, 0x03, 0xE7, 0xF0, 0x7F, 0xC0, 0x00, 0x7F, 0xFF, 0x80, 0x07, 0xFF, 0xF8, 0x00, 0x7E,
    0x07, 0x00, 0x1B, 0xC0, 0x60, 0x03, 0x78, 0x0C, 0x00, 0xCF, 0x00, 0x00, 0x19, 0xE0, 0x00, 0x06,
    0x3C, 0x00, 0x00, 0xC7, 0x80, 0x00, 0x30, 0xFF, 0xC0, 0x06, 0x1F, 0xF8, 0x01, 0x83, 0xC0, 0x00,
    0x3F, 0xF8, 0x00, 0x0F, 0xFF, 0x00, 0x01, 0x81, 0xE0, 0x00, 0x60, 0x3C, 0x00, 0x1C, 0x07, 0x80,
    0x63, 0x00, 0xF0, 0x0C, 0xE0, 0x1E, 0x03, 0xBC, 0x07, 0xFF, 0xEF, 0xE1, 0xFF, 0xFC, 0x00, 0x00,
    0x03, 0xFC, 0x0F, 0xFE, 0x1E, 0x0F, 0x3C, 0x07, 0x38, 0x06, 0x78, 0x00, 0x70, 0x00, 0x70, 0x00,
    0x70, 0x00, 0x70, 0x00, 0x70, 0x00, 0x70, 0x00, 0x70, 0x00, 0x70, 0x00, 0x70, 0x00, 0x78, 0x00,
    0x38, 0x00, 0x3C, 0x01, 0x1E, 0x07, 0x0F, 0xFE, 0x07, 0xFC, 0x00, 0xC0, 0x00, 0xF0, 0x00, 0x70,
    0x00, 0x38, 0x00, 0x30, 0x03, 0xF0, 0x03, 0xE0, 0x00, 0x00, 0x0F, 0x00, 0x07, 0x00, 0x03, 0x80,
    0x01, 0x80, 0x00, 0x00, 0x00, 0x00, 0xFF, 0xFE, 0x7F, 0xFE, 0x1C, 0x06, 0x1C, 0x06, 0x1C, 0x06,
    0x1C, 0x00, 0x1C, 0x00, 0x1C, 0x00, 0x1C, 0x00, 0x1F, 0xF8, 0x1F, 0xF8, 0x1C, 0x00, 0x1C, 0x00,
    0x1C, 0x00, 0x1C, 0x00, 0x1C, 0x00, 0x1C, 0x03, 0x1C, 0x03, 0x1C, 0x03, 0x3F, 0xFF, 0xFF, 0xFF,
    0x00, 0x00, 0x00, 0x70, 0x00, 0xE0, 0x00, 0xC0, 0x01, 0x80, 0x00, 0x00, 0x00, 0x00, 0xFF, 0xFE,
    0x7F, 0xFE, 0x1C, 0x06, 0x1C, 0x06, 0x1C, 0x06, 0x1C, 0x00, 0x1C, 0x00, 0x1C, 0x00, 0x1C, 0x00,
    0x1F, 0xF8, 0x1F, 0xF8, 0x1C, 0x00, 0x1C, 0x00, 0x1C, 0x00, 0x1C, 0x00, 0x1C, 0x00, 0x1C, 0x03,
    0x1C, 0x03, 0x1C, 0x03, 0x3F, 0xFF, 0xFF, 0xFF, 0x00, 0x00, 0x03, 0xC0, 0x03, 0xE0, 0x07, 0x70,
    0x0C, 0x30, 0x00, 0x00, 0x00, 0x00, 0xFF, 0xFE, 0x7F, 0xFE, 0x1C, 0x06, 0x1C, 0x06, 0x1C, 0x06,
    0x1C, 0x00, 0x1C, 0x00, 0x1C, 0x00, 0x1C, 0x00, 0x1F, 0xF8, 0x1F, 0xF8, 0x1C, 0x00, 0x1C, 0x00,
    0x1C, 0x00, 0x1C, 0x00, 0x1C, 0x00, 0x1C, 0x03, 0x1C, 0x03, 0x1C, 0x03, 0x3F, 0xFF, 0xFF, 0xFF,
    0x0C, 0x30, 0x0E, 0x70, 0x0E, 0x70, 0x04, 0x30, 0x00, 0x00, 0x00, 0x00, 0xFF, 0xFE, 0x7F, 0xFE,
    0x1C, 0x06, 0x1C, 0x06, 0x1C, 0x06, 0x1C, 0x00, 0x1C, 0x00, 0x1C, 0x00, 0x1C, 0x00, 0x1F, 0xF8,
    0x1F, 0xF8, 0x1C, 0x00, 0x1C, 0x00, 0x1C, 0x00, 0x1C, 0x00, 0x1C, 0x00, 0x1C, 0x03, 0x1C, 0x03,
    0x1C, 0x03, 0x3F, 0xFF, 0xFF, 0xFF, 0x00, 0x78, 0x1C, 0x07, 0x01, 0xC0, 0x00, 0x01, 0xFF, 0x7F,
    0x0E, 0x07, 0x03, 0x81, 0xC0, 0xE0, 0x70, 0x38, 0x1C, 0x0E, 0x07, 0x03, 0x81, 0xC0, 0xE0, 0x70,
    0x38, 0x1C, 0x0E, 0x0F, 0x9F, 0xF0, 0x00, 0x03, 0x83, 0x81, 0x81, 0x80, 0x00, 0x01, 0xFF, 0x7F,
    0x0E, 0x07, 0x03, 0x81, 0xC0, 0xE0, 0x70, 0x38, 0x1C, 0x0E, 0x07, 0x03, 0x81, 0xC0, 0xE0, 0x70,
    0x38, 0x1C, 0x0E, 0x0F, 0x9F, 0xF0, 0x00, 0x1E, 0x0F, 0x8E, 0xEC, 0x30, 0x00, 0x01, 0xFF, 0x7F,
    0x0E, 0x07, 0x03, 0x81, 0xC0, 0xE0, 0x70, 0x38, 0x1C, 0x0E, 0x07, 0x03, 0x81, 0xC0, 0xE0, 0x70,
    0x38, 0x1C, 0x0E, 0x0F, 0x9F, 0xF0, 0x43, 0x73, 0xF8, 0xE8, 0x60, 0x00, 0x03, 0xFE, 0xFE, 0x1C,
    0x0E, 0x07, 0x03, 0x81, 0xC0, 0xE0, 0x70, 0x38, 0x1C, 0x0E, 0x07, 0x03, 0x81, 0xC0, 0xE0, 0x70,
    0x38, 0x1C, 0x1F, 0x3F, 0xE0, 0xFF, 0xF0, 0x0F, 0xFF, 0xC0, 0x70, 0x3C, 0x0E, 0x03, 0xC1, 0xC0,
    0x38, 0x38, 0x07, 0x87, 0x00, 0x70, 0xE0, 0x0E, 0x1C, 0x01, 0xFF, 0xFC, 0x3F, 0xFF, 0x87, 0x8E,
    0x00, 0xF1, 0xC0, 0x1E, 0x38, 0x03, 0x87, 0x00, 0x70, 0xE0, 0x1E, 0x1C, 0x03, 0x83, 0x80, 0xF0,
    0x70, 0x3C, 0x1F, 0xFF, 0x0F, 0xFF, 0x80, 0x00, 0x80, 0x00, 0x1F, 0x18, 0x00, 0xFF, 0x80, 0x0C,
    0x7C, 0x00, 0x00, 0x00, 0x00, 0x00, 0x03, 0xF0, 0x1F, 0xCF, 0x80, 0x7E, 0x1E, 0x00, 0xC0, 0xF8,
    0x06, 0x07, 0xC0, 0x30, 0x3F, 0x01, 0x81, 0xBC, 0x0C, 0x0C, 0xE0, 0x60, 0x67, 0x83, 0x03, 0x1E,
    0x18, 0x18, 0x70, 0xC0, 0xC3, 0xC6, 0x06, 0x0F, 0x30, 0x30, 0x39, 0x81, 0x81, 0xEC, 0x0C, 0x07,
    0xE0, 0x60, 0x1F, 0x03, 0x00, 0xF8, 0x18, 0x03, 0xC1, 0xE0, 0x1E, 0x3F, 0xC0, 0x70, 0x00, 0x00,
    0x00, 0x70, 0x00, 0x07, 0x00, 0x00, 0x60, 0x00, 0x06, 0x00, 0x00, 0x00, 0x00, 0x00, 0x00, 0x1F,
    0xE0, 0x0F, 0xFE, 0x03, 0xC0, 0xE0, 0xF0, 0x0E, 0x1C, 0x00, 0xE7, 0x80, 0x1C, 0xE0, 0x03, 0xDC,
    0x00, 0x7B, 0x80, 0x07, 0x70, 0x00, 0xEE, 0x00, 0x1D, 0xC0, 0x03, 0xB8, 0x00, 0x77, 0x00, 0x1E,
    0xE0, 0x03, 0xDE, 0x00, 0x71, 0xC0, 0x0E, 0x38, 0x03, 0x83, 0x80, 0xF0, 0x3E, 0x7C, 0x03, 0xFE,
    0x00, 0x00, 0x00, 0x00, 0x00, 0x00, 0x07, 0x80, 0x00, 0xE0, 0x00, 0x38, 0x00, 0x0E, 0x00, 0x00,
    0x00, 0x00, 0x00, 0x00, 0x1F, 0xE0, 0x0F, 0xFE, 0x03, 0xC0, 0xE0, 0xF0, 0x0E, 0x1C, 0x00, 0xE7,
    0x80, 0x1C, 0xE0, 0x03, 0xDC, 0x00, 0x7B, 0x80, 0x07, 0x70, 0x00, 0xEE, 0x00, 0x1D, 0xC0, 0x03,
    0xB8, 0x00, 0x77, 0x00, 0x1E, 0xE0, 0x03, 0xDE, 0x00, 0x71, 0xC0, 0x0E, 0x38, 0x03, 0x83, 0x80,
    0xF0, 0x3E, 0x7C, 0x03, 0xFE, 0x00, 0x00, 0x00, 0x00, 0x00, 0x00, 0x1E, 0x00, 0x07, 0xC0, 0x00,
    0xCC, 0x00, 0x30, 0xC0, 0x00, 0x00, 0x00, 0x00, 0x00, 0x1F, 0xE0, 0x0F, 0xFE, 0x03, 0xC0, 0xE0,
    0xF0, 0x0E, 0x1C, 0x00, 0xE7, 0x80, 0x1C, 0xE0, 0x03, 0xDC, 0x00, 0x7B, 0x80, 0x07, 0x70, 0x00,
    0xEE, 0x00, 0x1D, 0xC0, 0x03, 0xB8, 0x00, 0x77, 0x00, 0x1E, 0xE0, 0x03, 0xDE, 0x00, 0x71, 0xC0,
    0x0E, 0x38, 0x03, 0x83, 0x80, 0xF0, 0x3E, 0x7C, 0x03, 0xFE, 0x00, 0x00, 0x00, 0x01, 0x00, 0x00,
    0xF8, 0xC0, 0x1F, 0xF8, 0x06, 0x3E, 0x00, 0x00, 0x00, 0x00, 0x00, 0x00, 0xFF, 0x00, 0x7F, 0xF0,
    0x1E, 0x07, 0x07, 0x80, 0x70, 0xE0, 0x07, 0x3C, 0x00, 0xE7, 0x00, 0x1E, 0xE0, 0x03, 0xDC, 0x00,
    0x3B, 0x80, 0x07, 0x70, 0x00, 0xEE, 0x00, 0x1D, 0xC0, 0x03, 0xB8, 0x00, 0xF7, 0x00, 0x1E, 0xF0,
    0x03, 0x8E, 0x00, 0x71, 0xC0, 0x1C, 0x1C, 0x07, 0x81, 0xF3, 0xE0, 0x1F, 0xF0, 0x00, 0x00, 0x00,
    0x03, 0x08, 0x00, 0xF3, 0x80, 0x1C, 0x70, 0x01, 0x84, 0x00, 0x00, 0x00, 0x00, 0x00, 0x00, 0xFF,
    0x00, 0x7F, 0xF0, 0x1E, 0x07, 0x07, 0x80, 0x70, 0xE0, 0x07, 0x3C, 0x00, 0xE7, 0x00, 0x1E, 0xE0,
    0x03, 0xDC, 0x00, 0x3B, 0x80, 0x07, 0x70, 0x00, 0xEE, 0x00, 0x1D, 0xC0, 0x03, 0xB8, 0x00, 0xF7,
    0x00, 0x1E, 0xF0, 0x03, 0x8E, 0x00, 0x71, 0xC0, 0x1C, 0x1C, 0x07, 0x81, 0xF3, 0xE0, 0x1F, 0xF0,
    0x00, 0x00, 0x00, 0x00, 0x06, 0x01, 0x98, 0x1C, 0x61, 0xC1, 0x9C, 0x07, 0xC0, 0x1C, 0x01, 0xE0,
    0x1D, 0x81, 0xC6, 0x1C, 0x19, 0xC0, 0x60, 0x00, 0x00, 0x00, 0x00, 0x00, 0x00, 0x30, 0x0F, 0xFC,
    0x07, 0xFF, 0x81, 0xE0, 0x70, 0x78, 0x0F, 0x0E, 0x03, 0x73, 0xC0, 0x6E, 0x70, 0x19, 0xEE, 0x03,
    0x3D, 0xC0, 0xC3, 0xB8, 0x30, 0x77, 0x06, 0x0E, 0xE1, 0x81, 0xDC, 0x30, 0x3B, 0x8C, 0x0F, 0x71,
    0x81, 0xEF, 0x60, 0x38, 0xEC, 0x07, 0x1F, 0x01, 0xC1, 0xE0, 0x78, 0x1F, 0x3E, 0x07, 0xFF, 0x00,
    0xC0, 0x00, 0x00, 0x00, 0x00, 0x00, 0x00, 0x00, 0x0E, 0x00, 0x00, 0x38, 0x00, 0x00, 0xC0, 0x00,
    0x03, 0x00, 0x00, 0x00, 0x00, 0x00, 0x00, 0x1F, 0xF0, 0xFF, 0x7F, 0x03, 0xF0, 0xE0, 0x06, 0x07,
    0x00, 0x30, 0x38, 0x01, 0x81, 0xC0, 0x0C, 0x0E, 0x00, 0x60, 0x70, 0x03, 0x03, 0x80, 0x18, 0x1C,
    0x00, 0xC0, 0xE0, 0x06, 0x07, 0x00, 0x30, 0x38, 0x01, 0x81, 0xC0, 0x0C, 0x0E, 0x00, 0x60, 0x70,
    0x03, 0x03, 0x80, 0x18, 0x1E, 0x01, 0x80, 0x78, 0x1C, 0x01, 0xFF, 0xC0, 0x07, 0xFC, 0x00, 0x00,
    0x00, 0x00, 0x00, 0x00, 0x00, 0x00, 0xF0, 0x00, 0x07, 0x00, 0x00, 0x70, 0x00, 0x07, 0x00, 0x00,
    0x00, 0x00, 0x00, 0x00, 0x1F, 0xF0, 0xFF, 0x7F, 0x03, 0xF0, 0xE0, 0x06, 0x07, 0x00, 0x30, 0x38,
    0x01, 0x81, 0xC0, 0x0C, 0x0E, 0x00, 0x60, 0x70, 0x03, 0x03, 0x80, 0x18, 0x1C, 0x00, 0xC0, 0xE0,
    0x06, 0x07, 0x00, 0x30, 0x38, 0x01, 0x81, 0xC0, 0x0C, 0x0E, 0x00, 0x60, 0x70, 0x03, 0x03, 0x80,
    0x18, 0x1E, 0x01, 0x80, 0x78, 0x1C, 0x01, 0xFF, 0xC0, 0x07, 0xFC, 0x00, 0x00, 0x00, 0x00, 0x00,
    0x00, 0x00, 0x03, 0xC0, 0x00, 0x3F, 0x00, 0x01, 0x98, 0x00, 0x18, 0x60, 0x00, 0x00, 0x00, 0x00,
    0x00, 0x1F, 0xF0, 0xFF, 0x7F, 0x03, 0xF0, 0xE0, 0x06, 0x07, 0x00, 0x30, 0x38, 0x01, 0x81, 0xC0,
    0x0C, 0x0E, 0x00, 0x60, 0x70, 0x03, 0x03, 0x80, 0x18, 0x1C, 0x00, 0xC0, 0xE0, 0x06, 0x07, 0x00,
    0x30, 0x38, 0x01, 0x81, 0xC0, 0x0C, 0x0E, 0x00, 0x60, 0x70, 0x03, 0x03, 0x80, 0x18, 0x1E, 0x01,
    0x80, 0x78, 0x1C, 0x01, 0xFF, 0xC0, 0x07, 0xFC, 0x00, 0x00, 0x00, 0x00, 0x01, 0x86, 0x00, 0x0E,
    0x70, 0x00, 0x73, 0x80, 0x01, 0x0C, 0x00, 0x00, 0x00, 0x00, 0x00, 0x03, 0xFE, 0x1F, 0xEF, 0xE0,
    0x7E, 0x1C, 0x00, 0xC0, 0xE0, 0x06, 0x07, 0x00, 0x30, 0x38, 0x01, 0x81, 0xC0, 0x0C, 0x0E, 0x00,
    0x60, 0x70, 0x03, 0x03, 0x80, 0x18, 0x1C, 0x00, 0xC0, 0xE0, 0x06, 0x07, 0x00, 0x30, 0x38, 0x01,
    0x81, 0xC0, 0x0C, 0x0E, 0x00, 0x60, 0x70, 0x03, 0x03, 0xC0, 0x30, 0x0F, 0x03, 0x80, 0x3F, 0xF8,
    0x00, 0xFF, 0x80, 0x00, 0x00, 0x00, 0x00, 0x00, 0x00, 0x01, 0xC0, 0x00, 0x1C, 0x00, 0x03, 0x80,
    0x00, 0x60, 0x00, 0x00, 0x00, 0x00, 0x00, 0x07, 0xF8, 0xFE, 0x7F, 0x07, 0xE1, 0xE0, 0x18, 0x1E,
    0x01, 0x80, 0xF0, 0x30, 0x07, 0x03, 0x00, 0x78, 0x60, 0x03, 0x8C, 0x00, 0x3C, 0xC0, 0x01, 0xD8,
    0x00, 0x0F, 0x80, 0x00, 0xF0, 0x00, 0x07, 0x00, 0x00, 0x70, 0x00, 0x07, 0x00, 0x00, 0x70, 0x00,
    0x07, 0x00, 0x00, 0x70, 0x00, 0x0F, 0x00, 0x01, 0xF8, 0x00, 0x3F, 0xE0, 0xFF, 0x80, 0x7F, 0x00,
    0x1C, 0x00, 0x1C, 0x00, 0x1F, 0xE0, 0x1F, 0xF8, 0x1C, 0x1C, 0x1C, 0x0E, 0x1C, 0x0E, 0x1C, 0x0F,
    0x1C, 0x0F, 0x1C, 0x0E, 0x1C, 0x0E, 0x1C, 0x1E, 0x1C, 0x3C, 0x1F, 0xF8, 0x1F, 0xC0, 0x1C, 0x00,
    0x1C, 0x00, 0x3E, 0x00, 0xFF, 0x80, 0x00, 0x00, 0x00, 0xFE, 0x00, 0x71, 0xE0, 0x38, 0x38, 0x0E,
    0x07, 0x07, 0x01, 0xC1, 0xC0, 0x71, 0xF0, 0x7C, 0x7C, 0x7F, 0x07, 0x1C, 0x01, 0xCE, 0x00, 0x73,
    0x80, 0x1C, 0x70, 0x07, 0x1E, 0x01, 0xC3, 0xE0, 0x70, 0x7C, 0x1C, 0x07, 0x87, 0x00, 0xF1, 0xC4,
    0x1C, 0x73, 0x07, 0x1C, 0xC1, 0x8F, 0x38, 0xE7, 0xC7, 0xF0, 0x00, 0x00, 0x00, 0x00, 0x3C, 0x00,
    0x38, 0x00, 0x38, 0x00, 0x30, 0x00, 0x00, 0x00, 0x00, 0x0F, 0xE0, 0x3F, 0xE0, 0x70, 0xE0, 0xC1,
    0xC0, 0x83, 0x80, 0x07, 0x00, 0x0E, 0x07, 0xFC, 0x1E, 0x38, 0x70, 0x71, 0xE0, 0xE3, 0x81, 0xC7,
    0x03, 0x87, 0x0F, 0x0F, 0xF7, 0x0F, 0xCF, 0x00, 0x00, 0x00, 0x00, 0x01, 0xC0, 0x07, 0x00, 0x0C,
    0x00, 0x30, 0x00, 0x00, 0x00, 0x00, 0x0F, 0xE0, 0x3F, 0xE0, 0x70, 0xE0, 0xC1, 0xC0, 0x83, 0x80,
    0x07, 0x00, 0x0E, 0x07, 0xFC, 0x1E, 0x38, 0x70, 0x71, 0xE0, 0xE3, 0x81, 0xC7, 0x03, 0x87, 0x0F,
    0x0F, 0xF7, 0x0F, 0xCF, 0x00, 0x00, 0x00, 0x00, 0x0F, 0x00, 0x3F, 0x00, 0x66, 0x01, 0x86, 0x00,
    0x00, 0x00, 0x00, 0x0F, 0xE0, 0x3F, 0xE0, 0x70, 0xE0, 0xC1, 0xC0, 0x83, 0x80, 0x07, 0x00, 0x0E,
    0x07, 0xFC, 0x1E, 0x38, 0x70, 0x71, 0xE0, 0xE3, 0x81, 0xC7, 0x03, 0x87, 0x0F, 0x0F, 0xF7, 0x0F,
    0xCF, 0x00, 0x00, 0x00, 0x00, 0x3E, 0x20, 0xFF, 0xC1, 0x0F, 0x00, 0x00, 0x00, 0x00, 0x07, 0xF0,
    0x1F, 0xF0, 0x38, 0x70, 0x60, 0xE0, 0x41, 0xC0, 0x03, 0x80, 0x07, 0x03, 0xFE, 0x0F, 0x1C, 0x38,
    0x38, 0xF0, 0x71, 0xC0, 0xE3, 0x81, 0xC3, 0x87, 0x87, 0xFB, 0x87, 0xE7, 0x80, 0x00, 0x00, 0x18,
    0x60, 0x39, 0xC0, 0x73, 0x80, 0xC2, 0x00, 0x00, 0x00, 0x00, 0x07, 0xF0, 0x1F, 0xF0, 0x38, 0x70,
    0x60, 0xE0, 0x41, 0xC0, 0x03, 0x80, 0x07, 0x03, 0xFE, 0x0F, 0x1C, 0x38, 0x38, 0xF0, 0x71, 0xC0,
    0xE3, 0x81, 0xC3, 0x87, 0x87, 0xFB, 0x87, 0xE7, 0x80, 0x00, 0x00, 0x07, 0x80, 0x1F, 0x80, 0x31,
    0x80, 0x43, 0x00, 0xC6, 0x01, 0xF8, 0x00, 0xE0, 0x00, 0x00, 0x1F, 0xC0, 0x7F, 0xC0, 0xE1, 0xC1,
    0x83, 0x81, 0x07, 0x00, 0x0E, 0x00, 0x1C, 0x0F, 0xF8, 0x3C, 0x70, 0xE0, 0xE3, 0xC1, 0xC7, 0x03,
    0x8E, 0x07, 0x0E, 0x1E, 0x1F, 0xEE, 0x1F, 0x9E, 0x00, 0x00, 0x1F, 0xC7, 0xE0, 0x7F, 0xFF, 0xE0,
    0xE1, 0xF0, 0xE1, 0x83, 0xC1, 0xE1, 0x07, 0x81, 0xC0, 0x0F, 0x03, 0x80, 0x1E, 0x07, 0x0F, 0xFF,
    0xFE, 0x3C, 0x7F, 0xFC, 0xE0, 0xF0, 0x03, 0xC1, 0xE0, 0x07, 0x03, 0xC0, 0x0E, 0x07, 0x80, 0x0E,
    0x1F, 0x81, 0x9F, 0xF7, 0xFE, 0x1F, 0x83, 0xF8, 0x00, 0x00, 0x00, 0x0F, 0xC0, 0xFF, 0x8E, 0x1C,
    0xE0, 0xE7, 0x07, 0x38, 0x01, 0xC0, 0x1E, 0x00, 0xF0, 0x03, 0x80, 0x1C, 0x00, 0xE0, 0x07, 0x00,
    0x1C, 0x18, 0xFF, 0xC1, 0xFC, 0x03, 0x00, 0x1C, 0x00, 0x70, 0x01, 0x80, 0x0C, 0x07, 0xE0, 0x3E,
    0x00, 0x00, 0x00, 0x78, 0x00, 0xE0, 0x01, 0xC0, 0x03, 0x80, 0x00, 0x00, 0x00, 0x03, 0xF0, 0x1F,
    0xE0, 0xE1, 0xC7, 0x03, 0x9C, 0x0E, 0x70, 0x39, 0xC0, 0xE7, 0xFF, 0xBF, 0xFE, 0x70, 0x01, 0xC0,
    0x07, 0x00, 0x1C, 0x00, 0x38, 0x18, 0x7F, 0xC0, 0xFE, 0x00, 0x00, 0x00, 0x00, 0x03, 0x80, 0x1C,
    0x00, 0x60, 0x03, 0x00, 0x00, 0x00, 0x00, 0x03, 0xF0, 0x1F, 0xE0, 0xE1, 0xC7, 0x03, 0x9C, 0x0E,
    0x70, 0x39, 0xC0, 0xE7, 0xFF, 0xBF, 0xFE, 0x70, 0x01, 0xC0, 0x07, 0x00, 0x1C, 0x00, 0x38, 0x18,
    0x7F, 0xC0, 0xFE, 0x00, 0x00, 0x00, 0x00, 0x1E, 0x00, 0xFC, 0x03, 0x30, 0x18, 0x60, 0x00, 0x00,
    0x00, 0x03, 0xF0, 0x1F, 0xE0, 0xE1, 0xC7, 0x03, 0x9C, 0x0E, 0x70, 0x39, 0xC0, 0xE7, 0xFF, 0xBF,
    0xFE, 0x70, 0x01, 0xC0, 0x07, 0x00, 0x1C, 0x00, 0x38, 0x18, 0x7F, 0xC0, 0xFE, 0x00, 0x00, 0x18,
    0x60, 0x73, 0x81, 0xCE, 0x06, 0x10, 0x00, 0x00, 0x00, 0x00, 0xFC, 0x07, 0xF8, 0x38, 0x71, 0xC0,
    0xE7, 0x03, 0x9C, 0x0E, 0x70, 0x39, 0xFF, 0xEF, 0xFF, 0x9C, 0x00, 0x70, 0x01, 0xC0, 0x07, 0x00,
    0x0E, 0x06, 0x1F, 0xF0, 0x3F, 0x80, 0x00, 0x00, 0x00, 0x38, 0x0E, 0x03, 0x00, 0xC0, 0x00, 0x00,
    0xF8, 0x7C, 0x0E, 0x07, 0x03, 0x81, 0xC0, 0xE0, 0x70, 0x38, 0x1C, 0x0E, 0x07, 0x03, 0x81, 0xC1,
    0xF1, 0xFE, 0x00, 0x01, 0xE0, 0x70, 0x38, 0x0C, 0x00, 0x00, 0x01, 0xF0, 0x7C, 0x07, 0x01, 0xC0,
    0x70, 0x1C, 0x07, 0x01, 0xC0, 0x70, 0x1C, 0x07, 0x01, 0xC0, 0x70, 0x1C, 0x0F, 0x87, 0xF8, 0x00,
    0x0F, 0x0F, 0x8E, 0xE6, 0x38, 0x00, 0x00, 0xF8, 0x7C, 0x0E, 0x07, 0x03, 0x81, 0xC0, 0xE0, 0x70,
    0x38, 0x1C, 0x0E, 0x07, 0x03, 0x81, 0xC1, 0xF1, 0xFE, 0x63, 0x71, 0xF8, 0xE8, 0x20, 0x00, 0x01,
    0xF0, 0xF8, 0x1C, 0x0E, 0x07, 0x03, 0x81, 0xC0, 0xE0, 0x70, 0x38, 0x1C, 0x0E, 0x07, 0x03, 0x83,
    0xE3, 0xFC, 0x00, 0x00, 0x38, 0x20, 0x3D, 0xC0, 0x1F, 0x00, 0x7C, 0x01, 0xDC, 0x02, 0x1C, 0x00,
    0x1C, 0x07, 0xF8, 0x3F, 0xF8, 0xE0, 0xF3, 0x81, 0xE7, 0x01, 0xCE, 0x03, 0x9C, 0x07, 0x78, 0x0E,
    0x70, 0x1C, 0xE0, 0x39, 0xC0, 0x73, 0x80, 0xE3, 0x83, 0x87, 0x8E, 0x03, 0xF8, 0x00, 0x00, 0x01,
    0x00, 0x01, 0xF1, 0x80, 0x7F, 0xC0, 0x31, 0xF0, 0x00, 0x00, 0x00, 0x00, 0x07, 0xCF, 0x81, 0xF7,
    0xF8, 0x1F, 0x0E, 0x07, 0x83, 0xC1, 0xE0, 0x70, 0x70, 0x1C, 0x1C, 0x07, 0x07, 0x01, 0xC1, 0xC0,
    0x70, 0x70, 0x1C, 0x1C, 0x07, 0x07, 0x01, 0xC1, 0xC0, 0x70, 0x70, 0x1C, 0x3E, 0x07, 0x9F, 0xE1,
    0xF0, 0x00, 0x00, 0x1C, 0x00, 0x38, 0x00, 0x38, 0x00, 0x18, 0x00, 0x00, 0x00, 0x00, 0x07, 0xE0,
    0x1F, 0xF0, 0x70, 0x71, 0xC0, 0xE3, 0x80, 0xE7, 0x01, 0xCE, 0x03, 0xBC, 0x07, 0x78, 0x0E, 0x70,
    0x1C, 0xE0, 0x39, 0xC0, 0x73, 0x80, 0xE3, 0x83, 0x83, 0x8E, 0x03, 0xF8, 0x00, 0x00, 0x00, 0x00,
    0x01, 0xE0, 0x03, 0x80, 0x0E, 0x00, 0x38, 0x00, 0x00, 0x00, 0x00, 0x07, 0xE0, 0x1F, 0xF0, 0x70,
    0x71, 0xC0, 0xE3, 0x80, 0xE7, 0x01, 0xCE, 0x03, 0xBC, 0x07, 0x78, 0x0E, 0x70, 0x1C, 0xE0, 0x39,
    0xC0, 0x73, 0x80, 0xE3, 0x83, 0x83, 0x8E, 0x03, 0xF8, 0x00, 0x00, 0x00, 0x00, 0x0F, 0x00, 0x1F,
    0x00, 0x77, 0x01, 0x86, 0x00, 0x00, 0x00, 0x00, 0x07, 0xE0, 0x1F, 0xF0, 0x70, 0x71, 0xC0, 0xE3,
    0x80, 0xE7, 0x01, 0xCE, 0x03, 0xBC, 0x07, 0x78, 0x0E, 0x70, 0x1C, 0xE0, 0x39, 0xC0, 0x73, 0x80,
    0xE3, 0x83, 0x83, 0x8E, 0x03, 0xF8, 0x00, 0x00, 0x04, 0x00, 0x3E, 0x30, 0xFF, 0xC1, 0x8F, 0x80,
    0x00, 0x00, 0x00, 0x03, 0xF0, 0x0F, 0xF8, 0x38, 0x38, 0xE0, 0x71, 0xC0, 0x73, 0x80, 0xE7, 0x01,
    0xDE, 0x03, 0xBC, 0x07, 0x38, 0x0E, 0x70, 0x1C, 0xE0, 0x39, 0xC0, 0x71, 0xC1, 0xC1, 0xC7, 0x01,
    0xFC, 0x00, 0x00, 0x00, 0x08, 0x60, 0x39, 0xE0, 0x71, 0xC0, 0x43, 0x00, 0x00, 0x00, 0x00, 0x03,
    0xF0, 0x0F, 0xF8, 0x38, 0x38, 0xE0, 0x71, 0xC0, 0x73, 0x80, 0xE7, 0x01, 0xDE, 0x03, 0xBC, 0x07,
    0x38, 0x0E, 0x70, 0x1C, 0xE0, 0x39, 0xC0, 0x71, 0xC1, 0xC1, 0xC7, 0x01, 0xFC, 0x00, 0x00, 0x00,
    0x03, 0x00, 0x0E, 0x00, 0x38, 0x00, 0xC0, 0x00, 0x00, 0x00, 0x00, 0x00, 0x1F, 0xFF, 0x7F, 0xF8,
    0x00, 0x00, 0x00, 0x00, 0x40, 0x03, 0x80, 0x0E, 0x00, 0x30, 0x00, 0x00, 0x0C, 0x1F, 0xB0, 0x7F,
    0xE1, 0xC1, 0xC7, 0x07, 0x8E, 0x0F, 0x9C, 0x37, 0x38, 0x6E, 0xF1, 0x9D, 0xE6, 0x39, 0xCC, 0x73,
    0xB0, 0xE7, 0xC1, 0xCF, 0x83, 0x8E, 0x0E, 0x1E, 0x38, 0x3F, 0xE0, 0xC0, 0x00, 0x00, 0x00, 0x00,
    0x00, 0x01, 0xC0, 0x00, 0x38, 0x00, 0x06, 0x00, 0x00, 0xC0, 0x00, 0x00, 0x00, 0x00, 0x01, 0xF0,
    0xF8, 0x7C, 0x3F, 0x07, 0x03, 0xC1, 0xC0, 0xF0, 0x70, 0x3C, 0x1C, 0x0F, 0x07, 0x03, 0xC1, 0xC0,
    0xF0, 0x70, 0x3C, 0x1C, 0x0F, 0x07, 0x03, 0xC1, 0xC0, 0xF0, 0x70, 0x3C, 0x1E, 0x1F, 0x03, 0xFD,
    0xE0, 0x7E, 0x7C, 0x00, 0x00, 0x00, 0x00, 0x00, 0x0E, 0x00, 0x07, 0x00, 0x01, 0x80, 0x00, 0xC0,
    0x00, 0x00, 0x00, 0x00, 0x01, 0xF0, 0xF8, 0x7C, 0x3F, 0x07, 0x03, 0xC1, 0xC0, 0xF0, 0x70, 0x3C,
    0x1C, 0x0F, 0x07, 0x03, 0xC1, 0xC0, 0xF0, 0x70, 0x3C, 0x1C, 0x0F, 0x07, 0x03, 0xC1, 0xC0, 0xF0,
    0x70, 0x3C, 0x1E, 0x1F, 0x03, 0xFD, 0xE0, 0x7E, 0x7C, 0x00, 0x00, 0x00, 0x00, 0x00, 0x78, 0x00,
    0x1F, 0x00, 0x0C, 0xE0, 0x06, 0x18, 0x00, 0x00, 0x00, 0x00, 0x01, 0xF0, 0xF8, 0x7C, 0x3F, 0x07,
    0x03, 0xC1, 0xC0, 0xF0, 0x70, 0x3C, 0x1C, 0x0F, 0x07, 0x03, 0xC1, 0xC0, 0xF0, 0x70, 0x3C, 0x1C,
    0x0F, 0x07, 0x03, 0xC1, 0xC0, 0xF0, 0x70, 0x3C, 0x1E, 0x1F, 0x03, 0xFD, 0xE0, 0x7E, 0x7C, 0x00,
    0x00, 0x06, 0x18, 0x01, 0xCF, 0x00, 0x73, 0xC0, 0x08, 0x60, 0x00, 0x00, 0x00, 0x00, 0x07, 0xC3,
    0xE1, 0xF0, 0xFC, 0x1C, 0x0F, 0x07, 0x03, 0xC1, 0xC0, 0xF0, 0x70, 0x3C, 0x1C, 0x0F, 0x07, 0x03,
    0xC1, 0xC0, 0xF0, 0x70, 0x3C, 0x1C, 0x0F, 0x07, 0x03, 0xC1, 0xC0, 0xF0, 0x78, 0x7C, 0x0F, 0xF7,
    0x81, 0xF9, 0xF0, 0x00, 0x00, 0x00, 0x00, 0x00, 0x3C, 0x00, 0x1C, 0x00, 0x1C, 0x00, 0x1C, 0x00,
    0x00, 0x00, 0x00, 0x01, 0xFC, 0x3E, 0xFE, 0x1F, 0x1E, 0x07, 0x0E, 0x03, 0x03, 0x81, 0x81, 0xC0,
    0xC0, 0x70, 0xC0, 0x38, 0x60, 0x1C, 0x30, 0x07, 0x30, 0x03, 0x98, 0x00, 0xEC, 0x00, 0x7C, 0x00,
    0x1E, 0x00, 0x0E, 0x00, 0x07, 0x00, 0x03, 0x80, 0x01, 0x80, 0x01, 0xC0, 0x00, 0xC0, 0x00, 0xE0,
    0x03, 0xE0, 0x03, 0xE0, 0x00, 0x00, 0x00, 0x7E, 0x00, 0x0F, 0x00, 0x03, 0x80, 0x01, 0xC0, 0x00,
    0xE0, 0x00, 0x70, 0x00, 0x39, 0xF0, 0x1D, 0xFC, 0x0F, 0x87, 0x07, 0x81, 0xC3, 0x80, 0xE1, 0xC0,
    0x70, 0xE0, 0x38, 0x70, 0x1C, 0x38, 0x0E, 0x1C, 0x07, 0x0E, 0x03, 0x87, 0x01, 0xC3, 0xC0, 0xE1,
    0xE0, 0xE0, 0xFF, 0xF0, 0x77, 0xF0, 0x38, 0x00, 0x1C, 0x00, 0x0E, 0x00, 0x07, 0x00, 0x03, 0x80,
    0x03, 0xE0, 0x07, 0xFC, 0x00, 0x06, 0x10, 0x07, 0x9C, 0x03, 0x8E, 0x00, 0xC2, 0x00, 0x00, 0x00,
    0x00, 0x03, 0xF8, 0x7D, 0xFC, 0x3E, 0x3C, 0x0E, 0x1C, 0x06, 0x07, 0x03, 0x03, 0x81, 0x80, 0xE1,
    0x80, 0x70, 0xC0, 0x38, 0x60, 0x0E, 0x60, 0x07, 0x30, 0x01, 0xD8, 0x00, 0xF8, 0x00, 0x3C, 0x00,
    0x1C, 0x00, 0x0E, 0x00, 0x07, 0x00, 0x03, 0x00, 0x03, 0x80, 0x01, 0x80, 0x01, 0xC0, 0x07, 0xC0,
    0x07, 0xC0, 0x00, 0x03, 0xFC, 0x00, 0x1F, 0xF0, 0x00, 0x00, 0x00, 0x00, 0x00, 0x00, 0x07, 0x00,
    0x00, 0x38, 0x00, 0x03, 0xC0, 0x00, 0x1F, 0x00, 0x00, 0xB8, 0x00, 0x0D, 0xE0, 0x00, 0x67, 0x00,
    0x06, 0x38, 0x00, 0x31, 0xE0, 0x01, 0x87, 0x00, 0x18, 0x38, 0x00, 0xC0, 0xE0, 0x07, 0xFF, 0x00,
    0x7F, 0xFC, 0x03, 0x00, 0xE0, 0x30, 0x07, 0x01, 0x80, 0x3C, 0x0C, 0x00, 0xE0, 0xE0, 0x07, 0x0F,
    0x00, 0x7C, 0xFE, 0x0F, 0xF8, 0x1F, 0xE0, 0x3F, 0xC0, 0x00, 0x00, 0x00, 0x01, 0xFC, 0x07, 0xFC,
    0x0E, 0x1C, 0x18, 0x38, 0x10, 0x70, 0x00, 0xE0, 0x01, 0xC0, 0xFF, 0x83, 0xC7, 0x0E, 0x0E, 0x3C,
    0x1C, 0x70, 0x38, 0xE0, 0x70, 0xE1, 0xE1, 0xFE, 0xE1, 0xF9, 0xE0, 0x00, 0x00, 0x03, 0x04, 0x00,
    0x18, 0x60, 0x00, 0x7F, 0x00, 0x03, 0xF0, 0x00, 0x00, 0x00, 0x00, 0x00, 0x00, 0x01, 0xC0, 0x00,
    0x0E, 0x00, 0x00, 0xF0, 0x00, 0x07, 0xC0, 0x00, 0x2E, 0x00, 0x03, 0x78, 0x00, 0x19, 0xC0, 0x01,
    0x8E, 0x00, 0x0C, 0x78, 0x00, 0x61, 0xC0, 0x06, 0x0E, 0x00, 0x30, 0x38, 0x01, 0xFF, 0xC0, 0x1F,
    0xFF, 0x00, 0xC0, 0x38, 0x0C, 0x01, 0xC0, 0x60, 0x0F, 0x03, 0x00, 0x38, 0x38, 0x01, 0xC3, 0xC0,
    0x1F, 0x3F, 0x83, 0xFE, 0x10, 0x20, 0x30, 0xC0, 0x7F, 0x80, 0x7E, 0x00, 0x00, 0x00, 0x00, 0x07,
    0xF0, 0x1F, 0xF0, 0x38, 0x70, 0x60, 0xE0, 0x41, 0xC0, 0x03, 0x80, 0x07, 0x03, 0xFE, 0x0F, 0x1C,
    0x38, 0x38, 0xF0, 0x71, 0xC0, 0xE3, 0x81, 0xC3, 0x87, 0x87, 0xFB, 0x87, 0xE7, 0x80, 0x00, 0x00,
    0x00, 0x70, 0x00, 0x03, 0x80, 0x00, 0x3C, 0x00, 0x01, 0xF0, 0x00, 0x0B, 0x80, 0x00, 0xDE, 0x00,
    0x06, 0x70, 0x00, 0x63, 0x80, 0x03, 0x1E, 0x00, 0x18, 0x70, 0x01, 0x83, 0x80, 0x0C, 0x0E, 0x00,
    0x7F, 0xF0, 0x07, 0xFF, 0xC0, 0x30, 0x0E, 0x03, 0x00, 0x70, 0x18, 0x03, 0xC0, 0xC0, 0x0E, 0x0E,
    0x00, 0x70, 0xF0, 0x07, 0xCF, 0xE0, 0xFF, 0x80, 0x00, 0x60, 0x00, 0x0E, 0x00, 0x00, 0x60, 0x00,
    0x07, 0x00, 0x00, 0x38, 0x00, 0x00, 0xFC, 0x00, 0x03, 0xE0, 0x1F, 0xC0, 0x7F, 0xC0, 0xE1, 0xC1,
    0x83, 0x81, 0x07, 0x00, 0x0E, 0x00, 0x1C, 0x0F, 0xF8, 0x3C, 0x70, 0xE0, 0xE3, 0xC1, 0xC7, 0x03,
    0x8E, 0x07, 0x0E, 0x1E, 0x1F, 0xEE, 0x1F, 0x9E, 0x00, 0x60, 0x01, 0x80, 0x06, 0x00, 0x0C, 0x00,
    0x1C, 0x00, 0x3F, 0x00, 0x3E, 0x00, 0x00, 0x00, 0x00, 0x3C, 0x00, 0x38, 0x00, 0x70, 0x00, 0x60,
    0x00, 0x00, 0x00, 0x00, 0x03, 0xFC, 0x0F, 0xFE, 0x1E, 0x0F, 0x3C, 0x07, 0x38, 0x06, 0x78, 0x00,
    0x70, 0x00, 0x70, 0x00, 0x70, 0x00, 0x70, 0x00, 0x70, 0x00, 0x70, 0x00, 0x70, 0x00, 0x70, 0x00,
    0x70, 0x00, 0x78, 0x00, 0x38, 0x00, 0x3C, 0x01, 0x1E, 0x07, 0x0F, 0xFE, 0x07, 0xFC, 0x00, 0x00,
    0x00, 0x00, 0x07, 0x00, 0x70, 0x07, 0x00, 0x30, 0x00, 0x00, 0x00, 0x01, 0xF8, 0x1F, 0xF1, 0xC3,
    0x9C, 0x1C, 0xE0, 0xE7, 0x00, 0x38, 0x03, 0xC0, 0x1E, 0x00, 0x70, 0x03, 0x80, 0x1C, 0x00, 0xE0,
    0x03, 0x83, 0x1F, 0xF8, 0x3F, 0x80, 0x00, 0x00, 0x00, 0x00, 0xF0, 0x01, 0xF0, 0x01, 0x98, 0x03,
    0x0C, 0x00, 0x00, 0x00, 0x00, 0x03, 0xFC, 0x0F, 0xFE, 0x1E, 0x0F, 0x3C, 0x07, 0x38, 0x06, 0x78,
    0x00, 0x70, 0x00, 0x70, 0x00, 0x70, 0x00, 0x70, 0x00, 0x70, 0x00, 0x70, 0x00, 0x70, 0x00, 0x70,
    0x00, 0x70, 0x00, 0x78, 0x00, 0x38, 0x00, 0x3C, 0x01, 0x1E, 0x07, 0x0F, 0xFE, 0x07, 0xFC, 0x00,
    0x00, 0x00, 0x00, 0x3C, 0x01, 0xF0, 0x1D, 0xC1, 0x86, 0x00, 0x00, 0x00, 0x01, 0xF8, 0x1F, 0xF1,
    0xC3, 0x9C, 0x1C, 0xE0, 0xE7, 0x00, 0x38, 0x03, 0xC0, 0x1E, 0x00, 0x70, 0x03, 0x80, 0x1C, 0x00,
    0xE0, 0x03, 0x83, 0x1F, 0xF8, 0x3F, 0x80, 0x00, 0x00, 0x00, 0x00, 0xE0, 0x00, 0xF0, 0x00, 0xF0,
    0x00, 0x40, 0x00, 0x00, 0x00, 0x00, 0x03, 0xFC, 0x0F, 0xFE, 0x1E, 0x0F, 0x3C, 0x07, 0x38, 0x06,
    0x78, 0x00, 0x70, 0x00, 0x70, 0x00, 0x70, 0x00, 0x70, 0x00, 0x70, 0x00, 0x70, 0x00, 0x70, 0x00,
    0x70, 0x00, 0x70, 0x00, 0x78, 0x00, 0x38, 0x00, 0x3C, 0x01, 0x1E, 0x07, 0x0F, 0xFE, 0x07, 0xFC,
    0x00, 0x00, 0x00, 0x00, 0x1C, 0x01, 0xE0, 0x07, 0x00, 0x10, 0x00, 0x00, 0x00, 0x01, 0xF8, 0x1F,
    0xF1, 0xC3, 0x9C, 0x1C, 0xE0, 0xE7, 0x00, 0x38, 0x03, 0xC0, 0x1E, 0x00, 0x70, 0x03, 0x80, 0x1C,
    0x00, 0xE0, 0x03, 0x83, 0x1F, 0xF8, 0x3F, 0x80, 0x00, 0x00, 0x00, 0x07, 0x1C, 0x03, 0xB8, 0x01,
    0xF0, 0x00, 0xE0, 0x00, 0x00, 0x00, 0x00, 0x03, 0xFC, 0x0F, 0xFE, 0x1E, 0x0F, 0x3C, 0x07, 0x38,
    0x06, 0x78, 0x00, 0x70, 0x00, 0x70, 0x00, 0x70, 0x00, 0x70, 0x00, 0x70, 0x00, 0x70, 0x00, 0x70,
    0x00, 0x70, 0x00, 0x70, 0x00, 0x78, 0x00, 0x38, 0x00, 0x3C, 0x01, 0x1E, 0x07, 0x0F, 0xFE, 0x07,
    0xFC, 0x00, 0x00, 0x00, 0x00, 0xC3, 0x03, 0x38, 0x0F, 0x80, 0x78, 0x00, 0x00, 0x00, 0x01, 0xF8,
    0x1F, 0xF1, 0xC3, 0x9C, 0x1C, 0xE0, 0xE7, 0x00, 0x38, 0x03, 0xC0, 0x1E, 0x00, 0x70, 0x03, 0x80,
    0x1C, 0x00, 0xE0, 0x03, 0x83, 0x1F, 0xF8, 0x3F, 0x80, 0x00, 0x00, 0x00, 0x00, 0xC7, 0x00, 0x1D,
    0xC0, 0x01, 0xF0, 0x00, 0x1E, 0x00, 0x00, 0x00, 0x00, 0x00, 0x07, 0xFF, 0x80, 0x7F, 0xFE, 0x03,
    0x81, 0xE0, 0x70, 0x1E, 0x0E, 0x01, 0xC1, 0xC0, 0x3C, 0x38, 0x03, 0x87, 0x00, 0x70, 0xE0, 0x0F,
    0x1C, 0x01, 0xE3, 0x80, 0x3C, 0x70, 0x07, 0x8E, 0x00, 0xF1, 0xC0, 0x1C, 0x38, 0x03, 0x87, 0x00,
    0xF0, 0xE0, 0x1C, 0x1C, 0x07, 0x83, 0x81, 0xE0, 0xFF, 0xF8, 0x7F, 0xFC, 0x00, 0x00, 0x00, 0x00,
    0x1F, 0x9C, 0x00, 0xF3, 0x00, 0x0E, 0x60, 0x01, 0xD8, 0x00, 0x38, 0x00, 0x07, 0x00, 0x7C, 0xE0,
    0x3F, 0xDC, 0x07, 0x0F, 0x81, 0xC0, 0xF0, 0x38, 0x1E, 0x07, 0x01, 0xC0, 0xE0, 0x38, 0x3C, 0x07,
    0x07, 0x80, 0xE0, 0x70, 0x1C, 0x0E, 0x03, 0x81, 0xC0, 0x70, 0x38, 0x1E, 0x07, 0x83, 0xC0, 0x7F,
    0xBC, 0x07, 0xE7, 0xE0, 0x00, 0x00, 0xFF, 0xF0, 0x0F, 0xFF, 0xC0, 0x70, 0x3C, 0x0E, 0x03, 0xC1,
    0xC0, 0x38, 0x38, 0x07, 0x87, 0x00, 0x70, 0xE0, 0x0E, 0x1C, 0x01, 0xFF, 0xFC, 0x3F, 0xFF, 0x87,
    0x8E, 0x00, 0xF1, 0xC0, 0x1E, 0x38, 0x03, 0x87, 0x00, 0x70, 0xE0, 0x1E, 0x1C, 0x03, 0x83, 0x80,
    0xF0, 0x70, 0x3C, 0x1F, 0xFF, 0x0F, 0xFF, 0x80, 0x00, 0x00, 0x00, 0x7E, 0x00, 0x0F, 0x00, 0x03,
    0x80, 0x3F, 0xF0, 0x1F, 0xF8, 0x00, 0x70, 0x00, 0x38, 0x1F, 0xDC, 0x1F, 0xFE, 0x1E, 0x0F, 0x0E,
    0x07, 0x87, 0x01, 0xC3, 0x80, 0xE1, 0xC0, 0x71, 0xE0, 0x38, 0x70, 0x1C, 0x38, 0x0E, 0x1C, 0x07,
    0x0E, 0x07, 0x87, 0x83, 0xC1, 0xFE, 0xF0, 0x7E, 0x7E, 0x00, 0x00, 0x0F, 0xF0, 0x0F, 0xF8, 0x00,
    0x00, 0x00, 0x00, 0xFF, 0xFE, 0x7F, 0xFE, 0x1C, 0x06, 0x1C, 0x06, 0x1C, 0x06, 0x1C, 0x00, 0x1C,
    0x00, 0x1C, 0x00, 0x1C, 0x00, 0x1F, 0xF8, 0x1F, 0xF8, 0x1C, 0x00, 0x1C, 0x00, 0x1C, 0x00, 0x1C,
    0x00, 0x1C, 0x00, 0x1C, 0x03, 0x1C, 0x03, 0x1C, 0x03, 0x3F, 0xFF, 0xFF, 0xFF, 0x1F, 0xE0, 0x7F,
    0x80, 0x00, 0x00, 0x00, 0x0F, 0xC0, 0x7F, 0x83, 0x87, 0x1C, 0x0E, 0x70, 0x39, 0xC0, 0xE7, 0x03,
    0x9F, 0xFE, 0xFF, 0xF9, 0xC0, 0x07, 0x00, 0x1C, 0x00, 0x70, 0x00, 0xE0, 0x61, 0xFF, 0x03, 0xF8,
    0x00, 0x00, 0x08, 0x10, 0x0C, 0x30, 0x0F, 0xF0, 0x07, 0xE0, 0x00, 0x00, 0x00, 0x00, 0xFF, 0xFE,
    0x7F, 0xFE, 0x1C, 0x06, 0x1C, 0x06, 0x1C, 0x06, 0x1C, 0x00, 0x1C, 0x00, 0x1C, 0x00, 0x1C, 0x00,
    0x1F, 0xF8, 0x1F, 0xF8, 0x1C, 0x00, 0x1C, 0x00, 0x1C, 0x00, 0x1C, 0x00, 0x1C, 0x00, 0x1C, 0x03,
    0x1C, 0x03, 0x1C, 0x03, 0x3F, 0xFF, 0xFF, 0xFF, 0x10, 0x20, 0x61, 0x81, 0xFE, 0x03, 0xF0, 0x00,
    0x00, 0x00, 0x00, 0xFC, 0x07, 0xF8, 0x38, 0x71, 0xC0, 0xE7, 0x03, 0x9C, 0x0E, 0x70, 0x39, 0xFF,
    0xEF, 0xFF, 0x9C, 0x00, 0x70, 0x01, 0xC0, 0x07, 0x00, 0x0E, 0x06, 0x1F, 0xF0, 0x3F, 0x80, 0x00,
    0x00, 0x00, 0x00, 0x01, 0xC0, 0x01, 0xC0, 0x01, 0xC0, 0x00, 0x80, 0x00, 0x00, 0xFF, 0xFE, 0x7F,
    0xFE, 0x1C, 0x06, 0x1C, 0x06, 0x1C, 0x06, 0x1C, 0x00, 0x1C, 0x00, 0x1C, 0x00, 0x1C, 0x00, 0x1F,
    0xF8, 0x1F, 0xF8, 0x1C, 0x00, 0x1C, 0x00, 0x1C, 0x00, 0x1C, 0x00, 0x1C, 0x00, 0x1C, 0x03, 0x1C,
    0x03, 0x1C, 0x03, 0x3F, 0xFF, 0xFF, 0xFF, 0x00, 0x00, 0x0E, 0x00, 0x78, 0x01, 0xE0, 0x00, 0x00,
    0x00, 0x00, 0x00, 0x03, 0xF0, 0x1F, 0xE0, 0xE1, 0xC7, 0x03, 0x9C, 0x0E, 0x70, 0x39, 0xC0, 0xE7,
    0xFF, 0xBF, 0xFE, 0x70, 0x01, 0xC0, 0x07, 0x00, 0x1C, 0x00, 0x38, 0x18, 0x7F, 0xC0, 0xFE, 0x00,
    0x00, 0xFF, 0xFE, 0x7F, 0xFE, 0x1C, 0x06, 0x1C, 0x06, 0x1C, 0x06, 0x1C, 0x00, 0x1C, 0x00, 0x1C,
    0x00, 0x1C, 0x00, 0x1F, 0xF8, 0x1F, 0xF8, 0x1C, 0x00, 0x1C, 0x00, 0x1C, 0x00, 0x1C, 0x00, 0x1C,
    0x00, 0x1C, 0x03, 0x1C, 0x03, 0x1C, 0x03, 0x3F, 0xFF, 0xFF, 0xFF, 0x00, 0x18, 0x00, 0x30, 0x00,
    0x70, 0x00, 0x70, 0x00, 0x70, 0x00, 0x7E, 0x00, 0x3E, 0x0F, 0xC0, 0x7F, 0x83, 0x87, 0x1C, 0x0E,
    0x70, 0x39, 0xC0, 0xE7, 0x03, 0x9F, 0xFE, 0xFF, 0xF9, 0xC0, 0x07, 0x00, 0x1C, 0x00, 0x70, 0x00,
    0xE0, 0x61, 0xFF, 0x03, 0xF8, 0x01, 0x80, 0x0E, 0x00, 0x30, 0x00, 0xC0, 0x03, 0x80, 0x0F, 0xC0,
    0x0E, 0x00, 0x00, 0x00, 0x0C, 0x30, 0x06, 0x60, 0x07, 0xE0, 0x03, 0xC0, 0x00, 0x00, 0x00, 0x00,
    0xFF, 0xFE, 0x7F, 0xFE, 0x1C, 0x06, 0x1C, 0x06, 0x1C, 0x06, 0x1C, 0x00, 0x1C, 0x00, 0x1C, 0x00,
    0x1C, 0x00, 0x1F, 0xF8, 0x1F, 0xF8, 0x1C, 0x00, 0x1C, 0x00, 0x1C, 0x00, 0x1C, 0x00, 0x1C, 0x00,
    0x1C, 0x03, 0x1C, 0x03, 0x1C, 0x03, 0x3F, 0xFF, 0xFF, 0xFF, 0x00, 0x00, 0x61, 0x80, 0xCC, 0x03,
    0xF0, 0x07, 0x80, 0x00, 0x00, 0x00, 0x03, 0xF0, 0x1F, 0xE0, 0xE1, 0xC7, 0x03, 0x9C, 0x0E, 0x70,
    0x39, 0xC0, 0xE7, 0xFF, 0xBF, 0xFE, 0x70, 0x01, 0xC0, 0x07, 0x00, 0x1C, 0x00, 0x38, 0x18, 0x7F,
    0xC0, 0xFE, 0x00, 0x00, 0x00, 0x00, 0x00, 0x07, 0x00, 0x00, 0xF8, 0x00, 0x1D, 0xC0, 0x03, 0x8E,
    0x00, 0x00, 0x00, 0x00, 0x00, 0x00, 0x1F, 0xE0, 0x07, 0xFF, 0x81, 0xE0, 0x78, 0x1C, 0x03, 0x83,
    0x80, 0x38, 0x78, 0x00, 0x07, 0x00, 0x00, 0x70, 0x00, 0x07, 0x00, 0x00, 0x70, 0x00, 0x07, 0x00,
    0x00, 0x70, 0x0F, 0xE7, 0x00, 0xFE, 0x70, 0x03, 0xC7, 0x00, 0x38, 0x78, 0x03, 0x83, 0x80, 0x38,
    0x3C, 0x03, 0x81, 0xE0, 0x38, 0x0F, 0xFF, 0x80, 0x3F, 0xF0, 0x00, 0x00, 0x00, 0x00, 0x00, 0x03,
    0xC0, 0x07, 0xC0, 0x0E, 0xE0, 0x1C, 0x70, 0x00, 0x00, 0x00, 0x04, 0x07, 0xDE, 0x1F, 0xFE, 0x18,
    0x70, 0x38, 0x38, 0x38, 0x38, 0x38, 0x38, 0x38, 0x38, 0x38, 0x30, 0x1C, 0x70, 0x0F, 0xE0, 0x0D,
    0x00, 0x18, 0x00, 0x18, 0x00, 0x1F, 0xF0, 0x1F, 0xFC, 0x1F, 0xFC, 0x70, 0x1C, 0x60, 0x0E, 0x60,
    0x0E, 0x60, 0x0C, 0x70, 0x1C, 0x3F, 0xF8, 0x1F, 0xE0, 0x01, 0x04, 0x00, 0x30, 0x60, 0x01, 0xFC,
    0x00, 0x0F, 0x80, 0x00, 0x00, 0x00, 0x00, 0x00, 0x01, 0xFE, 0x00, 0x7F, 0xF8, 0x1E, 0x07, 0x81,
    0xC0, 0x38, 0x38, 0x03, 0x87, 0x80, 0x00, 0x70, 0x00, 0x07, 0x00, 0x00, 0x70, 0x00, 0x07, 0x00,
    0x00, 0x70, 0x00, 0x07, 0x00, 0xFE, 0x70, 0x0F, 0xE7, 0x00, 0x3C, 0x70, 0x03, 0x87, 0x80, 0x38,
    0x38, 0x03, 0x83, 0xC0, 0x38, 0x1E, 0x03, 0x80, 0xFF, 0xF8, 0x03, 0xFF, 0x00, 0x00, 0x00, 0x18,
    0x20, 0x18, 0x70, 0x0F, 0xE0, 0x07, 0xC0, 0x00, 0x00, 0x00, 0x04, 0x07, 0xDE, 0x1F, 0xFE, 0x18,
    0x70, 0x38, 0x38, 0x38, 0x38, 0x38, 0x38, 0x38, 0x38, 0x38, 0x30, 0x1C, 0x70, 0x0F, 0xE0, 0x0D,
    0x00, 0x18, 0x00, 0x18, 0x00, 0x1F, 0xF0, 0x1F, 0xFC, 0x1F, 0xFC, 0x70, 0x1C, 0x60, 0x0E, 0x60,
    0x0E, 0x60, 0x0C, 0x70, 0x1C, 0x3F, 0xF8, 0x1F, 0xE0, 0x00, 0x00, 0x00, 0x07, 0x00, 0x00, 0x78,
    0x00, 0x07, 0x00, 0x00, 0x20, 0x00, 0x00, 0x00, 0x00, 0x00, 0x00, 0x1F, 0xE0, 0x07, 0xFF, 0x81,
    0xE0, 0x78, 0x1C, 0x03, 0x83, 0x80, 0x38, 0x78, 0x00, 0x07, 0x00, 0x00, 0x70, 0x00, 0x07, 0x00,
    0x00, 0x70, 0x00, 0x07, 0x00, 0x00, 0x70, 0x0F, 0xE7, 0x00, 0xFE, 0x70, 0x03, 0xC7, 0x00, 0x38,
    0x78, 0x03, 0x83, 0x80, 0x38, 0x3C, 0x03, 0x81, 0xE0, 0x38, 0x0F, 0xFF, 0x80, 0x3F, 0xF0, 0x00,
    0x00, 0x00, 0x00, 0x00, 0x03, 0x80, 0x03, 0x80, 0x03, 0x80, 0x01, 0x00, 0x00, 0x00, 0x00, 0x04,
    0x07, 0xDE, 0x1F, 0xFE, 0x18, 0x70, 0x38, 0x38, 0x38, 0x38, 0x38, 0x38, 0x38, 0x38, 0x38, 0x30,
    0x1C, 0x70, 0x0F, 0xE0, 0x0D, 0x00, 0x18, 0x00, 0x18, 0x00, 0x1F, 0xF0, 0x1F, 0xFC, 0x1F, 0xFC,
    0x70, 0x1C, 0x60, 0x0E, 0x60, 0x0E, 0x60, 0x0C, 0x70, 0x1C, 0x3F, 0xF8, 0x1F, 0xE0, 0x00, 0x00,
    0x00, 0x1F, 0xE0, 0x07, 0xFF, 0x81, 0xE0, 0x78, 0x1C, 0x03, 0x83, 0x80, 0x38, 0x78, 0x00, 0x07,
    0x00, 0x00, 0x70, 0x00, 0x07, 0x00, 0x00, 0x70, 0x00, 0x07, 0x00, 0x00, 0x70, 0x0F, 0xE7, 0x00,
    0xFE, 0x70, 0x03, 0xC7, 0x00, 0x38, 0x78, 0x03, 0x83, 0x80, 0x38, 0x3C, 0x03, 0x81, 0xE0, 0x38,
    0x0F, 0xFF, 0x80, 0x3F, 0xF0, 0x00, 0x00, 0x00, 0x00, 0x00, 0x00, 0x70, 0x00, 0x07, 0x00, 0x00,
    0x60, 0x00, 0x0C, 0x00, 0x00, 0x00, 0x00, 0x00, 0x00, 0x00, 0xC0, 0x01, 0xC0, 0x01, 0x80, 0x03,
    0x80, 0x00, 0x00, 0x00, 0x04, 0x07, 0xDE, 0x1F, 0xFE, 0x18, 0x70, 0x38, 0x38, 0x38, 0x38, 0x38,
    0x38, 0x38, 0x38, 0x38, 0x30, 0x1C, 0x70, 0x0F, 0xE0, 0x0D, 0x00, 0x18, 0x00, 0x18, 0x00, 0x1F,
    0xF0, 0x1F, 0xFC, 0x1F, 0xFC, 0x70, 0x1C, 0x60, 0x0E, 0x60, 0x0E, 0x60, 0x0C, 0x70, 0x1C, 0x3F,
    0xF8, 0x1F, 0xE0, 0x00, 0x00, 0x00, 0x01, 0xE0, 0x00, 0x0F, 0x80, 0x00, 0x77, 0x00, 0x03, 0x8E,
    0x00, 0x00, 0x00, 0x00, 0x00, 0x00, 0x3F, 0xE3, 0xFE, 0x7F, 0x07, 0xF8, 0x70, 0x07, 0x81, 0xC0,
    0x1C, 0x07, 0x00, 0x70, 0x1C, 0x01, 0xC0, 0x70, 0x07, 0x01, 0xC0, 0x1C, 0x07, 0x00, 0x70, 0x1F,
    0xFF, 0xC0, 0x7F, 0xFF, 0x01, 0xC0, 0x1C, 0x07, 0x00, 0x70, 0x1C, 0x01, 0xC0, 0x70, 0x07, 0x01,
    0xC0, 0x1C, 0x07, 0x00, 0x70, 0x1C, 0x01, 0xC0, 0x70, 0x07, 0x03, 0xE0, 0x3E, 0x3F, 0xE3, 0xFE,
    0x00, 0x00, 0x00, 0x78, 0x00, 0x3F, 0x00, 0x0C, 0xC0, 0x06, 0x18, 0x00, 0x00, 0x00, 0x00, 0x03,
    0xF0, 0x00, 0x3C, 0x00, 0x07, 0x00, 0x01, 0xC0, 0x00, 0x70, 0x00, 0x1C, 0x00, 0x07, 0x3E, 0x01,
    0xDF, 0xC0, 0x7C, 0x78, 0x1E, 0x0E, 0x07, 0x03, 0x81, 0xC0, 0xE0, 0x70, 0x3C, 0x1C, 0x0F, 0x07,
    0x03, 0xC1, 0xC0, 0xF0, 0x70, 0x3C, 0x1C, 0x0F, 0x07, 0x03, 0xC1, 0xC0, 0xF0, 0xF8, 0x3E, 0xFF,
    0x8F, 0xC0, 0xFF, 0x8F, 0xF9, 0xFC, 0x1F, 0xE1, 0xC0, 0x1E, 0x07, 0x00, 0x70, 0x1C, 0x01, 0xC3,
    0xFF, 0xFF, 0xEF, 0xFF, 0xFF, 0x87, 0x00, 0x70, 0x1C, 0x01, 0xC0, 0x7F, 0xFF, 0x01, 0xFF, 0xFC,
    0x07, 0x00, 0x70, 0x1C, 0x01, 0xC0, 0x70, 0x07, 0x01, 0xC0, 0x1C, 0x07, 0x00, 0x70, 0x1C, 0x01,
    0xC0, 0x70, 0x07, 0x01, 0xC0, 0x1C, 0x0F, 0x80, 0xF8, 0xFF, 0x8F, 0xF8, 0x00, 0x00, 0x3F, 0x00,
    0x03, 0xC0, 0x00, 0x70, 0x00, 0x7F, 0xE0, 0x1F, 0xF8, 0x01, 0xC0, 0x00, 0x70, 0x00, 0x1D, 0xFC,
    0x07, 0xFF, 0x81, 0xE0, 0xE0, 0x78, 0x38, 0x1C, 0x0E, 0x07, 0x03, 0xC1, 0xC0, 0xF0, 0x70, 0x3C,
    0x1C, 0x0F, 0x07, 0x03, 0xC1, 0xC0, 0xF0, 0x70, 0x3C, 0x1C, 0x0F, 0x0F, 0x83, 0xEF, 0xF8, 0xFC,
    0x10, 0x0F, 0x8F, 0xFF, 0x63, 0xE0, 0x00, 0x00, 0x1F, 0xF1, 0xFC, 0x0E, 0x01, 0xC0, 0x38, 0x07,
    0x00, 0xE0, 0x1C, 0x03, 0x80, 0x70, 0x0E, 0x01, 0xC0, 0x38, 0x07, 0x00, 0xE0, 0x1C, 0x03, 0x80,
    0x70, 0x0E, 0x03, 0xE1, 0xFF, 0x00, 0x10, 0x0F, 0x8D, 0xFF, 0x63, 0xE0, 0x00, 0x00, 0x0F, 0x81,
    0xF0, 0x0E, 0x01, 0xC0, 0x38, 0x07, 0x00, 0xE0, 0x1C, 0x03, 0x80, 0x70, 0x0E, 0x01, 0xC0, 0x38,
    0x07, 0x01, 0xF0, 0x7F, 0x80, 0xFF, 0xFF, 0xC0, 0x00, 0x0F, 0xFB, 0xF8, 0x70, 0x38, 0x1C, 0x0E,
    0x07, 0x03, 0x81, 0xC0, 0xE0, 0x70, 0x38, 0x1C, 0x0E, 0x07, 0x03, 0x81, 0xC0, 0xE0, 0x70, 0x7C,
    0xFF, 0x80, 0xFF, 0x7F, 0xC0, 0x00, 0x07, 0xC3, 0xE0, 0x70, 0x38, 0x1C, 0x0E, 0x07, 0x03, 0x81,
    0xC0, 0xE0, 0x70, 0x38, 0x1C, 0x0E, 0x0F, 0x8F, 0xF0, 0xC1, 0x61, 0x9F, 0xC7, 0xC0, 0x00, 0x03,
    0xFE, 0xFE, 0x1C, 0x0E, 0x07, 0x03, 0x81, 0xC0, 0xE0, 0x70, 0x38, 0x1C, 0x0E, 0x07, 0x03, 0x81,
    0xC0, 0xE0, 0x70, 0x38, 0x1C, 0x1F, 0x3F, 0xE0, 0xC1, 0x61, 0x9F, 0xC7, 0xC0, 0x00, 0x01, 0xF0,
    0xF8, 0x1C, 0x0E, 0x07, 0x03, 0x81, 0xC0, 0xE0, 0x70, 0x38, 0x1C, 0x0E, 0x07, 0x03, 0x83, 0xE3,
    0xFC, 0xFF, 0xBF, 0x87, 0x03, 0x81, 0xC0, 0xE0, 0x70, 0x38, 0x1C, 0x0E, 0x07, 0x03, 0x81, 0xC0,
    0xE0, 0x70, 0x38, 0x1C, 0x0E, 0x07, 0x07, 0xCF, 0xF8, 0xE0, 0xE0, 0x60, 0x70, 0x38, 0x0F, 0xC3,
    0xE0, 0x00, 0x0E, 0x07, 0x03, 0x80, 0x80, 0x00, 0x00, 0xF8, 0x7C, 0x0E, 0x07, 0x03, 0x81, 0xC0,
    0xE0, 0x70, 0x38, 0x1C, 0x0E, 0x07, 0x03, 0x81, 0xC1, 0xF1, 0xFE, 0x18, 0x18, 0x1C, 0x0C, 0x07,
    0x03, 0xF0, 0xF8, 0x00, 0x0E, 0x07, 0x03, 0x80, 0x80, 0x00, 0x01, 0xFF, 0x7F, 0x0E, 0x07, 0x03,
    0x81, 0xC0, 0xE0, 0x70, 0x38, 0x1C, 0x0E, 0x07, 0x03, 0x81, 0xC0, 0xE0, 0x70, 0x38, 0x1C, 0x0E,
    0x0F, 0x9F, 0xF0, 0x7C, 0x3E, 0x07, 0x03, 0x81, 0xC0, 0xE0, 0x70, 0x38, 0x1C, 0x0E, 0x07, 0x03,
    0x81, 0xC0, 0xE0, 0xF8, 0xFF, 0xFF, 0xBF, 0xEF, 0xE7, 0xF8, 0x70, 0x3C, 0x0E, 0x03, 0x81, 0xC0,
    0x70, 0x38, 0x0E, 0x07, 0x01, 0xC0, 0xE0, 0x38, 0x1C, 0x07, 0x03, 0x80, 0xE0, 0x70, 0x1C, 0x0E,
    0x03, 0x81, 0xC0, 0x70, 0x38, 0x0E, 0x07, 0x01, 0xC0, 0xE0, 0x38, 0x1C, 0x07, 0x03, 0x80, 0xE0,
    0x70, 0x1C, 0x1F, 0x03, 0x8F, 0xF8, 0x70, 0x00, 0x0E, 0x00, 0x01, 0xC0, 0x00, 0x78, 0x00, 0x0E,
    0x00, 0x01, 0xC0, 0x01, 0xF0, 0x00, 0x78, 0x00, 0x00, 0x00, 0x1C, 0x0E, 0x1C, 0x0E, 0x1C, 0x0E,
    0x08, 0x04, 0x00, 0x00, 0x00, 0x00, 0x7C, 0x3E, 0x7C, 0x3E, 0x1C, 0x0E, 0x1C, 0x0E, 0x1C, 0x0E,
    0x1C, 0x0E, 0x1C, 0x0E, 0x1C, 0x0E, 0x1C, 0x0E, 0x1C, 0x0E, 0x1C, 0x0E, 0x1C, 0x0E, 0x1C, 0x0E,
    0x1C, 0x0E, 0x3E, 0x0E, 0x7F, 0x8E, 0x00, 0x0E, 0x00, 0x0E, 0x00, 0x0E, 0x00, 0x0E, 0x00, 0x1C,
    0x00, 0x7C, 0x00, 0x70, 0x00, 0x01, 0xE0, 0x3E, 0x0E, 0xE3, 0x0C, 0x00, 0x00, 0x01, 0xFF, 0x1F,
    0xC0, 0xE0, 0x1C, 0x03, 0x80, 0x70, 0x0E, 0x01, 0xC0, 0x38, 0x07, 0x00, 0xE0, 0x1C, 0x03, 0x80,
    0x70, 0x0E, 0x01, 0xC0, 0x38, 0x07, 0x00, 0xE0, 0x1C, 0x03, 0x80, 0x70, 0x0E, 0x01, 0xC0, 0x70,
    0x0E, 0x0F, 0x81, 0xE0, 0x00, 0x00, 0x07, 0x83, 0xF0, 0xCC, 0x61, 0x80, 0x00, 0x00, 0xF8, 0x3E,
    0x03, 0x80, 0xE0, 0x38, 0x0E, 0x03, 0x80, 0xE0, 0x38, 0x0E, 0x03, 0x80, 0xE0, 0x38, 0x0E, 0x03,
    0x80, 0xE0, 0x38, 0x0E, 0x03, 0x80, 0xE0, 0x70, 0x78, 0x1C, 0x00, 0xFF, 0x8F, 0xE7, 0xF0, 0xFC,
    0x1C, 0x07, 0x01, 0xC0, 0x60, 0x1C, 0x0C, 0x01, 0xC1, 0x80, 0x1C, 0x38, 0x01, 0xC7, 0x00, 0x1C,
    0x60, 0x01, 0xCE, 0x00, 0x1D, 0xF0, 0x01, 0xFF, 0x00, 0x1E, 0x78, 0x01, 0xC3, 0xC0, 0x1C, 0x1E,
    0x01, 0xC1, 0xE0, 0x1C, 0x0F, 0x01, 0xC0, 0x78, 0x1C, 0x07, 0xC3, 0xE0, 0x3E, 0xFF, 0x81, 0xF0,
    0x00, 0x00, 0x00, 0x00, 0x00, 0x0E, 0x00, 0x00, 0xE0, 0x00, 0x0C, 0x00, 0x00, 0xC0, 0x00, 0x08,
    0x00, 0x00, 0x00, 0x3F, 0x00, 0x03, 0xC0, 0x00, 0x70, 0x00, 0x1C, 0x00, 0x07, 0x00, 0x01, 0xC0,
    0x00, 0x70, 0xFC, 0x1C, 0x3F, 0x07, 0x07, 0x01, 0xC3, 0x80, 0x70, 0xC0, 0x1C, 0x60, 0x07, 0x30,
    0x01, 0xDE, 0x00, 0x7F, 0x80, 0x1E, 0xF0, 0x07, 0x1E, 0x01, 0xC3, 0x80, 0x70, 0xF0, 0x1C, 0x1E,
    0x0F, 0x83, 0xCF, 0xF8, 0x78, 0x00, 0x00, 0x00, 0x00, 0x00, 0x38, 0x00, 0x1C, 0x00, 0x07, 0x00,
    0x01, 0x80, 0x00, 0x40, 0x00, 0x7C, 0x3F, 0x1F, 0x0F, 0xC1, 0xC1, 0xC0, 0x70, 0xE0, 0x1C, 0x30,
    0x07, 0x18, 0x01, 0xCC, 0x00, 0x77, 0x80, 0x1F, 0xE0, 0x07, 0xBC, 0x01, 0xC7, 0x80, 0x70, 0xE0,
    0x1C, 0x3C, 0x07, 0x07, 0x83, 0xE0, 0xF3, 0xFE, 0x1E, 0x00, 0x00, 0x07, 0x80, 0x07, 0x00, 0x0E,
    0x00, 0x0C, 0x00, 0x00, 0x00, 0x00, 0x00, 0xFF, 0x80, 0x7F, 0x00, 0x1C, 0x00, 0x1C, 0x00, 0x1C,
    0x00, 0x1C, 0x00, 0x1C, 0x00, 0x1C, 0x00, 0x1C, 0x00, 0x1C, 0x00, 0x1C, 0x00, 0x1C, 0x00, 0x1C,
    0x00, 0x1C, 0x00, 0x1C, 0x00, 0x1C, 0x03, 0x1C, 0x03, 0x1C, 0x03, 0x1C, 0x07, 0x3F, 0xFF, 0xFF,
    0xFF, 0x00, 0x03, 0x83, 0xC1, 0xC1, 0x80, 0x00, 0x01, 0xF8, 0x3C, 0x0E, 0x07, 0x03, 0x81, 0xC0,
    0xE0, 0x70, 0x38, 0x1C, 0x0E, 0x07, 0x03, 0x81, 0xC0, 0xE0, 0x70, 0x38, 0x1C, 0x0E, 0x07, 0x07,
    0xCF, 0xF8, 0xFF, 0x80, 0x7F, 0x00, 0x1C, 0x00, 0x1C, 0x00, 0x1C, 0x00, 0x1C, 0x00, 0x1C, 0x00,
    0x1C, 0x00, 0x1C, 0x00, 0x1C, 0x00, 0x1C, 0x00, 0x1C, 0x00, 0x1C, 0x00, 0x1C, 0x00, 0x1C, 0x00,
    0x1C, 0x03, 0x1C, 0x03, 0x1C, 0x03, 0x1C, 0x07, 0x3F, 0xFF, 0xFF, 0xFF, 0x00, 0x00, 0x00, 0x00,
    0x01, 0xC0, 0x01, 0xC0, 0x01, 0x80, 0x03, 0x00, 0x01, 0x00, 0x00, 0x7E, 0x0F, 0x03, 0x81, 0xC0,
    0xE0, 0x70, 0x38, 0x1C, 0x0E, 0x07, 0x03, 0x81, 0xC0, 0xE0, 0x70, 0x38, 0x1C, 0x0E, 0x07, 0x03,
    0x81, 0xC1, 0xF3, 0xFE, 0x00, 0x00, 0x0E, 0x06, 0x03, 0x03, 0x00, 0x00, 0xFF, 0x8E, 0x7F, 0x0C,
    0x1C, 0x0C, 0x1C, 0x18, 0x1C, 0x18, 0x1C, 0x00, 0x1C, 0x00, 0x1C, 0x00, 0x1C, 0x00, 0x1C, 0x00,
    0x1C, 0x00, 0x1C, 0x00, 0x1C, 0x00, 0x1C, 0x00, 0x1C, 0x00, 0x1C, 0x03, 0x1C, 0x03, 0x1C, 0x03,
    0x1C, 0x07, 0x3F, 0xFF, 0xFF, 0xFF, 0x00, 0x1F, 0x9C, 0xF3, 0x0E, 0x61, 0xC8, 0x38, 0x07, 0x00,
    0xE0, 0x1C, 0x03, 0x80, 0x70, 0x0E, 0x01, 0xC0, 0x38, 0x07, 0x00, 0xE0, 0x1C, 0x03, 0x80, 0x70,
    0x0E, 0x01, 0xC0, 0x7C, 0x3F, 0xE0, 0xFF, 0x80, 0x7F, 0x00, 0x1C, 0x00, 0x1C, 0x00, 0x1C, 0x00,
    0x1C, 0x00, 0x1C, 0x00, 0x1C, 0x00, 0x1C, 0x0E, 0x1C, 0x1E, 0x1C, 0x0E, 0x1C, 0x04, 0x1C, 0x00,
    0x1C, 0x00, 0x1C, 0x00, 0x1C, 0x03, 0x1C, 0x03, 0x1C, 0x03, 0x1C, 0x07, 0x3F, 0xFF, 0xFF, 0xFF,
    0x00, 0x0F, 0xC0, 0x3C, 0x01, 0xC0, 0x1C, 0x01, 0xC0, 0x1C, 0x01, 0xC0, 0x1C, 0x01, 0xC0, 0x1C,
    0x01, 0xC0, 0x1C, 0xE1, 0xCF, 0x1C, 0xF1, 0xC4, 0x1C, 0x01, 0xC0, 0x1C, 0x01, 0xC0, 0x1C, 0x03,
    0xE0, 0xFF, 0x80, 0xFF, 0x80, 0x7F, 0x00, 0x1C, 0x00, 0x1C, 0x00, 0x1C, 0x00, 0x1C, 0x00, 0x1C,
    0x00, 0x1C, 0x60, 0x1D, 0xC0, 0x1F, 0x80, 0x1E, 0x00, 0x3C, 0x00, 0xFC, 0x00, 0xDC, 0x00, 0x1C,
    0x00, 0x1C, 0x03, 0x1C, 0x03, 0x1C, 0x03, 0x1C, 0x07, 0x3F, 0xFF, 0xFF, 0xFF, 0x00, 0x1F, 0x01,
    0xC0, 0x70, 0x1C, 0x07, 0x01, 0xC0, 0x70, 0x1C, 0x07, 0x01, 0xC8, 0x7E, 0x1F, 0x07, 0x87, 0xC1,
    0xF0, 0x1C, 0x07, 0x01, 0xC0, 0x70, 0x1E, 0x0F, 0xC7, 0xF8, 0x00, 0x00, 0x00, 0x00, 0xE0, 0x00,
    0x0F, 0x00, 0x00, 0x70, 0x00, 0x06, 0x00, 0x00, 0x00, 0x00, 0x00, 0x00, 0x1F, 0x80, 0xFE, 0x7C,
    0x03, 0xF0, 0xF0, 0x06, 0x07, 0xC0, 0x30, 0x3E, 0x01, 0x81, 0xF8, 0x0C, 0x0D, 0xE0, 0x60, 0x67,
    0x03, 0x03, 0x3C, 0x18, 0x18, 0xF0, 0xC0, 0xC3, 0x86, 0x06, 0x1E, 0x30, 0x30, 0x79, 0x81, 0x81,
    0xCC, 0x0C, 0x0F, 0x60, 0x60, 0x3F, 0x03, 0x00, 0xF8, 0x18, 0x07, 0xC0, 0xC0, 0x1E, 0x0F, 0x00,
    0xF1, 0xFE, 0x03, 0x80, 0x00, 0x00, 0x00, 0x0E, 0x00, 0x03, 0x80, 0x01, 0xC0, 0x00, 0xC0, 0x00,
    0x00, 0x00, 0x00, 0x01, 0xF3, 0xE0, 0x7D, 0xFE, 0x07, 0xC3, 0x81, 0xE0, 0xF0, 0x78, 0x1C, 0x1C,
    0x07, 0x07, 0x01, 0xC1, 0xC0, 0x70, 0x70, 0x1C, 0x1C, 0x07, 0x07, 0x01, 0xC1, 0xC0, 0x70, 0x70,
    0x1C, 0x1C, 0x07, 0x0F, 0x81, 0xE7, 0xF8, 0x7C, 0xFC, 0x07, 0xF3, 0xE0, 0x1F, 0x87, 0x80, 0x30,
    0x3E, 0x01, 0x81, 0xF0, 0x0C, 0x0F, 0xC0, 0x60, 0x6F, 0x03, 0x03, 0x38, 0x18, 0x19, 0xE0, 0xC0,
    0xC7, 0x86, 0x06, 0x1C, 0x30, 0x30, 0xF1, 0x81, 0x83, 0xCC, 0x0C, 0x0E, 0x60, 0x60, 0x7B, 0x03,
    0x01, 0xF8, 0x18, 0x07, 0xC0, 0xC0, 0x3E, 0x06, 0x00, 0xF0, 0x78, 0x07, 0x8F, 0xF0, 0x1C, 0x00,
    0x00, 0x00, 0x00, 0x00, 0x00, 0x0E, 0x00, 0x00, 0x70, 0x00, 0x03, 0x00, 0x00, 0x18, 0x00, 0x00,
    0x80, 0x00, 0x7C, 0xF8, 0x1F, 0x7F, 0x81, 0xF0, 0xE0, 0x78, 0x3C, 0x1E, 0x07, 0x07, 0x01, 0xC1,
    0xC0, 0x70, 0x70, 0x1C, 0x1C, 0x07, 0x07, 0x01, 0xC1, 0xC0, 0x70, 0x70, 0x1C, 0x1C, 0x07, 0x07,
    0x01, 0xC3, 0xE0, 0x79, 0xFE, 0x1F, 0x00, 0x00, 0x00, 0x00, 0x00, 0x0E, 0x00, 0x03, 0x80, 0x00,
    0xC0, 0x00, 0x30, 0x00, 0x08, 0x00, 0x00, 0x00, 0x00, 0x0C, 0x30, 0x00, 0x77, 0x00, 0x01, 0xF0,
    0x00, 0x07, 0x80, 0x00, 0x00, 0x00, 0x00, 0x00, 0x1F, 0x80, 0xFE, 0x7C, 0x03, 0xF0, 0xF0, 0x06,
    0x07, 0xC0, 0x30, 0x3E, 0x01, 0x81, 0xF8, 0x0C, 0x0D, 0xE0, 0x60, 0x67, 0x03, 0x03, 0x3C, 0x18,
    0x18, 0xF0, 0xC0, 0xC3, 0x86, 0x06, 0x1E, 0x30, 0x30, 0x79, 0x81, 0x81, 0xCC, 0x0C, 0x0F, 0x60,
    0x60, 0x3F, 0x03, 0x00, 0xF8, 0x18, 0x07, 0xC0, 0xC0, 0x1E, 0x0F, 0x00, 0xF1, 0xFE, 0x03, 0x80,
    0x00, 0x00, 0x00, 0xC7, 0x00, 0x3B, 0x80, 0x07, 0xC0, 0x00, 0xF0, 0x00, 0x00, 0x00, 0x00, 0x01,
    0xF3, 0xE0, 0x7D, 0xFE, 0x07, 0xC3, 0x81, 0xE0, 0xF0, 0x78, 0x1C, 0x1C, 0x07, 0x07, 0x01, 0xC1,
    0xC0, 0x70, 0x70, 0x1C, 0x1C, 0x07, 0x07, 0x01, 0xC1, 0xC0, 0x70, 0x70, 0x1C, 0x1C, 0x07, 0x0F,
    0x81, 0xE7, 0xF8, 0x7C, 0x70, 0x00, 0x01, 0xE0, 0x00, 0x07, 0x80, 0x00, 0x0E, 0x00, 0x00, 0x18,
    0x00, 0x00, 0xDF, 0x3E, 0x07, 0x7D, 0xFC, 0x30, 0x7C, 0x78, 0x01, 0xE0, 0xE0, 0x07, 0x81, 0xC0,
    0x1C, 0x07, 0x00, 0x70, 0x1C, 0x01, 0xC0, 0x70, 0x07, 0x01, 0xC0, 0x1C, 0x07, 0x00, 0x70, 0x1C,
    0x01, 0xC0, 0x70, 0x07, 0x01, 0xC0, 0x1C, 0x07, 0x00, 0xF8, 0x1E, 0x07, 0xF8, 0x7C, 0xFC, 0x07,
    0xF3, 0xE0, 0x1F, 0x87, 0x80, 0x30, 0x3E, 0x01, 0x81, 0xF0, 0x0C, 0x0F, 0xC0, 0x60, 0x6F, 0x03,
    0x03, 0x38, 0x18, 0x19, 0xE0, 0xC0, 0xC7, 0x86, 0x06, 0x1C, 0x30, 0x30, 0xF1, 0x81, 0x83, 0xCC,
    0x0C, 0x0E, 0x60, 0x60, 0x7B, 0x03, 0x01, 0xF8, 0x18, 0x07, 0xC0, 0xC0, 0x3E, 0x06, 0x00, 0xF0,
    0x78, 0x03, 0x8F, 0xF0, 0x1C, 0x00, 0x00, 0x60, 0x00, 0x03, 0x00, 0x00, 0x18, 0x00, 0x01, 0xC0,
    0x00, 0x0C, 0x00, 0x01, 0xE0, 0x00, 0x1E, 0x00, 0x7C, 0xF8, 0x7D, 0xFE, 0x1F, 0x0E, 0x1E, 0x0F,
    0x1E, 0x07, 0x1C, 0x07, 0x1C, 0x07, 0x1C, 0x07, 0x1C, 0x07, 0x1C, 0x07, 0x1C, 0x07, 0x1C, 0x07,
    0x1C, 0x07, 0x1C, 0x07, 0x3E, 0x07, 0x7F, 0x87, 0x00, 0x07, 0x00, 0x07, 0x00, 0x07, 0x00, 0x0E,
    0x00, 0x0E, 0x00, 0x3C, 0x00, 0x38, 0x03, 0xFC, 0x00, 0xFF, 0x80, 0x00, 0x00, 0x00, 0x00, 0x00,
    0x3F, 0xC0, 0x1F, 0xFC, 0x07, 0x81, 0xC1, 0xE0, 0x1C, 0x38, 0x01, 0xCF, 0x00, 0x39, 0xC0, 0x07,
    0xB8, 0x00, 0xF7, 0x00, 0x0E, 0xE0, 0x01, 0xDC, 0x00, 0x3B, 0x80, 0x07, 0x70, 0x00, 0xEE, 0x00,
    0x3D, 0xC0, 0x07, 0xBC, 0x00, 0xE3, 0x80, 0x1C, 0x70, 0x07, 0x07, 0x01, 0xE0, 0x7C, 0xF8, 0x07,
    0xFC, 0x00, 0x00, 0x00, 0x1F, 0xF0, 0x3F, 0xE0, 0x00, 0x00, 0x00, 0x00, 0xFC, 0x03, 0xFE, 0x0E,
    0x0E, 0x38, 0x1C, 0x70, 0x1C, 0xE0, 0x39, 0xC0, 0x77, 0x80, 0xEF, 0x01, 0xCE, 0x03, 0x9C, 0x07,
    0x38, 0x0E, 0x70, 0x1C, 0x70, 0x70, 0x71, 0xC0, 0x7F, 0x00, 0x00, 0x00, 0x02, 0x04, 0x00, 0x61,
    0x80, 0x0F, 0xE0, 0x00, 0xFC, 0x00, 0x00, 0x00, 0x00, 0x00, 0x00, 0xFF, 0x00, 0x7F, 0xF0, 0x1E,
    0x07, 0x07, 0x80, 0x70, 0xE0, 0x07, 0x3C, 0x00, 0xE7, 0x00, 0x1E, 0xE0, 0x03, 0xDC, 0x00, 0x3B,
    0x80, 0x07, 0x70, 0x00, 0xEE, 0x00, 0x1D, 0xC0, 0x03, 0xB8, 0x00, 0xF7, 0x00, 0x1E, 0xF0, 0x03,
    0x8E, 0x00, 0x71, 0xC0, 0x1C, 0x1C, 0x07, 0x81, 0xF3, 0xE0, 0x1F, 0xF0, 0x00, 0x00, 0x00, 0x18,
    0x20, 0x30, 0xC0, 0x3F, 0x80, 0x3E, 0x00, 0x00, 0x00, 0x00, 0x03, 0xF0, 0x0F, 0xF8, 0x38, 0x38,
    0xE0, 0x71, 0xC0, 0x73, 0x80, 0xE7, 0x01, 0xDE, 0x03, 0xBC, 0x07, 0x38, 0x0E, 0x70, 0x1C, 0xE0,
    0x39, 0xC0, 0x71, 0xC1, 0xC1, 0xC7, 0x01, 0xFC, 0x00, 0x00, 0x00, 0x00, 0x00, 0x00, 0x3D, 0xE0,
    0x07, 0x38, 0x01, 0xCE, 0x00, 0x71, 0x80, 0x00, 0x00, 0x00, 0x00, 0x00, 0x1F, 0xE0, 0x0F, 0xFE,
    0x03, 0xC0, 0xE0, 0xF0, 0x0E, 0x1C, 0x00, 0xE7, 0x80, 0x1C, 0xE0, 0x03, 0xDC, 0x00, 0x7B, 0x80,
    0x07, 0x70, 0x00, 0xEE, 0x00, 0x1D, 0xC0, 0x03, 0xB8, 0x00, 0x77, 0x00, 0x1E, 0xE0, 0x03, 0xDE,
    0x00, 0x71, 0xC0, 0x0E, 0x38, 0x03, 0x83, 0x80, 0xF0, 0x3E, 0x7C, 0x03, 0xFE, 0x00, 0x00, 0x00,
    0x00, 0x00, 0x0E, 0x78, 0x38, 0xE0, 0x73, 0x81, 0x8E, 0x00, 0x00, 0x00, 0x00, 0x07, 0xE0, 0x1F,
    0xF0, 0x70, 0x71, 0xC0, 0xE3, 0x80, 0xE7, 0x01, 0xCE, 0x03, 0xBC, 0x07, 0x78, 0x0E, 0x70, 0x1C,
    0xE0, 0x39, 0xC0, 0x73, 0x80, 0xE3, 0x83, 0x83, 0x8E, 0x03, 0xF8, 0x00, 0x00, 0x00, 0x00, 0x00,
    0x00, 0xFF, 0xFF, 0xE0, 0xFF, 0xFF, 0xF8, 0x78, 0x1C, 0x0E, 0x3C, 0x07, 0x01, 0x8E, 0x01, 0xC0,
    0x67, 0x80, 0x70, 0x01, 0xC0, 0x1C, 0x00, 0x70, 0x07, 0x00, 0x1C, 0x01, 0xC0, 0x07, 0x00, 0x7F,
    0xE1, 0xC0, 0x1F, 0xF8, 0x70, 0x07, 0x00, 0x1C, 0x01, 0xC0, 0x07, 0x00, 0x70, 0x01, 0xC0, 0x1C,
    0x00, 0x78, 0x07, 0x00, 0x0E, 0x01, 0xC0, 0x33, 0x80, 0x70, 0x0C, 0x70, 0x1C, 0x07, 0x0F, 0x9F,
    0xFF, 0xC1, 0xFF, 0xFF, 0xF0, 0x00, 0x00, 0x00, 0x0F, 0xC1, 0xF8, 0x1F, 0xF3, 0xFC, 0x38, 0x3F,
    0x0E, 0x70, 0x3E, 0x0E, 0x70, 0x1E, 0x07, 0x70, 0x1E, 0x07, 0x70, 0x1E, 0x07, 0xF0, 0x1F, 0xFF,
    0xF0, 0x1F, 0xFE, 0x70, 0x1C, 0x00, 0x70, 0x1E, 0x00, 0x70, 0x1E, 0x00, 0x70, 0x1E, 0x00, 0x38,
    0x3F, 0x06, 0x1C, 0x73, 0xFE, 0x0F, 0xE1, 0xFC, 0x00, 0x00, 0x00, 0x00, 0x00, 0x00, 0x1E, 0x00,
    0x03, 0x80, 0x00, 0xE0, 0x00, 0x18, 0x00, 0x00, 0x00, 0x00, 0x00, 0x07, 0xFF, 0x80, 0x7F, 0xFC,
    0x03, 0x83, 0xC0, 0x70, 0x38, 0x0E, 0x07, 0x01, 0xC0, 0xF0, 0x38, 0x1E, 0x07, 0x03, 0x80, 0xE0,
    0x70, 0x1C, 0x1C, 0x03, 0xFF, 0x00, 0x7F, 0xC0, 0x0E, 0x38, 0x01, 0xC7, 0x80, 0x38, 0x70, 0x07,
    0x0F, 0x00, 0xE0, 0xF0, 0x1C, 0x0E, 0x03, 0x81, 0xE0, 0xF8, 0x1E, 0x7F, 0xC1, 0xE0, 0x00, 0x00,
    0x07, 0x80, 0x1C, 0x00, 0xE0, 0x03, 0x00, 0x00, 0x00, 0x00, 0x1E, 0x3C, 0x7D, 0xF8, 0x7C, 0xE1,
    0xE3, 0x87, 0x80, 0x1E, 0x00, 0x70, 0x01, 0xC0, 0x07, 0x00, 0x1C, 0x00, 0x70, 0x01, 0xC0, 0x07,
    0x00, 0x1C, 0x00, 0xF8, 0x07, 0xFC, 0x00, 0xFF, 0xF0, 0x0F, 0xFF, 0x80, 0x70, 0x78, 0x0E, 0x07,
    0x01, 0xC0, 0xE0, 0x38, 0x1E, 0x07, 0x03, 0xC0, 0xE0, 0x70, 0x1C, 0x0E, 0x03, 0x83, 0x80, 0x7F,
    0xE0, 0x0F, 0xF8, 0x01, 0xC7, 0x00, 0x38, 0xF0, 0x07, 0x0E, 0x00, 0xE1, 0xE0, 0x1C, 0x1E, 0x03,
    0x81, 0xC0, 0x70, 0x3C, 0x1F, 0x03, 0xCF, 0xF8, 0x3C, 0x00, 0x00, 0x00, 0x00, 0x00, 0x0E, 0x00,
    0x01, 0xC0, 0x00, 0x30, 0x00, 0x06, 0x00, 0x00, 0x80, 0x00, 0x78, 0xF1, 0xF7, 0xE1, 0xF3, 0x87,
    0x8E, 0x1E, 0x00, 0x78, 0x01, 0xC0, 0x07, 0x00, 0x1C, 0x00, 0x70, 0x01, 0xC0, 0x07, 0x00, 0x1C,
    0x00, 0x70, 0x03, 0xE0, 0x1F, 0xF0, 0x00, 0x00, 0x00, 0x01, 0xC0, 0x07, 0x00, 0x18, 0x00, 0x60,
    0x01, 0x00, 0x00, 0x00, 0x00, 0x01, 0x86, 0x00, 0x19, 0x80, 0x03, 0xE0, 0x00, 0x3C, 0x00, 0x00,
    0x00, 0x00, 0x00, 0x07, 0xFF, 0x80, 0x7F, 0xFC, 0x03, 0x83, 0xC0, 0x70, 0x38, 0x0E, 0x07, 0x01,
    0xC0, 0xF0, 0x38, 0x1E, 0x07, 0x03, 0x80, 0xE0, 0x70, 0x1C, 0x1C, 0x03, 0xFF, 0x00, 0x7F, 0xC0,
    0x0E, 0x38, 0x01, 0xC7, 0x80, 0x38, 0x70, 0x07, 0x0F, 0x00, 0xE0, 0xF0, 0x1C, 0x0E, 0x03, 0x81,
    0xE0, 0xF8, 0x1E, 0x7F, 0xC1, 0xE0, 0x00, 0x00, 0xE3, 0x81, 0xDC, 0x03, 0xE0, 0x07, 0x00, 0x00,
    0x00, 0x00, 0x1E, 0x3C, 0x7D, 0xF8, 0x7C, 0xE1, 0xE3, 0x87, 0x80, 0x1E, 0x00, 0x70, 0x01, 0xC0,
    0x07, 0x00, 0x1C, 0x00, 0x70, 0x01, 0xC0, 0x07, 0x00, 0x1C, 0x00, 0xF8, 0x07, 0xFC, 0x00, 0x00,
    0x00, 0x07, 0x80, 0x1C, 0x00, 0xE0, 0x03, 0x00, 0x00, 0x00, 0x00, 0x03, 0xF8, 0x3F, 0xF1, 0xC1,
    0xE7, 0x03, 0x9C, 0x0C, 0x70, 0x01, 0xC0, 0x07, 0x80, 0x0F, 0x00, 0x3F, 0x00, 0x3F, 0x00, 0x7F,
    0x00, 0x3E, 0x00, 0x78, 0x00, 0xE6, 0x03, 0xB8, 0x0E, 0xE0, 0x39, 0xC0, 0xE7, 0x8F, 0x0F, 0xF0,
    0x00, 0x00, 0x00, 0x00, 0x78, 0x0E, 0x03, 0x80, 0xE0, 0x00, 0x00, 0x00, 0xFC, 0x3F, 0xCC, 0x1B,
    0x83, 0x70, 0x47, 0x00, 0xF8, 0x0F, 0xC0, 0x7E, 0x03, 0xC0, 0x3D, 0x03, 0xE0, 0x7E, 0x0E, 0xE3,
    0x9F, 0xE0, 0x00, 0x00, 0x00, 0x1E, 0x00, 0x7C, 0x03, 0x30, 0x18, 0x60, 0x00, 0x00, 0x00, 0x03,
    0xF8, 0x3F, 0xF1, 0xC1, 0xE7, 0x03, 0x9C, 0x0C, 0x70, 0x01, 0xC0, 0x07, 0x80, 0x0F, 0x00, 0x3F,
    0x00, 0x3F, 0x00, 0x7F, 0x00, 0x3E, 0x00, 0x78, 0x00, 0xE6, 0x03, 0xB8, 0x0E, 0xE0, 0x39, 0xC0,
    0xE7, 0x8F, 0x0F, 0xF0, 0x00, 0x00, 0x00, 0x01, 0xE0, 0x7E, 0x0C, 0xC3, 0x0C, 0x00, 0x00, 0x00,
    0xFC, 0x3F, 0xCC, 0x1B, 0x83, 0x70, 0x47, 0x00, 0xF8, 0x0F, 0xC0, 0x7E, 0x03, 0xC0, 0x3D, 0x03,
    0xE0, 0x7E, 0x0E, 0xE3, 0x9F, 0xE0, 0x00, 0x00, 0x00, 0x3F, 0x83, 0xFF, 0x1C, 0x1E, 0x70, 0x39,
    0xC0, 0xC7, 0x00, 0x1C, 0x00, 0x78, 0x00, 0xF0, 0x03, 0xF0, 0x03, 0xF0, 0x07, 0xF0, 0x03, 0xE0,
    0x07, 0x80, 0x0E, 0x60, 0x3B, 0x80, 0xEE, 0x03, 0x9C, 0x0E, 0x78, 0xF0, 0xFF, 0x00, 0x60, 0x01,
    0xE0, 0x01, 0xC0, 0x07, 0x00, 0x1C, 0x03, 0xE0, 0x0F, 0x00, 0x1F, 0x87, 0xF9, 0x83, 0x70, 0x6E,
    0x08, 0xE0, 0x1F, 0x01, 0xF8, 0x0F, 0xC0, 0x78, 0x07, 0xA0, 0x7C, 0x0F, 0xC1, 0xDC, 0x73, 0xFC,
    0x0C, 0x01, 0xE0, 0x1C, 0x01, 0xC0, 0x30, 0x7E, 0x0F, 0x80, 0x00, 0x00, 0x61, 0x80, 0xCC, 0x03,
    0xF0, 0x07, 0x80, 0x00, 0x00, 0x00, 0x03, 0xF8, 0x3F, 0xF1, 0xC1, 0xE7, 0x03, 0x9C, 0x0C, 0x70,
    0x01, 0xC0, 0x07, 0x80, 0x0F, 0x00, 0x3F, 0x00, 0x3F, 0x00, 0x7F, 0x00, 0x3E, 0x00, 0x78, 0x00,
    0xE6, 0x03, 0xB8, 0x0E, 0xE0, 0x39, 0xC0, 0xE7, 0x8F, 0x0F, 0xF0, 0x00, 0x00, 0x00, 0x06, 0x38,
    0xEE, 0x0F, 0x80, 0xF0, 0x00, 0x00, 0x00, 0xFC, 0x3F, 0xCC, 0x1B, 0x83, 0x70, 0x47, 0x00, 0xF8,
    0x0F, 0xC0, 0x7E, 0x03, 0xC0, 0x3D, 0x03, 0xE0, 0x7E, 0x0E, 0xE3, 0x9F, 0xE0, 0x00, 0x7F, 0xFF,
    0x9F, 0xFF, 0xE6, 0x1E, 0x19, 0x07, 0x86, 0xC1, 0xE0, 0x80, 0x78, 0x00, 0x1E, 0x00, 0x07, 0x80,
    0x01, 0xE0, 0x00, 0x78, 0x00, 0x1E, 0x00, 0x07, 0x80, 0x01, 0xE0, 0x00, 0x78, 0x00, 0x1E, 0x00,
    0x07, 0x80, 0x01, 0xE0, 0x00, 0x78, 0x00, 0x1E, 0x00, 0x0F, 0xC0, 0x0F, 0xFC, 0x00, 0x30, 0x00,
    0x0E, 0x00, 0x01, 0xC0, 0x00, 0x30, 0x00, 0x0C, 0x00, 0x3F, 0x00, 0x0F, 0x80, 0x00, 0x03, 0x00,
    0xC0, 0x70, 0x3F, 0xBF, 0xE1, 0xC0, 0x70, 0x1C, 0x07, 0x01, 0xC0, 0x70, 0x1C, 0x07, 0x01, 0xC0,
    0x70, 0x1C, 0x07, 0x01, 0xE0, 0x3F, 0x06, 0x01, 0xC0, 0x38, 0x06, 0x01, 0x87, 0xE1, 0xF0, 0x00,
    0x00, 0x01, 0x86, 0x00, 0x33, 0x00, 0x0F, 0xC0, 0x01, 0xE0, 0x00, 0x00, 0x00, 0x00, 0x01, 0xFF,
    0xFE, 0x7F, 0xFF, 0x98, 0x78, 0x64, 0x1E, 0x1B, 0x07, 0x82, 0x01, 0xE0, 0x00, 0x78, 0x00, 0x1E,
    0x00, 0x07, 0x80, 0x01, 0xE0, 0x00, 0x78, 0x00, 0x1E, 0x00, 0x07, 0x80, 0x01, 0xE0, 0x00, 0x78,
    0x00, 0x1E, 0x00, 0x07, 0x80, 0x01, 0xE0, 0x00, 0x78, 0x00, 0x3F, 0x00, 0x3F, 0xF0, 0x00, 0x00,
    0x1C, 0x03, 0x00, 0x60, 0xC8, 0x18, 0x07, 0x01, 0xFC, 0xFF, 0x83, 0x80, 0x70, 0x0E, 0x01, 0xC0,
    0x38, 0x07, 0x00, 0xE0, 0x1C, 0x03, 0x80, 0x70, 0x0E, 0x01, 0xC0, 0x3C, 0x03, 0xF0, 0x00, 0x7F,
    0xFF, 0x9F, 0xFF, 0xE6, 0x1E, 0x19, 0x07, 0x86, 0xC1, 0xE0, 0x80, 0x78, 0x00, 0x1E, 0x00, 0x07,
    0x80, 0x01, 0xE0, 0x00, 0x78, 0x03, 0xFF, 0xE0, 0x7F, 0xF8, 0x01, 0xE0, 0x00, 0x78, 0x00, 0x1E,
    0x00, 0x07, 0x80, 0x01, 0xE0, 0x00, 0x78, 0x00, 0x1E, 0x00, 0x0F, 0xC0, 0x0F, 0xFC, 0x00, 0x00,
    0x03, 0x00, 0xC0, 0x70, 0x3F, 0xBF, 0xE1, 0xC0, 0x70, 0x1C, 0x07, 0x07, 0xF9, 0xFE, 0x1C, 0x07,
    0x01, 0xC0, 0x70, 0x1C, 0x07, 0x01, 0xE0, 0x3F, 0x00, 0x00, 0x00, 0x80, 0x00, 0x1F, 0x18, 0x00,
    0xFF, 0xC0, 0x04, 0x7C, 0x00, 0x00, 0x00, 0x00, 0x00, 0x03, 0xFE, 0x1F, 0xEF, 0xE0, 0x7E, 0x1C,
    0x00, 0xC0, 0xE0, 0x06, 0x07, 0x00, 0x30, 0x38, 0x01, 0x81, 0xC0, 0x0C, 0x0E, 0x00, 0x60, 0x70,
    0x03, 0x03, 0x80, 0x18, 0x1C, 0x00, 0xC0, 0xE0, 0x06, 0x07, 0x00, 0x30, 0x38, 0x01, 0x81, 0xC0,
    0x0C, 0x0E, 0x00, 0x60, 0x70, 0x03, 0x03, 0xC0, 0x30, 0x0F, 0x03, 0x80, 0x3F, 0xF8, 0x00, 0xFF,
    0x80, 0x00, 0x00, 0x00, 0x00, 0x00, 0x01, 0xF1, 0x00, 0xFF, 0xC0, 0x21, 0xE0, 0x00, 0x00, 0x00,
    0x00, 0x07, 0xC3, 0xE1, 0xF0, 0xFC, 0x1C, 0x0F, 0x07, 0x03, 0xC1, 0xC0, 0xF0, 0x70, 0x3C, 0x1C,
    0x0F, 0x07, 0x03, 0xC1, 0xC0, 0xF0, 0x70, 0x3C, 0x1C, 0x0F, 0x07, 0x03, 0xC1, 0xC0, 0xF0, 0x78,
    0x7C, 0x0F, 0xF7, 0x81, 0xF9, 0xF0, 0x00, 0x00, 0x01, 0xFE, 0x00, 0x0F, 0xF0, 0x00, 0x00, 0x00,
    0x00, 0x00, 0x0F, 0xF8, 0x7F, 0xBF, 0x81, 0xF8, 0x70, 0x03, 0x03, 0x80, 0x18, 0x1C, 0x00, 0xC0,
    0xE0, 0x06, 0x07, 0x00, 0x30, 0x38, 0x01, 0x81, 0xC0, 0x0C, 0x0E, 0x00, 0x60, 0x70, 0x03, 0x03,
    0x80, 0x18, 0x1C, 0x00, 0xC0, 0xE0, 0x06, 0x07, 0x00, 0x30, 0x38, 0x01, 0x81, 0xC0, 0x0C, 0x0F,
    0x00, 0xC0, 0x3C, 0x0E, 0x00, 0xFF, 0xE0, 0x03, 0xFE, 0x00, 0x00, 0x00, 0x00, 0x07, 0xF8, 0x01,
    0xFE, 0x00, 0x00, 0x00, 0x00, 0x00, 0x7C, 0x3E, 0x1F, 0x0F, 0xC1, 0xC0, 0xF0, 0x70, 0x3C, 0x1C,
    0x0F, 0x07, 0x03, 0xC1, 0xC0, 0xF0, 0x70, 0x3C, 0x1C, 0x0F, 0x07, 0x03, 0xC1, 0xC0, 0xF0, 0x70,
    0x3C, 0x1C, 0x0F, 0x07, 0x87, 0xC0, 0xFF, 0x78, 0x1F, 0x9F, 0x00, 0x00, 0x00, 0x01, 0x02, 0x00,
    0x0C, 0x30, 0x00, 0x7F, 0x00, 0x01, 0xF8, 0x00, 0x00, 0x00, 0x00, 0x00, 0x03, 0xFE, 0x1F, 0xEF,
    0xE0, 0x7E, 0x1C, 0x00, 0xC0, 0xE0, 0x06, 0x07, 0x00, 0x30, 0x38, 0x01, 0x81, 0xC0, 0x0C, 0x0E,
    0x00, 0x60, 0x70, 0x03, 0x03, 0x80, 0x18, 0x1C, 0x00, 0xC0, 0xE0, 0x06, 0x07, 0x00, 0x30, 0x38,
    0x01, 0x81, 0xC0, 0x0C, 0x0E, 0x00, 0x60, 0x70, 0x03, 0x03, 0xC0, 0x30, 0x0F, 0x03, 0x80, 0x3F,
    0xF8, 0x00, 0xFF, 0x80, 0x00, 0x00, 0x00, 0x04, 0x08, 0x01, 0x86, 0x00, 0x7F, 0x80, 0x0F, 0xC0,
    0x00, 0x00, 0x00, 0x00, 0x07, 0xC3, 0xE1, 0xF0, 0xFC, 0x1C, 0x0F, 0x07, 0x03, 0xC1, 0xC0, 0xF0,
    0x70, 0x3C, 0x1C, 0x0F, 0x07, 0x03, 0xC1, 0xC0, 0xF0, 0x70, 0x3C, 0x1C, 0x0F, 0x07, 0x03, 0xC1,
    0xC0, 0xF0, 0x78, 0x7C, 0x0F, 0xF7, 0x81, 0xF9, 0xF0, 0x00, 0x00, 0x00, 0x78, 0x00, 0x07, 0xE0,
    0x00, 0x63, 0x00, 0x03, 0x08, 0x00, 0x18, 0xC0, 0x00, 0x7E, 0x00, 0x01, 0xC0, 0x00, 0x00, 0x00,
    0xFF, 0x87, 0xFB, 0xF8, 0x1F, 0x87, 0x00, 0x30, 0x38, 0x01, 0x81, 0xC0, 0x0C, 0x0E, 0x00, 0x60,
    0x70, 0x03, 0x03, 0x80, 0x18, 0x1C, 0x00, 0xC0, 0xE0, 0x06, 0x07, 0x00, 0x30, 0x38, 0x01, 0x81,
    0xC0, 0x0C, 0x0E, 0x00, 0x60, 0x70, 0x03, 0x03, 0x80, 0x18, 0x1C, 0x00, 0xC0, 0xF0, 0x0C, 0x03,
    0xC0, 0xE0, 0x0F, 0xFE, 0x00, 0x3F, 0xE0, 0x00, 0x00, 0x00, 0x01, 0xE0, 0x00, 0xFC, 0x00, 0x63,
    0x00, 0x18, 0x40, 0x06, 0x30, 0x00, 0xFC, 0x00, 0x0C, 0x00, 0x00, 0x00, 0x7C, 0x3E, 0x1F, 0x0F,
    0xC1, 0xC0, 0xF0, 0x70, 0x3C, 0x1C, 0x0F, 0x07, 0x03, 0xC1, 0xC0, 0xF0, 0x70, 0x3C, 0x1C, 0x0F,
    0x07, 0x03, 0xC1, 0xC0, 0xF0, 0x70, 0x3C, 0x1C, 0x0F, 0x07, 0x87, 0xC0, 0xFF, 0x78, 0x1F, 0x9F,
    0x00, 0x00, 0x00, 0x00, 0x00, 0x00, 0x07, 0x9C, 0x00, 0x39, 0xC0, 0x03, 0x8C, 0x00, 0x18, 0xC0,
    0x00, 0x00, 0x00, 0x00, 0x00, 0x1F, 0xF0, 0xFF, 0x7F, 0x03, 0xF0, 0xE0, 0x06, 0x07, 0x00, 0x30,
    0x38, 0x01, 0x81, 0xC0, 0x0C, 0x0E, 0x00, 0x60, 0x70, 0x03, 0x03, 0x80, 0x18, 0x1C, 0x00, 0xC0,
    0xE0, 0x06, 0x07, 0x00, 0x30, 0x38, 0x01, 0x81, 0xC0, 0x0C, 0x0E, 0x00, 0x60, 0x70, 0x03, 0x03,
    0x80, 0x18, 0x1E, 0x01, 0x80, 0x78, 0x1C, 0x01, 0xFF, 0xC0, 0x07, 0xFC, 0x00, 0x00, 0x00, 0x00,
    0x00, 0x00, 0x00, 0x73, 0x80, 0x39, 0xE0, 0x0C, 0x70, 0x06, 0x38, 0x00, 0x00, 0x00, 0x00, 0x01,
    0xF0, 0xF8, 0x7C, 0x3F, 0x07, 0x03, 0xC1, 0xC0, 0xF0, 0x70, 0x3C, 0x1C, 0x0F, 0x07, 0x03, 0xC1,
    0xC0, 0xF0, 0x70, 0x3C, 0x1C, 0x0F, 0x07, 0x03, 0xC1, 0xC0, 0xF0, 0x70, 0x3C, 0x1E, 0x1F, 0x03,
    0xFD, 0xE0, 0x7E, 0x7C, 0x00, 0x00, 0x7F, 0x87, 0xFB, 0xFC, 0x1F, 0x87, 0x80, 0x30, 0x3C, 0x01,
    0x81, 0xE0, 0x0C, 0x0F, 0x00, 0x60, 0x78, 0x03, 0x03, 0xC0, 0x18, 0x1E, 0x00, 0xC0, 0xF0, 0x06,
    0x07, 0x80, 0x30, 0x3C, 0x01, 0x81, 0xE0, 0x0C, 0x0F, 0x00, 0x60, 0x78, 0x03, 0x03, 0xC0, 0x18,
    0x1E, 0x00, 0xC0, 0x70, 0x0E, 0x03, 0xC0, 0x60, 0x0F, 0xFE, 0x00, 0x3F, 0xE0, 0x00, 0x18, 0x00,
    0x01, 0x80, 0x00, 0x1C, 0x00, 0x00, 0xC0, 0x00, 0x07, 0x00, 0x00, 0x3F, 0x00, 0x00, 0xF8, 0x00,
    0x7C, 0x3E, 0x1F, 0x0F, 0xC1, 0xC0, 0xF0, 0x70, 0x3C, 0x1C, 0x0F, 0x07, 0x03, 0xC1, 0xC0, 0xF0,
    0x70, 0x3C, 0x1C, 0x0F, 0x07, 0x03, 0xC1, 0xC0, 0xF0, 0x70, 0x3C, 0x1C, 0x0F, 0x07, 0x87, 0xC0,
    0xFF, 0x78, 0x1F, 0x9F, 0x00, 0x0C, 0x00, 0x06, 0x00, 0x03, 0x00, 0x00, 0xC0, 0x00, 0x38, 0x00,
    0x0F, 0xC0, 0x01, 0xF0, 0x00, 0x00, 0x00, 0x00, 0x00, 0x07, 0x80, 0x00, 0x00, 0x1F, 0x00, 0x00,
    0x00, 0x77, 0x00, 0x00, 0x00, 0xC3, 0x00, 0x00, 0x00, 0x00, 0x00, 0x00, 0x00, 0x00, 0x00, 0x7F,
    0x80, 0xC0, 0xFE, 0x7F, 0x03, 0x80, 0xFC, 0x78, 0x07, 0x80, 0x60, 0x70, 0x0F, 0x00, 0xC0, 0xE0,
    0x3E, 0x03, 0x01, 0xE0, 0x7C, 0x06, 0x01, 0xC0, 0xDC, 0x0C, 0x03, 0x81, 0xB8, 0x38, 0x07, 0x86,
    0x70, 0x60, 0x07, 0x0C, 0xF0, 0xC0, 0x0E, 0x18, 0xE1, 0x80, 0x1C, 0x61, 0xC6, 0x00, 0x3C, 0xC3,
    0x8C, 0x00, 0x39, 0x83, 0x98, 0x00, 0x73, 0x07, 0x70, 0x00, 0xFC, 0x0E, 0xC0, 0x00, 0xF8, 0x0D,
    0x80, 0x01, 0xF0, 0x1F, 0x00, 0x03, 0xE0, 0x3C, 0x00, 0x07, 0x80, 0x78, 0x00, 0x07, 0x00, 0x70,
    0x00, 0x00, 0x00, 0x00, 0x00, 0x07, 0x80, 0x00, 0x03, 0xF0, 0x00, 0x00, 0xCC, 0x00, 0x00, 0x61,
    0x80, 0x00, 0x00, 0x00, 0x00, 0x00, 0x00, 0x03, 0xF8, 0x30, 0x7E, 0xFE, 0x0C, 0x1F, 0x8E, 0x07,
    0x81, 0x83, 0x81, 0xE0, 0x60, 0xF0, 0x78, 0x10, 0x1C, 0x37, 0x0C, 0x07, 0x0D, 0xC3, 0x01, 0xC6,
    0x30, 0xC0, 0x39, 0x8E, 0x60, 0x0E, 0x63, 0x98, 0x03, 0xB0, 0x66, 0x00, 0x6C, 0x1F, 0x00, 0x1F,
    0x07, 0xC0, 0x07, 0x80, 0xF0, 0x01, 0xE0, 0x38, 0x00, 0x38, 0x0E, 0x00, 0x00, 0x00, 0x00, 0x0F,
    0x00, 0x00, 0xF8, 0x00, 0x19, 0xC0, 0x03, 0x0C, 0x00, 0x00, 0x00, 0x00, 0x00, 0x07, 0xF8, 0xFE,
    0x7F, 0x07, 0xE1, 0xE0, 0x18, 0x1E, 0x01, 0x80, 0xF0, 0x30, 0x07, 0x03, 0x00, 0x78, 0x60, 0x03,
    0x8C, 0x00, 0x3C, 0xC0, 0x01, 0xD8, 0x00, 0x0F, 0x80, 0x00, 0xF0, 0x00, 0x07, 0x00, 0x00, 0x70,
    0x00, 0x07, 0x00, 0x00, 0x70, 0x00, 0x07, 0x00, 0x00, 0x70, 0x00, 0x0F, 0x00, 0x01, 0xF8, 0x00,
    0x3F, 0xE0, 0x00, 0x00, 0x00, 0xF0, 0x00, 0xF8, 0x00, 0xEE, 0x00, 0x63, 0x80, 0x00, 0x00, 0x00,
    0x01, 0xFC, 0x3E, 0xFE, 0x1F, 0x1E, 0x07, 0x0E, 0x03, 0x03, 0x81, 0x81, 0xC0, 0xC0, 0x70, 0xC0,
    0x38, 0x60, 0x1C, 0x30, 0x07, 0x30, 0x03, 0x98, 0x00, 0xEC, 0x00, 0x7C, 0x00, 0x1E, 0x00, 0x0E,
    0x00, 0x07, 0x00, 0x03, 0x80, 0x01, 0x80, 0x01, 0xC0, 0x00, 0xC0, 0x00, 0xE0, 0x03, 0xE0, 0x03,
    0xE0, 0x00, 0x01, 0x8C, 0x00, 0x38, 0xE0, 0x03, 0x8E, 0x00, 0x10, 0xC0, 0x00, 0x00, 0x00, 0x00,
    0x00, 0x7F, 0x8F, 0xE7, 0xF0, 0x7E, 0x1E, 0x01, 0x81, 0xE0, 0x18, 0x0F, 0x03, 0x00, 0x70, 0x30,
    0x07, 0x86, 0x00, 0x38, 0xC0, 0x03, 0xCC, 0x00, 0x1D, 0x80, 0x00, 0xF8, 0x00, 0x0F, 0x00, 0x00,
    0x70, 0x00, 0x07, 0x00, 0x00, 0x70, 0x00, 0x07, 0x00, 0x00, 0x70, 0x00, 0x07, 0x00, 0x00, 0xF0,
    0x00, 0x1F, 0x80, 0x03, 0xFE, 0x00, 0x00, 0x00, 0x00, 0xE0, 0x01, 0xE0, 0x01, 0xC0, 0x03, 0x00,
    0x00, 0x00, 0x00, 0x00, 0x7F, 0xFE, 0x7F, 0xFE, 0x60, 0x3C, 0x60, 0x38, 0x40, 0x78, 0x00, 0x70,
    0x00, 0xF0, 0x01, 0xE0, 0x01, 0xC0, 0x03, 0xC0, 0x03, 0x80, 0x07, 0x80, 0x0F, 0x00, 0x0E, 0x00,
    0x1E, 0x00, 0x1C, 0x00, 0x3C, 0x06, 0x78, 0x06, 0x70, 0x06, 0xFF, 0xFE, 0xFF, 0xFE, 0x00, 0x00,
    0x0E, 0x00, 0x70, 0x07, 0x00, 0x60, 0x00, 0x00, 0x00, 0x0F, 0xFE, 0x7F, 0xF3, 0x07, 0x90, 0x38,
    0x83, 0x80, 0x3C, 0x01, 0xC0, 0x1C, 0x01, 0xE0, 0x0E, 0x00, 0xE0, 0x0F, 0x04, 0x70, 0x27, 0x03,
    0x7F, 0xFB, 0xFF, 0xC0, 0x00, 0x00, 0x01, 0xC0, 0x03, 0xC0, 0x03, 0xC0, 0x00, 0x80, 0x00, 0x00,
    0x00, 0x00, 0x7F, 0xFE, 0x7F, 0xFE, 0x60, 0x3C, 0x60, 0x38, 0x40, 0x78, 0x00, 0x70, 0x00, 0xF0,
    0x01, 0xE0, 0x01, 0xC0, 0x03, 0xC0, 0x03, 0x80, 0x07, 0x80, 0x0F, 0x00, 0x0E, 0x00, 0x1E, 0x00,
    0x1C, 0x00, 0x3C, 0x06, 0x78, 0x06, 0x70, 0x06, 0xFF, 0xFE, 0xFF, 0xFE, 0x00, 0x00, 0x38, 0x01,
    0xE0, 0x0E, 0x00, 0x20, 0x00, 0x00, 0x00, 0x0F, 0xFE, 0x7F, 0xF3, 0x07, 0x90, 0x38, 0x83, 0x80,
    0x3C, 0x01, 0xC0, 0x1C, 0x01, 0xE0, 0x0E, 0x00, 0xE0, 0x0F, 0x04, 0x70, 0x27, 0x03, 0x7F, 0xFB,
    0xFF, 0xC0, 0x00, 0x00, 0x0C, 0x30, 0x06, 0x60, 0x07, 0xC0, 0x03, 0xC0, 0x00, 0x00, 0x00, 0x00,
    0x7F, 0xFE, 0x7F, 0xFE, 0x60, 0x3C, 0x60, 0x38, 0x40, 0x78, 0x00, 0x70, 0x00, 0xF0, 0x01, 0xE0,
    0x01, 0xC0, 0x03, 0xC0, 0x03, 0x80, 0x07, 0x80, 0x0F, 0x00, 0x0E, 0x00, 0x1E, 0x00, 0x1C, 0x00,
    0x3C, 0x06, 0x78, 0x06, 0x70, 0x06, 0xFF, 0xFE, 0xFF, 0xFE, 0x00, 0x00, 0xC3, 0x07, 0x70, 0x1F,
    0x00, 0x78, 0x00, 0x00, 0x00, 0x0F, 0xFE, 0x7F, 0xF3, 0x07, 0x90, 0x38, 0x83, 0x80, 0x3C, 0x01,
    0xC0, 0x1C, 0x01, 0xE0, 0x0E, 0x00, 0xE0, 0x0F, 0x04, 0x70, 0x27, 0x03, 0x7F, 0xFB, 0xFF, 0xC0,
    0x01, 0xC0, 0x3F, 0x83, 0x9C, 0x38, 0x61, 0xC0, 0x0E, 0x00, 0x70, 0x03, 0x80, 0x1C, 0x00, 0xE0,
    0x07, 0x00, 0x38, 0x01, 0xC0, 0x0E, 0x00, 0x70, 0x03, 0x80, 0x1C, 0x00, 0xE0, 0x07, 0x00, 0x38,
    0x01, 0xC0, 0x1F, 0x03, 0xFF, 0x00, 0x00, 0x3F, 0x9F, 0xC0, 0x00, 0x00, 0x3F, 0x9F, 0xC0, 0x00,
    0xFF, 0xFD, 0xFF, 0xF8, 0x00, 0x00, 0x7F, 0xFF, 0x7F, 0xFF, 0x00, 0x00, 0x7F, 0xFF, 0xFF, 0xFC,
    0xFF, 0xFF, 0xFF, 0xF8, 0x00, 0x00, 0x00, 0x00, 0x7F, 0xFF, 0xFF, 0xFC, 0xFF, 0xFF, 0xFF, 0xF8,
    0x00, 0x00, 0x00, 0x00, 0x01, 0x9B, 0x36, 0x6C, 0xD9, 0xB3, 0x66, 0xCD, 0x9B, 0x36, 0x6C, 0xD9,
    0xB3, 0x66, 0xCD, 0x9B, 0x36, 0x6C, 0xD9, 0xB3, 0x66, 0xCD, 0x9B, 0x36, 0x6C, 0xD9, 0x80, 0x00,
    0x01, 0xFF, 0xE7, 0xFF, 0x80, 0x00, 0x7F, 0xF9, 0xFF, 0xE0, 0x08, 0x62, 0x18, 0x61, 0xC7, 0x9E,
    0x00, 0x39, 0xF3, 0xCF, 0x18, 0x63, 0x18, 0x00, 0x39, 0xE7, 0xCF, 0x1C, 0x63, 0x18, 0x00, 0x31,
    0xE7, 0x9C, 0x61, 0x83, 0x06, 0x00, 0x08, 0x21, 0x8E, 0x21, 0x86, 0x18, 0x61, 0x87, 0x3C, 0x7B,
    0xE7, 0x9E, 0x00, 0x00, 0x38, 0xE7, 0xDE, 0x3D, 0xF3, 0xCF, 0x18, 0x61, 0x86, 0x30, 0xC6, 0x18,
    0x00, 0x00, 0x38, 0xC7, 0x9E, 0x7D, 0xF3, 0xCF, 0x1C, 0x61, 0x86, 0x30, 0xC6, 0x18, 0x00, 0x00,
    0x31, 0xC7, 0x9E, 0x7B, 0xE7, 0x3C, 0x61, 0x86, 0x18, 0x30, 0xC1, 0x86, 0x00, 0x00, 0x00, 0x00,
    0xE0, 0x0E, 0x00, 0xE0, 0x0E, 0x00, 0x60, 0x04, 0x0F, 0xFE, 0xFF, 0xE8, 0x62, 0x0E, 0x00, 0xE0,
    0x0E, 0x00, 0xE0, 0x0E, 0x00, 0xE0, 0x0E, 0x00, 0xE0, 0x0E, 0x00, 0x60, 0x04, 0x00, 0x40, 0x04,
    0x00, 0x40, 0x04, 0x00, 0x40, 0x00, 0x00, 0x00, 0x00, 0xE0, 0x0E, 0x00, 0xE0, 0x06, 0x00, 0x40,
    0xFF, 0xEF, 0xFE, 0x0E, 0x00, 0xE0, 0x0E, 0x00, 0x60, 0x04, 0x00, 0x40, 0x04, 0x00, 0xE0, 0x0E,
    0x00, 0xE0, 0x0E, 0x0F, 0xFE, 0xFF, 0xE8, 0x42, 0x06, 0x00, 0xE0, 0x0E, 0x00, 0xE0, 0x00, 0x00,
    0x1C, 0x3F, 0x1F, 0xDF, 0xEF, 0xF7, 0xF9, 0xFC, 0xFC, 0x3C, 0x00, 0x80, 0x38, 0x0F, 0x83, 0xF8,
    0xFF, 0xBF, 0xCF, 0xC3, 0xC0, 0xC0, 0x00, 0x00, 0x03, 0x9E, 0xE3, 0x00, 0x00, 0x03, 0x83, 0xDE,
    0x1E, 0xE0, 0xF3, 0x03, 0x00, 0x60, 0x70, 0x37, 0x83, 0x83, 0xFC, 0x1C, 0x1E, 0xE0, 0xE0, 0xE0,
    0x00, 0x00, 0x00, 0x73, 0xDE, 0xE0, 0x00, 0x7E, 0xFE, 0xC0, 0xC0, 0xC0, 0xC0, 0xC0, 0xC0, 0xC0,
    0xC0, 0xC0, 0xC0, 0xC0, 0xC0, 0xC0, 0xC0, 0xC0, 0xC0, 0xC0, 0xC0, 0xC0, 0xC0, 0x7E, 0x7F, 0x03,
    0x03, 0x03, 0x03, 0x03, 0x03, 0x03, 0x03, 0x03, 0x03, 0x03, 0x03, 0x03, 0x03, 0x03, 0x03, 0x03,
    0x03, 0x03, 0x03, 0x00, 0xFF, 0xFF, 0xFF, 0xFF, 0xFF, 0xFF, 0x18, 0x18, 0x18, 0x18, 0x18, 0x18,
    0x18, 0x18, 0x18, 0x18, 0x18, 0x18, 0x18, 0x18, 0x18, 0x18, 0x18, 0x18, 0x00, 0xFF, 0xC0, 0xC0,
    0xC0, 0xC0, 0xFF, 0x18, 0x18, 0x18, 0x18, 0x18, 0x18, 0x18, 0x18, 0x18, 0x18, 0x18, 0x18, 0x18,
    0x18, 0x18, 0x18, 0x18, 0x18, 0x00, 0xFF, 0x03, 0x03, 0x03, 0x03, 0xFF, 0x18, 0x18, 0x18, 0x18,
    0x18, 0x18, 0x18, 0x18, 0x18, 0x18, 0x18, 0x18, 0x18, 0x18, 0x18, 0x18, 0x18, 0x18, 0x00, 0x00,
    0x00, 0x00, 0x03, 0xF0, 0x0C, 0x00, 0x00, 0x73, 0x81, 0xC0, 0x00, 0x07, 0x18, 0x18, 0x00, 0x00,
    0x61, 0xC3, 0x80, 0x00, 0x0E, 0x1C, 0x30, 0x00, 0x00, 0xE1, 0xC7, 0x00, 0x00, 0x0E, 0x1C, 0x60,
    0x00, 0x00, 0xE1, 0xCE, 0x00, 0x00, 0x0E, 0x1C, 0xC7, 0x80, 0x70, 0x61, 0xDC, 0xFC, 0x1F, 0xC7,
    0x19, 0x9C, 0xE1, 0x8E, 0x3F, 0x39, 0x86, 0x38, 0xE1, 0xE3, 0x38, 0x73, 0x8E, 0x00, 0x73, 0x87,
    0x38, 0x60, 0x06, 0x38, 0x73, 0x86, 0x00, 0xE3, 0x87, 0x38, 0x60, 0x0C, 0x38, 0x73, 0x8E, 0x01,
    0xC3, 0x87, 0x38, 0xE0, 0x18, 0x18, 0x63, 0x8E, 0x03, 0x81, 0xCE, 0x1C, 0xC0, 0x30, 0x0F, 0xC0,
    0xF8, 0x00, 0x00, 0x00, 0x00, 0x00, 0x00, 0x00, 0x00, 0x00, 0x00, 0x00, 0x7E, 0x01, 0x80, 0x00,
    0x00, 0x01, 0xCE, 0x07, 0x00, 0x00, 0x00, 0x03, 0x8C, 0x0C, 0x00, 0x00, 0x00, 0x06, 0x1C, 0x38,
    0x00, 0x00, 0x00, 0x1C, 0x38, 0x60, 0x00, 0x00, 0x00, 0x38, 0x71, 0xC0, 0x00, 0x00, 0x00, 0x70,
    0xE3, 0x00, 0x00, 0x00, 0x00, 0xE1, 0xCE, 0x00, 0x00, 0x00, 0x01, 0xC3, 0x98, 0xF0, 0x0E, 0x01,
    0xE1, 0x87, 0x73, 0xF0, 0x7F, 0x07, 0xE3, 0x8C, 0xCE, 0x70, 0xC7, 0x1C, 0xE3, 0xF3, 0x98, 0x63,
    0x8E, 0x30, 0xE3, 0xC6, 0x70, 0xE7, 0x1C, 0xE1, 0xC0, 0x1C, 0xE1, 0xCE, 0x19, 0xC3, 0x80, 0x31,
    0xC3, 0x9C, 0x33, 0x87, 0x00, 0xE3, 0x87, 0x38, 0x67, 0x0E, 0x01, 0x87, 0x0E, 0x71, 0xCE, 0x1C,
    0x07, 0x0E, 0x1C, 0xE3, 0x9C, 0x38, 0x0C, 0x0C, 0x31, 0xC7, 0x18, 0x60, 0x38, 0x1C, 0xE1, 0xCC,
    0x39, 0xC0, 0x60, 0x1F, 0x81, 0xF0, 0x3F, 0x00, 0x00, 0x00, 0x00, 0x00, 0x00, 0x00, 0x3B, 0x9C,
    0xE6, 0x31, 0x00, 0x39, 0xCE, 0x39, 0xC7, 0x38, 0xC6, 0x38, 0xC6, 0x10, 0xC0, 0x00, 0x39, 0xC7,
    0x71, 0xCE, 0x71, 0xCE, 0x71, 0x8E, 0x63, 0x8C, 0x63, 0x0C, 0x43, 0x08, 0x00, 0x00, 0x73, 0x9C,
    0x63, 0x8C, 0x60, 0x73, 0x8E, 0x39, 0xC7, 0x18, 0xE3, 0x8C, 0x31, 0x86, 0x10, 0x00, 0x73, 0x8E,
    0x71, 0xCE, 0x71, 0xCE, 0x31, 0xC6, 0x38, 0xC7, 0x18, 0xC3, 0x18, 0x43, 0x00, 0x00, 0x00, 0x03,
    0x01, 0xC0, 0x78, 0x36, 0x0C, 0xC3, 0x31, 0x86, 0x61, 0x80, 0x00, 0x18, 0x30, 0xC3, 0x8E, 0x1C,
    0x1C, 0x38, 0x38, 0x30, 0x30, 0x40, 0xC0, 0xC1, 0xC1, 0xC3, 0xC3, 0x8E, 0x38, 0x61, 0xC3, 0x00,
    0x00, 0x00, 0x03, 0xF0, 0x03, 0xCE, 0x01, 0xC1, 0xC0, 0x70, 0x60, 0x18, 0x00, 0x0E, 0x00, 0x03,
    0x80, 0x00, 0xE3, 0xFF, 0xB8, 0x70, 0x6E, 0x0C, 0x19, 0xC3, 0x00, 0x70, 0xC0, 0x0F, 0x70, 0x00,
    0xFF, 0xE0, 0x07, 0x00, 0x00, 0xC0, 0x00, 0x30, 0x00, 0x0C, 0x08, 0x03, 0x02, 0x01, 0xC1, 0x80,
    0xFF, 0xE0, 0x00, 0x00, 0x00, 0xC8, 0x00, 0xC8, 0x01, 0xF8, 0x07, 0xFE, 0x1F, 0x9F, 0x3C, 0x9F,
    0x39, 0x97, 0x79, 0xB6, 0x71, 0xB0, 0x71, 0x30, 0x71, 0x30, 0x73, 0x20, 0x73, 0x20, 0x73, 0x60,
    0x72, 0x60, 0x7A, 0x60, 0x3E, 0x40, 0x3E, 0x43, 0x1F, 0xCF, 0x0F, 0xFE, 0x07, 0xF8, 0x04, 0x80,
    0x0C, 0x80, 0x0C, 0x80, 0x00, 0x00, 0x03, 0xFC, 0x0F, 0xFE, 0x1E, 0x0F, 0x3C, 0x07, 0x38, 0x06,
    0x78, 0x00, 0x70, 0x00, 0x70, 0x00, 0x73, 0xDE, 0x71, 0xFF, 0x70, 0xE7, 0x70, 0xE0, 0x70, 0xE0,
    0x70, 0xE0, 0x70, 0xE0, 0x78, 0xE0, 0x38, 0xE0, 0x3C, 0xE1, 0x1E, 0xE7, 0x0F, 0xFE, 0x07, 0xFC,
    0x00, 0x00, 0xFF, 0xFC, 0xFF, 0xF8, 0x70, 0x30, 0xE0, 0x61, 0xC0, 0x43, 0x80, 0x07, 0x00, 0x0E,
    0x00, 0x1C, 0x00, 0x38, 0x00, 0x7F, 0xE0, 0xFF, 0x81, 0xC0, 0x03, 0x80, 0x3F, 0xF0, 0x7F, 0xE0,
    0x1C, 0x00, 0x38, 0x00, 0x70, 0x01, 0xF0, 0x0F, 0xF8, 0x00, 0x00, 0x00, 0x0F, 0xE0, 0x7B, 0xE0,
    0xC1, 0xC3, 0x83, 0x87, 0x03, 0x0E, 0x00, 0x1C, 0x00, 0x38, 0x00, 0x30, 0x01, 0xFF, 0x87, 0xFF,
    0x00, 0xC0, 0x01, 0xC0, 0x3F, 0xF8, 0x07, 0x00, 0x0E, 0x00, 0x18, 0x00, 0x60, 0x01, 0xFE, 0x37,
    0xFF, 0xCC, 0x3F, 0x00, 0x00, 0x00, 0x00, 0x00, 0x40, 0x00, 0x00, 0x08, 0x00, 0x00, 0x03, 0x00,
    0x00, 0x00, 0x60, 0x07, 0xCF, 0x9F, 0xC0, 0xFB, 0xFB, 0xFC, 0x07, 0xC7, 0xE3, 0xC0, 0xF0, 0x78,
    0x38, 0x1E, 0x0F, 0x07, 0x03, 0x81, 0xE0, 0x70, 0x70, 0x3C, 0x0E, 0x0E, 0x07, 0x81, 0xC1, 0xC0,
    0xF0, 0x38, 0x38, 0x1E, 0x07, 0x07, 0x07, 0xC0, 0xE0, 0xE0, 0xF8, 0x1C, 0x1C, 0x3F, 0x03, 0x83,
    0x87, 0xE0, 0x70, 0xF8, 0xBE, 0x0F, 0x3F, 0xF7, 0xE1, 0xF0, 0x06, 0x00, 0x00, 0x01, 0x80, 0x00,
    0x00, 0x30, 0x00, 0x00, 0x00, 0x00, 0x00, 0x7C, 0x0F, 0xC3, 0xE0, 0xFC, 0x1E, 0x03, 0x01, 0xF0,
    0x30, 0x1F, 0x03, 0x01, 0xF8, 0x30, 0x1B, 0x83, 0x01, 0xBC, 0x30, 0xFF, 0xFF, 0xE1, 0xDE, 0x30,
    0x18, 0xE3, 0x0F, 0xFF, 0xFE, 0xFF, 0xFF, 0xE1, 0x83, 0xB0, 0x18, 0x3B, 0x01, 0x81, 0xF0, 0x18,
    0x1F, 0x01, 0x80, 0xF0, 0x18, 0x0F, 0x03, 0xC0, 0x70, 0x7F, 0x07, 0x00, 0x7F, 0xE0, 0x00, 0xFF,
    0xF0, 0x00, 0x78, 0x70, 0x00, 0xF0, 0xF0, 0x01, 0xE0, 0xE0, 0x03, 0xC1, 0xC0, 0x07, 0x83, 0x80,
    0x0F, 0x07, 0x10, 0x1E, 0x0E, 0x20, 0x3C, 0x3C, 0xC0, 0x78, 0x77, 0xF0, 0xFF, 0xCF, 0xE1, 0xFE,
    0x06, 0x03, 0xC0, 0x0C, 0x07, 0x80, 0x18, 0x0F, 0x00, 0x30, 0x1E, 0x00, 0x60, 0x3C, 0x00, 0xC0,
    0x78, 0x01, 0xC1, 0xF8, 0x03, 0xC7, 0xFC, 0x03, 0xE0, 0x00, 0x00, 0x00, 0xFF, 0xE0, 0x00, 0x07,
    0xFF, 0x80, 0x00, 0x1C, 0x1C, 0x00, 0x01, 0xC1, 0xE0, 0x00, 0x1C, 0x0E, 0x00, 0x01, 0xC0, 0xE0,
    0xF8, 0x1C, 0x0E, 0x3F, 0xE1, 0xC0, 0xE7, 0x0E, 0x1C, 0x1C, 0x70, 0x61, 0xC1, 0x87, 0x04, 0x1F,
    0xF0, 0x78, 0x01, 0xFE, 0x03, 0xE0, 0x1C, 0xE0, 0x1F, 0x81, 0xC7, 0x00, 0xFC, 0x1C, 0x78, 0x03,
    0xE1, 0xC3, 0x80, 0x0E, 0x1C, 0x3C, 0x20, 0x71, 0xC1, 0xC6, 0x07, 0x1C, 0x1E, 0x60, 0x63, 0xE0,
    0xF7, 0x9E, 0xFF, 0x87, 0xBF, 0xC0, 0x00, 0x00, 0x00, 0x7F, 0x80, 0xC0, 0xFE, 0x3F, 0x81, 0xC0,
    0x7E, 0x1E, 0x01, 0xE0, 0x18, 0x0E, 0x01, 0xE0, 0x18, 0x0E, 0x03, 0xE0, 0x30, 0x0F, 0x03, 0xE0,
    0x30, 0x07, 0x03, 0x70, 0x30, 0x07, 0x03, 0x70, 0x70, 0x07, 0x06, 0x70, 0x60, 0x7F, 0xFF, 0xFF,
    0xFE, 0x7F, 0xFF, 0xFF, 0xFF, 0x03, 0x84, 0x38, 0xC0, 0x03, 0xCC, 0x38, 0xC0, 0x01, 0xCC, 0x1C,
    0xC0, 0x01, 0xCC, 0x1C, 0xC0, 0x01, 0xC8, 0x1D, 0x80, 0x00, 0xF8, 0x0D, 0x80, 0x00, 0xF8, 0x0F,
    0x80, 0x00, 0xF8, 0x0F, 0x00, 0x00, 0xF0, 0x0F, 0x00, 0x00, 0x70, 0x07, 0x00, 0xFF, 0x80, 0x7F,
    0xFF, 0x07, 0xE0, 0x38, 0x7E, 0x01, 0xC7, 0xE0, 0x1C, 0x7E, 0x01, 0xC7, 0xE0, 0x1C, 0x7E, 0x39,
    0xC7, 0xE3, 0x9C, 0x7E, 0x39, 0xC7, 0xE3, 0x9C, 0x7E, 0x39, 0xC7, 0xE3, 0x80, 0x7E, 0x38, 0x07,
    0xE3, 0x80, 0x7E, 0x38, 0x0E, 0xE3, 0xFF, 0xCE, 0x3F, 0xF8, 0x00, 0x00, 0x00, 0x7E, 0x00, 0x0F,
    0x00, 0x03, 0x80, 0x3F, 0xF0, 0x1F, 0xF8, 0x00, 0x70, 0x00, 0x38, 0x1F, 0xDC, 0x1F, 0xFE, 0x1E,
    0x0F, 0x0E, 0x07, 0x87, 0x01, 0xC3, 0x80, 0xE1, 0xC0, 0x71, 0xE0, 0x38, 0x70, 0x1C, 0x38, 0x0E,
    0x1C, 0x07, 0x0E, 0x07, 0x87, 0x83, 0xC1, 0xFE, 0xF0, 0x7E, 0x7E, 0x00, 0x00, 0x00, 0x00, 0x1F,
    0xFF, 0x1F, 0xFF, 0x80, 0x00, 0x00, 0x00, 0x00, 0x07, 0xF0, 0x1F, 0xF0, 0x70, 0xF1, 0xC0, 0xC3,
    0x81, 0x87, 0x00, 0x1C, 0x00, 0x38, 0x01, 0xFF, 0xC3, 0xFF, 0x81, 0xC0, 0x03, 0x80, 0x1F, 0xF8,
    0x0F, 0x00, 0x1E, 0x00, 0x1C, 0x00, 0x38, 0x00, 0x78, 0x00, 0x70, 0x20, 0x7F, 0xC0, 0x7F, 0x00,
    0x00, 0x00, 0x7F, 0xC7, 0xF1, 0xFC, 0x3F, 0x03, 0x80, 0xE0, 0x1C, 0x06, 0x00, 0xE0, 0x60, 0x07,
    0x06, 0x00, 0x38, 0x70, 0x01, 0xC7, 0x00, 0x0E, 0x30, 0x07, 0xFF, 0xFC, 0x3F, 0xFF, 0xE0, 0x1F,
    0xF0, 0x00, 0xF3, 0xC0, 0x07, 0x0F, 0x00, 0x38, 0x3C, 0x01, 0xC1, 0xE0, 0x0E, 0x07, 0x80, 0x70,
    0x1E, 0x03, 0x80, 0xF8, 0x3E, 0x03, 0xE7, 0xFC, 0x0F, 0x80, 0x7F, 0xFF, 0x9F, 0xFF, 0xE6, 0x1E,
    0x19, 0x07, 0x86, 0xC1, 0xE0, 0x80, 0x78, 0x00, 0x1E, 0x40, 0x07, 0xF0, 0x01, 0xF8, 0x00, 0x78,
    0x00, 0xFE, 0x00, 0x77, 0xB0, 0x01, 0xFC, 0x00, 0x78, 0x00, 0x7E, 0x00, 0x7F, 0x80, 0x11, 0xE0,
    0x00, 0x78, 0x00, 0x1E, 0x00, 0x0F, 0xC0, 0x0F, 0xFC, 0x00, 0x00, 0x00, 0x00, 0x00, 0x00, 0x20,
    0x00, 0x00, 0x03, 0x00, 0x00, 0x00, 0x70, 0x00, 0x00, 0xFF, 0xF0, 0x00, 0x04, 0x38, 0xC0, 0x00,
    0x01, 0x83, 0x00, 0x00, 0x1C, 0x1C, 0x00, 0x00, 0xE0, 0x60, 0x00, 0x0E, 0x03, 0x80, 0x00, 0x70,
    0x1C, 0x00, 0x03, 0x80, 0xE0, 0x00, 0x1C, 0x07, 0x00, 0x01, 0xC0, 0x38, 0x00, 0x0E, 0x01, 0xC0,
    0x00, 0x70, 0x0E, 0x00, 0x03, 0x80, 0x73, 0xF0, 0x18, 0x07, 0x31, 0x81, 0xC0, 0x3B, 0x8E, 0x6E,
    0x03, 0x98, 0x37, 0xF0, 0x1C, 0xC1, 0xE3, 0x81, 0xC7, 0x1D, 0x37, 0x3C, 0x79, 0xCF, 0x0F, 0x83,
    0xFC, 0x00, 0x00, 0x18, 0x00, 0x00, 0x00, 0xC0, 0x00, 0x00, 0x0E, 0x00, 0x00, 0x00, 0x70, 0x00,
    0x00, 0x03, 0x00, 0x00, 0x00, 0x38, 0x00, 0x00, 0x00, 0x00, 0x7C, 0x00, 0xFE, 0x00, 0xC6, 0x01,
    0xC3, 0x01, 0xC3, 0x01, 0xC3, 0x01, 0xC6, 0x00, 0xC6, 0x00, 0xE6, 0x00, 0xEC, 0x00, 0xEC, 0x00,
    0x78, 0x00, 0x78, 0x00, 0x78, 0x0C, 0x78, 0x0C, 0x7C, 0x1E, 0xDC, 0x17, 0x9C, 0x37, 0x9E, 0x63,
    0x0E, 0x63, 0x0E, 0x00, 0x0E, 0x00, 0x07, 0x01, 0x07, 0x03, 0x06, 0x03, 0x86, 0x01, 0xFC, 0x00,
    0xF8, 0x7F, 0xF0, 0x0F, 0xFF, 0x00, 0xE1, 0xE0, 0x38, 0x38, 0xFF, 0xFF, 0x9F, 0xFF, 0xE0, 0xE0,
    0x73, 0xFF, 0xFE, 0xFF, 0xFF, 0x83, 0x83, 0x80, 0xE1, 0xE0, 0x3F, 0xE0, 0x0F, 0xF0, 0x03, 0x80,
    0x00, 0xE0, 0x00, 0x38, 0x00, 0x0E, 0x00, 0x03, 0x80, 0x00, 0xE0, 0x00, 0x7C, 0x00, 0x7F, 0xC0,
    0x00, 0x00, 0x20, 0x00, 0x06, 0x00, 0x01, 0xFE, 0x00, 0x7F, 0xF8, 0x1E, 0x67, 0x81, 0xC6, 0x38,
    0x38, 0x63, 0x87, 0x86, 0x00, 0x70, 0x60, 0x07, 0x06, 0x00, 0x70, 0x60, 0x07, 0x06, 0x00, 0x70,
    0x60, 0x07, 0x06, 0xFE, 0x70, 0x6F, 0xE7, 0x06, 0x3C, 0x70, 0x63, 0x87, 0x86, 0x38, 0x38, 0x63,
    0x83, 0xC6, 0x38, 0x1E, 0x63, 0x80, 0xFF, 0xF8, 0x03, 0xFF, 0x00, 0x06, 0x00, 0x00, 0x60, 0x00,
    0x00, 0x00, 0x00, 0x60, 0x00, 0x07, 0x80, 0x00, 0x3C, 0x00, 0x01, 0xF0, 0x00, 0x1B, 0x80, 0x00,
    0xDC, 0x00, 0x06, 0xF0, 0x00, 0x63, 0x80, 0x03, 0x1C, 0x07, 0xFF, 0xFF, 0x81, 0x83, 0x80, 0x0C,
    0x1C, 0x07, 0xFF, 0xFF, 0x7F, 0xFF, 0xF8, 0x30, 0x1C, 0x03, 0x00, 0xF0, 0x18, 0x03, 0x80, 0xC0,
    0x1C, 0x0E, 0x00, 0xF0, 0xF0, 0x07, 0xCF, 0xE0, 0xFF, 0x00, 0x00, 0x00, 0x0F, 0xE0, 0x1E, 0xF8,
    0x38, 0x18, 0x38, 0x1C, 0x18, 0x1C, 0x00, 0x1C, 0x00, 0x1C, 0x00, 0x3C, 0xFF, 0xFF, 0x03, 0xF0,
    0x0F, 0xE0, 0xFF, 0xFF, 0xFF, 0xFE, 0x3C, 0x00, 0x78, 0x00, 0x70, 0x0C, 0x70, 0x0C, 0x38, 0x0E,
    0x38, 0x1C, 0x1E, 0x3C, 0x0F, 0xF8, 0x00, 0x00, 0x00, 0x40, 0x00, 0x60, 0x03, 0xFC, 0x0F, 0xFE,
    0x1E, 0x6F, 0x3C, 0x67, 0x38, 0x66, 0x78, 0x60, 0x70, 0x60, 0x70, 0x60, 0x70, 0x60, 0x70, 0x60,
    0x70, 0x60, 0x70, 0x60, 0x70, 0x60, 0x70, 0x60, 0x70, 0x60, 0x78, 0x60, 0x38, 0x60, 0x3C, 0x61,
    0x1E, 0x67, 0x0F, 0xFE, 0x07, 0xFC, 0x00, 0x60, 0x00, 0x60, 0x00, 0x00, 0x0C, 0x38, 0x0E, 0x1C,
    0x07, 0x0E, 0x03, 0x87, 0x01, 0xC3, 0x83, 0xFF, 0xF9, 0xFF, 0xFC, 0x38, 0x70, 0x1C, 0x38, 0x0E,
    0x1C, 0x07, 0x0E, 0x03, 0x87, 0x01, 0xC3, 0x80, 0xE1, 0xC0, 0x70, 0xE0, 0x38, 0x70, 0x1C, 0x38,
    0x0E, 0x1C, 0x07, 0x0E, 0x03, 0x87, 0x81, 0xC1, 0xF8, 0x00, 0x00, 0x00, 0x00, 0x0F, 0xE0, 0x7B,
    0xE1, 0xC1, 0xE3, 0x81, 0xC6, 0x03, 0x0C, 0x00, 0x1C, 0x00, 0x3C, 0x00, 0x3C, 0x00, 0x7F, 0x00,
    0x3F, 0x80, 0x1F, 0x80, 0x0F, 0x80, 0x07, 0x00, 0x0F, 0x24, 0x8E, 0xFF, 0x9D, 0x6D, 0xB2, 0xDB,
    0xE7, 0xB7, 0x87, 0xFC, 0x06, 0xD8, 0x0D, 0xB0, 0x12, 0x40, 0x7F, 0xFE, 0x7F, 0xFE, 0x00, 0x00,
    0x00, 0x00, 0x7F, 0xFE, 0x73, 0xCE, 0x61, 0xC6, 0x61, 0xC3, 0x41, 0xC3, 0x01, 0xC0, 0x01, 0xC0,
    0x01, 0xC0, 0x01, 0xC0, 0x01, 0xC0, 0x01, 0xC0, 0x01, 0xC0, 0x01, 0xC0, 0x01, 0xC0, 0x01, 0xC0,
    0x03, 0xE0, 0x0F, 0xF8, 0x7F, 0xFE, 0xFF, 0xF8, 0x07, 0x00, 0x07, 0x00, 0x0E, 0x0F, 0xFF, 0xDF,
    0xFF, 0x00, 0x70, 0x01, 0xE0, 0x03, 0x81, 0xFE, 0x03, 0xF0, 0x07, 0x80, 0x07, 0x80, 0x0F, 0x00,
    0x0F, 0x00, 0x0E, 0x00, 0x1E, 0x00, 0x1E, 0x00, 0x3E, 0x00, 0x3E, 0x00, 0x7F, 0xC0, 0x3F, 0x80,
    0x0E, 0x00, 0x0E, 0x00, 0x0E, 0x20, 0x0E, 0xE0, 0x0F, 0xC0, 0x1E, 0x00, 0x7E, 0x20, 0xCF, 0xE0,
    0x0F, 0x80, 0x3E, 0x0C, 0xEE, 0x1E, 0x0E, 0x1F, 0x0E, 0x07, 0x0E, 0x07, 0x0E, 0x07, 0x0E, 0x06,
    0x0E, 0x0E, 0x1F, 0x1C, 0x7F, 0xF0, 0x00, 0x00, 0x0F, 0x00, 0x07, 0xE0, 0x01, 0x8C, 0x00, 0x63,
    0x00, 0x1C, 0xFF, 0xC7, 0xFF, 0xF8, 0x7C, 0x06, 0x03, 0x00, 0xC0, 0xC0, 0x30, 0x30, 0x0C, 0x0D,
    0x23, 0x03, 0xFD, 0x80, 0xEF, 0xE0, 0x32, 0x60, 0x1C, 0x00, 0x0F, 0x00, 0x00, 0x60, 0x00, 0x18,
    0x18, 0x07, 0x06, 0x00, 0xFF, 0x80, 0x1F, 0xC0, 0x00, 0x00, 0x00, 0x40, 0x00, 0x08, 0x00, 0x01,
    0x00, 0x00, 0x60, 0x00, 0x7F, 0xC0, 0x1F, 0xFE, 0x07, 0x11, 0xE1, 0xC2, 0x1C, 0x70, 0x43, 0xCE,
    0x08, 0x39, 0xC1, 0x07, 0x38, 0x20, 0xE7, 0x04, 0x1C, 0xE0, 0x83, 0x9C, 0x10, 0x73, 0x82, 0x0E,
    0x70, 0x41, 0xCE, 0x08, 0x39, 0xC1, 0x07, 0x38, 0x20, 0xE0, 0xFF, 0xE0, 0x7F, 0xF8, 0x1C, 0x1C,
    0x1C, 0x0E, 0x1C, 0x0E, 0x1C, 0x0E, 0x1C, 0x0E, 0x1C, 0x0E, 0x1C, 0x1C, 0x1C, 0x3C, 0xFF, 0xF8,
    0xFF, 0xC0, 0x1C, 0x00, 0x1C, 0x00, 0xFF, 0xC0, 0xFF, 0xC0, 0x1C, 0x00, 0x1C, 0x00, 0x1C, 0x00,
    0x3E, 0x00, 0xFF, 0x80, 0x00, 0x00, 0x00, 0x48, 0x00, 0x12, 0x00, 0x07, 0xC0, 0x0F, 0xFC, 0x07,
    0xCF, 0x83, 0x92, 0x71, 0xC4, 0x8E, 0x71, 0x23, 0x9C, 0x48, 0x6F, 0x12, 0x1B, 0x84, 0x84, 0xE0,
    0x00, 0x3C, 0x00, 0x07, 0x00, 0x01, 0xC0, 0x00, 0x70, 0x00, 0x0E, 0x00, 0x01, 0x80, 0x00, 0x30,
    0x00, 0x0F, 0x00, 0x3F, 0xFF, 0xCF, 0xFF, 0xF0, 0x04, 0x80, 0x12, 0x0F, 0xFC, 0x1F, 0xFC, 0x38,
    0x78, 0xE0, 0xE3, 0x83, 0x8E, 0x0E, 0x38, 0x38, 0xE0, 0xE3, 0x87, 0x0F, 0xF8, 0x3F, 0xE0, 0xE0,
    0xE3, 0x83, 0x8E, 0x07, 0x38, 0x1C, 0xE0, 0x73, 0x81, 0xCE, 0x0F, 0x38, 0x38, 0xFF, 0xEF, 0xFE,
    0x01, 0x20, 0x04, 0x80, 0x00, 0x00, 0x0F, 0xC1, 0xFF, 0x8E, 0x1E, 0xE0, 0x77, 0x03, 0x78, 0x03,
    0x80, 0x1C, 0x00, 0xE0, 0x07, 0x00, 0x3C, 0x00, 0xE0, 0x07, 0x00, 0x3C, 0x0C, 0xFF, 0xC3, 0xFC,
    0x00, 0x00, 0x00, 0x1F, 0xFC, 0xFF, 0xE0, 0x00, 0x00, 0x7F, 0xFB, 0xFF, 0xD0, 0x06, 0x80, 0x34,
    0x01, 0xA0, 0x0D, 0x00, 0x68, 0x03, 0x40, 0x1A, 0x00, 0xD0, 0x06, 0x80, 0x34, 0x01, 0xA0, 0x0D,
    0x00, 0x68, 0x03, 0x40, 0x1A, 0x00, 0xD0, 0x06, 0xFF, 0xF7, 0xFF, 0x80, 0x7F, 0xFB, 0xFF, 0xD0,
    0x06, 0x80, 0x34, 0x01, 0xA0, 0x0D, 0x00, 0x68, 0x03, 0x40, 0x1A, 0x00, 0xD0, 0x06, 0x80, 0x34,
    0x01, 0xA0, 0x0D, 0x00, 0x68, 0x03, 0x40, 0x1A, 0x00, 0xD0, 0x06, 0xFF, 0xF7, 0xFF, 0x80, 0x7F,
    0xFB, 0xFF, 0xD0, 0x06, 0x80, 0x34, 0x01, 0xA0, 0x0D, 0x00, 0x68, 0x03, 0x40, 0x1A, 0x00, 0xD0,
    0x06, 0x80, 0x34, 0x01, 0xA0, 0x0D, 0x00, 0x68, 0x03, 0x40, 0x1A, 0x00, 0xD0, 0x06, 0xFF, 0xF7,
    0xFF, 0x80, 0x7F, 0xFB, 0xFF, 0xD0, 0x06, 0x80, 0x34, 0x01, 0xA0, 0x0D, 0x00, 0x68, 0x03, 0x40,
    0x1A, 0x00, 0xD0, 0x06, 0x80, 0x34, 0x01, 0xA0, 0x0D, 0x00, 0x68, 0x03, 0x40, 0x1A, 0x00, 0xD0,
    0x06, 0xFF, 0xF7, 0xFF, 0x80, 0x7F, 0xFB, 0xFF, 0xD0, 0x06, 0x80, 0x34, 0x01, 0xA0, 0x0D, 0x00,
    0x68, 0x03, 0x40, 0x1A, 0x00, 0xD0, 0x06, 0x80, 0x34, 0x01, 0xA0, 0x0D, 0x00, 0x68, 0x03, 0x40,
    0x1A, 0x00, 0xD0, 0x06, 0xFF, 0xF7, 0xFF, 0x80, 0x7F, 0xFB, 0xFF, 0xD0, 0x06, 0x80, 0x34, 0x01,
    0xA0, 0x0D, 0x00, 0x68, 0x03, 0x40, 0x1A, 0x00, 0xD0, 0x06, 0x80, 0x34, 0x01, 0xA0, 0x0D, 0x00,
    0x68, 0x03, 0x40, 0x1A, 0x00, 0xD0, 0x06, 0xFF, 0xF7, 0xFF, 0x80, 0x7F, 0xFB, 0xFF, 0xD0, 0x06,
    0x80, 0x34, 0x01, 0xA0, 0x0D, 0x00, 0x68, 0x03, 0x40, 0x1A, 0x00, 0xD0, 0x06, 0x80, 0x34, 0x01,
    0xA0, 0x0D, 0x00, 0x68, 0x03, 0x40, 0x1A, 0x00, 0xD0, 0x06, 0xFF, 0xF7, 0xFF, 0x80, 0x7F, 0xFB,
    0xFF, 0xD0, 0x06, 0x80, 0x34, 0x01, 0xA0, 0x0D, 0x00, 0x68, 0x03, 0x40, 0x1A, 0x00, 0xD0, 0x06,
    0x80, 0x34, 0x01, 0xA0, 0x0D, 0x00, 0x68, 0x03, 0x40, 0x1A, 0x00, 0xD0, 0x06, 0xFF, 0xF7, 0xFF,
    0x80, 0x7F, 0xFB, 0xFF, 0xD0, 0x06, 0x80, 0x34, 0x01, 0xA0, 0x0D, 0x00, 0x68, 0x03, 0x40, 0x1A,
    0x00, 0xD0, 0x06, 0x80, 0x34, 0x01, 0xA0, 0x0D, 0x00, 0x68, 0x03, 0x40, 0x1A, 0x00, 0xD0, 0x06,
    0xFF, 0xF7, 0xFF, 0x80, 0x7F, 0xFB, 0xFF, 0xD0, 0x06, 0x80, 0x34, 0x01, 0xA0, 0x0D, 0x00, 0x68,
    0x03, 0x40, 0x1A, 0x00, 0xD0, 0x06, 0x80, 0x34, 0x01, 0xA0, 0x0D, 0x00, 0x68, 0x03, 0x40, 0x1A,
    0x00, 0xD0, 0x06, 0xFF, 0xF7, 0xFF, 0x80, 0x7F, 0xFB, 0xFF, 0xD0, 0x06, 0x80, 0x34, 0x01, 0xA0,
    0x0D, 0x00, 0x68, 0x03, 0x40, 0x1A, 0x00, 0xD0, 0x06, 0x80, 0x34, 0x01, 0xA0, 0x0D, 0x00, 0x68,
    0x03, 0x40, 0x1A, 0x00, 0xD0, 0x06, 0xFF, 0xF7, 0xFF, 0x80, 0x7F, 0xFB, 0xFF, 0xD0, 0x06, 0x80,
    0x34, 0x01, 0xA0, 0x0D, 0x00, 0x68, 0x03, 0x40, 0x1A, 0x00, 0xD0, 0x06, 0x80, 0x34, 0x01, 0xA0,
    0x0D, 0x00, 0x68, 0x03, 0x40, 0x1A, 0x00, 0xD0, 0x06, 0xFF, 0xF7, 0xFF, 0x80, 0x7F, 0xFB, 0xFF,
    0xD0, 0x06, 0x80, 0x34, 0x01, 0xA0, 0x0D, 0x00, 0x68, 0x03, 0x40, 0x1A, 0x00, 0xD0, 0x06, 0x80,
    0x34, 0x01, 0xA0, 0x0D, 0x00, 0x68, 0x03, 0x40, 0x1A, 0x00, 0xD0, 0x06, 0xFF, 0xF7, 0xFF, 0x80,
    0x7F, 0xFB, 0xFF, 0xD0, 0x06, 0x80, 0x34, 0x01, 0xA0, 0x0D, 0x00, 0x68, 0x03, 0x40, 0x1A, 0x00,
    0xD0, 0x06, 0x80, 0x34, 0x01, 0xA0, 0x0D, 0x00, 0x68, 0x03, 0x40, 0x1A, 0x00, 0xD0, 0x06, 0xFF,
    0xF7, 0xFF, 0x80, 0x7F, 0xFB, 0xFF, 0xD0, 0x06, 0x80, 0x34, 0x01, 0xA0, 0x0D, 0x00, 0x68, 0x03,
    0x40, 0x1A, 0x00, 0xD0, 0x06, 0x80, 0x34, 0x01, 0xA0, 0x0D, 0x00, 0x68, 0x03, 0x40, 0x1A, 0x00,
    0xD0, 0x06, 0xFF, 0xF7, 0xFF, 0x80,
];

pub(crate) static NOTO_SERIF_14_REGULAR: BitmapFont = BitmapFont::new(
    &NOTO_SERIF_CODEPOINTS,
    &NOTO_SERIF_14_REGULAR_GLYPHS,
    &NOTO_SERIF_14_REGULAR_BITMAP,
    40,
);

static NOTO_SERIF_14_BOLD_GLYPHS: [BitmapGlyph; 410] = [
    BitmapGlyph::new(0, 0, 0, 0, 32, 8),
    BitmapGlyph::new(0, 6, 22, 3, 11, 11),
    BitmapGlyph::new(17, 12, 9, 1, 11, 15),
    BitmapGlyph::new(31, 16, 21, 0, 11, 16),
    BitmapGlyph::new(73, 14, 26, 1, 9, 16),
    BitmapGlyph::new(119, 26, 23, 0, 10, 26),
    BitmapGlyph::new(194, 22, 23, 1, 10, 23),
    BitmapGlyph::new(258, 6, 9, 1, 11, 8),
    BitmapGlyph::new(265, 10, 28, 1, 9, 12),
    BitmapGlyph::new(300, 11, 28, 0, 9, 12),
    BitmapGlyph::new(339, 13, 13, 1, 9, 15),
    BitmapGlyph::new(361, 14, 13, 1, 15, 16),
    BitmapGlyph::new(384, 6, 10, 1, 27, 9),
    BitmapGlyph::new(392, 9, 4, 0, 22, 9),
    BitmapGlyph::new(397, 6, 6, 1, 27, 9),
    BitmapGlyph::new(402, 9, 27, 0, 9, 8),
    BitmapGlyph::new(433, 15, 23, 1, 10, 16),
    BitmapGlyph::new(477, 14, 21, 1, 11, 16),
    BitmapGlyph::new(514, 15, 22, 1, 10, 16),
    BitmapGlyph::new(556, 15, 23, 1, 10, 16),
    BitmapGlyph::new(600, 16, 21, 0, 11, 16),
    BitmapGlyph::new(642, 14, 22, 1, 11, 16),
    BitmapGlyph::new(681, 15, 23, 1, 10, 16),
    BitmapGlyph::new(725, 15, 21, 1, 11, 16),
    BitmapGlyph::new(765, 16, 23, 0, 10, 16),
    BitmapGlyph::new(811, 15, 23, 1, 10, 16),
    BitmapGlyph::new(855, 5, 17, 2, 16, 9),
    BitmapGlyph::new(866, 6, 21, 1, 16, 9),
    BitmapGlyph::new(882, 14, 17, 1, 13, 16),
    BitmapGlyph::new(912, 14, 9, 1, 17, 16),
    BitmapGlyph::new(928, 14, 17, 1, 13, 16),
    BitmapGlyph::new(958, 14, 23, 1, 10, 16),
    BitmapGlyph::new(999, 25, 26, 1, 11, 27),
    BitmapGlyph::new(1081, 22, 21, 0, 11, 22),
    BitmapGlyph::new(1139, 19, 21, 0, 11, 20),
    BitmapGlyph::new(1189, 18, 23, 1, 10, 20),
    BitmapGlyph::new(1241, 21, 21, 0, 11, 22),
    BitmapGlyph::new(1297, 19, 21, 0, 11, 19),
    BitmapGlyph::new(1347, 18, 21, 0, 11, 18),
    BitmapGlyph::new(1395, 21, 23, 1, 10, 22),
    BitmapGlyph::new(1456, 24, 21, 0, 11, 24),
    BitmapGlyph::new(1519, 11, 21, 0, 11, 12),
    BitmapGlyph::new(1548, 12, 28, -1, 11, 12),
    BitmapGlyph::new(1590, 22, 21, 0, 11, 21),
    BitmapGlyph::new(1648, 19, 21, 0, 11, 19),
    BitmapGlyph::new(1698, 27, 21, 0, 11, 28),
    BitmapGlyph::new(1769, 23, 21, 0, 11, 23),
    BitmapGlyph::new(1830, 21, 23, 1, 10, 23),
    BitmapGlyph::new(1891, 19, 21, 0, 11, 19),
    BitmapGlyph::new(1941, 21, 29, 1, 10, 23),
    BitmapGlyph::new(2018, 21, 21, 0, 11, 21),
    BitmapGlyph::new(2074, 16, 23, 0, 10, 17),
    BitmapGlyph::new(2120, 19, 21, 0, 11, 19),
    BitmapGlyph::new(2170, 22, 22, 0, 11, 22),
    BitmapGlyph::new(2231, 21, 21, 0, 11, 20),
    BitmapGlyph::new(2287, 32, 21, 0, 11, 31),
    BitmapGlyph::new(2371, 22, 21, 0, 11, 21),
    BitmapGlyph::new(2429, 21, 21, 0, 11, 20),
    BitmapGlyph::new(2485, 18, 21, 1, 11, 19),
    BitmapGlyph::new(2533, 10, 27, 2, 9, 12),
    BitmapGlyph::new(2567, 9, 27, 0, 9, 8),
    BitmapGlyph::new(2598, 9, 27, 1, 9, 12),
    BitmapGlyph::new(2629, 14, 14, 1, 11, 16),
    BitmapGlyph::new(2654, 15, 3, -1, 34, 13),
    BitmapGlyph::new(2660, 8, 6, 1, 9, 10),
    BitmapGlyph::new(2666, 16, 18, 1, 15, 18),
    BitmapGlyph::new(2702, 18, 24, 0, 9, 19),
    BitmapGlyph::new(2756, 14, 18, 1, 15, 15),
    BitmapGlyph::new(2788, 18, 24, 1, 9, 19),
    BitmapGlyph::new(2842, 15, 18, 1, 15, 17),
    BitmapGlyph::new(2876, 14, 23, 0, 9, 12),
    BitmapGlyph::new(2917, 17, 24, 0, 15, 16),
    BitmapGlyph::new(2968, 19, 23, 0, 9, 19),
    BitmapGlyph::new(3023, 10, 23, 0, 9, 10),
    BitmapGlyph::new(3052, 9, 30, -1, 9, 10),
    BitmapGlyph::new(3086, 19, 23, 0, 9, 19),
    BitmapGlyph::new(3141, 10, 23, 0, 9, 10),
    BitmapGlyph::new(3170, 29, 17, 0, 15, 29),
    BitmapGlyph::new(3232, 19, 17, 0, 15, 19),
    BitmapGlyph::new(3273, 16, 18, 1, 15, 18),
    BitmapGlyph::new(3309, 18, 23, 0, 16, 19),
    BitmapGlyph::new(3361, 18, 23, 1, 16, 19),
    BitmapGlyph::new(3413, 15, 16, 0, 16, 15),
    BitmapGlyph::new(3443, 14, 17, 0, 16, 14),
    BitmapGlyph::new(3473, 12, 21, 0, 12, 12),
    BitmapGlyph::new(3505, 19, 17, 0, 16, 19),
    BitmapGlyph::new(3546, 18, 16, 0, 16, 18),
    BitmapGlyph::new(3582, 26, 16, -1, 16, 25),
    BitmapGlyph::new(3634, 19, 16, 0, 16, 19),
    BitmapGlyph::new(3672, 17, 23, 0, 16, 17),
    BitmapGlyph::new(3721, 15, 16, 0, 16, 15),
    BitmapGlyph::new(3751, 13, 27, 0, 9, 13),
    BitmapGlyph::new(3795, 3, 30, 7, 9, 16),
    BitmapGlyph::new(3807, 13, 27, 0, 9, 13),
    BitmapGlyph::new(3851, 15, 7, 1, 18, 16),
    BitmapGlyph::new(3865, 0, 0, 0, 32, 8),
    BitmapGlyph::new(3865, 6, 22, 3, 16, 11),
    BitmapGlyph::new(3882, 15, 21, 1, 11, 16),
    BitmapGlyph::new(3922, 16, 23, 0, 10, 16),
    BitmapGlyph::new(3968, 13, 13, 2, 15, 16),
    BitmapGlyph::new(3990, 17, 21, 0, 11, 16),
    BitmapGlyph::new(4035, 3, 30, 7, 9, 16),
    BitmapGlyph::new(4047, 14, 27, 1, 9, 16),
    BitmapGlyph::new(4095, 11, 4, 3, 10, 17),
    BitmapGlyph::new(4101, 23, 23, 1, 10, 25),
    BitmapGlyph::new(4168, 12, 10, 0, 11, 12),
    BitmapGlyph::new(4183, 14, 12, 1, 18, 16),
    BitmapGlyph::new(4204, 14, 8, 1, 20, 16),
    BitmapGlyph::new(4218, 9, 4, 0, 22, 9),
    BitmapGlyph::new(4223, 23, 23, 1, 10, 25),
    BitmapGlyph::new(4290, 15, 2, -1, 8, 13),
    BitmapGlyph::new(4294, 10, 11, 1, 10, 12),
    BitmapGlyph::new(4308, 14, 17, 1, 15, 16),
    BitmapGlyph::new(4338, 10, 14, 1, 7, 12),
    BitmapGlyph::new(4356, 11, 14, 0, 7, 12),
    BitmapGlyph::new(4376, 8, 6, 1, 9, 10),
    BitmapGlyph::new(4382, 17, 23, 2, 16, 19),
    BitmapGlyph::new(4431, 17, 27, 1, 9, 18),
    BitmapGlyph::new(4489, 6, 5, 1, 19, 9),
    BitmapGlyph::new(4493, 8, 8, 1, 31, 10),
    BitmapGlyph::new(4501, 10, 13, 1, 8, 12),
    BitmapGlyph::new(4518, 11, 10, 1, 11, 13),
    BitmapGlyph::new(4532, 14, 12, 1, 18, 16),
    BitmapGlyph::new(4553, 24, 21, 0, 11, 25),
    BitmapGlyph::new(4616, 24, 21, 0, 11, 25),
    BitmapGlyph::new(4679, 24, 22, 0, 10, 25),
    BitmapGlyph::new(4745, 14, 22, 1, 16, 16),
    BitmapGlyph::new(4784, 22, 28, 0, 4, 22),
    BitmapGlyph::new(4861, 22, 28, 0, 4, 22),
    BitmapGlyph::new(4938, 22, 28, 0, 4, 22),
    BitmapGlyph::new(5015, 22, 28, 0, 4, 22),
    BitmapGlyph::new(5092, 22, 27, 0, 5, 22),
    BitmapGlyph::new(5167, 22, 26, 0, 6, 22),
    BitmapGlyph::new(5239, 29, 21, 0, 11, 29),
    BitmapGlyph::new(5316, 18, 29, 1, 10, 20),
    BitmapGlyph::new(5382, 19, 28, 0, 4, 19),
    BitmapGlyph::new(5449, 19, 28, 0, 4, 19),
    BitmapGlyph::new(5516, 19, 28, 0, 4, 19),
    BitmapGlyph::new(5583, 19, 27, 0, 5, 19),
    BitmapGlyph::new(5648, 11, 28, 0, 4, 12),
    BitmapGlyph::new(5687, 11, 28, 0, 4, 12),
    BitmapGlyph::new(5726, 12, 28, 0, 4, 12),
    BitmapGlyph::new(5768, 11, 27, 0, 5, 12),
    BitmapGlyph::new(5806, 21, 21, 0, 11, 22),
    BitmapGlyph::new(5862, 23, 28, 0, 4, 23),
    BitmapGlyph::new(5943, 21, 29, 1, 4, 23),
    BitmapGlyph::new(6020, 21, 29, 1, 4, 23),
    BitmapGlyph::new(6097, 21, 29, 1, 4, 23),
    BitmapGlyph::new(6174, 21, 29, 1, 4, 23),
    BitmapGlyph::new(6251, 21, 28, 1, 5, 23),
    BitmapGlyph::new(6325, 13, 13, 2, 15, 16),
    BitmapGlyph::new(6347, 21, 25, 1, 9, 23),
    BitmapGlyph::new(6413, 22, 29, 0, 4, 22),
    BitmapGlyph::new(6493, 22, 29, 0, 4, 22),
    BitmapGlyph::new(6573, 22, 29, 0, 4, 22),
    BitmapGlyph::new(6653, 22, 28, 0, 5, 22),
    BitmapGlyph::new(6730, 21, 28, 0, 4, 20),
    BitmapGlyph::new(6804, 18, 21, 0, 11, 19),
    BitmapGlyph::new(6852, 20, 24, 0, 9, 21),
    BitmapGlyph::new(6912, 16, 24, 1, 9, 18),
    BitmapGlyph::new(6960, 16, 24, 1, 9, 18),
    BitmapGlyph::new(7008, 16, 24, 1, 9, 18),
    BitmapGlyph::new(7056, 16, 24, 1, 9, 18),
    BitmapGlyph::new(7104, 16, 23, 1, 10, 18),
    BitmapGlyph::new(7150, 16, 25, 1, 8, 18),
    BitmapGlyph::new(7200, 24, 18, 1, 15, 26),
    BitmapGlyph::new(7254, 14, 24, 1, 15, 15),
    BitmapGlyph::new(7296, 15, 24, 1, 9, 17),
    BitmapGlyph::new(7341, 15, 24, 1, 9, 17),
    BitmapGlyph::new(7386, 15, 24, 1, 9, 17),
    BitmapGlyph::new(7431, 15, 23, 1, 10, 17),
    BitmapGlyph::new(7475, 11, 23, -1, 9, 10),
    BitmapGlyph::new(7507, 11, 23, 0, 9, 10),
    BitmapGlyph::new(7539, 11, 23, -1, 9, 10),
    BitmapGlyph::new(7571, 11, 22, -1, 10, 10),
    BitmapGlyph::new(7602, 16, 24, 1, 9, 18),
    BitmapGlyph::new(7650, 19, 23, 0, 9, 19),
    BitmapGlyph::new(7705, 16, 24, 1, 9, 18),
    BitmapGlyph::new(7753, 16, 24, 1, 9, 18),
    BitmapGlyph::new(7801, 16, 24, 1, 9, 18),
    BitmapGlyph::new(7849, 16, 24, 1, 9, 18),
    BitmapGlyph::new(7897, 16, 23, 1, 10, 18),
    BitmapGlyph::new(7943, 14, 16, 1, 14, 16),
    BitmapGlyph::new(7971, 16, 19, 1, 15, 18),
    BitmapGlyph::new(8009, 19, 24, 0, 9, 19),
    BitmapGlyph::new(8066, 19, 24, 0, 9, 19),
    BitmapGlyph::new(8123, 19, 24, 0, 9, 19),
    BitmapGlyph::new(8180, 19, 23, 0, 10, 19),
    BitmapGlyph::new(8235, 17, 30, 0, 9, 17),
    BitmapGlyph::new(8299, 18, 30, 0, 9, 19),
    BitmapGlyph::new(8367, 17, 29, 0, 10, 17),
    BitmapGlyph::new(8429, 22, 25, 0, 7, 22),
    BitmapGlyph::new(8498, 16, 21, 1, 12, 18),
    BitmapGlyph::new(8540, 22, 28, 0, 4, 22),
    BitmapGlyph::new(8617, 16, 24, 1, 9, 18),
    BitmapGlyph::new(8665, 22, 28, 0, 11, 22),
    BitmapGlyph::new(8742, 16, 24, 1, 15, 18),
    BitmapGlyph::new(8790, 18, 29, 1, 4, 20),
    BitmapGlyph::new(8856, 14, 24, 1, 9, 15),
    BitmapGlyph::new(8898, 18, 29, 1, 4, 20),
    BitmapGlyph::new(8964, 14, 24, 1, 9, 15),
    BitmapGlyph::new(9006, 18, 29, 1, 4, 20),
    BitmapGlyph::new(9072, 14, 24, 1, 9, 15),
    BitmapGlyph::new(9114, 18, 29, 1, 4, 20),
    BitmapGlyph::new(9180, 14, 24, 1, 9, 15),
    BitmapGlyph::new(9222, 21, 28, 0, 4, 22),
    BitmapGlyph::new(9296, 22, 24, 1, 9, 19),
    BitmapGlyph::new(9362, 21, 21, 0, 11, 22),
    BitmapGlyph::new(9418, 18, 24, 1, 9, 19),
    BitmapGlyph::new(9472, 19, 25, 0, 7, 19),
    BitmapGlyph::new(9532, 15, 21, 1, 12, 17),
    BitmapGlyph::new(9572, 19, 28, 0, 4, 19),
    BitmapGlyph::new(9639, 15, 24, 1, 9, 17),
    BitmapGlyph::new(9684, 19, 27, 0, 5, 19),
    BitmapGlyph::new(9749, 15, 24, 1, 9, 17),
    BitmapGlyph::new(9794, 19, 28, 0, 11, 19),
    BitmapGlyph::new(9861, 15, 24, 1, 15, 17),
    BitmapGlyph::new(9906, 19, 28, 0, 4, 19),
    BitmapGlyph::new(9973, 15, 24, 1, 9, 17),
    BitmapGlyph::new(10018, 21, 29, 1, 4, 22),
    BitmapGlyph::new(10095, 17, 30, 0, 9, 16),
    BitmapGlyph::new(10159, 21, 29, 1, 4, 22),
    BitmapGlyph::new(10236, 17, 30, 0, 9, 16),
    BitmapGlyph::new(10300, 21, 29, 1, 4, 22),
    BitmapGlyph::new(10377, 17, 30, 0, 9, 16),
    BitmapGlyph::new(10441, 21, 29, 1, 10, 22),
    BitmapGlyph::new(10518, 17, 30, 0, 9, 16),
    BitmapGlyph::new(10582, 24, 28, 0, 4, 24),
    BitmapGlyph::new(10666, 19, 29, 0, 3, 19),
    BitmapGlyph::new(10735, 24, 21, 0, 11, 24),
    BitmapGlyph::new(10798, 19, 23, 0, 9, 19),
    BitmapGlyph::new(10853, 12, 28, 0, 4, 12),
    BitmapGlyph::new(10895, 12, 23, -1, 9, 10),
    BitmapGlyph::new(10930, 11, 25, 0, 7, 12),
    BitmapGlyph::new(10965, 10, 20, 0, 12, 10),
    BitmapGlyph::new(10990, 11, 28, 0, 4, 12),
    BitmapGlyph::new(11029, 10, 23, 0, 9, 10),
    BitmapGlyph::new(11058, 11, 28, 0, 11, 12),
    BitmapGlyph::new(11097, 10, 30, 0, 9, 10),
    BitmapGlyph::new(11135, 11, 28, 0, 4, 12),
    BitmapGlyph::new(11174, 10, 16, 0, 16, 10),
    BitmapGlyph::new(11194, 23, 28, 0, 11, 23),
    BitmapGlyph::new(11275, 18, 30, 0, 9, 20),
    BitmapGlyph::new(11343, 13, 35, -1, 4, 12),
    BitmapGlyph::new(11400, 11, 30, -1, 9, 10),
    BitmapGlyph::new(11442, 22, 28, 0, 11, 21),
    BitmapGlyph::new(11519, 19, 30, 0, 9, 19),
    BitmapGlyph::new(11591, 19, 16, 0, 16, 19),
    BitmapGlyph::new(11629, 19, 28, 0, 4, 19),
    BitmapGlyph::new(11696, 11, 29, 0, 3, 10),
    BitmapGlyph::new(11736, 19, 28, 0, 11, 19),
    BitmapGlyph::new(11803, 10, 30, 0, 9, 10),
    BitmapGlyph::new(11841, 19, 21, 0, 11, 19),
    BitmapGlyph::new(11891, 14, 23, 0, 9, 10),
    BitmapGlyph::new(11932, 19, 21, 0, 11, 19),
    BitmapGlyph::new(11982, 15, 23, 0, 9, 14),
    BitmapGlyph::new(12026, 19, 21, 0, 11, 19),
    BitmapGlyph::new(12076, 10, 23, 0, 9, 10),
    BitmapGlyph::new(12105, 23, 28, 0, 4, 23),
    BitmapGlyph::new(12186, 19, 23, 0, 9, 19),
    BitmapGlyph::new(12241, 23, 28, 0, 11, 23),
    BitmapGlyph::new(12322, 19, 24, 0, 15, 19),
    BitmapGlyph::new(12379, 23, 28, 0, 4, 23),
    BitmapGlyph::new(12460, 19, 23, 0, 9, 19),
    BitmapGlyph::new(12515, 25, 21, 0, 11, 25),
    BitmapGlyph::new(12581, 23, 28, 0, 11, 23),
    BitmapGlyph::new(12662, 17, 24, 0, 15, 19),
    BitmapGlyph::new(12713, 21, 26, 1, 7, 23),
    BitmapGlyph::new(12782, 16, 21, 1, 12, 18),
    BitmapGlyph::new(12824, 21, 29, 1, 4, 23),
    BitmapGlyph::new(12901, 16, 24, 1, 9, 18),
    BitmapGlyph::new(12949, 21, 29, 1, 4, 23),
    BitmapGlyph::new(13026, 16, 24, 1, 9, 18),
    BitmapGlyph::new(13074, 28, 23, 1, 10, 30),
    BitmapGlyph::new(13155, 26, 18, 1, 15, 27),
    BitmapGlyph::new(13214, 21, 28, 0, 4, 21),
    BitmapGlyph::new(13288, 15, 23, 0, 9, 15),
    BitmapGlyph::new(13332, 21, 28, 0, 11, 21),
    BitmapGlyph::new(13406, 15, 23, 0, 16, 15),
    BitmapGlyph::new(13450, 21, 28, 0, 4, 21),
    BitmapGlyph::new(13524, 15, 23, 0, 9, 15),
    BitmapGlyph::new(13568, 16, 29, 0, 4, 17),
    BitmapGlyph::new(13626, 14, 24, 0, 9, 14),
    BitmapGlyph::new(13668, 16, 29, 0, 4, 17),
    BitmapGlyph::new(13726, 14, 24, 0, 9, 14),
    BitmapGlyph::new(13768, 16, 29, 0, 10, 17),
    BitmapGlyph::new(13826, 14, 23, 0, 16, 14),
    BitmapGlyph::new(13867, 16, 29, 0, 4, 17),
    BitmapGlyph::new(13925, 14, 24, 0, 9, 14),
    BitmapGlyph::new(13967, 19, 28, 0, 11, 19),
    BitmapGlyph::new(14034, 12, 27, 0, 12, 12),
    BitmapGlyph::new(14075, 19, 28, 0, 4, 19),
    BitmapGlyph::new(14142, 14, 24, 0, 9, 12),
    BitmapGlyph::new(14184, 19, 21, 0, 11, 19),
    BitmapGlyph::new(14234, 12, 21, 0, 12, 12),
    BitmapGlyph::new(14266, 22, 29, 0, 4, 22),
    BitmapGlyph::new(14346, 19, 24, 0, 9, 19),
    BitmapGlyph::new(14403, 22, 26, 0, 7, 22),
    BitmapGlyph::new(14475, 19, 21, 0, 12, 19),
    BitmapGlyph::new(14525, 22, 29, 0, 4, 22),
    BitmapGlyph::new(14605, 19, 24, 0, 9, 19),
    BitmapGlyph::new(14662, 22, 30, 0, 3, 22),
    BitmapGlyph::new(14745, 19, 25, 0, 8, 19),
    BitmapGlyph::new(14805, 22, 29, 0, 4, 22),
    BitmapGlyph::new(14885, 19, 24, 0, 9, 19),
    BitmapGlyph::new(14942, 22, 28, 0, 11, 22),
    BitmapGlyph::new(15019, 19, 23, 0, 16, 19),
    BitmapGlyph::new(15074, 32, 28, 0, 4, 31),
    BitmapGlyph::new(15186, 26, 23, -1, 9, 25),
    BitmapGlyph::new(15261, 21, 28, 0, 4, 20),
    BitmapGlyph::new(15335, 17, 30, 0, 9, 17),
    BitmapGlyph::new(15399, 21, 27, 0, 5, 20),
    BitmapGlyph::new(15470, 18, 28, 1, 4, 19),
    BitmapGlyph::new(15533, 15, 23, 0, 9, 15),
    BitmapGlyph::new(15577, 18, 28, 1, 4, 19),
    BitmapGlyph::new(15640, 15, 23, 0, 9, 15),
    BitmapGlyph::new(15684, 18, 28, 1, 4, 19),
    BitmapGlyph::new(15747, 15, 23, 0, 9, 15),
    BitmapGlyph::new(15791, 14, 23, 0, 9, 11),
    BitmapGlyph::new(15832, 9, 4, 0, 22, 9),
    BitmapGlyph::new(15837, 9, 4, 0, 22, 9),
    BitmapGlyph::new(15842, 15, 3, 1, 20, 16),
    BitmapGlyph::new(15848, 16, 3, -1, 23, 15),
    BitmapGlyph::new(15854, 31, 3, -1, 23, 29),
    BitmapGlyph::new(15866, 31, 3, -1, 23, 29),
    BitmapGlyph::new(15878, 8, 30, 4, 9, 16),
    BitmapGlyph::new(15908, 14, 6, -1, 32, 12),
    BitmapGlyph::new(15919, 6, 10, 1, 11, 8),
    BitmapGlyph::new(15927, 6, 10, 1, 11, 8),
    BitmapGlyph::new(15935, 6, 10, 1, 27, 9),
    BitmapGlyph::new(15943, 6, 10, 1, 11, 8),
    BitmapGlyph::new(15951, 12, 10, 1, 11, 14),
    BitmapGlyph::new(15966, 12, 10, 1, 11, 14),
    BitmapGlyph::new(15981, 12, 10, 1, 27, 14),
    BitmapGlyph::new(15996, 12, 10, 1, 11, 14),
    BitmapGlyph::new(16011, 12, 27, 1, 9, 14),
    BitmapGlyph::new(16052, 12, 27, 1, 9, 14),
    BitmapGlyph::new(16093, 10, 10, 1, 17, 12),
    BitmapGlyph::new(16106, 10, 10, 3, 17, 15),
    BitmapGlyph::new(16119, 6, 5, 1, 19, 9),
    BitmapGlyph::new(16123, 14, 5, 1, 19, 17),
    BitmapGlyph::new(16132, 23, 6, 2, 27, 27),
    BitmapGlyph::new(16150, 6, 6, 1, 20, 9),
    BitmapGlyph::new(16155, 0, 0, 0, 32, 18),
    BitmapGlyph::new(16155, 0, 0, 0, 32, 18),
    BitmapGlyph::new(16155, 8, 22, -1, 14, 1),
    BitmapGlyph::new(16177, 8, 22, -7, 14, 1),
    BitmapGlyph::new(16199, 8, 25, -4, 11, 1),
    BitmapGlyph::new(16224, 8, 25, -4, 11, 1),
    BitmapGlyph::new(16249, 8, 25, -4, 11, 1),
    BitmapGlyph::new(16274, 0, 0, 0, 32, 5),
    BitmapGlyph::new(16274, 38, 23, 0, 10, 38),
    BitmapGlyph::new(16384, 50, 23, 0, 10, 50),
    BitmapGlyph::new(16528, 7, 8, 0, 11, 7),
    BitmapGlyph::new(16535, 14, 8, 0, 11, 14),
    BitmapGlyph::new(16549, 21, 8, 0, 11, 21),
    BitmapGlyph::new(16570, 7, 8, 0, 11, 7),
    BitmapGlyph::new(16577, 14, 8, 0, 11, 14),
    BitmapGlyph::new(16591, 21, 8, 0, 11, 21),
    BitmapGlyph::new(16612, 12, 9, 0, 30, 13),
    BitmapGlyph::new(16626, 8, 12, 1, 18, 10),
    BitmapGlyph::new(16638, 8, 12, 1, 18, 10),
    BitmapGlyph::new(16650, 21, 22, 1, 10, 22),
    BitmapGlyph::new(16708, 18, 25, 1, 9, 20),
    BitmapGlyph::new(16765, 18, 23, 1, 10, 20),
    BitmapGlyph::new(16817, 16, 21, 0, 11, 16),
    BitmapGlyph::new(16859, 16, 23, 0, 10, 16),
    BitmapGlyph::new(16905, 29, 24, 0, 12, 29),
    BitmapGlyph::new(16992, 23, 21, 0, 11, 23),
    BitmapGlyph::new(17053, 26, 22, 0, 11, 26),
    BitmapGlyph::new(17125, 33, 22, 0, 11, 34),
    BitmapGlyph::new(17216, 33, 21, -1, 11, 31),
    BitmapGlyph::new(17303, 22, 18, 2, 14, 26),
    BitmapGlyph::new(17353, 18, 28, 1, 9, 19),
    BitmapGlyph::new(17416, 16, 23, 0, 10, 16),
    BitmapGlyph::new(17462, 22, 21, 0, 11, 21),
    BitmapGlyph::new(17520, 19, 21, 0, 11, 19),
    BitmapGlyph::new(17570, 32, 30, 0, 8, 32),
    BitmapGlyph::new(17690, 17, 29, 0, 10, 19),
    BitmapGlyph::new(17752, 19, 21, 0, 11, 19),
    BitmapGlyph::new(17802, 21, 26, 1, 9, 22),
    BitmapGlyph::new(17871, 22, 21, 0, 11, 22),
    BitmapGlyph::new(17929, 18, 23, -1, 10, 17),
    BitmapGlyph::new(17981, 18, 26, 1, 9, 20),
    BitmapGlyph::new(18040, 17, 22, 0, 11, 17),
    BitmapGlyph::new(18087, 16, 25, 0, 10, 16),
    BitmapGlyph::new(18137, 16, 21, 0, 11, 16),
    BitmapGlyph::new(18179, 15, 21, 1, 11, 16),
    BitmapGlyph::new(18219, 16, 21, 0, 11, 16),
    BitmapGlyph::new(18261, 18, 23, 0, 10, 19),
    BitmapGlyph::new(18313, 19, 20, 2, 12, 23),
    BitmapGlyph::new(18361, 17, 21, 0, 11, 17),
    BitmapGlyph::new(18406, 19, 23, 1, 9, 20),
    BitmapGlyph::new(18461, 15, 26, 1, 9, 16),
    BitmapGlyph::new(18510, 14, 22, 1, 16, 15),
    BitmapGlyph::new(18549, 13, 21, 2, 11, 17),
    BitmapGlyph::new(18584, 13, 21, 2, 11, 17),
    BitmapGlyph::new(18619, 13, 21, 2, 11, 17),
    BitmapGlyph::new(18654, 13, 21, 2, 11, 17),
    BitmapGlyph::new(18689, 13, 21, 2, 11, 17),
    BitmapGlyph::new(18724, 13, 21, 2, 11, 17),
    BitmapGlyph::new(18759, 13, 21, 2, 11, 17),
    BitmapGlyph::new(18794, 13, 21, 2, 11, 17),
    BitmapGlyph::new(18829, 13, 21, 2, 11, 17),
    BitmapGlyph::new(18864, 13, 21, 2, 11, 17),
    BitmapGlyph::new(18899, 13, 21, 2, 11, 17),
    BitmapGlyph::new(18934, 13, 21, 2, 11, 17),
    BitmapGlyph::new(18969, 13, 21, 2, 11, 17),
    BitmapGlyph::new(19004, 13, 21, 2, 11, 17),
    BitmapGlyph::new(19039, 13, 21, 2, 11, 17),
];

static NOTO_SERIF_14_BOLD_BITMAP: [u8; 19074] = [
    0xFB, 0xEF, 0xBE, 0xFB, 0xE7, 0x9C, 0x71, 0xC7, 0x1C, 0x71, 0xC0, 0x00, 0x23, 0xEF, 0xBE, 0x78,
    0x00, 0x79, 0xF7, 0x9F, 0x78, 0xF7, 0x8E, 0x38, 0xE3, 0x8E, 0x38, 0xE3, 0x0E, 0x00, 0x00, 0x03,
    0x8C, 0x03, 0x1C, 0x03, 0x1C, 0x03, 0x18, 0x03, 0x18, 0x07, 0x18, 0x3F, 0xFF, 0x3F, 0xFF, 0x06,
    0x30, 0x06, 0x30, 0x0E, 0x30, 0x0E, 0x30, 0x0C, 0x70, 0x7F, 0xFE, 0x7F, 0xFE, 0x1C, 0x60, 0x1C,
    0x60, 0x18, 0xE0, 0x18, 0xE0, 0x18, 0xC0, 0x18, 0xC0, 0x00, 0x00, 0x0C, 0x00, 0x30, 0x03, 0xF8,
    0x1F, 0xF8, 0xED, 0xE7, 0xB3, 0x9E, 0xCE, 0x7B, 0x01, 0xFC, 0x03, 0xF8, 0x0F, 0xF8, 0x0F, 0xF0,
    0x1F, 0xE0, 0x3F, 0xC8, 0xDF, 0x73, 0x3F, 0xCC, 0xF7, 0x33, 0xDE, 0xDE, 0x3F, 0xF0, 0x3F, 0x00,
    0x30, 0x00, 0xC0, 0x03, 0x00, 0x00, 0x00, 0x00, 0x00, 0x00, 0x07, 0xE0, 0x18, 0x03, 0xFC, 0x0E,
    0x00, 0xE3, 0x83, 0x00, 0x78, 0xE1, 0xC0, 0x1C, 0x38, 0x60, 0x07, 0x0F, 0x38, 0x01, 0xC3, 0xCC,
    0x00, 0x70, 0xF7, 0x00, 0x1E, 0x39, 0x8F, 0x07, 0x8E, 0xE7, 0xF0, 0xE7, 0xB3, 0x9E, 0x3F, 0xDD,
    0xE3, 0x83, 0xC7, 0x70, 0xE0, 0x03, 0x9C, 0x38, 0x00, 0xE7, 0x0F, 0x00, 0x31, 0xC3, 0xC0, 0x1C,
    0x70, 0xE0, 0x06, 0x1E, 0x38, 0x03, 0x83, 0x8E, 0x00, 0xC0, 0xF7, 0x00, 0x70, 0x1F, 0x80, 0x00,
    0x00, 0x00, 0x00, 0x00, 0x00, 0x1F, 0xE0, 0x00, 0xFF, 0xC0, 0x07, 0xC7, 0x00, 0x1E, 0x1E, 0x00,
    0x78, 0x78, 0x01, 0xE1, 0xC0, 0x07, 0xCF, 0x00, 0x0F, 0xF8, 0x00, 0x1F, 0xC7, 0xE0, 0x7E, 0x1F,
    0x87, 0xFC, 0x78, 0x3D, 0xF9, 0xC1, 0xE3, 0xE7, 0x0F, 0x87, 0xF8, 0x3E, 0x0F, 0xE0, 0xF8, 0x1F,
    0x83, 0xE0, 0x3E, 0x0F, 0x80, 0xFC, 0x1F, 0x07, 0xF8, 0x3F, 0xF9, 0xFC, 0x7F, 0xC3, 0xF0, 0x00,
    0x00, 0x00, 0x79, 0xE7, 0x9E, 0x38, 0xE3, 0x8C, 0x00, 0x00, 0x00, 0x70, 0x3C, 0x1C, 0x0F, 0x07,
    0x83, 0xE0, 0xF0, 0x7C, 0x1F, 0x07, 0xC1, 0xF0, 0x7C, 0x1E, 0x07, 0xC1, 0xF0, 0x7C, 0x1F, 0x07,
    0xC1, 0xF0, 0x3C, 0x0F, 0x81, 0xE0, 0x3C, 0x07, 0x80, 0xF0, 0x0C, 0x00, 0x00, 0x0C, 0x01, 0xE0,
    0x1E, 0x01, 0xE0, 0x1E, 0x03, 0xE0, 0x7C, 0x07, 0x80, 0xF8, 0x1F, 0x03, 0xE0, 0x7C, 0x0F, 0x81,
    0xF0, 0x3E, 0x07, 0xC0, 0xF8, 0x1F, 0x03, 0xC0, 0xF8, 0x1E, 0x07, 0xC0, 0xF0, 0x3C, 0x0E, 0x01,
    0x00, 0x00, 0x00, 0x00, 0x00, 0x38, 0x01, 0xC0, 0xCE, 0x6F, 0x6F, 0x7F, 0xF8, 0x3E, 0x0F, 0xFE,
    0xFE, 0xF3, 0x33, 0x91, 0xC0, 0x0E, 0x00, 0x70, 0x00, 0x03, 0x00, 0x0C, 0x00, 0x30, 0x00, 0xC0,
    0x03, 0x01, 0xFF, 0xE7, 0xFF, 0xDF, 0xFF, 0x03, 0x00, 0x0C, 0x00, 0x30, 0x00, 0xC0, 0x03, 0x00,
    0x21, 0xE7, 0x9F, 0x3C, 0x63, 0x9C, 0xE0, 0x00, 0x7F, 0x3F, 0x9F, 0xCF, 0xE0, 0x11, 0xE7, 0xDF,
    0x78, 0x00, 0x00, 0x01, 0x80, 0xC0, 0x60, 0x70, 0x30, 0x18, 0x0C, 0x0E, 0x06, 0x03, 0x01, 0x81,
    0xC0, 0xC0, 0x60, 0x30, 0x38, 0x18, 0x0C, 0x06, 0x07, 0x03, 0x01, 0x80, 0xC0, 0xE0, 0x60, 0x30,
    0x00, 0x00, 0x00, 0x1F, 0xC0, 0x7F, 0xC1, 0xE3, 0xC7, 0x87, 0x8F, 0x0F, 0xBE, 0x1F, 0x7C, 0x1E,
    0xF8, 0x3D, 0xF0, 0x7B, 0xE0, 0xFF, 0xC1, 0xFF, 0x83, 0xFF, 0x07, 0xBE, 0x0F, 0x7C, 0x1E, 0xF8,
    0x7C, 0xF0, 0xF9, 0xE1, 0xE1, 0xE3, 0xC3, 0xFF, 0x01, 0xFC, 0x00, 0x00, 0x00, 0x03, 0xC0, 0x1F,
    0x01, 0xFC, 0x1F, 0xF0, 0xFB, 0xC1, 0x8F, 0x00, 0x3C, 0x00, 0xF0, 0x03, 0xC0, 0x0F, 0x00, 0x3C,
    0x00, 0xF0, 0x03, 0xC0, 0x0F, 0x00, 0x3C, 0x00, 0xF0, 0x03, 0xC0, 0x0F, 0x00, 0x7C, 0x0F, 0xFF,
    0x7F, 0xFC, 0x00, 0x00, 0x3F, 0xC1, 0xFF, 0xC3, 0xC7, 0xCF, 0x87, 0x9E, 0x0F, 0x9C, 0x1F, 0x18,
    0x3C, 0x00, 0x78, 0x01, 0xF0, 0x03, 0xC0, 0x0F, 0x00, 0x3C, 0x00, 0xF0, 0x03, 0xC0, 0x07, 0x00,
    0x1C, 0x0C, 0x70, 0x19, 0xC0, 0x77, 0xFF, 0xEF, 0xFF, 0xDF, 0xFF, 0x80, 0x00, 0x00, 0x3F, 0xC1,
    0xFF, 0xC3, 0xC7, 0xCF, 0x07, 0x9E, 0x0F, 0x9C, 0x1F, 0x00, 0x3C, 0x00, 0xF8, 0x01, 0xE0, 0x3F,
    0x00, 0xFF, 0x00, 0x1F, 0x80, 0x0F, 0x80, 0x1F, 0x00, 0x1E, 0x40, 0x3D, 0xC0, 0xFB, 0x81, 0xF7,
    0x87, 0xC7, 0xFF, 0x07, 0xFC, 0x00, 0x00, 0x00, 0x00, 0xF8, 0x00, 0xF8, 0x01, 0xF8, 0x01, 0xF8,
    0x03, 0xF8, 0x07, 0xF8, 0x06, 0xF8, 0x0C, 0xF8, 0x0C, 0xF8, 0x18, 0xF8, 0x38, 0xF8, 0x30, 0xF8,
    0x70, 0xF8, 0x60, 0xF8, 0xFF, 0xFF, 0x7F, 0xFF, 0x00, 0xF8, 0x00, 0xF8, 0x00, 0xF8, 0x03, 0xFE,
    0x07, 0xFF, 0x3F, 0xF8, 0xFF, 0xE3, 0xFF, 0x8F, 0xFE, 0x70, 0x19, 0xC0, 0x26, 0x00, 0x18, 0x00,
    0x7F, 0x81, 0xFF, 0x87, 0x3F, 0x80, 0x3E, 0x00, 0x7C, 0x01, 0xF0, 0x07, 0xC0, 0x1F, 0x60, 0x7F,
    0x81, 0xEF, 0x0F, 0x9F, 0xFC, 0x3F, 0xC0, 0x00, 0x00, 0x00, 0x00, 0x0F, 0xE0, 0x3F, 0xE0, 0xF1,
    0xE3, 0xC3, 0xCF, 0x07, 0x1E, 0x00, 0x3C, 0x00, 0x78, 0x01, 0xF7, 0xC3, 0xFF, 0xE7, 0xE3, 0xCF,
    0x83, 0xDF, 0x07, 0xBE, 0x0F, 0x3C, 0x1E, 0x78, 0x3C, 0xF0, 0x79, 0xF0, 0xF1, 0xE3, 0xC1, 0xFF,
    0x81, 0xFC, 0x00, 0x00, 0x00, 0x7F, 0xFD, 0xFF, 0xFB, 0xFF, 0xF7, 0xFF, 0xEE, 0x03, 0x98, 0x0F,
    0x00, 0x1C, 0x00, 0x78, 0x00, 0xF0, 0x01, 0xC0, 0x07, 0x80, 0x0E, 0x00, 0x3C, 0x00, 0x78, 0x01,
    0xE0, 0x03, 0xC0, 0x07, 0x00, 0x1E, 0x00, 0x3C, 0x00, 0xF0, 0x01, 0xE0, 0x00, 0x00, 0x00, 0x07,
    0xF0, 0x1F, 0xF8, 0x3E, 0x3C, 0x3C, 0x1E, 0x3C, 0x1E, 0x3C, 0x1E, 0x3C, 0x1E, 0x3E, 0x3C, 0x1F,
    0xF8, 0x0F, 0xE0, 0x07, 0xF8, 0x1F, 0xFC, 0x3C, 0x7E, 0x78, 0x3E, 0x78, 0x1F, 0x78, 0x1F, 0x78,
    0x1F, 0x78, 0x1E, 0x3C, 0x3E, 0x3F, 0xFC, 0x0F, 0xF0, 0x00, 0x00, 0x00, 0x00, 0x1F, 0x80, 0xFF,
    0x83, 0xE7, 0x87, 0x87, 0x9F, 0x0F, 0x3C, 0x0F, 0x78, 0x1E, 0xF0, 0x3D, 0xF0, 0x7B, 0xE0, 0xF3,
    0xE7, 0xE3, 0xFF, 0xC3, 0xE7, 0x80, 0x0F, 0x00, 0x1E, 0x00, 0x78, 0x40, 0xF1, 0x81, 0xE3, 0x87,
    0x87, 0xFE, 0x07, 0xF8, 0x00, 0x00, 0x00, 0x77, 0xFF, 0xF7, 0x00, 0x00, 0x00, 0x00, 0x4F, 0xFF,
    0xFE, 0x00, 0x39, 0xF7, 0xDF, 0x38, 0x00, 0x00, 0x00, 0x00, 0x04, 0x79, 0xF7, 0xCF, 0x1C, 0x67,
    0x38, 0x00, 0x00, 0x00, 0x00, 0x30, 0x01, 0xC0, 0x1E, 0x01, 0xF0, 0x1F, 0x01, 0xF0, 0x1F, 0x00,
    0x78, 0x01, 0xF0, 0x01, 0xF0, 0x01, 0xF0, 0x01, 0xE0, 0x01, 0xE0, 0x03, 0xC0, 0x03, 0x00, 0x00,
    0x7F, 0xF9, 0xFF, 0xF7, 0xFF, 0xC0, 0x00, 0x00, 0x00, 0x00, 0x07, 0xFF, 0x9F, 0xFF, 0x7F, 0xFC,
    0x00, 0x01, 0x00, 0x07, 0x00, 0x1F, 0x00, 0x1F, 0x00, 0x1E, 0x00, 0x3E, 0x00, 0x3E, 0x00, 0x3C,
    0x01, 0xE0, 0x1E, 0x01, 0xF0, 0x1F, 0x01, 0xF0, 0x07, 0x00, 0x10, 0x00, 0x00, 0x00, 0x00, 0x00,
    0xFF, 0x07, 0xFF, 0x3E, 0x3E, 0xF8, 0x79, 0xC1, 0xE0, 0x07, 0xC0, 0x3E, 0x00, 0xF8, 0x03, 0xE0,
    0x1F, 0x01, 0xF0, 0x07, 0x00, 0x1C, 0x00, 0x60, 0x00, 0x00, 0x00, 0x00, 0x08, 0x00, 0xF0, 0x03,
    0xE0, 0x0F, 0x80, 0x3C, 0x00, 0x00, 0x00, 0x00, 0x1F, 0xC0, 0x00, 0x7F, 0xF8, 0x00, 0xF8, 0x0F,
    0x00, 0xF0, 0x01, 0xC0, 0xE0, 0x00, 0x60, 0xE0, 0x30, 0x38, 0x70, 0xFF, 0x8C, 0x70, 0xF3, 0xC6,
    0x38, 0xF1, 0xE3, 0xB8, 0xF0, 0xF1, 0xDC, 0x78, 0x70, 0xEE, 0x38, 0x38, 0x77, 0x3C, 0x1C, 0x33,
    0x1E, 0x1E, 0x19, 0x8F, 0x0F, 0x0C, 0xE7, 0x87, 0x8C, 0x71, 0xE7, 0xCE, 0x38, 0x7E, 0x7E, 0x1C,
    0x1E, 0x1C, 0x07, 0x00, 0x00, 0x03, 0x80, 0x00, 0x00, 0xE0, 0x00, 0x40, 0x3C, 0x00, 0xE0, 0x0F,
    0xFF, 0xC0, 0x00, 0xFF, 0x80, 0x00, 0x00, 0x00, 0x00, 0x00, 0x78, 0x00, 0x01, 0xF0, 0x00, 0x0F,
    0xC0, 0x00, 0x3F, 0x00, 0x01, 0xFE, 0x00, 0x06, 0x78, 0x00, 0x19, 0xF0, 0x00, 0xE7, 0xC0, 0x03,
    0x1F, 0x00, 0x0C, 0x3E, 0x00, 0x70, 0xF8, 0x01, 0x83, 0xE0, 0x0F, 0xFF, 0xC0, 0x3F, 0xFF, 0x00,
    0xC0, 0x7C, 0x07, 0x00, 0xF8, 0x1C, 0x03, 0xE0, 0x60, 0x0F, 0x83, 0x80, 0x1F, 0x3F, 0xC1, 0xFF,
    0xFF, 0x0F, 0xFC, 0x7F, 0xFC, 0x0F, 0xFF, 0xE0, 0x7C, 0x7E, 0x0F, 0x87, 0xC1, 0xF0, 0x7C, 0x3E,
    0x0F, 0x87, 0xC1, 0xF0, 0xF8, 0x7C, 0x1F, 0x0F, 0x83, 0xFF, 0xC0, 0x7F, 0xFC, 0x0F, 0x87, 0xC1,
    0xF0, 0x7C, 0x3E, 0x0F, 0x87, 0xC1, 0xF8, 0xF8, 0x1F, 0x1F, 0x07, 0xE3, 0xE0, 0xF8, 0x7C, 0x3F,
    0x3F, 0xFF, 0xC7, 0xFF, 0xE0, 0x00, 0x00, 0x00, 0xFF, 0x80, 0x7F, 0xF8, 0x7C, 0x3E, 0x1E, 0x07,
    0x8F, 0x81, 0xE7, 0xC0, 0x31, 0xF0, 0x00, 0x7C, 0x00, 0x1F, 0x00, 0x07, 0xC0, 0x03, 0xF0, 0x00,
    0x7C, 0x00, 0x1F, 0x00, 0x07, 0xC0, 0x01, 0xF0, 0x00, 0x7C, 0x00, 0x0F, 0x80, 0x23, 0xE0, 0x18,
    0x7E, 0x1E, 0x0F, 0xFF, 0x80, 0xFF, 0x80, 0x00, 0x00, 0x7F, 0xFC, 0x03, 0xFF, 0xFC, 0x07, 0xC3,
    0xF0, 0x3E, 0x07, 0xC1, 0xF0, 0x3F, 0x0F, 0x80, 0xF8, 0x7C, 0x07, 0xC3, 0xE0, 0x1F, 0x1F, 0x00,
    0xF8, 0xF8, 0x07, 0xC7, 0xC0, 0x3E, 0x3E, 0x01, 0xF1, 0xF0, 0x0F, 0x8F, 0x80, 0xFC, 0x7C, 0x07,
    0xC3, 0xE0, 0x3E, 0x1F, 0x03, 0xE0, 0xF8, 0x1F, 0x07, 0xC3, 0xF0, 0xFF, 0xFF, 0x07, 0xFF, 0xE0,
    0x00, 0x7F, 0xFF, 0x8F, 0xFF, 0xF0, 0x7C, 0x0E, 0x0F, 0x80, 0xC1, 0xF0, 0x18, 0x3E, 0x03, 0x07,
    0xC0, 0x00, 0xF8, 0x00, 0x1F, 0x00, 0x03, 0xFF, 0xC0, 0x7F, 0xF8, 0x0F, 0x80, 0x01, 0xF0, 0x00,
    0x3E, 0x00, 0x07, 0xC0, 0x00, 0xF8, 0x02, 0x1F, 0x00, 0xC3, 0xE0, 0x18, 0x7C, 0x07, 0x3F, 0xFF,
    0xE7, 0xFF, 0xFC, 0x7F, 0xFF, 0x9F, 0xFF, 0xE1, 0xF0, 0x38, 0x7C, 0x06, 0x1F, 0x01, 0x87, 0xC0,
    0x61, 0xF0, 0x00, 0x7C, 0x00, 0x1F, 0x00, 0x07, 0xC0, 0x01, 0xFF, 0xE0, 0x7F, 0xF8, 0x1F, 0x00,
    0x07, 0xC0, 0x01, 0xF0, 0x00, 0x7C, 0x00, 0x1F, 0x00, 0x07, 0xC0, 0x01, 0xF0, 0x01, 0xFF, 0x80,
    0x7F, 0xF0, 0x00, 0x00, 0x00, 0x00, 0x0F, 0xF8, 0x01, 0xFF, 0xF0, 0x1F, 0x07, 0xC1, 0xE0, 0x3E,
    0x1F, 0x00, 0xE1, 0xF0, 0x06, 0x0F, 0x80, 0x00, 0x7C, 0x00, 0x03, 0xE0, 0x00, 0x1F, 0x00, 0x01,
    0xF8, 0x00, 0x07, 0xC1, 0xFF, 0xBE, 0x0F, 0xF9, 0xF0, 0x1F, 0x8F, 0x80, 0x7C, 0x7C, 0x03, 0xE1,
    0xF0, 0x1F, 0x0F, 0x80, 0xF8, 0x3F, 0x07, 0xC0, 0xFF, 0xFE, 0x01, 0xFF, 0xC0, 0x00, 0x00, 0x00,
    0x7F, 0xE7, 0xFE, 0x7F, 0xE7, 0xFE, 0x1F, 0x01, 0xF8, 0x1F, 0x00, 0xF0, 0x1F, 0x00, 0xF0, 0x1F,
    0x00, 0xF0, 0x1F, 0x00, 0xF0, 0x1F, 0x00, 0xF0, 0x1F, 0x00, 0xF0, 0x1F, 0xFF, 0xF0, 0x1F, 0xFF,
    0xF0, 0x1F, 0x00, 0xF0, 0x1F, 0x00, 0xF0, 0x1F, 0x00, 0xF0, 0x1F, 0x00, 0xF0, 0x1F, 0x00, 0xF0,
    0x1F, 0x00, 0xF0, 0x1F, 0x00, 0xF0, 0x1F, 0x01, 0xF8, 0x7F, 0xC3, 0xFE, 0x7F, 0xE7, 0xFE, 0x7F,
    0xEF, 0xFC, 0x7E, 0x0F, 0x81, 0xF0, 0x3E, 0x07, 0xC0, 0xF8, 0x1F, 0x03, 0xE0, 0x7C, 0x0F, 0x81,
    0xF0, 0x3E, 0x07, 0xC0, 0xF8, 0x1F, 0x03, 0xE0, 0x7C, 0x3F, 0xF7, 0xFE, 0x3F, 0xF3, 0xFF, 0x0F,
    0xC0, 0xF8, 0x0F, 0x80, 0xF8, 0x0F, 0x80, 0xF8, 0x0F, 0x80, 0xF8, 0x0F, 0x80, 0xF8, 0x0F, 0x80,
    0xF8, 0x0F, 0x80, 0xF8, 0x0F, 0x80, 0xF8, 0x0F, 0x80, 0xF8, 0x0F, 0x80, 0xF8, 0x0F, 0x80, 0xF8,
    0x0F, 0x81, 0xF0, 0xFE, 0x0F, 0x80, 0x7F, 0xE7, 0xF9, 0xFF, 0x9F, 0xE1, 0xF0, 0x3C, 0x07, 0xC0,
    0xE0, 0x1F, 0x07, 0x00, 0x7C, 0x18, 0x01, 0xF0, 0xC0, 0x07, 0xC7, 0x00, 0x1F, 0x38, 0x00, 0x7D,
    0xE0, 0x01, 0xFF, 0xC0, 0x07, 0xFF, 0x80, 0x1F, 0xBE, 0x00, 0x7C, 0xFC, 0x01, 0xF1, 0xF0, 0x07,
    0xC3, 0xE0, 0x1F, 0x0F, 0xC0, 0x7C, 0x1F, 0x01, 0xF0, 0x7E, 0x1F, 0xF8, 0xFE, 0x7F, 0xE1, 0xFC,
    0x7F, 0xE0, 0x0F, 0xFC, 0x00, 0x7C, 0x00, 0x0F, 0x80, 0x01, 0xF0, 0x00, 0x3E, 0x00, 0x07, 0xC0,
    0x00, 0xF8, 0x00, 0x1F, 0x00, 0x03, 0xE0, 0x00, 0x7C, 0x00, 0x0F, 0x80, 0x01, 0xF0, 0x00, 0x3E,
    0x00, 0x07, 0xC0, 0x10, 0xF8, 0x06, 0x1F, 0x00, 0xC3, 0xE0, 0x18, 0x7C, 0x07, 0x3F, 0xFF, 0xE7,
    0xFF, 0xFC, 0x7F, 0x80, 0x1F, 0xEF, 0xF8, 0x07, 0xFC, 0x7F, 0x00, 0xFE, 0x0F, 0xE0, 0x3F, 0x81,
    0xFE, 0x07, 0xF0, 0x3F, 0xC0, 0xDE, 0x07, 0x7C, 0x3B, 0xC0, 0xEF, 0x86, 0x78, 0x1D, 0xF0, 0xCF,
    0x03, 0x9F, 0x39, 0xE0, 0x73, 0xE6, 0x3C, 0x0E, 0x7C, 0xC7, 0x81, 0xC7, 0xD8, 0xF0, 0x38, 0xFE,
    0x1E, 0x07, 0x0F, 0xC3, 0xC0, 0xE1, 0xF8, 0x78, 0x1C, 0x3E, 0x0F, 0x03, 0x83, 0xC1, 0xE0, 0x70,
    0x78, 0x7E, 0x3F, 0x8E, 0x1F, 0xF7, 0xF0, 0xC7, 0xFE, 0x7F, 0x01, 0xFE, 0xFE, 0x03, 0xF8, 0x7E,
    0x01, 0xC0, 0xFE, 0x03, 0x81, 0xFE, 0x07, 0x03, 0xFC, 0x0E, 0x07, 0x7C, 0x1C, 0x0E, 0xFC, 0x38,
    0x1C, 0xF8, 0x70, 0x38, 0xF8, 0xE0, 0x70, 0xF9, 0xC0, 0xE1, 0xF3, 0x81, 0xC1, 0xF7, 0x03, 0x81,
    0xFE, 0x07, 0x03, 0xFC, 0x0E, 0x03, 0xF8, 0x1C, 0x03, 0xF0, 0x38, 0x07, 0xE0, 0x70, 0x07, 0xC3,
    0xF8, 0x07, 0x87, 0xF8, 0x07, 0x00, 0x00, 0x00, 0x00, 0x1F, 0xF0, 0x03, 0xFF, 0xE0, 0x3E, 0x0F,
    0x83, 0xE0, 0x3E, 0x1F, 0x01, 0xF1, 0xF0, 0x07, 0xCF, 0x80, 0x3E, 0x7C, 0x01, 0xF3, 0xE0, 0x0F,
    0x9F, 0x00, 0x7D, 0xF8, 0x03, 0xE7, 0xC0, 0x1F, 0x3E, 0x00, 0xF9, 0xF0, 0x07, 0xCF, 0x80, 0x3E,
    0x7C, 0x01, 0xF1, 0xF0, 0x1F, 0x0F, 0x80, 0xF8, 0x3E, 0x0F, 0x80, 0xFF, 0xF8, 0x01, 0xFF, 0x00,
    0x00, 0x00, 0x00, 0x7F, 0xFC, 0x0F, 0xFF, 0xE0, 0x7C, 0x3E, 0x0F, 0x83, 0xE1, 0xF0, 0x7C, 0x3E,
    0x0F, 0x87, 0xC1, 0xF0, 0xF8, 0x3E, 0x1F, 0x07, 0xC3, 0xE0, 0xF0, 0x7C, 0x3E, 0x0F, 0xFF, 0x81,
    0xFF, 0xC0, 0x3E, 0x00, 0x07, 0xC0, 0x00, 0xF8, 0x00, 0x1F, 0x00, 0x03, 0xE0, 0x00, 0x7C, 0x00,
    0x3F, 0xF0, 0x07, 0xFF, 0x00, 0x00, 0x00, 0x00, 0x1F, 0xF0, 0x03, 0xFF, 0xE0, 0x3E, 0x0F, 0x83,
    0xE0, 0x3E, 0x1F, 0x01, 0xF1, 0xF0, 0x07, 0xCF, 0x80, 0x3E, 0x7C, 0x01, 0xF3, 0xE0, 0x0F, 0x9F,
    0x00, 0x7D, 0xF8, 0x03, 0xE7, 0xC0, 0x1F, 0x3E, 0x00, 0xF9, 0xF0, 0x07, 0xCF, 0x80, 0x3E, 0x7C,
    0x01, 0xF1, 0xF0, 0x1F, 0x0F, 0x80, 0xF8, 0x3E, 0x0F, 0x80, 0xFF, 0xF8, 0x01, 0xFF, 0x00, 0x03,
    0xE0, 0x00, 0x1F, 0x80, 0x00, 0x7C, 0x00, 0x03, 0xE0, 0x00, 0x0F, 0x80, 0x00, 0x3F, 0x80, 0x00,
    0x7C, 0x00, 0x7F, 0xFC, 0x03, 0xFF, 0xFC, 0x07, 0xC3, 0xF0, 0x3E, 0x0F, 0x81, 0xF0, 0x7C, 0x0F,
    0x83, 0xF0, 0x7C, 0x1F, 0x83, 0xE0, 0xF8, 0x1F, 0x07, 0xC0, 0xF8, 0x7C, 0x07, 0xFF, 0xC0, 0x3F,
    0xFC, 0x01, 0xF3, 0xE0, 0x0F, 0x8F, 0x80, 0x7C, 0x7C, 0x03, 0xE1, 0xF0, 0x1F, 0x0F, 0xC0, 0xF8,
    0x3E, 0x07, 0xC1, 0xF8, 0xFF, 0x87, 0xF7, 0xFE, 0x0F, 0x80, 0x00, 0x00, 0x07, 0xF8, 0x1F, 0xFC,
    0x3C, 0x3E, 0x3C, 0x1E, 0x78, 0x1E, 0x7C, 0x08, 0x7C, 0x00, 0x3F, 0x00, 0x3F, 0xC0, 0x1F, 0xF0,
    0x0F, 0xFC, 0x07, 0xFE, 0x00, 0xFE, 0x00, 0x3F, 0x10, 0x1F, 0x70, 0x0F, 0x78, 0x0F, 0x78, 0x0E,
    0x7C, 0x1E, 0x3F, 0xFC, 0x1F, 0xF0, 0x00, 0x00, 0xFF, 0xFF, 0xFF, 0xFF, 0xFF, 0x87, 0xC3, 0xF0,
    0xF8, 0x7E, 0x1F, 0x07, 0x83, 0xE0, 0xC0, 0x7C, 0x00, 0x0F, 0x80, 0x01, 0xF0, 0x00, 0x3E, 0x00,
    0x07, 0xC0, 0x00, 0xF8, 0x00, 0x1F, 0x00, 0x03, 0xE0, 0x00, 0x7C, 0x00, 0x0F, 0x80, 0x01, 0xF0,
    0x00, 0x3E, 0x00, 0x07, 0xC0, 0x07, 0xFF, 0x00, 0xFF, 0xE0, 0xFF, 0xE3, 0xFB, 0xFF, 0x8F, 0xE1,
    0xF0, 0x0E, 0x07, 0xC0, 0x38, 0x1F, 0x00, 0xE0, 0x7C, 0x03, 0x81, 0xF0, 0x0E, 0x07, 0xC0, 0x38,
    0x1F, 0x00, 0xE0, 0x7C, 0x03, 0x81, 0xF0, 0x0E, 0x07, 0xC0, 0x38, 0x1F, 0x00, 0xE0, 0x7C, 0x03,
    0x81, 0xF0, 0x0E, 0x07, 0xC0, 0x38, 0x1F, 0x00, 0xE0, 0x3E, 0x03, 0x00, 0xFC, 0x1C, 0x01, 0xFF,
    0xE0, 0x03, 0xFF, 0x00, 0x00, 0x00, 0x00, 0xFF, 0xC7, 0xF7, 0xFC, 0x3F, 0x8F, 0x80, 0x70, 0x7C,
    0x03, 0x81, 0xF0, 0x18, 0x0F, 0x80, 0xC0, 0x3C, 0x0E, 0x01, 0xF0, 0x60, 0x0F, 0x83, 0x00, 0x3C,
    0x38, 0x01, 0xF1, 0x80, 0x0F, 0x8C, 0x00, 0x3C, 0xE0, 0x01, 0xF6, 0x00, 0x0F, 0xB0, 0x00, 0x3F,
    0x80, 0x01, 0xF8, 0x00, 0x0F, 0xC0, 0x00, 0x3E, 0x00, 0x01, 0xE0, 0x00, 0x0F, 0x00, 0x00, 0xFF,
    0xC1, 0xC1, 0xFE, 0xFF, 0xC1, 0xC0, 0xFE, 0x3F, 0x01, 0xE0, 0x38, 0x3E, 0x03, 0xE0, 0x38, 0x1F,
    0x03, 0xE0, 0x30, 0x1F, 0x03, 0xF0, 0x70, 0x1F, 0x07, 0xF0, 0x70, 0x0F, 0x87, 0xF0, 0x70, 0x0F,
    0x86, 0xF8, 0x60, 0x0F, 0x86, 0xF8, 0xE0, 0x0F, 0x8E, 0x78, 0xE0, 0x07, 0xCC, 0x7C, 0xC0, 0x07,
    0xCC, 0x7C, 0xC0, 0x07, 0xDC, 0x3C, 0xC0, 0x03, 0xFC, 0x3F, 0xC0, 0x03, 0xF8, 0x3F, 0x80, 0x03,
    0xF8, 0x1F, 0x80, 0x01, 0xF8, 0x1F, 0x80, 0x01, 0xF0, 0x1F, 0x80, 0x01, 0xF0, 0x0F, 0x00, 0x00,
    0xF0, 0x0F, 0x00, 0x7F, 0xE7, 0xF1, 0xFF, 0x8F, 0xC1, 0xF8, 0x1C, 0x03, 0xE0, 0x70, 0x0F, 0xC3,
    0x80, 0x1F, 0x0C, 0x00, 0x3E, 0x60, 0x00, 0xFF, 0x80, 0x01, 0xFC, 0x00, 0x03, 0xE0, 0x00, 0x0F,
    0xC0, 0x00, 0x3F, 0x00, 0x01, 0xFE, 0x00, 0x0E, 0xFC, 0x00, 0x31, 0xF0, 0x01, 0xC3, 0xE0, 0x0E,
    0x0F, 0xC0, 0x70, 0x1F, 0x03, 0xC0, 0x7E, 0x3F, 0x83, 0xFE, 0xFF, 0x1F, 0xF8, 0xFF, 0xC7, 0xF7,
    0xFE, 0x3F, 0x8F, 0xC0, 0x78, 0x7E, 0x03, 0x81, 0xF0, 0x18, 0x07, 0xC1, 0xC0, 0x3E, 0x0C, 0x00,
    0xF8, 0xE0, 0x07, 0xC6, 0x00, 0x1F, 0x70, 0x00, 0xFB, 0x00, 0x03, 0xF8, 0x00, 0x1F, 0x80, 0x00,
    0x7C, 0x00, 0x03, 0xE0, 0x00, 0x1F, 0x00, 0x00, 0xF8, 0x00, 0x07, 0xC0, 0x00, 0x3E, 0x00, 0x0F,
    0xFC, 0x00, 0x7F, 0xF0, 0x00, 0x7F, 0xFF, 0x9F, 0xFF, 0xE7, 0x01, 0xF1, 0x80, 0xF8, 0x60, 0x7E,
    0x18, 0x1F, 0x00, 0x0F, 0xC0, 0x03, 0xE0, 0x01, 0xF0, 0x00, 0xFC, 0x00, 0x3E, 0x00, 0x1F, 0x00,
    0x0F, 0xC0, 0x03, 0xE0, 0x01, 0xF8, 0x00, 0x7C, 0x06, 0x3E, 0x01, 0x9F, 0x80, 0xE7, 0xC0, 0x3B,
    0xFF, 0xFE, 0xFF, 0xFF, 0x80, 0x00, 0x1F, 0xE7, 0xF9, 0xF0, 0x7C, 0x1F, 0x07, 0xC1, 0xF0, 0x7C,
    0x1F, 0x07, 0xC1, 0xF0, 0x7C, 0x1F, 0x07, 0xC1, 0xF0, 0x7C, 0x1F, 0x07, 0xC1, 0xF0, 0x7C, 0x1F,
    0x07, 0xC1, 0xF0, 0x7C, 0x1F, 0xE7, 0xF8, 0x00, 0x60, 0x38, 0x0C, 0x06, 0x03, 0x01, 0xC0, 0x60,
    0x30, 0x18, 0x0E, 0x07, 0x01, 0x80, 0xC0, 0x70, 0x38, 0x0C, 0x06, 0x03, 0x81, 0xC0, 0x60, 0x30,
    0x1C, 0x0E, 0x03, 0x01, 0x80, 0xC0, 0x00, 0x7F, 0x9F, 0xC3, 0xE0, 0xF0, 0x78, 0x3C, 0x1E, 0x0F,
    0x07, 0x83, 0xC1, 0xE0, 0xF0, 0x78, 0x3C, 0x1E, 0x0F, 0x07, 0x83, 0xC1, 0xE0, 0xF0, 0x78, 0x3C,
    0x1E, 0x1F, 0x7F, 0xBF, 0xC0, 0x03, 0x00, 0x0E, 0x00, 0x78, 0x01, 0xE0, 0x0E, 0xC0, 0x33, 0x01,
    0xCE, 0x06, 0x18, 0x38, 0x70, 0xC0, 0xC3, 0x03, 0x9C, 0x06, 0x60, 0x1C, 0x00, 0x00, 0x7F, 0xFC,
    0xFF, 0xFC, 0x00, 0x00, 0x00, 0x78, 0x3C, 0x1E, 0x0E, 0x00, 0x00, 0x00, 0x1F, 0xE0, 0x3F, 0xF8,
    0x7C, 0x78, 0x38, 0x7C, 0x38, 0x7C, 0x00, 0x7C, 0x00, 0x7C, 0x1F, 0xFC, 0x7F, 0x7C, 0x78, 0x7C,
    0xF8, 0x7C, 0xF8, 0x7C, 0xF8, 0x7C, 0x78, 0xFC, 0x7F, 0xFE, 0x3F, 0x3F, 0x00, 0x00, 0x00, 0x00,
    0x3F, 0x80, 0x07, 0xE0, 0x00, 0x78, 0x00, 0x1E, 0x00, 0x07, 0x80, 0x01, 0xE0, 0x00, 0x79, 0xF0,
    0x1E, 0xFF, 0x07, 0xE7, 0xE1, 0xF0, 0xF8, 0x7C, 0x1E, 0x1F, 0x07, 0xC7, 0xC1, 0xF1, 0xE0, 0x7C,
    0x78, 0x1F, 0x1F, 0x07, 0xC7, 0xC1, 0xF1, 0xF0, 0x78, 0x7C, 0x3E, 0x1F, 0x8F, 0x9F, 0xBF, 0xCF,
    0xC7, 0xE0, 0x00, 0x00, 0x00, 0x00, 0x3F, 0x81, 0xFF, 0x8F, 0x1E, 0x7C, 0x79, 0xE1, 0xEF, 0x82,
    0x3E, 0x00, 0xF8, 0x03, 0xE0, 0x0F, 0x80, 0x3E, 0x00, 0x78, 0x01, 0xF0, 0x27, 0xE1, 0x8F, 0xFE,
    0x0F, 0xF0, 0x00, 0x00, 0x00, 0x00, 0x00, 0x3F, 0x80, 0x0F, 0xE0, 0x00, 0xF8, 0x00, 0x3E, 0x00,
    0x0F, 0x80, 0x03, 0xE0, 0x3E, 0xF8, 0x3F, 0xFE, 0x1F, 0x9F, 0x87, 0xC3, 0xE1, 0xE0, 0xF8, 0xF8,
    0x3E, 0x3E, 0x0F, 0x8F, 0x83, 0xE3, 0xE0, 0xF8, 0xF8, 0x3E, 0x3E, 0x0F, 0x87, 0x83, 0xE1, 0xF0,
    0xF8, 0x7C, 0x7E, 0x0F, 0xF7, 0xE1, 0xF9, 0xFC, 0x00, 0x00, 0x00, 0x00, 0x1F, 0xC0, 0x7F, 0xC1,
    0xE3, 0xC7, 0xC7, 0xCF, 0x07, 0x9E, 0x0F, 0x7C, 0x3F, 0xFF, 0xFF, 0xFF, 0xFB, 0xE0, 0x07, 0xC0,
    0x07, 0x80, 0x0F, 0x81, 0x8F, 0x87, 0x1F, 0xFC, 0x0F, 0xF0, 0x00, 0x00, 0x00, 0xE0, 0x1F, 0xE0,
    0xFB, 0xC3, 0xCF, 0x1F, 0x18, 0x7C, 0x01, 0xF0, 0x1F, 0xFC, 0x7F, 0xF0, 0x7C, 0x01, 0xF0, 0x07,
    0xC0, 0x1F, 0x00, 0x7C, 0x01, 0xF0, 0x07, 0xC0, 0x1F, 0x00, 0x7C, 0x01, 0xF0, 0x07, 0xC0, 0x1F,
    0x01, 0xFF, 0x8F, 0xFE, 0x00, 0x00, 0x07, 0x07, 0xFF, 0x87, 0xFF, 0xC7, 0x8F, 0x47, 0xC7, 0xC3,
    0xC1, 0xE1, 0xE0, 0xF0, 0xF0, 0xF8, 0x3C, 0x78, 0x1F, 0x7C, 0x07, 0xFC, 0x03, 0xF0, 0x03, 0x80,
    0x01, 0xC0, 0x00, 0xFF, 0xE0, 0x7F, 0xFC, 0x1F, 0xFE, 0x3F, 0xFF, 0x3C, 0x03, 0x9E, 0x01, 0xCF,
    0x01, 0xE7, 0xC1, 0xE1, 0xFF, 0xE0, 0x3F, 0xC0, 0x00, 0x00, 0x1F, 0xC0, 0x01, 0xF8, 0x00, 0x0F,
    0x00, 0x01, 0xE0, 0x00, 0x3C, 0x00, 0x07, 0x80, 0x00, 0xF3, 0xF0, 0x1F, 0xFF, 0x03, 0xFF, 0xE0,
    0x7C, 0x3E, 0x0F, 0x87, 0xC1, 0xF0, 0xF8, 0x3E, 0x1F, 0x07, 0xC3, 0xE0, 0xF8, 0x7C, 0x1F, 0x0F,
    0x83, 0xE1, 0xF0, 0x7C, 0x3E, 0x0F, 0x87, 0xC1, 0xF0, 0xF8, 0xFF, 0x1F, 0xFF, 0xF3, 0xF8, 0x0C,
    0x07, 0x83, 0xF0, 0x78, 0x0C, 0x00, 0x00, 0x01, 0xF8, 0xFE, 0x0F, 0x81, 0xE0, 0x78, 0x1E, 0x07,
    0x81, 0xE0, 0x78, 0x1E, 0x07, 0x81, 0xE0, 0x78, 0x1F, 0x1F, 0xFF, 0xFC, 0x06, 0x07, 0x87, 0xE1,
    0xE0, 0x60, 0x00, 0x00, 0x7E, 0x7F, 0x0F, 0x83, 0xC1, 0xE0, 0xF0, 0x78, 0x3C, 0x1E, 0x0F, 0x07,
    0x83, 0xC1, 0xE0, 0xF0, 0x78, 0x3C, 0x1E, 0x0F, 0x07, 0x87, 0xC7, 0xCF, 0xC7, 0xC0, 0x00, 0x00,
    0x1F, 0xC0, 0x01, 0xF8, 0x00, 0x0F, 0x00, 0x01, 0xE0, 0x00, 0x3C, 0x00, 0x07, 0x80, 0x00, 0xF1,
    0xFC, 0x1E, 0x3F, 0xC3, 0xC3, 0xE0, 0x78, 0x70, 0x0F, 0x1C, 0x01, 0xE7, 0x00, 0x3C, 0xE0, 0x07,
    0xFE, 0x00, 0xFF, 0xC0, 0x1F, 0x7C, 0x03, 0xCF, 0xC0, 0x78, 0xF8, 0x0F, 0x0F, 0x81, 0xF1, 0xF8,
    0xFF, 0x9F, 0xBF, 0xF0, 0xF8, 0x00, 0x3F, 0x87, 0xE0, 0x78, 0x1E, 0x07, 0x81, 0xE0, 0x78, 0x1E,
    0x07, 0x81, 0xE0, 0x78, 0x1E, 0x07, 0x81, 0xE0, 0x78, 0x1E, 0x07, 0x81, 0xE0, 0x78, 0x1F, 0x1F,
    0xFF, 0xFC, 0x00, 0x00, 0x00, 0x03, 0xF3, 0xF1, 0xF8, 0x1F, 0xBF, 0xDF, 0xE0, 0x7F, 0xFF, 0xFF,
    0x81, 0xF0, 0xFC, 0x7C, 0x0F, 0x87, 0xC3, 0xE0, 0x7C, 0x3E, 0x1F, 0x03, 0xC1, 0xF0, 0xF8, 0x1E,
    0x0F, 0x87, 0xC0, 0xF0, 0x7C, 0x3E, 0x07, 0x83, 0xE1, 0xF0, 0x3C, 0x1F, 0x0F, 0x81, 0xE0, 0xF8,
    0x7C, 0x0F, 0x07, 0xC3, 0xE0, 0x7C, 0x3E, 0x1F, 0x0F, 0xF1, 0xFC, 0xFE, 0xFF, 0xCF, 0xE7, 0xF0,
    0x00, 0x00, 0x0F, 0xCF, 0xC1, 0xFB, 0xFC, 0x1F, 0xFF, 0x81, 0xF0, 0xF8, 0x3E, 0x1F, 0x07, 0xC3,
    0xE0, 0xF8, 0x7C, 0x1F, 0x0F, 0x83, 0xE1, 0xF0, 0x7C, 0x3E, 0x0F, 0x87, 0xC1, 0xF0, 0xF8, 0x3E,
    0x1F, 0x07, 0xC3, 0xE3, 0xFC, 0x7F, 0xFF, 0xCF, 0xE0, 0x00, 0x00, 0x0F, 0xE0, 0x1F, 0xF8, 0x3C,
    0x7C, 0x7C, 0x3E, 0x78, 0x1E, 0xF8, 0x1E, 0xF8, 0x1F, 0xF8, 0x1F, 0xF8, 0x1F, 0xF8, 0x1F, 0xF8,
    0x1E, 0x78, 0x1E, 0x7C, 0x3E, 0x3C, 0x3C, 0x1F, 0xF8, 0x0F, 0xF0, 0x00, 0x00, 0x7C, 0x7C, 0x1F,
    0xBF, 0xC3, 0xFD, 0xF0, 0x7C, 0x3E, 0x1F, 0x0F, 0x87, 0xC1, 0xE1, 0xE0, 0x78, 0x78, 0x1F, 0x1E,
    0x07, 0xC7, 0x81, 0xF1, 0xE0, 0x78, 0x7C, 0x1E, 0x1F, 0x0F, 0x87, 0xE3, 0xE1, 0xFF, 0xF0, 0x7B,
    0xF8, 0x1E, 0x00, 0x07, 0x80, 0x01, 0xE0, 0x00, 0x78, 0x00, 0x3F, 0x00, 0x3F, 0xF0, 0x0F, 0xFC,
    0x00, 0x0F, 0x8F, 0x8F, 0xF7, 0xF7, 0xEF, 0xF1, 0xF0, 0xF8, 0x78, 0x3E, 0x3E, 0x0F, 0x8F, 0x83,
    0xE3, 0xE0, 0xF8, 0xF8, 0x3E, 0x3E, 0x0F, 0x8F, 0x83, 0xE1, 0xE0, 0xF8, 0x7C, 0x3E, 0x1F, 0x1F,
    0x83, 0xFF, 0xE0, 0x7E, 0xF8, 0x00, 0x3E, 0x00, 0x0F, 0x80, 0x03, 0xE0, 0x00, 0xF8, 0x00, 0x3F,
    0x00, 0x7F, 0xF0, 0x1F, 0xF8, 0x7E, 0x7C, 0xFD, 0xFC, 0xFF, 0xF8, 0xFC, 0xF1, 0xF1, 0xC3, 0xE0,
    0x07, 0xC0, 0x0F, 0x00, 0x1E, 0x00, 0x3C, 0x00, 0x78, 0x00, 0xF0, 0x01, 0xE0, 0x03, 0xE0, 0x1F,
    0xF0, 0x7F, 0xE0, 0x0F, 0xE0, 0xFF, 0xC3, 0x87, 0x1E, 0x1C, 0x78, 0x21, 0xF8, 0x07, 0xF8, 0x0F,
    0xF8, 0x1F, 0xF0, 0x1F, 0xE0, 0x0F, 0x9C, 0x1E, 0x70, 0x79, 0xC1, 0xE7, 0xFF, 0x0F, 0xF8, 0x00,
    0x00, 0x00, 0x00, 0xE0, 0x0E, 0x01, 0xE0, 0x3F, 0xEF, 0xFE, 0x3F, 0x01, 0xE0, 0x1E, 0x01, 0xE0,
    0x1E, 0x01, 0xE0, 0x1E, 0x01, 0xE0, 0x1E, 0x01, 0xE0, 0x1E, 0x01, 0xF0, 0x1F, 0xE0, 0xFE, 0x00,
    0x00, 0x7E, 0x3F, 0x0F, 0xC7, 0xF0, 0xF8, 0x3E, 0x0F, 0x07, 0xC1, 0xE0, 0xF8, 0x3C, 0x1F, 0x07,
    0x83, 0xE0, 0xF0, 0x7C, 0x1E, 0x0F, 0x83, 0xC1, 0xF0, 0x78, 0x3E, 0x0F, 0x07, 0xC1, 0xF1, 0xF8,
    0x3F, 0x7F, 0x03, 0xFF, 0xF8, 0x3F, 0x3F, 0x00, 0x00, 0x00, 0xFF, 0x9F, 0xFF, 0xE7, 0xF3, 0xE0,
    0x70, 0xF8, 0x1C, 0x1E, 0x06, 0x07, 0xC3, 0x81, 0xF0, 0xC0, 0x3C, 0x30, 0x0F, 0x9C, 0x03, 0xE6,
    0x00, 0x79, 0x80, 0x1F, 0xE0, 0x03, 0xF0, 0x00, 0xFC, 0x00, 0x3F, 0x00, 0x07, 0x80, 0x7F, 0x82,
    0x1F, 0xDF, 0xF1, 0xC7, 0xF3, 0xF0, 0x70, 0x70, 0x7C, 0x3E, 0x1C, 0x1F, 0x0F, 0x86, 0x03, 0xC3,
    0xE1, 0x80, 0xF1, 0xFC, 0x60, 0x3E, 0x6F, 0x38, 0x0F, 0x9B, 0xCC, 0x01, 0xEC, 0xF3, 0x00, 0x7B,
    0x1F, 0xC0, 0x1F, 0xC7, 0xE0, 0x03, 0xE1, 0xF8, 0x00, 0xF8, 0x3E, 0x00, 0x3E, 0x0F, 0x00, 0x07,
    0x03, 0xC0, 0x7F, 0xDF, 0xCF, 0xFB, 0xF8, 0x7E, 0x3C, 0x07, 0xC7, 0x00, 0xF8, 0xC0, 0x0F, 0xB0,
    0x00, 0xFE, 0x00, 0x0F, 0x80, 0x01, 0xF8, 0x00, 0x7F, 0x00, 0x1D, 0xF0, 0x03, 0x1F, 0x00, 0xC1,
    0xF0, 0x38, 0x3F, 0x1F, 0xCF, 0xF7, 0xFB, 0xFF, 0xFF, 0x1F, 0xFF, 0x8F, 0xDF, 0x83, 0xC7, 0xC1,
    0xC3, 0xE0, 0xE0, 0xF0, 0x60, 0x7C, 0x70, 0x1E, 0x30, 0x0F, 0x98, 0x07, 0xDC, 0x01, 0xEC, 0x00,
    0xFE, 0x00, 0x3F, 0x00, 0x1F, 0x00, 0x0F, 0x80, 0x03, 0x80, 0x01, 0xC0, 0x00, 0xE0, 0x00, 0xE0,
    0x00, 0xF0, 0x01, 0xF0, 0x03, 0xF0, 0x01, 0xE0, 0x00, 0x3F, 0xFC, 0xFF, 0xF9, 0xE3, 0xF3, 0x87,
    0xC6, 0x0F, 0x00, 0x3E, 0x00, 0xF8, 0x03, 0xE0, 0x07, 0xC0, 0x1F, 0x00, 0x7C, 0x00, 0xF0, 0x33,
    0xE0, 0xEF, 0x81, 0xDF, 0xFF, 0xFF, 0xFF, 0x00, 0x00, 0x1F, 0x81, 0xFC, 0x1F, 0x00, 0xF8, 0x07,
    0xC0, 0x3E, 0x01, 0xF0, 0x0F, 0x80, 0x7C, 0x03, 0xE0, 0x1F, 0x03, 0xF0, 0x3E, 0x01, 0xF8, 0x03,
    0xE0, 0x0F, 0x80, 0x7C, 0x03, 0xE0, 0x1F, 0x00, 0xF8, 0x07, 0xC0, 0x3E, 0x01, 0xF0, 0x07, 0xC0,
    0x3F, 0x80, 0x7C, 0x1B, 0x6D, 0xB6, 0xDB, 0x6D, 0xB6, 0xDB, 0x6D, 0xB6, 0xDB, 0x6D, 0x80, 0x00,
    0x03, 0xF0, 0x1F, 0xC0, 0x1F, 0x00, 0xF8, 0x07, 0xC0, 0x3E, 0x01, 0xF0, 0x0F, 0x80, 0x7C, 0x03,
    0xE0, 0x1F, 0x00, 0x7E, 0x00, 0xF8, 0x1F, 0xC1, 0xF0, 0x0F, 0x80, 0x7C, 0x03, 0xE0, 0x1F, 0x00,
    0xF8, 0x07, 0xC0, 0x3E, 0x01, 0xF0, 0x1F, 0x03, 0xF0, 0x1F, 0x00, 0x00, 0x00, 0x78, 0x19, 0xFC,
    0x33, 0x3C, 0xEE, 0x3F, 0xDC, 0x1F, 0x00, 0x00, 0x00, 0x73, 0xEF, 0xBE, 0x70, 0x00, 0x1C, 0x71,
    0xC7, 0x1C, 0x71, 0xC7, 0x1E, 0xFB, 0xEF, 0xBE, 0xF8, 0x00, 0x01, 0x80, 0x03, 0x00, 0x0F, 0x80,
    0xFF, 0xC3, 0xFF, 0xC7, 0xB7, 0x9F, 0x6F, 0x3C, 0xCC, 0x79, 0x80, 0xF3, 0x01, 0xE6, 0x03, 0xCC,
    0x07, 0x98, 0x0F, 0xB0, 0x1F, 0x61, 0x1F, 0xC6, 0x3F, 0xFC, 0x3F, 0xF0, 0x0F, 0x80, 0x0C, 0x00,
    0x18, 0x00, 0x00, 0x00, 0x07, 0xF8, 0x0F, 0xFC, 0x1E, 0x3E, 0x1E, 0x1E, 0x3E, 0x1C, 0x3E, 0x18,
    0x3E, 0x00, 0x1E, 0x00, 0x1E, 0x00, 0x7F, 0xF8, 0x7F, 0xF8, 0x0F, 0x00, 0x0F, 0x00, 0x07, 0x00,
    0x07, 0x00, 0x0F, 0x00, 0x0E, 0x00, 0x1F, 0xC3, 0x3F, 0xFF, 0x7F, 0xFE, 0x70, 0xFE, 0x00, 0x00,
    0x40, 0x07, 0x79, 0x9F, 0xFC, 0xF3, 0xC7, 0x06, 0x30, 0x39, 0x81, 0xCC, 0x0E, 0x70, 0x63, 0xC7,
    0x1F, 0xFD, 0xDF, 0x64, 0x00, 0x00, 0xFF, 0x3F, 0x7F, 0x9F, 0x8F, 0x83, 0x87, 0xC1, 0x81, 0xE0,
    0xC0, 0xF8, 0xC0, 0x7C, 0x60, 0x1E, 0x70, 0x0F, 0xB0, 0x03, 0xD8, 0x01, 0xF8, 0x07, 0xFF, 0xC3,
    0xFF, 0xE0, 0x1F, 0x00, 0xFF, 0xF0, 0x7F, 0xFC, 0x03, 0xE0, 0x01, 0xF0, 0x00, 0xF8, 0x01, 0xFF,
    0x01, 0xFF, 0x80, 0x1B, 0x6D, 0xB6, 0xDB, 0x6C, 0x00, 0x03, 0x6D, 0xB6, 0xDB, 0x6D, 0x80, 0x00,
    0x00, 0x3F, 0x81, 0xFF, 0x0E, 0x1E, 0x38, 0x79, 0xE0, 0xC7, 0x80, 0x0F, 0x00, 0x3F, 0x00, 0xFF,
    0x07, 0x7F, 0x1C, 0x7E, 0x70, 0xF9, 0xE0, 0xF7, 0xE1, 0xCF, 0xE7, 0x1F, 0xF8, 0x1F, 0xE0, 0x1F,
    0x00, 0x1E, 0x10, 0x38, 0xC0, 0xE7, 0x03, 0x9E, 0x0E, 0x3E, 0xF0, 0x7F, 0x80, 0x00, 0x00, 0x71,
    0xDE, 0x7B, 0xCF, 0x38, 0xE0, 0x00, 0x00, 0x00, 0x03, 0xFE, 0x00, 0x1F, 0xFF, 0x00, 0x70, 0x0F,
    0x01, 0xC0, 0x07, 0x07, 0x1F, 0xC7, 0x0C, 0x7B, 0xC6, 0x31, 0xC1, 0x8E, 0x63, 0x82, 0x0C, 0xC6,
    0x00, 0x19, 0x9C, 0x00, 0x37, 0x38, 0x00, 0x66, 0x70, 0x00, 0xCC, 0xE0, 0x01, 0x98, 0xE0, 0x03,
    0x31, 0xC0, 0x8E, 0x31, 0xE7, 0x18, 0x71, 0xFC, 0x70, 0x70, 0x01, 0xC0, 0x70, 0x0F, 0x00, 0x7F,
    0xFC, 0x00, 0x3F, 0xE0, 0x00, 0x00, 0x00, 0x00, 0x1F, 0x83, 0xBC, 0x39, 0xC0, 0x1E, 0x3F, 0xE7,
    0x9E, 0x71, 0xE7, 0x1E, 0x7F, 0xE3, 0xCF, 0x06, 0x18, 0x38, 0xE1, 0xC7, 0x0F, 0x3C, 0x39, 0xE1,
    0xE7, 0x87, 0x9E, 0x1E, 0x78, 0x3C, 0xF0, 0x71, 0xC0, 0xE3, 0x81, 0x86, 0x7F, 0xF9, 0xFF, 0xF7,
    0xFF, 0xC0, 0x07, 0x00, 0x1C, 0x00, 0x70, 0x01, 0xC0, 0x07, 0x7F, 0x3F, 0x9F, 0xCF, 0xE0, 0x00,
    0x00, 0x00, 0x03, 0xFE, 0x00, 0x1F, 0xFF, 0x00, 0x70, 0x0F, 0x01, 0xC0, 0x07, 0x07, 0x7F, 0x87,
    0x0C, 0xFF, 0x86, 0x30, 0xE3, 0x8E, 0x61, 0xC3, 0x0C, 0xC3, 0x8E, 0x19, 0x87, 0x1C, 0x37, 0x0F,
    0xF0, 0x66, 0x1F, 0xC0, 0xCC, 0x39, 0xC1, 0x98, 0x73, 0x83, 0x30, 0xE3, 0x8E, 0x31, 0xC3, 0x98,
    0x67, 0xE7, 0xF0, 0x60, 0x01, 0xC0, 0x70, 0x07, 0x00, 0x7F, 0xFC, 0x00, 0x3F, 0xE0, 0x00, 0x00,
    0x00, 0x00, 0x7F, 0xFE, 0xFF, 0xFC, 0x00, 0x0F, 0xC7, 0xFB, 0x8E, 0xE1, 0xF8, 0x7E, 0x1F, 0xCE,
    0x7F, 0x8F, 0x80, 0x00, 0x03, 0x00, 0x0C, 0x00, 0x30, 0x00, 0xC0, 0x03, 0x01, 0xFF, 0xE7, 0xFF,
    0xDF, 0xFF, 0x03, 0x00, 0x0C, 0x00, 0x30, 0x00, 0xC0, 0x03, 0x00, 0x00, 0x00, 0x00, 0x1F, 0xFF,
    0x7F, 0xFC, 0x00, 0x1F, 0xCF, 0x7B, 0x8E, 0x63, 0x80, 0xE0, 0x70, 0x18, 0x0C, 0x0E, 0x07, 0x0F,
    0xFF, 0xFF, 0xFF, 0xE0, 0x00, 0x03, 0xF0, 0xEF, 0x38, 0xE3, 0x1C, 0x07, 0x83, 0xE0, 0xFC, 0x01,
    0xC0, 0x39, 0x87, 0xB0, 0xE7, 0xF8, 0x7E, 0x00, 0x00, 0x3E, 0x3C, 0x78, 0xF0, 0x00, 0x78, 0x3C,
    0x3C, 0x1F, 0x1E, 0x0F, 0x8F, 0x07, 0xC7, 0x83, 0xE3, 0xC1, 0xF1, 0xE0, 0xF8, 0xF0, 0x7C, 0x78,
    0x3E, 0x3C, 0x1F, 0x1E, 0x0F, 0x8F, 0x07, 0xC7, 0xC7, 0xE7, 0xF7, 0xF3, 0xFF, 0x7D, 0xFF, 0x1F,
    0xE0, 0x00, 0x70, 0x00, 0x38, 0x00, 0x1E, 0x00, 0x0F, 0xC0, 0x03, 0xE0, 0x01, 0xE0, 0x00, 0x00,
    0x00, 0x1F, 0xFF, 0x9F, 0xFF, 0xDF, 0xF3, 0x8F, 0xF9, 0x87, 0xFC, 0xC3, 0xFE, 0x61, 0xFF, 0x30,
    0xFF, 0x98, 0x3F, 0xCC, 0x1F, 0xE6, 0x03, 0xF3, 0x00, 0x19, 0x80, 0x0C, 0xC0, 0x06, 0x60, 0x03,
    0x30, 0x01, 0x98, 0x00, 0xCC, 0x00, 0x66, 0x00, 0x33, 0x00, 0x19, 0x80, 0x0C, 0xC0, 0x06, 0x60,
    0x07, 0x38, 0x07, 0x9E, 0x07, 0xCF, 0x80, 0x00, 0x00, 0x39, 0xF7, 0xDF, 0x38, 0x00, 0x30, 0x3C,
    0x1E, 0x0E, 0x0E, 0xFE, 0xFC, 0x0E, 0x0F, 0x8F, 0xE1, 0x38, 0x0E, 0x03, 0x80, 0xE0, 0x38, 0x0E,
    0x03, 0x81, 0xE1, 0xFE, 0x7F, 0x80, 0x3F, 0x0F, 0xFB, 0xC7, 0x78, 0xFF, 0x1F, 0xE3, 0xFC, 0x7F,
    0x8E, 0x7F, 0xC3, 0xE0, 0x61, 0x81, 0xC7, 0x03, 0x8E, 0x0F, 0x3C, 0x1E, 0x78, 0x79, 0xE0, 0xF7,
    0x87, 0x9E, 0x1C, 0xF0, 0xE3, 0x87, 0x1C, 0x18, 0x60, 0x1C, 0x00, 0xC0, 0x3C, 0x00, 0xC0, 0xFC,
    0x01, 0xC0, 0xDC, 0x01, 0x80, 0x1C, 0x03, 0x80, 0x1C, 0x03, 0x00, 0x1C, 0x07, 0x00, 0x1C, 0x06,
    0x00, 0x1C, 0x0E, 0x1C, 0x1C, 0x0C, 0x3C, 0x1C, 0x1C, 0x7C, 0x7F, 0x98, 0xFC, 0x7F, 0xB8, 0xDC,
    0x00, 0x31, 0x9C, 0x00, 0x73, 0x1C, 0x00, 0x63, 0x3C, 0x00, 0xE7, 0xFF, 0x00, 0xC0, 0x3C, 0x01,
    0xC0, 0x1C, 0x01, 0x80, 0x7E, 0x03, 0x80, 0x7E, 0x0E, 0x00, 0xC0, 0x3E, 0x01, 0xC0, 0xFE, 0x01,
    0x80, 0x5E, 0x03, 0x80, 0x1E, 0x03, 0x00, 0x1E, 0x07, 0x00, 0x1E, 0x06, 0x00, 0x1E, 0x0E, 0x00,
    0x1E, 0x0C, 0xFC, 0x1E, 0x1D, 0xDE, 0x1E, 0x19, 0xCE, 0x7F, 0xB9, 0xCE, 0x7F, 0xB0, 0x0E, 0x00,
    0x70, 0x0E, 0x00, 0x60, 0x1C, 0x00, 0xE0, 0x38, 0x00, 0xC0, 0x60, 0x01, 0xC0, 0xC1, 0x01, 0x81,
    0xFF, 0x03, 0x83, 0xFF, 0x03, 0x01, 0xFF, 0x00, 0x00, 0x00, 0x1F, 0x80, 0x60, 0x3B, 0xC0, 0xE0,
    0x71, 0xC0, 0xC0, 0x31, 0xC1, 0xC0, 0x03, 0xC1, 0x80, 0x0F, 0x83, 0x80, 0x1F, 0x83, 0x00, 0x01,
    0xC7, 0x00, 0x01, 0xC6, 0x1C, 0x61, 0xEE, 0x3C, 0x61, 0xCC, 0x7C, 0x7F, 0x9C, 0xFC, 0x3F, 0x18,
    0xDC, 0x00, 0x39, 0x9C, 0x00, 0x33, 0x1C, 0x00, 0x73, 0x3C, 0x00, 0x67, 0xFF, 0x00, 0xE0, 0x3C,
    0x00, 0xC0, 0x1C, 0x01, 0xC0, 0x7E, 0x01, 0x80, 0x7E, 0x01, 0x80, 0x0F, 0x00, 0x7C, 0x00, 0xF0,
    0x03, 0xC0, 0x00, 0x00, 0x00, 0x00, 0x60, 0x03, 0x80, 0x0E, 0x00, 0x78, 0x07, 0xC0, 0x3E, 0x01,
    0xF0, 0x07, 0xC0, 0x1E, 0x00, 0x78, 0x39, 0xE0, 0xF7, 0xC7, 0xCF, 0xBF, 0x1F, 0xF8, 0x0F, 0x00,
    0x00, 0x00, 0x00, 0x0F, 0x80, 0x00, 0x1E, 0x00, 0x00, 0x3C, 0x00, 0x00, 0x78, 0x00, 0x00, 0x00,
    0x00, 0x00, 0x00, 0x00, 0x1E, 0x00, 0x00, 0x7C, 0x00, 0x03, 0xF0, 0x00, 0x0F, 0xC0, 0x00, 0x7F,
    0x80, 0x01, 0x9E, 0x00, 0x06, 0x7C, 0x00, 0x39, 0xF0, 0x00, 0xC7, 0xC0, 0x03, 0x0F, 0x80, 0x1C,
    0x3E, 0x00, 0x60, 0xF8, 0x03, 0xFF, 0xF0, 0x0F, 0xFF, 0xC0, 0x30, 0x1F, 0x01, 0xC0, 0x3E, 0x07,
    0x00, 0xF8, 0x18, 0x03, 0xE0, 0xE0, 0x07, 0xCF, 0xF0, 0x7F, 0xFF, 0xC3, 0xFF, 0x00, 0x00, 0x00,
    0x00, 0x7C, 0x00, 0x01, 0xE0, 0x00, 0x0F, 0x00, 0x00, 0x78, 0x00, 0x00, 0x00, 0x00, 0x00, 0x00,
    0x00, 0x1E, 0x00, 0x00, 0x7C, 0x00, 0x03, 0xF0, 0x00, 0x0F, 0xC0, 0x00, 0x7F, 0x80, 0x01, 0x9E,
    0x00, 0x06, 0x7C, 0x00, 0x39, 0xF0, 0x00, 0xC7, 0xC0, 0x03, 0x0F, 0x80, 0x1C, 0x3E, 0x00, 0x60,
    0xF8, 0x03, 0xFF, 0xF0, 0x0F, 0xFF, 0xC0, 0x30, 0x1F, 0x01, 0xC0, 0x3E, 0x07, 0x00, 0xF8, 0x18,
    0x03, 0xE0, 0xE0, 0x07, 0xCF, 0xF0, 0x7F, 0xFF, 0xC3, 0xFF, 0x00, 0x00, 0x00, 0x01, 0xF0, 0x00,
    0x0F, 0xC0, 0x00, 0x73, 0x80, 0x03, 0x87, 0x00, 0x00, 0x00, 0x00, 0x00, 0x00, 0x00, 0x1E, 0x00,
    0x00, 0x7C, 0x00, 0x03, 0xF0, 0x00, 0x0F, 0xC0, 0x00, 0x7F, 0x80, 0x01, 0x9E, 0x00, 0x06, 0x7C,
    0x00, 0x39, 0xF0, 0x00, 0xC7, 0xC0, 0x03, 0x0F, 0x80, 0x1C, 0x3E, 0x00, 0x60, 0xF8, 0x03, 0xFF,
    0xF0, 0x0F, 0xFF, 0xC0, 0x30, 0x1F, 0x01, 0xC0, 0x3E, 0x07, 0x00, 0xF8, 0x18, 0x03, 0xE0, 0xE0,
    0x07, 0xCF, 0xF0, 0x7F, 0xFF, 0xC3, 0xFF, 0x00, 0x00, 0x00, 0x07, 0x86, 0x00, 0x3F, 0xF8, 0x01,
    0xFF, 0xC0, 0x06, 0x3E, 0x00, 0x00, 0x00, 0x00, 0x00, 0x00, 0x00, 0x1E, 0x00, 0x00, 0x7C, 0x00,
    0x03, 0xF0, 0x00, 0x0F, 0xC0, 0x00, 0x7F, 0x80, 0x01, 0x9E, 0x00, 0x06, 0x7C, 0x00, 0x39, 0xF0,
    0x00, 0xC7, 0xC0, 0x03, 0x0F, 0x80, 0x1C, 0x3E, 0x00, 0x60, 0xF8, 0x03, 0xFF, 0xF0, 0x0F, 0xFF,
    0xC0, 0x30, 0x1F, 0x01, 0xC0, 0x3E, 0x07, 0x00, 0xF8, 0x18, 0x03, 0xE0, 0xE0, 0x07, 0xCF, 0xF0,
    0x7F, 0xFF, 0xC3, 0xFF, 0x03, 0x8E, 0x00, 0x0F, 0x3C, 0x00, 0x3C, 0xF0, 0x00, 0x61, 0x80, 0x00,
    0x00, 0x00, 0x00, 0x00, 0x00, 0x07, 0x80, 0x00, 0x1F, 0x00, 0x00, 0xFC, 0x00, 0x03, 0xF0, 0x00,
    0x1F, 0xE0, 0x00, 0x67, 0x80, 0x01, 0x9F, 0x00, 0x0E, 0x7C, 0x00, 0x31, 0xF0, 0x00, 0xC3, 0xE0,
    0x07, 0x0F, 0x80, 0x18, 0x3E, 0x00, 0xFF, 0xFC, 0x03, 0xFF, 0xF0, 0x0C, 0x07, 0xC0, 0x70, 0x0F,
    0x81, 0xC0, 0x3E, 0x06, 0x00, 0xF8, 0x38, 0x01, 0xF3, 0xFC, 0x1F, 0xFF, 0xF0, 0xFF, 0xC0, 0x00,
    0x30, 0x00, 0x03, 0xF0, 0x00, 0x0C, 0xE0, 0x00, 0x71, 0x80, 0x00, 0xCE, 0x00, 0x03, 0xF0, 0x00,
    0x07, 0xC0, 0x00, 0x3F, 0x00, 0x00, 0xFC, 0x00, 0x07, 0xF8, 0x00, 0x19, 0xE0, 0x00, 0x67, 0x80,
    0x03, 0x9F, 0x00, 0x0C, 0x7C, 0x00, 0x30, 0xF8, 0x01, 0xC3, 0xE0, 0x06, 0x0F, 0x80, 0x3F, 0xFF,
    0x00, 0xFF, 0xFC, 0x03, 0x01, 0xF0, 0x1C, 0x03, 0xE0, 0x70, 0x0F, 0x81, 0x80, 0x3E, 0x0E, 0x00,
    0x7C, 0xFF, 0x07, 0xFF, 0xFC, 0x3F, 0xF0, 0x00, 0x7F, 0xFF, 0xE0, 0x03, 0xFF, 0xFF, 0x00, 0x07,
    0xF0, 0x38, 0x00, 0x6F, 0x80, 0xC0, 0x03, 0x7C, 0x06, 0x00, 0x33, 0xE0, 0x30, 0x01, 0x9F, 0x00,
    0x00, 0x18, 0xF8, 0x00, 0x01, 0xC7, 0xC0, 0x00, 0x0C, 0x3F, 0xFC, 0x00, 0xE1, 0xFF, 0xE0, 0x06,
    0x0F, 0x80, 0x00, 0x7F, 0xFC, 0x00, 0x03, 0xFF, 0xE0, 0x00, 0x38, 0x1F, 0x00, 0x01, 0x80, 0xF8,
    0x06, 0x1C, 0x07, 0xC0, 0x30, 0xC0, 0x3E, 0x01, 0x8E, 0x01, 0xF0, 0x1D, 0xFC, 0x3F, 0xFF, 0xEF,
    0xE1, 0xFF, 0xFF, 0x00, 0x00, 0x00, 0x00, 0xFF, 0x80, 0x7F, 0xF8, 0x7C, 0x3E, 0x1E, 0x07, 0x8F,
    0x81, 0xE7, 0xC0, 0x31, 0xF0, 0x00, 0x7C, 0x00, 0x1F, 0x00, 0x07, 0xC0, 0x03, 0xF0, 0x00, 0x7C,
    0x00, 0x1F, 0x00, 0x07, 0xC0, 0x01, 0xF0, 0x00, 0x7C, 0x00, 0x0F, 0x80, 0x23, 0xE0, 0x18, 0x7E,
    0x1E, 0x0F, 0xFF, 0x80, 0xFF, 0x80, 0x06, 0x00, 0x01, 0xE0, 0x00, 0x7C, 0x00, 0x07, 0x00, 0x03,
    0xC0, 0x07, 0xE0, 0x01, 0xF0, 0x00, 0x00, 0x00, 0x00, 0xF8, 0x00, 0x0F, 0x00, 0x00, 0xF0, 0x00,
    0x0F, 0x00, 0x00, 0x00, 0x00, 0x00, 0x03, 0xFF, 0xFC, 0x7F, 0xFF, 0x83, 0xE0, 0x70, 0x7C, 0x06,
    0x0F, 0x80, 0xC1, 0xF0, 0x18, 0x3E, 0x00, 0x07, 0xC0, 0x00, 0xF8, 0x00, 0x1F, 0xFE, 0x03, 0xFF,
    0xC0, 0x7C, 0x00, 0x0F, 0x80, 0x01, 0xF0, 0x00, 0x3E, 0x00, 0x07, 0xC0, 0x10, 0xF8, 0x06, 0x1F,
    0x00, 0xC3, 0xE0, 0x39, 0xFF, 0xFF, 0x3F, 0xFF, 0xE0, 0x00, 0x00, 0x00, 0x07, 0xC0, 0x01, 0xE0,
    0x00, 0x78, 0x00, 0x0E, 0x00, 0x00, 0x00, 0x00, 0x00, 0x03, 0xFF, 0xFC, 0x7F, 0xFF, 0x83, 0xE0,
    0x70, 0x7C, 0x06, 0x0F, 0x80, 0xC1, 0xF0, 0x18, 0x3E, 0x00, 0x07, 0xC0, 0x00, 0xF8, 0x00, 0x1F,
    0xFE, 0x03, 0xFF, 0xC0, 0x7C, 0x00, 0x0F, 0x80, 0x01, 0xF0, 0x00, 0x3E, 0x00, 0x07, 0xC0, 0x10,
    0xF8, 0x06, 0x1F, 0x00, 0xC3, 0xE0, 0x39, 0xFF, 0xFF, 0x3F, 0xFF, 0xE0, 0x00, 0x00, 0x00, 0x3E,
    0x00, 0x0F, 0xE0, 0x03, 0x9C, 0x00, 0xE1, 0xC0, 0x00, 0x00, 0x00, 0x00, 0x03, 0xFF, 0xFC, 0x7F,
    0xFF, 0x83, 0xE0, 0x70, 0x7C, 0x06, 0x0F, 0x80, 0xC1, 0xF0, 0x18, 0x3E, 0x00, 0x07, 0xC0, 0x00,
    0xF8, 0x00, 0x1F, 0xFE, 0x03, 0xFF, 0xC0, 0x7C, 0x00, 0x0F, 0x80, 0x01, 0xF0, 0x00, 0x3E, 0x00,
    0x07, 0xC0, 0x10, 0xF8, 0x06, 0x1F, 0x00, 0xC3, 0xE0, 0x39, 0xFF, 0xFF, 0x3F, 0xFF, 0xE0, 0x07,
    0x1C, 0x00, 0xF3, 0xC0, 0x1E, 0x78, 0x03, 0x8E, 0x00, 0x00, 0x00, 0x00, 0x00, 0x1F, 0xFF, 0xE3,
    0xFF, 0xFC, 0x1F, 0x03, 0x83, 0xE0, 0x30, 0x7C, 0x06, 0x0F, 0x80, 0xC1, 0xF0, 0x00, 0x3E, 0x00,
    0x07, 0xC0, 0x00, 0xFF, 0xF0, 0x1F, 0xFE, 0x03, 0xE0, 0x00, 0x7C, 0x00, 0x0F, 0x80, 0x01, 0xF0,
    0x00, 0x3E, 0x00, 0x87, 0xC0, 0x30, 0xF8, 0x06, 0x1F, 0x01, 0xCF, 0xFF, 0xF9, 0xFF, 0xFF, 0x00,
    0x00, 0x0F, 0x80, 0xF0, 0x0F, 0x00, 0x70, 0x00, 0x00, 0x03, 0xFF, 0x7F, 0xE3, 0xF0, 0x7C, 0x0F,
    0x81, 0xF0, 0x3E, 0x07, 0xC0, 0xF8, 0x1F, 0x03, 0xE0, 0x7C, 0x0F, 0x81, 0xF0, 0x3E, 0x07, 0xC0,
    0xF8, 0x1F, 0x03, 0xE1, 0xFF, 0xBF, 0xF0, 0x00, 0x00, 0x7C, 0x1F, 0x03, 0x80, 0xE0, 0x00, 0x00,
    0x03, 0xFF, 0x7F, 0xE3, 0xF0, 0x7C, 0x0F, 0x81, 0xF0, 0x3E, 0x07, 0xC0, 0xF8, 0x1F, 0x03, 0xE0,
    0x7C, 0x0F, 0x81, 0xF0, 0x3E, 0x07, 0xC0, 0xF8, 0x1F, 0x03, 0xE1, 0xFF, 0xBF, 0xF0, 0x00, 0x01,
    0xF0, 0x1F, 0x83, 0x9C, 0x70, 0xE0, 0x00, 0x00, 0x07, 0xFE, 0x7F, 0xE1, 0xF8, 0x1F, 0x01, 0xF0,
    0x1F, 0x01, 0xF0, 0x1F, 0x01, 0xF0, 0x1F, 0x01, 0xF0, 0x1F, 0x01, 0xF0, 0x1F, 0x01, 0xF0, 0x1F,
    0x01, 0xF0, 0x1F, 0x01, 0xF0, 0x7F, 0xE7, 0xFE, 0x71, 0xCF, 0x3D, 0xE7, 0x98, 0x60, 0x00, 0x00,
    0x1F, 0xFB, 0xFF, 0x1F, 0x83, 0xE0, 0x7C, 0x0F, 0x81, 0xF0, 0x3E, 0x07, 0xC0, 0xF8, 0x1F, 0x03,
    0xE0, 0x7C, 0x0F, 0x81, 0xF0, 0x3E, 0x07, 0xC0, 0xF8, 0x1F, 0x0F, 0xFD, 0xFF, 0x80, 0x7F, 0xFC,
    0x03, 0xFF, 0xFC, 0x07, 0xC3, 0xF0, 0x3E, 0x07, 0xC1, 0xF0, 0x3F, 0x0F, 0x80, 0xF8, 0x7C, 0x07,
    0xC3, 0xE0, 0x1F, 0x1F, 0x00, 0xFB, 0xFF, 0x87, 0xDF, 0xFC, 0x3E, 0x3E, 0x01, 0xF1, 0xF0, 0x0F,
    0x8F, 0x80, 0xFC, 0x7C, 0x07, 0xC3, 0xE0, 0x3E, 0x1F, 0x03, 0xE0, 0xF8, 0x1F, 0x07, 0xC3, 0xF0,
    0xFF, 0xFF, 0x07, 0xFF, 0xE0, 0x00, 0x00, 0x00, 0x00, 0x03, 0xE3, 0x80, 0x07, 0xFE, 0x00, 0x1F,
    0xFC, 0x00, 0x31, 0xF0, 0x00, 0x00, 0x00, 0x00, 0x00, 0x00, 0x3F, 0x80, 0xFF, 0x7F, 0x01, 0xFC,
    0x3F, 0x00, 0xE0, 0x7F, 0x01, 0xC0, 0xFF, 0x03, 0x81, 0xFE, 0x07, 0x03, 0xBE, 0x0E, 0x07, 0x7E,
    0x1C, 0x0E, 0x7C, 0x38, 0x1C, 0x7C, 0x70, 0x38, 0x7C, 0xE0, 0x70, 0xF9, 0xC0, 0xE0, 0xFB, 0x81,
    0xC0, 0xFF, 0x03, 0x81, 0xFE, 0x07, 0x01, 0xFC, 0x0E, 0x01, 0xF8, 0x1C, 0x03, 0xF0, 0x38, 0x03,
    0xE1, 0xFC, 0x03, 0xC3, 0xFC, 0x03, 0x80, 0x00, 0x00, 0x00, 0x3E, 0x00, 0x00, 0x78, 0x00, 0x01,
    0xE0, 0x00, 0x07, 0x00, 0x00, 0x00, 0x00, 0x00, 0x00, 0x00, 0x7F, 0xC0, 0x0F, 0xFF, 0x80, 0xF8,
    0x3E, 0x0F, 0x80, 0xF8, 0x7C, 0x07, 0xC7, 0xC0, 0x1F, 0x3E, 0x00, 0xF9, 0xF0, 0x07, 0xCF, 0x80,
    0x3E, 0x7C, 0x01, 0xF7, 0xE0, 0x0F, 0x9F, 0x00, 0x7C, 0xF8, 0x03, 0xE7, 0xC0, 0x1F, 0x3E, 0x00,
    0xF9, 0xF0, 0x07, 0xC7, 0xC0, 0x7C, 0x3E, 0x03, 0xE0, 0xF8, 0x3E, 0x03, 0xFF, 0xE0, 0x07, 0xFC,
    0x00, 0x00, 0x00, 0x00, 0x00, 0x00, 0x00, 0x00, 0xF8, 0x00, 0x0F, 0x00, 0x00, 0xF0, 0x00, 0x07,
    0x00, 0x00, 0x00, 0x00, 0x00, 0x00, 0x00, 0x7F, 0xC0, 0x0F, 0xFF, 0x80, 0xF8, 0x3E, 0x0F, 0x80,
    0xF8, 0x7C, 0x07, 0xC7, 0xC0, 0x1F, 0x3E, 0x00, 0xF9, 0xF0, 0x07, 0xCF, 0x80, 0x3E, 0x7C, 0x01,
    0xF7, 0xE0, 0x0F, 0x9F, 0x00, 0x7C, 0xF8, 0x03, 0xE7, 0xC0, 0x1F, 0x3E, 0x00, 0xF9, 0xF0, 0x07,
    0xC7, 0xC0, 0x7C, 0x3E, 0x03, 0xE0, 0xF8, 0x3E, 0x03, 0xFF, 0xE0, 0x07, 0xFC, 0x00, 0x00, 0x00,
    0x00, 0x00, 0x00, 0x00, 0x07, 0xC0, 0x00, 0x7F, 0x00, 0x07, 0xBC, 0x00, 0x30, 0xE0, 0x00, 0x00,
    0x00, 0x00, 0x00, 0x00, 0x7F, 0xC0, 0x0F, 0xFF, 0x80, 0xF8, 0x3E, 0x0F, 0x80, 0xF8, 0x7C, 0x07,
    0xC7, 0xC0, 0x1F, 0x3E, 0x00, 0xF9, 0xF0, 0x07, 0xCF, 0x80, 0x3E, 0x7C, 0x01, 0xF7, 0xE0, 0x0F,
    0x9F, 0x00, 0x7C, 0xF8, 0x03, 0xE7, 0xC0, 0x1F, 0x3E, 0x00, 0xF9, 0xF0, 0x07, 0xC7, 0xC0, 0x7C,
    0x3E, 0x03, 0xE0, 0xF8, 0x3E, 0x03, 0xFF, 0xE0, 0x07, 0xFC, 0x00, 0x00, 0x00, 0x00, 0x00, 0x00,
    0x00, 0x1F, 0x18, 0x01, 0xFF, 0xC0, 0x0F, 0xFE, 0x00, 0x63, 0xE0, 0x00, 0x00, 0x00, 0x00, 0x00,
    0x00, 0x7F, 0xC0, 0x0F, 0xFF, 0x80, 0xF8, 0x3E, 0x0F, 0x80, 0xF8, 0x7C, 0x07, 0xC7, 0xC0, 0x1F,
    0x3E, 0x00, 0xF9, 0xF0, 0x07, 0xCF, 0x80, 0x3E, 0x7C, 0x01, 0xF7, 0xE0, 0x0F, 0x9F, 0x00, 0x7C,
    0xF8, 0x03, 0xE7, 0xC0, 0x1F, 0x3E, 0x00, 0xF9, 0xF0, 0x07, 0xC7, 0xC0, 0x7C, 0x3E, 0x03, 0xE0,
    0xF8, 0x3E, 0x03, 0xFF, 0xE0, 0x07, 0xFC, 0x00, 0x00, 0x00, 0x00, 0x03, 0x8E, 0x00, 0x3C, 0xF0,
    0x01, 0xE7, 0x80, 0x07, 0x1C, 0x00, 0x00, 0x00, 0x00, 0x00, 0x00, 0x0F, 0xF8, 0x01, 0xFF, 0xF0,
    0x1F, 0x07, 0xC1, 0xF0, 0x1F, 0x0F, 0x80, 0xF8, 0xF8, 0x03, 0xE7, 0xC0, 0x1F, 0x3E, 0x00, 0xF9,
    0xF0, 0x07, 0xCF, 0x80, 0x3E, 0xFC, 0x01, 0xF3, 0xE0, 0x0F, 0x9F, 0x00, 0x7C, 0xF8, 0x03, 0xE7,
    0xC0, 0x1F, 0x3E, 0x00, 0xF8, 0xF8, 0x0F, 0x87, 0xC0, 0x7C, 0x1F, 0x07, 0xC0, 0x7F, 0xFC, 0x00,
    0xFF, 0x80, 0x00, 0x00, 0x00, 0x00, 0x03, 0x01, 0x9C, 0x1C, 0x71, 0xC1, 0xDC, 0x07, 0xC0, 0x3C,
    0x01, 0xF0, 0x1D, 0xC1, 0xC7, 0x1C, 0x1C, 0xC0, 0x60, 0x00, 0x00, 0x00, 0x00, 0x00, 0x00, 0x0E,
    0x00, 0xFF, 0xE0, 0x1F, 0xFF, 0x01, 0xF0, 0x7C, 0x1F, 0x03, 0xE0, 0xF8, 0x1F, 0x8F, 0x81, 0xBE,
    0x7C, 0x0D, 0xF3, 0xE0, 0xCF, 0x9F, 0x0E, 0x7C, 0xF8, 0x63, 0xEF, 0xC7, 0x1F, 0x3E, 0x30, 0xF9,
    0xF3, 0x87, 0xCF, 0x98, 0x3E, 0x7D, 0xC1, 0xF3, 0xEC, 0x0F, 0x8F, 0xC0, 0xF8, 0x7E, 0x07, 0xC1,
    0xF0, 0x7C, 0x07, 0xFF, 0xC0, 0x3F, 0xF8, 0x03, 0x80, 0x00, 0x00, 0x00, 0x00, 0x00, 0x00, 0x00,
    0x0F, 0x80, 0x00, 0x0F, 0x00, 0x00, 0x1E, 0x00, 0x00, 0x38, 0x00, 0x00, 0x00, 0x00, 0x00, 0x00,
    0x3F, 0xF8, 0xFE, 0xFF, 0xE3, 0xF8, 0x7C, 0x03, 0x81, 0xF0, 0x0E, 0x07, 0xC0, 0x38, 0x1F, 0x00,
    0xE0, 0x7C, 0x03, 0x81, 0xF0, 0x0E, 0x07, 0xC0, 0x38, 0x1F, 0x00, 0xE0, 0x7C, 0x03, 0x81, 0xF0,
    0x0E, 0x07, 0xC0, 0x38, 0x1F, 0x00, 0xE0, 0x7C, 0x03, 0x81, 0xF0, 0x0E, 0x07, 0xC0, 0x38, 0x0F,
    0x80, 0xC0, 0x3F, 0x07, 0x00, 0x7F, 0xF8, 0x00, 0xFF, 0xC0, 0x00, 0x00, 0x00, 0x00, 0x00, 0x00,
    0x00, 0x7C, 0x00, 0x01, 0xE0, 0x00, 0x0F, 0x00, 0x00, 0x78, 0x00, 0x00, 0x00, 0x00, 0x00, 0x00,
    0x3F, 0xF8, 0xFE, 0xFF, 0xE3, 0xF8, 0x7C, 0x03, 0x81, 0xF0, 0x0E, 0x07, 0xC0, 0x38, 0x1F, 0x00,
    0xE0, 0x7C, 0x03, 0x81, 0xF0, 0x0E, 0x07, 0xC0, 0x38, 0x1F, 0x00, 0xE0, 0x7C, 0x03, 0x81, 0xF0,
    0x0E, 0x07, 0xC0, 0x38, 0x1F, 0x00, 0xE0, 0x7C, 0x03, 0x81, 0xF0, 0x0E, 0x07, 0xC0, 0x38, 0x0F,
    0x80, 0xC0, 0x3F, 0x07, 0x00, 0x7F, 0xF8, 0x00, 0xFF, 0xC0, 0x00, 0x00, 0x00, 0x00, 0x00, 0x00,
    0x01, 0xF0, 0x00, 0x0F, 0xE0, 0x00, 0x3B, 0xC0, 0x01, 0xC3, 0x80, 0x00, 0x00, 0x00, 0x00, 0x00,
    0x3F, 0xF8, 0xFE, 0xFF, 0xE3, 0xF8, 0x7C, 0x03, 0x81, 0xF0, 0x0E, 0x07, 0xC0, 0x38, 0x1F, 0x00,
    0xE0, 0x7C, 0x03, 0x81, 0xF0, 0x0E, 0x07, 0xC0, 0x38, 0x1F, 0x00, 0xE0, 0x7C, 0x03, 0x81, 0xF0,
    0x0E, 0x07, 0xC0, 0x38, 0x1F, 0x00, 0xE0, 0x7C, 0x03, 0x81, 0xF0, 0x0E, 0x07, 0xC0, 0x38, 0x0F,
    0x80, 0xC0, 0x3F, 0x07, 0x00, 0x7F, 0xF8, 0x00, 0xFF, 0xC0, 0x00, 0x00, 0x00, 0x01, 0xC7, 0x00,
    0x07, 0x9E, 0x00, 0x1E, 0x78, 0x00, 0x71, 0xC0, 0x00, 0x00, 0x00, 0x00, 0x00, 0x0F, 0xFE, 0x3F,
    0xBF, 0xF8, 0xFE, 0x1F, 0x00, 0xE0, 0x7C, 0x03, 0x81, 0xF0, 0x0E, 0x07, 0xC0, 0x38, 0x1F, 0x00,
    0xE0, 0x7C, 0x03, 0x81, 0xF0, 0x0E, 0x07, 0xC0, 0x38, 0x1F, 0x00, 0xE0, 0x7C, 0x03, 0x81, 0xF0,
    0x0E, 0x07, 0xC0, 0x38, 0x1F, 0x00, 0xE0, 0x7C, 0x03, 0x81, 0xF0, 0x0E, 0x03, 0xE0, 0x30, 0x0F,
    0xC1, 0xC0, 0x1F, 0xFE, 0x00, 0x3F, 0xF0, 0x00, 0x00, 0x00, 0x00, 0x00, 0x00, 0x00, 0xF8, 0x00,
    0x0F, 0x80, 0x00, 0x70, 0x00, 0x07, 0x00, 0x00, 0x00, 0x00, 0x00, 0x00, 0x1F, 0xF8, 0xFE, 0xFF,
    0xC7, 0xF1, 0xF8, 0x0F, 0x0F, 0xC0, 0x70, 0x3E, 0x03, 0x00, 0xF8, 0x38, 0x07, 0xC1, 0x80, 0x1F,
    0x1C, 0x00, 0xF8, 0xC0, 0x03, 0xEE, 0x00, 0x1F, 0x60, 0x00, 0x7F, 0x00, 0x03, 0xF0, 0x00, 0x0F,
    0x80, 0x00, 0x7C, 0x00, 0x03, 0xE0, 0x00, 0x1F, 0x00, 0x00, 0xF8, 0x00, 0x07, 0xC0, 0x01, 0xFF,
    0x80, 0x0F, 0xFE, 0x00, 0x7F, 0xE0, 0x1F, 0xF8, 0x01, 0xF8, 0x00, 0x7C, 0x00, 0x1F, 0xFC, 0x07,
    0xFF, 0xC1, 0xF0, 0xF8, 0x7C, 0x3E, 0x1F, 0x07, 0xC7, 0xC1, 0xF1, 0xF0, 0x7C, 0x7C, 0x1F, 0x1F,
    0x0F, 0x87, 0xC3, 0xE1, 0xF1, 0xF0, 0x7F, 0xF8, 0x1F, 0xF8, 0x07, 0xC0, 0x01, 0xF0, 0x01, 0xFF,
    0x80, 0x7F, 0xE0, 0x00, 0x00, 0x70, 0x00, 0x3F, 0xE0, 0x0F, 0x8F, 0x00, 0xF0, 0x78, 0x1F, 0x07,
    0xC1, 0xE0, 0x3C, 0x1E, 0x03, 0xC7, 0xE0, 0xFC, 0xFE, 0x3F, 0xC7, 0xE7, 0xC0, 0x1E, 0x78, 0x01,
    0xE7, 0x80, 0x1E, 0x7C, 0x01, 0xE7, 0xF0, 0x1E, 0x3F, 0x81, 0xE1, 0xFC, 0x1E, 0x07, 0xE1, 0xE0,
    0x1E, 0x1E, 0x61, 0xF1, 0xE6, 0x0E, 0x1E, 0x71, 0xEF, 0xE7, 0xFE, 0xFE, 0x3F, 0x80, 0x00, 0x00,
    0x00, 0x00, 0x1F, 0x00, 0x0F, 0x00, 0x07, 0x80, 0x03, 0xC0, 0x00, 0x00, 0x00, 0x00, 0x1F, 0xE0,
    0x3F, 0xF8, 0x7C, 0x78, 0x38, 0x7C, 0x38, 0x7C, 0x00, 0x7C, 0x00, 0x7C, 0x1F, 0xFC, 0x7F, 0x7C,
    0x78, 0x7C, 0xF8, 0x7C, 0xF8, 0x7C, 0xF8, 0x7C, 0x78, 0xFC, 0x7F, 0xFE, 0x3F, 0x3F, 0x00, 0x00,
    0x00, 0x00, 0x00, 0xF8, 0x01, 0xF0, 0x01, 0xC0, 0x03, 0x80, 0x00, 0x00, 0x00, 0x00, 0x1F, 0xE0,
    0x3F, 0xF8, 0x7C, 0x78, 0x38, 0x7C, 0x38, 0x7C, 0x00, 0x7C, 0x00, 0x7C, 0x1F, 0xFC, 0x7F, 0x7C,
    0x78, 0x7C, 0xF8, 0x7C, 0xF8, 0x7C, 0xF8, 0x7C, 0x78, 0xFC, 0x7F, 0xFE, 0x3F, 0x3F, 0x00, 0x00,
    0x00, 0x00, 0x07, 0xC0, 0x07, 0xE0, 0x0E, 0x70, 0x1C, 0x38, 0x00, 0x00, 0x00, 0x00, 0x1F, 0xE0,
    0x3F, 0xF8, 0x7C, 0x78, 0x38, 0x7C, 0x38, 0x7C, 0x00, 0x7C, 0x00, 0x7C, 0x1F, 0xFC, 0x7F, 0x7C,
    0x78, 0x7C, 0xF8, 0x7C, 0xF8, 0x7C, 0xF8, 0x7C, 0x78, 0xFC, 0x7F, 0xFE, 0x3F, 0x3F, 0x00, 0x00,
    0x00, 0x00, 0x1F, 0x1C, 0x1F, 0xF8, 0x3F, 0xF8, 0x31, 0xF0, 0x00, 0x00, 0x00, 0x00, 0x1F, 0xE0,
    0x3F, 0xF8, 0x7C, 0x78, 0x38, 0x7C, 0x38, 0x7C, 0x00, 0x7C, 0x00, 0x7C, 0x1F, 0xFC, 0x7F, 0x7C,
    0x78, 0x7C, 0xF8, 0x7C, 0xF8, 0x7C, 0xF8, 0x7C, 0x78, 0xFC, 0x7F, 0xFE, 0x3F, 0x3F, 0x00, 0x00,
    0x1C, 0x70, 0x1E, 0x78, 0x1E, 0x78, 0x1C, 0x70, 0x00, 0x00, 0x00, 0x00, 0x1F, 0xE0, 0x3F, 0xF8,
    0x7C, 0x78, 0x38, 0x7C, 0x38, 0x7C, 0x00, 0x7C, 0x00, 0x7C, 0x1F, 0xFC, 0x7F, 0x7C, 0x78, 0x7C,
    0xF8, 0x7C, 0xF8, 0x7C, 0xF8, 0x7C, 0x78, 0xFC, 0x7F, 0xFE, 0x3F, 0x3F, 0x00, 0x00, 0x03, 0xC0,
    0x07, 0xE0, 0x0E, 0x60, 0x0C, 0x60, 0x0E, 0x60, 0x07, 0xE0, 0x03, 0x80, 0x00, 0x00, 0x1F, 0xE0,
    0x3F, 0xF8, 0x7C, 0x78, 0x38, 0x7C, 0x38, 0x7C, 0x00, 0x7C, 0x00, 0x7C, 0x1F, 0xFC, 0x7F, 0x7C,
    0x78, 0x7C, 0xF8, 0x7C, 0xF8, 0x7C, 0xF8, 0x7C, 0x78, 0xFC, 0x7F, 0xFE, 0x3F, 0x3F, 0x00, 0x00,
    0x00, 0x00, 0x00, 0x1F, 0xE3, 0xF0, 0x3F, 0xFF, 0xF8, 0x7C, 0x7E, 0x3C, 0x38, 0x7E, 0x3E, 0x38,
    0x7C, 0x1E, 0x00, 0x7C, 0x1E, 0x00, 0x7C, 0x3E, 0x1F, 0xFF, 0xFE, 0x7F, 0x7F, 0xFE, 0x78, 0x7C,
    0x00, 0xF8, 0x7C, 0x00, 0xF8, 0x7C, 0x00, 0xF8, 0x7E, 0x06, 0xF8, 0xFF, 0x0E, 0x7F, 0xDF, 0xFC,
    0x3F, 0x87, 0xF8, 0x00, 0x00, 0x00, 0x00, 0x00, 0x3F, 0x81, 0xFF, 0x8F, 0x1E, 0x7C, 0x79, 0xE1,
    0xEF, 0x82, 0x3E, 0x00, 0xF8, 0x03, 0xE0, 0x0F, 0x80, 0x3E, 0x00, 0x78, 0x01, 0xF0, 0x27, 0xE1,
    0x8F, 0xFE, 0x0F, 0xF0, 0x0C, 0x00, 0x3C, 0x00, 0xF8, 0x00, 0xE0, 0x03, 0x80, 0xFE, 0x03, 0xE0,
    0x00, 0x00, 0x3E, 0x00, 0x3E, 0x00, 0x3C, 0x00, 0x1C, 0x00, 0x00, 0x00, 0x00, 0x07, 0xF0, 0x1F,
    0xF0, 0x78, 0xF1, 0xF1, 0xF3, 0xC1, 0xE7, 0x83, 0xDF, 0x0F, 0xFF, 0xFF, 0xFF, 0xFE, 0xF8, 0x01,
    0xF0, 0x01, 0xE0, 0x03, 0xE0, 0x63, 0xE1, 0xC7, 0xFF, 0x03, 0xFC, 0x00, 0x00, 0x00, 0x00, 0x01,
    0xF0, 0x07, 0xC0, 0x0F, 0x00, 0x38, 0x00, 0x00, 0x00, 0x00, 0x07, 0xF0, 0x1F, 0xF0, 0x78, 0xF1,
    0xF1, 0xF3, 0xC1, 0xE7, 0x83, 0xDF, 0x0F, 0xFF, 0xFF, 0xFF, 0xFE, 0xF8, 0x01, 0xF0, 0x01, 0xE0,
    0x03, 0xE0, 0x63, 0xE1, 0xC7, 0xFF, 0x03, 0xFC, 0x00, 0x00, 0x00, 0x00, 0x0F, 0x80, 0x3F, 0x80,
    0x73, 0x81, 0xC3, 0x80, 0x00, 0x00, 0x00, 0x07, 0xF0, 0x1F, 0xF0, 0x78, 0xF1, 0xF1, 0xF3, 0xC1,
    0xE7, 0x83, 0xDF, 0x0F, 0xFF, 0xFF, 0xFF, 0xFE, 0xF8, 0x01, 0xF0, 0x01, 0xE0, 0x03, 0xE0, 0x63,
    0xE1, 0xC7, 0xFF, 0x03, 0xFC, 0x00, 0x00, 0x1C, 0x70, 0x3C, 0xF0, 0x79, 0xE0, 0xE3, 0x80, 0x00,
    0x00, 0x00, 0x03, 0xF8, 0x0F, 0xF8, 0x3C, 0x78, 0xF8, 0xF9, 0xE0, 0xF3, 0xC1, 0xEF, 0x87, 0xFF,
    0xFF, 0xFF, 0xFF, 0x7C, 0x00, 0xF8, 0x00, 0xF0, 0x01, 0xF0, 0x31, 0xF0, 0xE3, 0xFF, 0x81, 0xFE,
    0x00, 0x00, 0x00, 0x00, 0x0F, 0x80, 0xF8, 0x0F, 0x00, 0x70, 0x00, 0x00, 0x01, 0xF8, 0x7F, 0x03,
    0xE0, 0x3C, 0x07, 0x80, 0xF0, 0x1E, 0x03, 0xC0, 0x78, 0x0F, 0x01, 0xE0, 0x3C, 0x07, 0x80, 0xF8,
    0x7F, 0xDF, 0xF8, 0x00, 0x00, 0xF8, 0x3E, 0x07, 0x81, 0xC0, 0x00, 0x00, 0x03, 0xF0, 0xFE, 0x07,
    0xC0, 0x78, 0x0F, 0x01, 0xE0, 0x3C, 0x07, 0x80, 0xF0, 0x1E, 0x03, 0xC0, 0x78, 0x0F, 0x01, 0xF0,
    0xFF, 0xBF, 0xF0, 0x00, 0x03, 0xE0, 0xFE, 0x1C, 0xE7, 0x0E, 0x00, 0x00, 0x01, 0xF8, 0x7F, 0x03,
    0xE0, 0x3C, 0x07, 0x80, 0xF0, 0x1E, 0x03, 0xC0, 0x78, 0x0F, 0x01, 0xE0, 0x3C, 0x07, 0x80, 0xF8,
    0x7F, 0xDF, 0xF8, 0x71, 0xCF, 0x3D, 0xE7, 0xB8, 0xE0, 0x00, 0x00, 0x0F, 0xC3, 0xF8, 0x1F, 0x01,
    0xE0, 0x3C, 0x07, 0x80, 0xF0, 0x1E, 0x03, 0xC0, 0x78, 0x0F, 0x01, 0xE0, 0x3C, 0x07, 0xC3, 0xFE,
    0xFF, 0xC0, 0x00, 0x00, 0x1E, 0x18, 0x1F, 0xF8, 0x07, 0xE0, 0x07, 0xF0, 0x0E, 0xF8, 0x08, 0x78,
    0x00, 0x3C, 0x0F, 0xFE, 0x3F, 0xFE, 0x7C, 0x3E, 0x7C, 0x3E, 0x78, 0x1F, 0xF8, 0x1F, 0xF8, 0x1F,
    0xF8, 0x1F, 0xF8, 0x1F, 0xF8, 0x1E, 0x78, 0x1E, 0x7C, 0x3E, 0x3C, 0x3C, 0x3F, 0xF8, 0x0F, 0xF0,
    0x00, 0x00, 0x00, 0x00, 0x00, 0xF8, 0xC0, 0x3F, 0xF8, 0x07, 0xFF, 0x00, 0xC7, 0xC0, 0x00, 0x00,
    0x00, 0x00, 0x03, 0xF3, 0xF0, 0x7E, 0xFF, 0x07, 0xFF, 0xE0, 0x7C, 0x3E, 0x0F, 0x87, 0xC1, 0xF0,
    0xF8, 0x3E, 0x1F, 0x07, 0xC3, 0xE0, 0xF8, 0x7C, 0x1F, 0x0F, 0x83, 0xE1, 0xF0, 0x7C, 0x3E, 0x0F,
    0x87, 0xC1, 0xF0, 0xF8, 0xFF, 0x1F, 0xFF, 0xF3, 0xF8, 0x00, 0x00, 0x1F, 0x00, 0x0F, 0x00, 0x07,
    0x80, 0x03, 0xC0, 0x00, 0x00, 0x00, 0x00, 0x0F, 0xE0, 0x1F, 0xF8, 0x3C, 0x7C, 0x7C, 0x3E, 0x78,
    0x1E, 0xF8, 0x1E, 0xF8, 0x1F, 0xF8, 0x1F, 0xF8, 0x1F, 0xF8, 0x1F, 0xF8, 0x1E, 0x78, 0x1E, 0x7C,
    0x3E, 0x3C, 0x3C, 0x1F, 0xF8, 0x0F, 0xF0, 0x00, 0x00, 0x00, 0x00, 0x00, 0xF8, 0x00, 0xF0, 0x01,
    0xE0, 0x03, 0xC0, 0x00, 0x00, 0x00, 0x00, 0x0F, 0xE0, 0x1F, 0xF8, 0x3C, 0x7C, 0x7C, 0x3E, 0x78,
    0x1E, 0xF8, 0x1E, 0xF8, 0x1F, 0xF8, 0x1F, 0xF8, 0x1F, 0xF8, 0x1F, 0xF8, 0x1E, 0x78, 0x1E, 0x7C,
    0x3E, 0x3C, 0x3C, 0x1F, 0xF8, 0x0F, 0xF0, 0x00, 0x00, 0x00, 0x00, 0x07, 0xE0, 0x07, 0xE0, 0x0E,
    0x70, 0x1C, 0x38, 0x00, 0x00, 0x00, 0x00, 0x0F, 0xE0, 0x1F, 0xF8, 0x3C, 0x7C, 0x7C, 0x3E, 0x78,
    0x1E, 0xF8, 0x1E, 0xF8, 0x1F, 0xF8, 0x1F, 0xF8, 0x1F, 0xF8, 0x1F, 0xF8, 0x1E, 0x78, 0x1E, 0x7C,
    0x3E, 0x3C, 0x3C, 0x1F, 0xF8, 0x0F, 0xF0, 0x00, 0x00, 0x00, 0x00, 0x0F, 0x1C, 0x1F, 0xF8, 0x3F,
    0xF8, 0x31, 0xF0, 0x00, 0x00, 0x00, 0x00, 0x0F, 0xE0, 0x1F, 0xF8, 0x3C, 0x7C, 0x7C, 0x3E, 0x78,
    0x1E, 0xF8, 0x1E, 0xF8, 0x1F, 0xF8, 0x1F, 0xF8, 0x1F, 0xF8, 0x1F, 0xF8, 0x1E, 0x78, 0x1E, 0x7C,
    0x3E, 0x3C, 0x3C, 0x1F, 0xF8, 0x0F, 0xF0, 0x00, 0x00, 0x1C, 0x70, 0x1E, 0x78, 0x1E, 0x78, 0x0C,
    0x30, 0x00, 0x00, 0x00, 0x00, 0x0F, 0xE0, 0x1F, 0xF8, 0x3C, 0x7C, 0x7C, 0x3E, 0x78, 0x1E, 0xF8,
    0x1E, 0xF8, 0x1F, 0xF8, 0x1F, 0xF8, 0x1F, 0xF8, 0x1F, 0xF8, 0x1E, 0x78, 0x1E, 0x7C, 0x3E, 0x3C,
    0x3C, 0x1F, 0xF8, 0x0F, 0xF0, 0x00, 0x00, 0x03, 0x80, 0x0E, 0x00, 0x38, 0x00, 0xC0, 0x00, 0x00,
    0x00, 0x07, 0xFF, 0x9F, 0xFF, 0x7F, 0xFC, 0x00, 0x00, 0x00, 0x00, 0x40, 0x03, 0x80, 0x0E, 0x00,
    0x38, 0x00, 0x00, 0x00, 0x0C, 0x0F, 0xFC, 0x1F, 0xF8, 0x3C, 0x7C, 0x7C, 0x3E, 0x78, 0x7E, 0xF8,
    0x7E, 0xF8, 0xDF, 0xF9, 0xDF, 0xF9, 0x9F, 0xFB, 0x1F, 0xFF, 0x1E, 0x7E, 0x1E, 0x7C, 0x3E, 0x3C,
    0x3C, 0x3F, 0xF8, 0x3F, 0xF0, 0x30, 0x00, 0x00, 0x00, 0x00, 0x00, 0x01, 0xF0, 0x00, 0x1E, 0x00,
    0x01, 0xE0, 0x00, 0x0E, 0x00, 0x00, 0x00, 0x00, 0x00, 0x03, 0xF1, 0xF8, 0x7E, 0x3F, 0x87, 0xC1,
    0xF0, 0x78, 0x3E, 0x0F, 0x07, 0xC1, 0xE0, 0xF8, 0x3C, 0x1F, 0x07, 0x83, 0xE0, 0xF0, 0x7C, 0x1E,
    0x0F, 0x83, 0xC1, 0xF0, 0x78, 0x3E, 0x0F, 0x8F, 0xC1, 0xFB, 0xF8, 0x1F, 0xFF, 0xC1, 0xF9, 0xF8,
    0x00, 0x00, 0x00, 0x00, 0x00, 0x07, 0xC0, 0x01, 0xF0, 0x00, 0x78, 0x00, 0x0E, 0x00, 0x00, 0x00,
    0x00, 0x00, 0x03, 0xF1, 0xF8, 0x7E, 0x3F, 0x87, 0xC1, 0xF0, 0x78, 0x3E, 0x0F, 0x07, 0xC1, 0xE0,
    0xF8, 0x3C, 0x1F, 0x07, 0x83, 0xE0, 0xF0, 0x7C, 0x1E, 0x0F, 0x83, 0xC1, 0xF0, 0x78, 0x3E, 0x0F,
    0x8F, 0xC1, 0xFB, 0xF8, 0x1F, 0xFF, 0xC1, 0xF9, 0xF8, 0x00, 0x00, 0x00, 0x00, 0x00, 0x3E, 0x00,
    0x0F, 0xE0, 0x03, 0xDC, 0x00, 0xE1, 0xC0, 0x00, 0x00, 0x00, 0x00, 0x03, 0xF1, 0xF8, 0x7E, 0x3F,
    0x87, 0xC1, 0xF0, 0x78, 0x3E, 0x0F, 0x07, 0xC1, 0xE0, 0xF8, 0x3C, 0x1F, 0x07, 0x83, 0xE0, 0xF0,
    0x7C, 0x1E, 0x0F, 0x83, 0xC1, 0xF0, 0x78, 0x3E, 0x0F, 0x8F, 0xC1, 0xFB, 0xF8, 0x1F, 0xFF, 0xC1,
    0xF9, 0xF8, 0x00, 0x00, 0x07, 0x1C, 0x01, 0xE7, 0x80, 0x1C, 0x70, 0x03, 0x8E, 0x00, 0x00, 0x00,
    0x00, 0x00, 0x1F, 0x8F, 0xC3, 0xF1, 0xFC, 0x3E, 0x0F, 0x83, 0xC1, 0xF0, 0x78, 0x3E, 0x0F, 0x07,
    0xC1, 0xE0, 0xF8, 0x3C, 0x1F, 0x07, 0x83, 0xE0, 0xF0, 0x7C, 0x1E, 0x0F, 0x83, 0xC1, 0xF0, 0x7C,
    0x7E, 0x0F, 0xDF, 0xC0, 0xFF, 0xFE, 0x0F, 0xCF, 0xC0, 0x00, 0x00, 0x00, 0x00, 0x00, 0x3E, 0x00,
    0x3E, 0x00, 0x1C, 0x00, 0x1C, 0x00, 0x00, 0x00, 0x00, 0x01, 0xFE, 0x3F, 0xFF, 0x1F, 0xBF, 0x07,
    0x8F, 0x83, 0x87, 0xC1, 0xC1, 0xE0, 0xC0, 0xF8, 0xE0, 0x3C, 0x60, 0x1F, 0x30, 0x0F, 0xB8, 0x03,
    0xD8, 0x01, 0xFC, 0x00, 0x7E, 0x00, 0x3E, 0x00, 0x1F, 0x00, 0x07, 0x00, 0x03, 0x80, 0x01, 0xC0,
    0x01, 0xC0, 0x01, 0xE0, 0x03, 0xE0, 0x07, 0xE0, 0x03, 0xC0, 0x00, 0x00, 0x00, 0x1F, 0x80, 0x07,
    0xE0, 0x00, 0x78, 0x00, 0x1E, 0x00, 0x07, 0x80, 0x01, 0xE0, 0x00, 0x79, 0xF0, 0x1E, 0xFF, 0x07,
    0xF7, 0xC1, 0xF0, 0xF8, 0x7C, 0x3E, 0x1F, 0x07, 0x87, 0x81, 0xE1, 0xE0, 0x7C, 0x78, 0x1F, 0x1E,
    0x07, 0xC7, 0x81, 0xE1, 0xF0, 0x78, 0x7C, 0x3E, 0x1F, 0x8F, 0x87, 0xFF, 0xC1, 0xEF, 0xE0, 0x78,
    0x00, 0x1E, 0x00, 0x07, 0x80, 0x01, 0xE0, 0x00, 0xFC, 0x00, 0x7F, 0xC0, 0x3F, 0xF0, 0x00, 0x06,
    0x18, 0x07, 0x9E, 0x03, 0xCF, 0x00, 0xC3, 0x00, 0x00, 0x00, 0x00, 0x03, 0xFC, 0x7F, 0xFE, 0x3F,
    0x7E, 0x0F, 0x1F, 0x07, 0x0F, 0x83, 0x83, 0xC1, 0x81, 0xF1, 0xC0, 0x78, 0xC0, 0x3E, 0x60, 0x1F,
    0x70, 0x07, 0xB0, 0x03, 0xF8, 0x00, 0xFC, 0x00, 0x7C, 0x00, 0x3E, 0x00, 0x0E, 0x00, 0x07, 0x00,
    0x03, 0x80, 0x03, 0x80, 0x03, 0xC0, 0x07, 0xC0, 0x0F, 0xC0, 0x07, 0x80, 0x00, 0x01, 0xFE, 0x00,
    0x07, 0xF8, 0x00, 0x00, 0x00, 0x00, 0x00, 0x00, 0x00, 0x78, 0x00, 0x01, 0xF0, 0x00, 0x0F, 0xC0,
    0x00, 0x3F, 0x00, 0x01, 0xFE, 0x00, 0x06, 0x78, 0x00, 0x19, 0xF0, 0x00, 0xE7, 0xC0, 0x03, 0x1F,
    0x00, 0x0C, 0x3E, 0x00, 0x70, 0xF8, 0x01, 0x83, 0xE0, 0x0F, 0xFF, 0xC0, 0x3F, 0xFF, 0x00, 0xC0,
    0x7C, 0x07, 0x00, 0xF8, 0x1C, 0x03, 0xE0, 0x60, 0x0F, 0x83, 0x80, 0x1F, 0x3F, 0xC1, 0xFF, 0xFF,
    0x0F, 0xFC, 0x1F, 0xF0, 0x1F, 0xF0, 0x00, 0x00, 0x00, 0x00, 0x1F, 0xE0, 0x3F, 0xF8, 0x7C, 0x78,
    0x38, 0x7C, 0x38, 0x7C, 0x00, 0x7C, 0x00, 0x7C, 0x1F, 0xFC, 0x7F, 0x7C, 0x78, 0x7C, 0xF8, 0x7C,
    0xF8, 0x7C, 0xF8, 0x7C, 0x78, 0xFC, 0x7F, 0xFE, 0x3F, 0x3F, 0x00, 0x00, 0x00, 0x00, 0x00, 0x0E,
    0x1C, 0x00, 0x1C, 0xE0, 0x00, 0x7F, 0x80, 0x00, 0xFC, 0x00, 0x00, 0x00, 0x00, 0x00, 0x00, 0x00,
    0x1E, 0x00, 0x00, 0x7C, 0x00, 0x03, 0xF0, 0x00, 0x0F, 0xC0, 0x00, 0x7F, 0x80, 0x01, 0x9E, 0x00,
    0x06, 0x7C, 0x00, 0x39, 0xF0, 0x00, 0xC7, 0xC0, 0x03, 0x0F, 0x80, 0x1C, 0x3E, 0x00, 0x60, 0xF8,
    0x03, 0xFF, 0xF0, 0x0F, 0xFF, 0xC0, 0x30, 0x1F, 0x01, 0xC0, 0x3E, 0x07, 0x00, 0xF8, 0x18, 0x03,
    0xE0, 0xE0, 0x07, 0xCF, 0xF0, 0x7F, 0xFF, 0xC3, 0xFF, 0x00, 0x00, 0x18, 0x30, 0x1E, 0xF0, 0x1F,
    0xE0, 0x0F, 0xC0, 0x00, 0x00, 0x00, 0x00, 0x1F, 0xE0, 0x3F, 0xF8, 0x7C, 0x78, 0x38, 0x7C, 0x38,
    0x7C, 0x00, 0x7C, 0x00, 0x7C, 0x1F, 0xFC, 0x7F, 0x7C, 0x78, 0x7C, 0xF8, 0x7C, 0xF8, 0x7C, 0xF8,
    0x7C, 0x78, 0xFC, 0x7F, 0xFE, 0x3F, 0x3F, 0x00, 0x00, 0x00, 0x78, 0x00, 0x01, 0xF0, 0x00, 0x0F,
    0xC0, 0x00, 0x3F, 0x00, 0x01, 0xFE, 0x00, 0x06, 0x78, 0x00, 0x19, 0xF0, 0x00, 0xE7, 0xC0, 0x03,
    0x1F, 0x00, 0x0C, 0x3E, 0x00, 0x70, 0xF8, 0x01, 0x83, 0xE0, 0x0F, 0xFF, 0xC0, 0x3F, 0xFF, 0x00,
    0xC0, 0x7C, 0x07, 0x00, 0xF8, 0x1C, 0x03, 0xE0, 0x60, 0x0F, 0x83, 0x80, 0x1F, 0x3F, 0xC1, 0xFF,
    0xFF, 0x0F, 0xFC, 0x00, 0x03, 0x80, 0x00, 0x1C, 0x00, 0x00, 0xE0, 0x00, 0x03, 0x80, 0x00, 0x0F,
    0x00, 0x00, 0x3F, 0x80, 0x00, 0x7E, 0x00, 0x00, 0x1F, 0xE0, 0x3F, 0xF8, 0x7C, 0x78, 0x38, 0x7C,
    0x38, 0x7C, 0x00, 0x7C, 0x00, 0x7C, 0x1F, 0xFC, 0x7F, 0x7C, 0x78, 0x7C, 0xF8, 0x7C, 0xF8, 0x7C,
    0xF8, 0x7C, 0x78, 0xFC, 0x7F, 0xFE, 0x3F, 0x3F, 0x00, 0x70, 0x00, 0xC0, 0x01, 0xC0, 0x01, 0xC0,
    0x01, 0xC0, 0x01, 0xFC, 0x00, 0xF8, 0x00, 0x00, 0x00, 0x07, 0xC0, 0x03, 0xE0, 0x01, 0xE0, 0x00,
    0x70, 0x00, 0x00, 0x00, 0x00, 0x00, 0x0F, 0xF8, 0x07, 0xFF, 0x87, 0xC3, 0xE1, 0xE0, 0x78, 0xF8,
    0x1E, 0x7C, 0x03, 0x1F, 0x00, 0x07, 0xC0, 0x01, 0xF0, 0x00, 0x7C, 0x00, 0x3F, 0x00, 0x07, 0xC0,
    0x01, 0xF0, 0x00, 0x7C, 0x00, 0x1F, 0x00, 0x07, 0xC0, 0x00, 0xF8, 0x02, 0x3E, 0x01, 0x87, 0xE1,
    0xE0, 0xFF, 0xF8, 0x0F, 0xF8, 0x00, 0x00, 0x00, 0x00, 0x00, 0x03, 0xC0, 0x1E, 0x00, 0xF0, 0x03,
    0x80, 0x00, 0x00, 0x00, 0x03, 0xF8, 0x1F, 0xF8, 0xF1, 0xE7, 0xC7, 0x9E, 0x1E, 0xF8, 0x23, 0xE0,
    0x0F, 0x80, 0x3E, 0x00, 0xF8, 0x03, 0xE0, 0x07, 0x80, 0x1F, 0x02, 0x7E, 0x18, 0xFF, 0xE0, 0xFF,
    0x00, 0x00, 0x00, 0x00, 0x00, 0x7E, 0x00, 0x1F, 0x80, 0x0E, 0x70, 0x07, 0x0E, 0x00, 0x00, 0x00,
    0x00, 0x00, 0x0F, 0xF8, 0x07, 0xFF, 0x87, 0xC3, 0xE1, 0xE0, 0x78, 0xF8, 0x1E, 0x7C, 0x03, 0x1F,
    0x00, 0x07, 0xC0, 0x01, 0xF0, 0x00, 0x7C, 0x00, 0x3F, 0x00, 0x07, 0xC0, 0x01, 0xF0, 0x00, 0x7C,
    0x00, 0x1F, 0x00, 0x07, 0xC0, 0x00, 0xF8, 0x02, 0x3E, 0x01, 0x87, 0xE1, 0xE0, 0xFF, 0xF8, 0x0F,
    0xF8, 0x00, 0x00, 0x00, 0x00, 0x00, 0x1F, 0x00, 0xFE, 0x07, 0xBC, 0x38, 0x70, 0x00, 0x00, 0x00,
    0x03, 0xF8, 0x1F, 0xF8, 0xF1, 0xE7, 0xC7, 0x9E, 0x1E, 0xF8, 0x23, 0xE0, 0x0F, 0x80, 0x3E, 0x00,
    0xF8, 0x03, 0xE0, 0x07, 0x80, 0x1F, 0x02, 0x7E, 0x18, 0xFF, 0xE0, 0xFF, 0x00, 0x00, 0x00, 0x20,
    0x00, 0x3E, 0x00, 0x0F, 0x80, 0x03, 0xE0, 0x00, 0x70, 0x00, 0x00, 0x00, 0x00, 0x00, 0x0F, 0xF8,
    0x07, 0xFF, 0x87, 0xC3, 0xE1, 0xE0, 0x78, 0xF8, 0x1E, 0x7C, 0x03, 0x1F, 0x00, 0x07, 0xC0, 0x01,
    0xF0, 0x00, 0x7C, 0x00, 0x3F, 0x00, 0x07, 0xC0, 0x01, 0xF0, 0x00, 0x7C, 0x00, 0x1F, 0x00, 0x07,
    0xC0, 0x00, 0xF8, 0x02, 0x3E, 0x01, 0x87, 0xE1, 0xE0, 0xFF, 0xF8, 0x0F, 0xF8, 0x00, 0x00, 0x00,
    0x01, 0x00, 0x1F, 0x00, 0x7C, 0x01, 0xF0, 0x03, 0x80, 0x00, 0x00, 0x00, 0x03, 0xF8, 0x1F, 0xF8,
    0xF1, 0xE7, 0xC7, 0x9E, 0x1E, 0xF8, 0x23, 0xE0, 0x0F, 0x80, 0x3E, 0x00, 0xF8, 0x03, 0xE0, 0x07,
    0x80, 0x1F, 0x02, 0x7E, 0x18, 0xFF, 0xE0, 0xFF, 0x00, 0x00, 0x00, 0x00, 0x01, 0xC3, 0x80, 0x39,
    0xC0, 0x07, 0xE0, 0x01, 0xF8, 0x00, 0x00, 0x00, 0x00, 0x00, 0x0F, 0xF8, 0x07, 0xFF, 0x87, 0xC3,
    0xE1, 0xE0, 0x78, 0xF8, 0x1E, 0x7C, 0x03, 0x1F, 0x00, 0x07, 0xC0, 0x01, 0xF0, 0x00, 0x7C, 0x00,
    0x3F, 0x00, 0x07, 0xC0, 0x01, 0xF0, 0x00, 0x7C, 0x00, 0x1F, 0x00, 0x07, 0xC0, 0x00, 0xF8, 0x02,
    0x3E, 0x01, 0x87, 0xE1, 0xE0, 0xFF, 0xF8, 0x0F, 0xF8, 0x00, 0x00, 0x00, 0x00, 0x00, 0x61, 0xC1,
    0xEF, 0x03, 0xF8, 0x07, 0xC0, 0x00, 0x00, 0x00, 0x03, 0xF8, 0x1F, 0xF8, 0xF1, 0xE7, 0xC7, 0x9E,
    0x1E, 0xF8, 0x23, 0xE0, 0x0F, 0x80, 0x3E, 0x00, 0xF8, 0x03, 0xE0, 0x07, 0x80, 0x1F, 0x02, 0x7E,
    0x18, 0xFF, 0xE0, 0xFF, 0x00, 0x00, 0x00, 0x00, 0x00, 0x1C, 0x38, 0x00, 0x77, 0x80, 0x03, 0xF8,
    0x00, 0x0F, 0x80, 0x00, 0x00, 0x00, 0x00, 0x00, 0x0F, 0xFF, 0x80, 0x7F, 0xFF, 0x80, 0xF8, 0x7E,
    0x07, 0xC0, 0xF8, 0x3E, 0x07, 0xE1, 0xF0, 0x1F, 0x0F, 0x80, 0xF8, 0x7C, 0x03, 0xE3, 0xE0, 0x1F,
    0x1F, 0x00, 0xF8, 0xF8, 0x07, 0xC7, 0xC0, 0x3E, 0x3E, 0x01, 0xF1, 0xF0, 0x1F, 0x8F, 0x80, 0xF8,
    0x7C, 0x07, 0xC3, 0xE0, 0x7C, 0x1F, 0x03, 0xE0, 0xF8, 0x7E, 0x1F, 0xFF, 0xE0, 0xFF, 0xFC, 0x00,
    0x00, 0x00, 0x00, 0x03, 0xF9, 0xE0, 0x0F, 0xE7, 0x80, 0x0F, 0x9C, 0x00, 0x3E, 0x60, 0x00, 0xF9,
    0x00, 0x03, 0xE0, 0x03, 0xEF, 0x80, 0x3F, 0xFE, 0x01, 0xF9, 0xF8, 0x07, 0xC3, 0xE0, 0x1E, 0x0F,
    0x80, 0xF8, 0x3E, 0x03, 0xE0, 0xF8, 0x0F, 0x83, 0xE0, 0x3E, 0x0F, 0x80, 0xF8, 0x3E, 0x03, 0xE0,
    0xF8, 0x07, 0x83, 0xE0, 0x1F, 0x0F, 0x80, 0x7C, 0x7E, 0x00, 0xFF, 0x7E, 0x01, 0xF9, 0xFC, 0x00,
    0x00, 0x00, 0x7F, 0xFC, 0x03, 0xFF, 0xFC, 0x07, 0xC3, 0xF0, 0x3E, 0x07, 0xC1, 0xF0, 0x3F, 0x0F,
    0x80, 0xF8, 0x7C, 0x07, 0xC3, 0xE0, 0x1F, 0x1F, 0x00, 0xFB, 0xFF, 0x87, 0xDF, 0xFC, 0x3E, 0x3E,
    0x01, 0xF1, 0xF0, 0x0F, 0x8F, 0x80, 0xFC, 0x7C, 0x07, 0xC3, 0xE0, 0x3E, 0x1F, 0x03, 0xE0, 0xF8,
    0x1F, 0x07, 0xC3, 0xF0, 0xFF, 0xFF, 0x07, 0xFF, 0xE0, 0x00, 0x00, 0x00, 0x00, 0x3F, 0x80, 0x0F,
    0xE0, 0x00, 0xF8, 0x03, 0xFF, 0x80, 0xFF, 0xF0, 0x03, 0xE0, 0x00, 0xF8, 0x1F, 0xBE, 0x0F, 0xFF,
    0x87, 0xC7, 0xE1, 0xF0, 0xF8, 0x78, 0x3E, 0x3E, 0x0F, 0x8F, 0x83, 0xE3, 0xE0, 0xF8, 0xF8, 0x3E,
    0x3E, 0x0F, 0x8F, 0x83, 0xE1, 0xF0, 0xF8, 0x7C, 0x7E, 0x0F, 0xF7, 0xE1, 0xF9, 0xFC, 0x00, 0x00,
    0x07, 0xFC, 0x00, 0xFF, 0x80, 0x00, 0x00, 0x00, 0x00, 0x07, 0xFF, 0xF8, 0xFF, 0xFF, 0x07, 0xC0,
    0xE0, 0xF8, 0x0C, 0x1F, 0x01, 0x83, 0xE0, 0x30, 0x7C, 0x00, 0x0F, 0x80, 0x01, 0xF0, 0x00, 0x3F,
    0xFC, 0x07, 0xFF, 0x80, 0xF8, 0x00, 0x1F, 0x00, 0x03, 0xE0, 0x00, 0x7C, 0x00, 0x0F, 0x80, 0x21,
    0xF0, 0x0C, 0x3E, 0x01, 0x87, 0xC0, 0x73, 0xFF, 0xFE, 0x7F, 0xFF, 0xC0, 0x1F, 0xF0, 0x3F, 0xE0,
    0x00, 0x00, 0x00, 0x00, 0xFE, 0x03, 0xFE, 0x0F, 0x1E, 0x3E, 0x3E, 0x78, 0x3C, 0xF0, 0x7B, 0xE1,
    0xFF, 0xFF, 0xFF, 0xFF, 0xDF, 0x00, 0x3E, 0x00, 0x3C, 0x00, 0x7C, 0x0C, 0x7C, 0x38, 0xFF, 0xE0,
    0x7F, 0x80, 0x00, 0x00, 0x00, 0x00, 0x00, 0xC1, 0x80, 0x1E, 0x70, 0x01, 0xFE, 0x00, 0x1F, 0x80,
    0x00, 0x00, 0x00, 0x00, 0x03, 0xFF, 0xFC, 0x7F, 0xFF, 0x83, 0xE0, 0x70, 0x7C, 0x06, 0x0F, 0x80,
    0xC1, 0xF0, 0x18, 0x3E, 0x00, 0x07, 0xC0, 0x00, 0xF8, 0x00, 0x1F, 0xFE, 0x03, 0xFF, 0xC0, 0x7C,
    0x00, 0x0F, 0x80, 0x01, 0xF0, 0x00, 0x3E, 0x00, 0x07, 0xC0, 0x10, 0xF8, 0x06, 0x1F, 0x00, 0xC3,
    0xE0, 0x39, 0xFF, 0xFF, 0x3F, 0xFF, 0xE0, 0x00, 0x00, 0x30, 0x60, 0x7B, 0xC0, 0x7F, 0x00, 0x7C,
    0x00, 0x00, 0x00, 0x00, 0x07, 0xF0, 0x1F, 0xF0, 0x78, 0xF1, 0xF1, 0xF3, 0xC1, 0xE7, 0x83, 0xDF,
    0x0F, 0xFF, 0xFF, 0xFF, 0xFE, 0xF8, 0x01, 0xF0, 0x01, 0xE0, 0x03, 0xE0, 0x63, 0xE1, 0xC7, 0xFF,
    0x03, 0xFC, 0x00, 0x00, 0x00, 0x40, 0x00, 0x3E, 0x00, 0x07, 0xC0, 0x00, 0xF8, 0x00, 0x0E, 0x00,
    0x00, 0x00, 0x1F, 0xFF, 0xE3, 0xFF, 0xFC, 0x1F, 0x03, 0x83, 0xE0, 0x30, 0x7C, 0x06, 0x0F, 0x80,
    0xC1, 0xF0, 0x00, 0x3E, 0x00, 0x07, 0xC0, 0x00, 0xFF, 0xF0, 0x1F, 0xFE, 0x03, 0xE0, 0x00, 0x7C,
    0x00, 0x0F, 0x80, 0x01, 0xF0, 0x00, 0x3E, 0x00, 0x87, 0xC0, 0x30, 0xF8, 0x06, 0x1F, 0x01, 0xCF,
    0xFF, 0xF9, 0xFF, 0xFF, 0x00, 0x01, 0x00, 0x0F, 0x80, 0x1F, 0x00, 0x3E, 0x00, 0x38, 0x00, 0x00,
    0x00, 0x00, 0x07, 0xF0, 0x1F, 0xF0, 0x78, 0xF1, 0xF1, 0xF3, 0xC1, 0xE7, 0x83, 0xDF, 0x0F, 0xFF,
    0xFF, 0xFF, 0xFE, 0xF8, 0x01, 0xF0, 0x01, 0xE0, 0x03, 0xE0, 0x63, 0xE1, 0xC7, 0xFF, 0x03, 0xFC,
    0x00, 0x00, 0x7F, 0xFF, 0x8F, 0xFF, 0xF0, 0x7C, 0x0E, 0x0F, 0x80, 0xC1, 0xF0, 0x18, 0x3E, 0x03,
    0x07, 0xC0, 0x00, 0xF8, 0x00, 0x1F, 0x00, 0x03, 0xFF, 0xC0, 0x7F, 0xF8, 0x0F, 0x80, 0x01, 0xF0,
    0x00, 0x3E, 0x00, 0x07, 0xC0, 0x00, 0xF8, 0x02, 0x1F, 0x00, 0xC3, 0xE0, 0x18, 0x7C, 0x07, 0x3F,
    0xFF, 0xE7, 0xFF, 0xFC, 0x00, 0x1C, 0x00, 0x07, 0x00, 0x00, 0xE0, 0x00, 0x3C, 0x00, 0x07, 0x80,
    0x00, 0x7E, 0x00, 0x07, 0xC0, 0x00, 0x00, 0x1F, 0xC0, 0x7F, 0xC1, 0xE3, 0xC7, 0xC7, 0xCF, 0x07,
    0x9E, 0x0F, 0x7C, 0x3F, 0xFF, 0xFF, 0xFF, 0xFB, 0xE0, 0x07, 0xC0, 0x07, 0x80, 0x0F, 0x81, 0x8F,
    0x87, 0x1F, 0xFC, 0x0F, 0xF0, 0x03, 0xC0, 0x06, 0x00, 0x1C, 0x00, 0x38, 0x00, 0x70, 0x00, 0xFE,
    0x00, 0xF8, 0x00, 0x00, 0x00, 0xE1, 0xC0, 0x0E, 0xF0, 0x01, 0xFC, 0x00, 0x1F, 0x00, 0x00, 0x00,
    0x00, 0x00, 0x03, 0xFF, 0xFC, 0x7F, 0xFF, 0x83, 0xE0, 0x70, 0x7C, 0x06, 0x0F, 0x80, 0xC1, 0xF0,
    0x18, 0x3E, 0x00, 0x07, 0xC0, 0x00, 0xF8, 0x00, 0x1F, 0xFE, 0x03, 0xFF, 0xC0, 0x7C, 0x00, 0x0F,
    0x80, 0x01, 0xF0, 0x00, 0x3E, 0x00, 0x07, 0xC0, 0x10, 0xF8, 0x06, 0x1F, 0x00, 0xC3, 0xE0, 0x39,
    0xFF, 0xFF, 0x3F, 0xFF, 0xE0, 0x00, 0x00, 0x38, 0xE0, 0x7B, 0xC0, 0x7F, 0x00, 0x7C, 0x00, 0x00,
    0x00, 0x00, 0x07, 0xF0, 0x1F, 0xF0, 0x78, 0xF1, 0xF1, 0xF3, 0xC1, 0xE7, 0x83, 0xDF, 0x0F, 0xFF,
    0xFF, 0xFF, 0xFE, 0xF8, 0x01, 0xF0, 0x01, 0xE0, 0x03, 0xE0, 0x63, 0xE1, 0xC7, 0xFF, 0x03, 0xFC,
    0x00, 0x00, 0x00, 0x00, 0x00, 0x07, 0xE0, 0x00, 0x3F, 0x00, 0x03, 0x9C, 0x00, 0x38, 0x70, 0x00,
    0x00, 0x00, 0x00, 0x00, 0x00, 0x3F, 0xE0, 0x07, 0xFF, 0xC0, 0x7C, 0x1F, 0x07, 0x80, 0xF8, 0x7C,
    0x03, 0x87, 0xC0, 0x18, 0x3E, 0x00, 0x01, 0xF0, 0x00, 0x0F, 0x80, 0x00, 0x7C, 0x00, 0x07, 0xE0,
    0x00, 0x1F, 0x07, 0xFE, 0xF8, 0x3F, 0xE7, 0xC0, 0x7E, 0x3E, 0x01, 0xF1, 0xF0, 0x0F, 0x87, 0xC0,
    0x7C, 0x3E, 0x03, 0xE0, 0xFC, 0x1F, 0x03, 0xFF, 0xF8, 0x07, 0xFF, 0x00, 0x00, 0x00, 0x00, 0x00,
    0x00, 0x03, 0xE0, 0x03, 0xF8, 0x03, 0xDE, 0x01, 0xC3, 0x80, 0x00, 0x00, 0x00, 0x1C, 0x1F, 0xFE,
    0x1F, 0xFF, 0x1E, 0x3D, 0x1F, 0x1F, 0x0F, 0x07, 0x87, 0x83, 0xC3, 0xC3, 0xE0, 0xF1, 0xE0, 0x7D,
    0xF0, 0x1F, 0xF0, 0x0F, 0xC0, 0x0E, 0x00, 0x07, 0x00, 0x03, 0xFF, 0x81, 0xFF, 0xF0, 0x7F, 0xF8,
    0xFF, 0xFC, 0xF0, 0x0E, 0x78, 0x07, 0x3C, 0x07, 0x9F, 0x07, 0x87, 0xFF, 0x80, 0xFF, 0x00, 0x00,
    0x00, 0x00, 0x1C, 0x38, 0x00, 0x73, 0x80, 0x03, 0xFC, 0x00, 0x0F, 0xC0, 0x00, 0x00, 0x00, 0x00,
    0x00, 0x00, 0x3F, 0xE0, 0x07, 0xFF, 0xC0, 0x7C, 0x1F, 0x07, 0x80, 0xF8, 0x7C, 0x03, 0x87, 0xC0,
    0x18, 0x3E, 0x00, 0x01, 0xF0, 0x00, 0x0F, 0x80, 0x00, 0x7C, 0x00, 0x07, 0xE0, 0x00, 0x1F, 0x07,
    0xFE, 0xF8, 0x3F, 0xE7, 0xC0, 0x7E, 0x3E, 0x01, 0xF1, 0xF0, 0x0F, 0x87, 0xC0, 0x7C, 0x3E, 0x03,
    0xE0, 0xFC, 0x1F, 0x03, 0xFF, 0xF8, 0x07, 0xFF, 0x00, 0x00, 0x00, 0x00, 0x00, 0x00, 0x0C, 0x18,
    0x07, 0xBC, 0x01, 0xFC, 0x00, 0x7C, 0x00, 0x00, 0x00, 0x00, 0x1C, 0x1F, 0xFE, 0x1F, 0xFF, 0x1E,
    0x3D, 0x1F, 0x1F, 0x0F, 0x07, 0x87, 0x83, 0xC3, 0xC3, 0xE0, 0xF1, 0xE0, 0x7D, 0xF0, 0x1F, 0xF0,
    0x0F, 0xC0, 0x0E, 0x00, 0x07, 0x00, 0x03, 0xFF, 0x81, 0xFF, 0xF0, 0x7F, 0xF8, 0xFF, 0xFC, 0xF0,
    0x0E, 0x78, 0x07, 0x3C, 0x07, 0x9F, 0x07, 0x87, 0xFF, 0x80, 0xFF, 0x00, 0x00, 0x30, 0x00, 0x03,
    0xC0, 0x00, 0x3F, 0x00, 0x01, 0xF0, 0x00, 0x07, 0x00, 0x00, 0x00, 0x00, 0x00, 0x00, 0x00, 0x3F,
    0xE0, 0x07, 0xFF, 0xC0, 0x7C, 0x1F, 0x07, 0x80, 0xF8, 0x7C, 0x03, 0x87, 0xC0, 0x18, 0x3E, 0x00,
    0x01, 0xF0, 0x00, 0x0F, 0x80, 0x00, 0x7C, 0x00, 0x07, 0xE0, 0x00, 0x1F, 0x07, 0xFE, 0xF8, 0x3F,
    0xE7, 0xC0, 0x7E, 0x3E, 0x01, 0xF1, 0xF0, 0x0F, 0x87, 0xC0, 0x7C, 0x3E, 0x03, 0xE0, 0xFC, 0x1F,
    0x03, 0xFF, 0xF8, 0x07, 0xFF, 0x00, 0x00, 0x00, 0x00, 0x01, 0x00, 0x03, 0xE0, 0x01, 0xF0, 0x00,
    0xF8, 0x00, 0x38, 0x00, 0x00, 0x00, 0x00, 0x1C, 0x1F, 0xFE, 0x1F, 0xFF, 0x1E, 0x3D, 0x1F, 0x1F,
    0x0F, 0x07, 0x87, 0x83, 0xC3, 0xC3, 0xE0, 0xF1, 0xE0, 0x7D, 0xF0, 0x1F, 0xF0, 0x0F, 0xC0, 0x0E,
    0x00, 0x07, 0x00, 0x03, 0xFF, 0x81, 0xFF, 0xF0, 0x7F, 0xF8, 0xFF, 0xFC, 0xF0, 0x0E, 0x78, 0x07,
    0x3C, 0x07, 0x9F, 0x07, 0x87, 0xFF, 0x80, 0xFF, 0x00, 0x00, 0x00, 0x00, 0x0F, 0xF8, 0x01, 0xFF,
    0xF0, 0x1F, 0x07, 0xC1, 0xE0, 0x3E, 0x1F, 0x00, 0xE1, 0xF0, 0x06, 0x0F, 0x80, 0x00, 0x7C, 0x00,
    0x03, 0xE0, 0x00, 0x1F, 0x00, 0x01, 0xF8, 0x00, 0x07, 0xC1, 0xFF, 0xBE, 0x0F, 0xF9, 0xF0, 0x1F,
    0x8F, 0x80, 0x7C, 0x7C, 0x03, 0xE1, 0xF0, 0x1F, 0x0F, 0x80, 0xF8, 0x3F, 0x07, 0xC0, 0xFF, 0xFE,
    0x01, 0xFF, 0xC0, 0x00, 0x00, 0x00, 0x00, 0x00, 0x00, 0x70, 0x00, 0x03, 0x80, 0x00, 0x38, 0x00,
    0x01, 0xC0, 0x00, 0x0C, 0x00, 0x00, 0x00, 0x00, 0x00, 0x70, 0x00, 0x70, 0x00, 0x38, 0x00, 0x3C,
    0x00, 0x00, 0x00, 0x00, 0x1C, 0x1F, 0xFE, 0x1F, 0xFF, 0x1E, 0x3D, 0x1F, 0x1F, 0x0F, 0x07, 0x87,
    0x83, 0xC3, 0xC3, 0xE0, 0xF1, 0xE0, 0x7D, 0xF0, 0x1F, 0xF0, 0x0F, 0xC0, 0x0E, 0x00, 0x07, 0x00,
    0x03, 0xFF, 0x81, 0xFF, 0xF0, 0x7F, 0xF8, 0xFF, 0xFC, 0xF0, 0x0E, 0x78, 0x07, 0x3C, 0x07, 0x9F,
    0x07, 0x87, 0xFF, 0x80, 0xFF, 0x00, 0x00, 0x00, 0x00, 0x00, 0x7E, 0x00, 0x00, 0x7E, 0x00, 0x00,
    0xE7, 0x00, 0x01, 0xC3, 0x80, 0x00, 0x00, 0x00, 0x00, 0x00, 0x00, 0x7F, 0xE7, 0xFE, 0x7F, 0xE7,
    0xFE, 0x1F, 0x01, 0xF8, 0x1F, 0x00, 0xF0, 0x1F, 0x00, 0xF0, 0x1F, 0x00, 0xF0, 0x1F, 0x00, 0xF0,
    0x1F, 0x00, 0xF0, 0x1F, 0x00, 0xF0, 0x1F, 0xFF, 0xF0, 0x1F, 0xFF, 0xF0, 0x1F, 0x00, 0xF0, 0x1F,
    0x00, 0xF0, 0x1F, 0x00, 0xF0, 0x1F, 0x00, 0xF0, 0x1F, 0x00, 0xF0, 0x1F, 0x00, 0xF0, 0x1F, 0x00,
    0xF0, 0x1F, 0x01, 0xF8, 0x7F, 0xC3, 0xFE, 0x7F, 0xE7, 0xFE, 0x00, 0x00, 0x01, 0xF0, 0x00, 0x7F,
    0x00, 0x0E, 0xF0, 0x03, 0x87, 0x00, 0x00, 0x00, 0x00, 0x00, 0x07, 0xF0, 0x00, 0x7E, 0x00, 0x03,
    0xC0, 0x00, 0x78, 0x00, 0x0F, 0x00, 0x01, 0xE0, 0x00, 0x3C, 0xFC, 0x07, 0xFF, 0xC0, 0xFF, 0xF8,
    0x1F, 0x0F, 0x83, 0xE1, 0xF0, 0x7C, 0x3E, 0x0F, 0x87, 0xC1, 0xF0, 0xF8, 0x3E, 0x1F, 0x07, 0xC3,
    0xE0, 0xF8, 0x7C, 0x1F, 0x0F, 0x83, 0xE1, 0xF0, 0x7C, 0x3E, 0x3F, 0xC7, 0xFF, 0xFC, 0xFE, 0x7F,
    0xE7, 0xFE, 0x7F, 0xE7, 0xFE, 0x1F, 0x01, 0xF8, 0x1F, 0x00, 0xF0, 0x1F, 0x00, 0xF8, 0xFF, 0xFF,
    0xFE, 0x7F, 0xFF, 0xFE, 0x1F, 0x00, 0xF0, 0x1F, 0x00, 0xF0, 0x1F, 0xFF, 0xF0, 0x1F, 0xFF, 0xF0,
    0x1F, 0x00, 0xF0, 0x1F, 0x00, 0xF0, 0x1F, 0x00, 0xF0, 0x1F, 0x00, 0xF0, 0x1F, 0x00, 0xF0, 0x1F,
    0x00, 0xF0, 0x1F, 0x00, 0xF0, 0x1F, 0x01, 0xF8, 0x7F, 0xC3, 0xFE, 0x7F, 0xE7, 0xFE, 0x00, 0x00,
    0x1F, 0xC0, 0x01, 0xF8, 0x00, 0x0F, 0x00, 0x07, 0xFE, 0x01, 0xFF, 0xE0, 0x07, 0xC0, 0x00, 0xF0,
    0x00, 0x1E, 0x7E, 0x03, 0xFF, 0xE0, 0x7F, 0xFC, 0x0F, 0x87, 0xC1, 0xF0, 0xF8, 0x3E, 0x1F, 0x07,
    0xC3, 0xE0, 0xF8, 0x7C, 0x1F, 0x0F, 0x83, 0xE1, 0xF0, 0x7C, 0x3E, 0x0F, 0x87, 0xC1, 0xF0, 0xF8,
    0xFF, 0x1F, 0xFF, 0xF3, 0xF8, 0x00, 0x07, 0xC7, 0x7F, 0xEF, 0xFE, 0xC7, 0xC0, 0x00, 0x00, 0x07,
    0xFE, 0x7F, 0xE1, 0xF8, 0x1F, 0x01, 0xF0, 0x1F, 0x01, 0xF0, 0x1F, 0x01, 0xF0, 0x1F, 0x01, 0xF0,
    0x1F, 0x01, 0xF0, 0x1F, 0x01, 0xF0, 0x1F, 0x01, 0xF0, 0x1F, 0x01, 0xF0, 0x7F, 0xE7, 0xFE, 0x00,
    0x03, 0xC3, 0x7F, 0xFF, 0xFE, 0xC3, 0xC0, 0x00, 0x00, 0x03, 0xF0, 0x7F, 0x01, 0xF0, 0x0F, 0x00,
    0xF0, 0x0F, 0x00, 0xF0, 0x0F, 0x00, 0xF0, 0x0F, 0x00, 0xF0, 0x0F, 0x00, 0xF0, 0x0F, 0x83, 0xFE,
    0x7F, 0xE0, 0x7F, 0xCF, 0xF8, 0x00, 0x00, 0x07, 0xFE, 0xFF, 0xC7, 0xE0, 0xF8, 0x1F, 0x03, 0xE0,
    0x7C, 0x0F, 0x81, 0xF0, 0x3E, 0x07, 0xC0, 0xF8, 0x1F, 0x03, 0xE0, 0x7C, 0x0F, 0x81, 0xF0, 0x3E,
    0x07, 0xC3, 0xFF, 0x7F, 0xE0, 0xFF, 0xBF, 0xE0, 0x00, 0x00, 0x7E, 0x3F, 0x83, 0xE0, 0x78, 0x1E,
    0x07, 0x81, 0xE0, 0x78, 0x1E, 0x07, 0x81, 0xE0, 0x78, 0x1E, 0x07, 0xC7, 0xFF, 0xFF, 0x00, 0x0C,
    0x1D, 0xE7, 0x1F, 0xE1, 0xF8, 0x00, 0x00, 0x03, 0xFF, 0x7F, 0xE3, 0xF0, 0x7C, 0x0F, 0x81, 0xF0,
    0x3E, 0x07, 0xC0, 0xF8, 0x1F, 0x03, 0xE0, 0x7C, 0x0F, 0x81, 0xF0, 0x3E, 0x07, 0xC0, 0xF8, 0x1F,
    0x03, 0xE1, 0xFF, 0xBF, 0xF0, 0x00, 0x38, 0x7F, 0x39, 0xFE, 0x3F, 0x00, 0x00, 0x01, 0xF8, 0xFE,
    0x0F, 0x81, 0xE0, 0x78, 0x1E, 0x07, 0x81, 0xE0, 0x78, 0x1E, 0x07, 0x81, 0xE0, 0x78, 0x1F, 0x1F,
    0xFF, 0xFC, 0x7F, 0xEF, 0xFC, 0x7E, 0x0F, 0x81, 0xF0, 0x3E, 0x07, 0xC0, 0xF8, 0x1F, 0x03, 0xE0,
    0x7C, 0x0F, 0x81, 0xF0, 0x3E, 0x07, 0xC0, 0xF8, 0x1F, 0x03, 0xE0, 0x7C, 0x3F, 0xF7, 0xFE, 0x0E,
    0x03, 0x80, 0xE0, 0x1C, 0x03, 0xC0, 0x7F, 0x07, 0xE0, 0x0C, 0x07, 0x83, 0xF0, 0x78, 0x0C, 0x00,
    0x00, 0x01, 0xF8, 0xFE, 0x0F, 0x81, 0xE0, 0x78, 0x1E, 0x07, 0x81, 0xE0, 0x78, 0x1E, 0x07, 0x81,
    0xE0, 0x78, 0x1F, 0x1F, 0xFF, 0xFC, 0x38, 0x1C, 0x0E, 0x03, 0x80, 0xF0, 0x3F, 0x83, 0xE0, 0x06,
    0x01, 0xE0, 0x7C, 0x0F, 0x80, 0xE0, 0x00, 0x00, 0x03, 0xFF, 0x7F, 0xE3, 0xF0, 0x7C, 0x0F, 0x81,
    0xF0, 0x3E, 0x07, 0xC0, 0xF8, 0x1F, 0x03, 0xE0, 0x7C, 0x0F, 0x81, 0xF0, 0x3E, 0x07, 0xC0, 0xF8,
    0x1F, 0x03, 0xE1, 0xFF, 0xBF, 0xF0, 0x7E, 0x3F, 0x83, 0xE0, 0x78, 0x1E, 0x07, 0x81, 0xE0, 0x78,
    0x1E, 0x07, 0x81, 0xE0, 0x78, 0x1E, 0x07, 0xC7, 0xFF, 0xFF, 0x7F, 0xE7, 0xFE, 0xFF, 0xCF, 0xFC,
    0x7E, 0x07, 0xC0, 0xF8, 0x0F, 0x81, 0xF0, 0x1F, 0x03, 0xE0, 0x3E, 0x07, 0xC0, 0x7C, 0x0F, 0x80,
    0xF8, 0x1F, 0x01, 0xF0, 0x3E, 0x03, 0xE0, 0x7C, 0x07, 0xC0, 0xF8, 0x0F, 0x81, 0xF0, 0x1F, 0x03,
    0xE0, 0x3E, 0x07, 0xC0, 0x7C, 0x0F, 0x80, 0xF8, 0x1F, 0x01, 0xF0, 0x3E, 0x03, 0xE0, 0x7C, 0x07,
    0xC3, 0xFF, 0x0F, 0x87, 0xFE, 0x1F, 0x00, 0x00, 0x3E, 0x00, 0x00, 0x7C, 0x00, 0x00, 0xF8, 0x00,
    0x03, 0xE0, 0x00, 0x07, 0xC0, 0x00, 0x7F, 0x00, 0x00, 0xF8, 0x00, 0x0C, 0x01, 0x07, 0x81, 0xF3,
    0xF0, 0x7C, 0x78, 0x1F, 0x0C, 0x03, 0x80, 0x00, 0x00, 0x00, 0x01, 0xF8, 0x7F, 0xFE, 0x1F, 0xCF,
    0x81, 0xF1, 0xE0, 0x7C, 0x78, 0x1F, 0x1E, 0x07, 0xC7, 0x81, 0xF1, 0xE0, 0x7C, 0x78, 0x1F, 0x1E,
    0x07, 0xC7, 0x81, 0xF1, 0xE0, 0x7C, 0x78, 0x1F, 0x1F, 0x07, 0xDF, 0xF1, 0xFF, 0xFC, 0x7C, 0x00,
    0x1F, 0x00, 0x07, 0xC0, 0x01, 0xF0, 0x00, 0xF8, 0x00, 0x3E, 0x00, 0x3F, 0x00, 0x0F, 0x00, 0x00,
    0x00, 0x7E, 0x03, 0xF0, 0x39, 0xC3, 0x87, 0x00, 0x00, 0x00, 0x07, 0xFE, 0x3F, 0xF0, 0x7E, 0x03,
    0xE0, 0x1F, 0x00, 0xF8, 0x07, 0xC0, 0x3E, 0x01, 0xF0, 0x0F, 0x80, 0x7C, 0x03, 0xE0, 0x1F, 0x00,
    0xF8, 0x07, 0xC0, 0x3E, 0x01, 0xF0, 0x0F, 0x80, 0x7C, 0x03, 0xE0, 0x1F, 0x00, 0xF8, 0x07, 0xC0,
    0x3E, 0x01, 0xF0, 0x1F, 0x07, 0xF0, 0x3E, 0x00, 0x00, 0x03, 0xE0, 0xFE, 0x3D, 0xE7, 0x0E, 0x00,
    0x00, 0x01, 0xF8, 0x7F, 0x03, 0xE0, 0x3C, 0x07, 0x80, 0xF0, 0x1E, 0x03, 0xC0, 0x78, 0x0F, 0x01,
    0xE0, 0x3C, 0x07, 0x80, 0xF0, 0x1E, 0x03, 0xC0, 0x78, 0x0F, 0x01, 0xE0, 0x7C, 0x1F, 0x0F, 0xC1,
    0xF0, 0x00, 0x7F, 0xE7, 0xF9, 0xFF, 0x9F, 0xE1, 0xF0, 0x3C, 0x07, 0xC0, 0xE0, 0x1F, 0x07, 0x00,
    0x7C, 0x18, 0x01, 0xF0, 0xC0, 0x07, 0xC7, 0x00, 0x1F, 0x38, 0x00, 0x7D, 0xE0, 0x01, 0xFF, 0xC0,
    0x07, 0xFF, 0x80, 0x1F, 0xBE, 0x00, 0x7C, 0xFC, 0x01, 0xF1, 0xF0, 0x07, 0xC3, 0xE0, 0x1F, 0x0F,
    0xC0, 0x7C, 0x1F, 0x01, 0xF0, 0x7E, 0x1F, 0xF8, 0xFE, 0x7F, 0xE1, 0xFC, 0x00, 0x00, 0x00, 0x00,
    0x00, 0x00, 0x0F, 0x00, 0x00, 0x38, 0x00, 0x01, 0xC0, 0x00, 0x07, 0x00, 0x00, 0x18, 0x00, 0x00,
    0x00, 0x1F, 0xC0, 0x01, 0xF8, 0x00, 0x0F, 0x00, 0x01, 0xE0, 0x00, 0x3C, 0x00, 0x07, 0x80, 0x00,
    0xF1, 0xFC, 0x1E, 0x3F, 0xC3, 0xC3, 0xE0, 0x78, 0x70, 0x0F, 0x1C, 0x01, 0xE7, 0x00, 0x3C, 0xE0,
    0x07, 0xFE, 0x00, 0xFF, 0xC0, 0x1F, 0x7C, 0x03, 0xCF, 0xC0, 0x78, 0xF8, 0x0F, 0x0F, 0x81, 0xF1,
    0xF8, 0xFF, 0x9F, 0xBF, 0xF0, 0xF8, 0x00, 0x00, 0x00, 0x00, 0x00, 0x1E, 0x00, 0x03, 0x80, 0x00,
    0x70, 0x00, 0x1C, 0x00, 0x01, 0x00, 0x00, 0x7E, 0x3F, 0x9F, 0xC7, 0xF8, 0xF8, 0x7C, 0x0F, 0x0E,
    0x01, 0xE3, 0x80, 0x3C, 0xE0, 0x07, 0x9C, 0x00, 0xFF, 0x80, 0x1F, 0xF8, 0x03, 0xFF, 0x80, 0x79,
    0xF0, 0x0F, 0x1F, 0x01, 0xE3, 0xF0, 0x3E, 0x3F, 0x1F, 0xF3, 0xF7, 0xFE, 0x3F, 0x00, 0x00, 0x00,
    0x3E, 0x00, 0x07, 0x80, 0x01, 0xE0, 0x00, 0x70, 0x00, 0x00, 0x00, 0x00, 0x00, 0x03, 0xFF, 0x00,
    0x7F, 0xE0, 0x03, 0xE0, 0x00, 0x7C, 0x00, 0x0F, 0x80, 0x01, 0xF0, 0x00, 0x3E, 0x00, 0x07, 0xC0,
    0x00, 0xF8, 0x00, 0x1F, 0x00, 0x03, 0xE0, 0x00, 0x7C, 0x00, 0x0F, 0x80, 0x01, 0xF0, 0x00, 0x3E,
    0x00, 0x87, 0xC0, 0x30, 0xF8, 0x06, 0x1F, 0x00, 0xC3, 0xE0, 0x39, 0xFF, 0xFF, 0x3F, 0xFF, 0xE0,
    0x00, 0x00, 0xF8, 0x1E, 0x07, 0x81, 0xE0, 0x00, 0x00, 0x07, 0xF0, 0x7E, 0x03, 0xC0, 0x78, 0x0F,
    0x01, 0xE0, 0x3C, 0x07, 0x80, 0xF0, 0x1E, 0x03, 0xC0, 0x78, 0x0F, 0x01, 0xE0, 0x3C, 0x07, 0x80,
    0xF0, 0x1E, 0x03, 0xC0, 0x7C, 0x3F, 0xEF, 0xFC, 0x7F, 0xE0, 0x0F, 0xFC, 0x00, 0x7C, 0x00, 0x0F,
    0x80, 0x01, 0xF0, 0x00, 0x3E, 0x00, 0x07, 0xC0, 0x00, 0xF8, 0x00, 0x1F, 0x00, 0x03, 0xE0, 0x00,
    0x7C, 0x00, 0x0F, 0x80, 0x01, 0xF0, 0x00, 0x3E, 0x00, 0x07, 0xC0, 0x10, 0xF8, 0x06, 0x1F, 0x00,
    0xC3, 0xE0, 0x18, 0x7C, 0x07, 0x3F, 0xFF, 0xE7, 0xFF, 0xFC, 0x00, 0x00, 0x00, 0x00, 0x00, 0x07,
    0x80, 0x00, 0xE0, 0x00, 0x38, 0x00, 0x07, 0x00, 0x00, 0xC0, 0x00, 0x00, 0x3F, 0x87, 0xE0, 0x78,
    0x1E, 0x07, 0x81, 0xE0, 0x78, 0x1E, 0x07, 0x81, 0xE0, 0x78, 0x1E, 0x07, 0x81, 0xE0, 0x78, 0x1E,
    0x07, 0x81, 0xE0, 0x78, 0x1F, 0x1F, 0xFF, 0xFC, 0x00, 0x00, 0x07, 0x81, 0xC0, 0x70, 0x38, 0x04,
    0x00, 0x7F, 0xE3, 0xCF, 0xFC, 0x70, 0x7C, 0x0E, 0x0F, 0x83, 0x81, 0xF0, 0x60, 0x3E, 0x00, 0x07,
    0xC0, 0x00, 0xF8, 0x00, 0x1F, 0x00, 0x03, 0xE0, 0x00, 0x7C, 0x00, 0x0F, 0x80, 0x01, 0xF0, 0x00,
    0x3E, 0x00, 0x07, 0xC0, 0x10, 0xF8, 0x06, 0x1F, 0x00, 0xC3, 0xE0, 0x18, 0x7C, 0x07, 0x3F, 0xFF,
    0xE7, 0xFF, 0xFC, 0x00, 0x03, 0xF8, 0xE7, 0xE3, 0x87, 0x9C, 0x1E, 0x70, 0x79, 0x81, 0xE0, 0x07,
    0x80, 0x1E, 0x00, 0x78, 0x01, 0xE0, 0x07, 0x80, 0x1E, 0x00, 0x78, 0x01, 0xE0, 0x07, 0x80, 0x1E,
    0x00, 0x78, 0x01, 0xE0, 0x07, 0x80, 0x1F, 0x01, 0xFF, 0x0F, 0xFC, 0x00, 0x7F, 0xE0, 0x0F, 0xFC,
    0x00, 0x7C, 0x00, 0x0F, 0x80, 0x01, 0xF0, 0x00, 0x3E, 0x00, 0x07, 0xC0, 0x00, 0xF8, 0x00, 0x1F,
    0x03, 0x03, 0xE0, 0xF0, 0x7C, 0x1F, 0x0F, 0x83, 0xE1, 0xF0, 0x38, 0x3E, 0x00, 0x07, 0xC0, 0x10,
    0xF8, 0x06, 0x1F, 0x00, 0xC3, 0xE0, 0x18, 0x7C, 0x07, 0x3F, 0xFF, 0xE7, 0xFF, 0xFC, 0x00, 0x01,
    0xFC, 0x01, 0xF8, 0x00, 0xF0, 0x01, 0xE0, 0x03, 0xC0, 0x07, 0x80, 0x0F, 0x00, 0x1E, 0x00, 0x3C,
    0x00, 0x78, 0x00, 0xF0, 0xC1, 0xE3, 0xC3, 0xCF, 0x87, 0x9F, 0x0F, 0x1C, 0x1E, 0x00, 0x3C, 0x00,
    0x78, 0x00, 0xF0, 0x01, 0xF0, 0x0F, 0xF8, 0x3F, 0xF0, 0x00, 0x7F, 0xE0, 0x0F, 0xFC, 0x00, 0x7C,
    0x00, 0x0F, 0x80, 0x01, 0xF0, 0x00, 0x3E, 0x00, 0x07, 0xC6, 0x00, 0xFB, 0x80, 0x1F, 0xE0, 0x03,
    0xF8, 0x00, 0x7C, 0x00, 0x1F, 0x80, 0x07, 0xF0, 0x00, 0xFE, 0x00, 0x07, 0xC0, 0x10, 0xF8, 0x06,
    0x1F, 0x00, 0xC3, 0xE0, 0x18, 0x7C, 0x07, 0x3F, 0xFF, 0xE7, 0xFF, 0xFC, 0x00, 0x3F, 0x87, 0xE0,
    0x78, 0x1E, 0x07, 0x81, 0xE0, 0x78, 0x1E, 0x07, 0x81, 0xFC, 0x7F, 0x1F, 0x0F, 0x87, 0xE1, 0xF8,
    0x1E, 0x07, 0x81, 0xE0, 0x78, 0x1F, 0x1F, 0xFF, 0xFC, 0x00, 0x00, 0x00, 0x00, 0x1F, 0x00, 0x00,
    0x3C, 0x00, 0x00, 0xF0, 0x00, 0x03, 0xC0, 0x00, 0x00, 0x00, 0x00, 0x00, 0x00, 0x3F, 0x80, 0xFF,
    0x7F, 0x01, 0xFC, 0x3F, 0x00, 0xE0, 0x7F, 0x01, 0xC0, 0xFF, 0x03, 0x81, 0xFE, 0x07, 0x03, 0xBE,
    0x0E, 0x07, 0x7E, 0x1C, 0x0E, 0x7C, 0x38, 0x1C, 0x7C, 0x70, 0x38, 0x7C, 0xE0, 0x70, 0xF9, 0xC0,
    0xE0, 0xFB, 0x81, 0xC0, 0xFF, 0x03, 0x81, 0xFE, 0x07, 0x01, 0xFC, 0x0E, 0x01, 0xF8, 0x1C, 0x03,
    0xF0, 0x38, 0x03, 0xE1, 0xFC, 0x03, 0xC3, 0xFC, 0x03, 0x80, 0x00, 0x00, 0x00, 0x07, 0xC0, 0x01,
    0xF0, 0x00, 0x3C, 0x00, 0x0E, 0x00, 0x00, 0x00, 0x00, 0x00, 0x03, 0xF3, 0xF0, 0x7E, 0xFF, 0x07,
    0xFF, 0xE0, 0x7C, 0x3E, 0x0F, 0x87, 0xC1, 0xF0, 0xF8, 0x3E, 0x1F, 0x07, 0xC3, 0xE0, 0xF8, 0x7C,
    0x1F, 0x0F, 0x83, 0xE1, 0xF0, 0x7C, 0x3E, 0x0F, 0x87, 0xC1, 0xF0, 0xF8, 0xFF, 0x1F, 0xFF, 0xF3,
    0xF8, 0x7F, 0x01, 0xFE, 0xFE, 0x03, 0xF8, 0x7E, 0x01, 0xC0, 0xFE, 0x03, 0x81, 0xFE, 0x07, 0x03,
    0xFC, 0x0E, 0x07, 0x7C, 0x1C, 0x0E, 0xFC, 0x38, 0x1C, 0xF8, 0x70, 0x38, 0xF8, 0xE0, 0x70, 0xF9,
    0xC0, 0xE1, 0xF3, 0x81, 0xC1, 0xF7, 0x03, 0x81, 0xFE, 0x07, 0x03, 0xFC, 0x0E, 0x03, 0xF8, 0x1C,
    0x03, 0xF0, 0x38, 0x07, 0xE0, 0x70, 0x07, 0xC3, 0xF8, 0x07, 0x87, 0xF8, 0x07, 0x00, 0x00, 0x00,
    0x00, 0x00, 0x00, 0x00, 0x1E, 0x00, 0x00, 0x38, 0x00, 0x00, 0x60, 0x00, 0x01, 0xC0, 0x00, 0x01,
    0x00, 0x00, 0x00, 0x00, 0x0F, 0xCF, 0xC1, 0xFB, 0xFC, 0x1F, 0xFF, 0x81, 0xF0, 0xF8, 0x3E, 0x1F,
    0x07, 0xC3, 0xE0, 0xF8, 0x7C, 0x1F, 0x0F, 0x83, 0xE1, 0xF0, 0x7C, 0x3E, 0x0F, 0x87, 0xC1, 0xF0,
    0xF8, 0x3E, 0x1F, 0x07, 0xC3, 0xE3, 0xFC, 0x7F, 0xFF, 0xCF, 0xE0, 0x00, 0x00, 0x00, 0x00, 0x00,
    0x78, 0x00, 0x0E, 0x00, 0x01, 0x80, 0x00, 0x70, 0x00, 0x04, 0x00, 0x00, 0x00, 0x00, 0x03, 0x87,
    0x00, 0x03, 0x9C, 0x00, 0x03, 0xF0, 0x00, 0x03, 0xE0, 0x00, 0x00, 0x00, 0x00, 0x00, 0x00, 0x3F,
    0x80, 0xFF, 0x7F, 0x01, 0xFC, 0x3F, 0x00, 0xE0, 0x7F, 0x01, 0xC0, 0xFF, 0x03, 0x81, 0xFE, 0x07,
    0x03, 0xBE, 0x0E, 0x07, 0x7E, 0x1C, 0x0E, 0x7C, 0x38, 0x1C, 0x7C, 0x70, 0x38, 0x7C, 0xE0, 0x70,
    0xF9, 0xC0, 0xE0, 0xFB, 0x81, 0xC0, 0xFF, 0x03, 0x81, 0xFE, 0x07, 0x01, 0xFC, 0x0E, 0x01, 0xF8,
    0x1C, 0x03, 0xF0, 0x38, 0x03, 0xE1, 0xFC, 0x03, 0xC3, 0xFC, 0x03, 0x80, 0x00, 0x00, 0x00, 0xE1,
    0xC0, 0x0E, 0x70, 0x00, 0xFC, 0x00, 0x1F, 0x00, 0x00, 0x00, 0x00, 0x00, 0x03, 0xF3, 0xF0, 0x7E,
    0xFF, 0x07, 0xFF, 0xE0, 0x7C, 0x3E, 0x0F, 0x87, 0xC1, 0xF0, 0xF8, 0x3E, 0x1F, 0x07, 0xC3, 0xE0,
    0xF8, 0x7C, 0x1F, 0x0F, 0x83, 0xE1, 0xF0, 0x7C, 0x3E, 0x0F, 0x87, 0xC1, 0xF0, 0xF8, 0xFF, 0x1F,
    0xFF, 0xF3, 0xF8, 0x30, 0x00, 0x00, 0x3C, 0x00, 0x00, 0x1F, 0x00, 0x00, 0x0F, 0x80, 0x00, 0x03,
    0xC0, 0x00, 0x00, 0xDF, 0x8F, 0x80, 0xEF, 0xFF, 0xE0, 0xE1, 0xFF, 0xF8, 0xC0, 0xFC, 0x7C, 0x00,
    0x7C, 0x3E, 0x00, 0x3E, 0x0F, 0x00, 0x1F, 0x07, 0x80, 0x0F, 0x83, 0xC0, 0x07, 0xC1, 0xE0, 0x03,
    0xE0, 0xF0, 0x01, 0xF0, 0x78, 0x00, 0xF8, 0x3C, 0x00, 0x7C, 0x1E, 0x00, 0x3E, 0x0F, 0x00, 0x7F,
    0xC7, 0xE0, 0x3F, 0xE3, 0xF0, 0x7F, 0x01, 0xFE, 0xFE, 0x03, 0xF8, 0x7E, 0x01, 0xC0, 0xFE, 0x03,
    0x81, 0xFE, 0x07, 0x03, 0xFC, 0x0E, 0x07, 0x7C, 0x1C, 0x0E, 0xFC, 0x38, 0x1C, 0xF8, 0x70, 0x38,
    0xF8, 0xE0, 0x70, 0xF9, 0xC0, 0xE1, 0xFB, 0x81, 0xC1, 0xF7, 0x03, 0x81, 0xFE, 0x07, 0x01, 0xFC,
    0x0E, 0x03, 0xF8, 0x1C, 0x03, 0xF0, 0x38, 0x03, 0xE0, 0x70, 0x03, 0xC3, 0xF8, 0x07, 0x87, 0xF8,
    0x07, 0x00, 0x00, 0x0E, 0x00, 0x00, 0x1C, 0x00, 0x00, 0x38, 0x00, 0x00, 0x70, 0x00, 0x01, 0xC0,
    0x00, 0x0F, 0x80, 0x00, 0x1E, 0x00, 0x00, 0x00, 0x3F, 0x3F, 0x1F, 0xBF, 0xC7, 0xFF, 0xE1, 0xF0,
    0xF8, 0xF8, 0x7C, 0x7C, 0x3E, 0x3E, 0x1F, 0x1F, 0x0F, 0x8F, 0x87, 0xC7, 0xC3, 0xE3, 0xE1, 0xF1,
    0xF0, 0xF8, 0xF8, 0x7C, 0x7C, 0x3E, 0xFF, 0x1F, 0xFF, 0xCF, 0x80, 0x07, 0xC0, 0x03, 0xE0, 0x01,
    0xF0, 0x00, 0xF0, 0x00, 0xF8, 0x01, 0xF8, 0x00, 0xF0, 0x03, 0xFE, 0x00, 0x1F, 0xF0, 0x00, 0x00,
    0x00, 0x00, 0x00, 0x00, 0x3F, 0xE0, 0x07, 0xFF, 0xC0, 0x7C, 0x1F, 0x07, 0xC0, 0x7C, 0x3E, 0x03,
    0xE3, 0xE0, 0x0F, 0x9F, 0x00, 0x7C, 0xF8, 0x03, 0xE7, 0xC0, 0x1F, 0x3E, 0x00, 0xFB, 0xF0, 0x07,
    0xCF, 0x80, 0x3E, 0x7C, 0x01, 0xF3, 0xE0, 0x0F, 0x9F, 0x00, 0x7C, 0xF8, 0x03, 0xE3, 0xE0, 0x3E,
    0x1F, 0x01, 0xF0, 0x7C, 0x1F, 0x01, 0xFF, 0xF0, 0x03, 0xFE, 0x00, 0x00, 0x00, 0x00, 0x1F, 0xF0,
    0x1F, 0xF0, 0x00, 0x00, 0x00, 0x00, 0x0F, 0xE0, 0x1F, 0xF8, 0x3C, 0x7C, 0x7C, 0x3E, 0x78, 0x1E,
    0xF8, 0x1E, 0xF8, 0x1F, 0xF8, 0x1F, 0xF8, 0x1F, 0xF8, 0x1F, 0xF8, 0x1E, 0x78, 0x1E, 0x7C, 0x3E,
    0x3C, 0x3C, 0x1F, 0xF8, 0x0F, 0xF0, 0x00, 0x00, 0x00, 0x00, 0x00, 0x18, 0x30, 0x00, 0xF7, 0x80,
    0x03, 0xF8, 0x00, 0x0F, 0x80, 0x00, 0x00, 0x00, 0x00, 0x00, 0x00, 0x7F, 0xC0, 0x0F, 0xFF, 0x80,
    0xF8, 0x3E, 0x0F, 0x80, 0xF8, 0x7C, 0x07, 0xC7, 0xC0, 0x1F, 0x3E, 0x00, 0xF9, 0xF0, 0x07, 0xCF,
    0x80, 0x3E, 0x7C, 0x01, 0xF7, 0xE0, 0x0F, 0x9F, 0x00, 0x7C, 0xF8, 0x03, 0xE7, 0xC0, 0x1F, 0x3E,
    0x00, 0xF9, 0xF0, 0x07, 0xC7, 0xC0, 0x7C, 0x3E, 0x03, 0xE0, 0xF8, 0x3E, 0x03, 0xFF, 0xE0, 0x07,
    0xFC, 0x00, 0x00, 0x00, 0x00, 0x00, 0x00, 0x1C, 0x38, 0x1E, 0x70, 0x0F, 0xF0, 0x07, 0xE0, 0x00,
    0x00, 0x00, 0x00, 0x0F, 0xE0, 0x1F, 0xF8, 0x3C, 0x7C, 0x7C, 0x3E, 0x78, 0x1E, 0xF8, 0x1E, 0xF8,
    0x1F, 0xF8, 0x1F, 0xF8, 0x1F, 0xF8, 0x1F, 0xF8, 0x1E, 0x78, 0x1E, 0x7C, 0x3E, 0x3C, 0x3C, 0x1F,
    0xF8, 0x0F, 0xF0, 0x00, 0x00, 0x00, 0x00, 0x00, 0x07, 0xBC, 0x00, 0x79, 0xC0, 0x03, 0x9C, 0x00,
    0x39, 0xC0, 0x00, 0x00, 0x00, 0x00, 0x00, 0x00, 0x7F, 0xC0, 0x0F, 0xFF, 0x80, 0xF8, 0x3E, 0x0F,
    0x80, 0xF8, 0x7C, 0x07, 0xC7, 0xC0, 0x1F, 0x3E, 0x00, 0xF9, 0xF0, 0x07, 0xCF, 0x80, 0x3E, 0x7C,
    0x01, 0xF7, 0xE0, 0x0F, 0x9F, 0x00, 0x7C, 0xF8, 0x03, 0xE7, 0xC0, 0x1F, 0x3E, 0x00, 0xF9, 0xF0,
    0x07, 0xC7, 0xC0, 0x7C, 0x3E, 0x03, 0xE0, 0xF8, 0x3E, 0x03, 0xFF, 0xE0, 0x07, 0xFC, 0x00, 0x00,
    0x00, 0x00, 0x00, 0x00, 0x07, 0x9E, 0x07, 0x3C, 0x0E, 0x38, 0x1C, 0x70, 0x00, 0x00, 0x00, 0x00,
    0x0F, 0xE0, 0x1F, 0xF8, 0x3C, 0x7C, 0x7C, 0x3E, 0x78, 0x1E, 0xF8, 0x1E, 0xF8, 0x1F, 0xF8, 0x1F,
    0xF8, 0x1F, 0xF8, 0x1F, 0xF8, 0x1E, 0x78, 0x1E, 0x7C, 0x3E, 0x3C, 0x3C, 0x1F, 0xF8, 0x0F, 0xF0,
    0x00, 0x00, 0x00, 0x00, 0x00, 0x00, 0x3F, 0xFF, 0xFE, 0x0F, 0xFF, 0xFF, 0xE1, 0xF0, 0x7C, 0x0E,
    0x3E, 0x07, 0xC0, 0xE3, 0xE0, 0x7C, 0x06, 0x7C, 0x07, 0xC0, 0x67, 0xC0, 0x7C, 0x00, 0x7C, 0x07,
    0xC0, 0x07, 0xC0, 0x7C, 0x00, 0x7C, 0x07, 0xFF, 0x8F, 0xC0, 0x7F, 0xF8, 0x7C, 0x07, 0xC0, 0x07,
    0xC0, 0x7C, 0x00, 0x7C, 0x07, 0xC0, 0x07, 0xC0, 0x7C, 0x00, 0x7C, 0x07, 0xC0, 0x23, 0xE0, 0x7C,
    0x03, 0x3E, 0x07, 0xC0, 0x71, 0xF0, 0x7C, 0x07, 0x0F, 0xFF, 0xFF, 0xF0, 0x3F, 0xFF, 0xFF, 0x00,
    0x00, 0x00, 0x00, 0x00, 0x00, 0x00, 0x03, 0xF8, 0x7F, 0x01, 0xFF, 0xBF, 0xE0, 0xF1, 0xFE, 0x7C,
    0x7C, 0x3F, 0x0F, 0x9E, 0x07, 0xC3, 0xEF, 0x81, 0xF0, 0xFB, 0xE0, 0x7C, 0x3E, 0xF8, 0x1F, 0xFF,
    0xBE, 0x07, 0xFF, 0xEF, 0x81, 0xF0, 0x03, 0xE0, 0x7C, 0x00, 0x78, 0x1F, 0x00, 0x1F, 0x0F, 0xE0,
    0x43, 0xC3, 0xFC, 0x30, 0xFF, 0xEF, 0xFC, 0x0F, 0xF1, 0xFE, 0x00, 0x00, 0x00, 0x00, 0x00, 0x00,
    0x00, 0x01, 0xF0, 0x00, 0x1F, 0x00, 0x00, 0xF0, 0x00, 0x0E, 0x00, 0x00, 0x00, 0x00, 0x00, 0x00,
    0x0F, 0xFF, 0x80, 0x7F, 0xFF, 0x80, 0xF8, 0x7E, 0x07, 0xC1, 0xF0, 0x3E, 0x0F, 0x81, 0xF0, 0x7E,
    0x0F, 0x83, 0xF0, 0x7C, 0x1F, 0x03, 0xE0, 0xF8, 0x1F, 0x0F, 0x80, 0xFF, 0xF8, 0x07, 0xFF, 0x80,
    0x3E, 0x7C, 0x01, 0xF1, 0xF0, 0x0F, 0x8F, 0x80, 0x7C, 0x3E, 0x03, 0xE1, 0xF8, 0x1F, 0x07, 0xC0,
    0xF8, 0x3F, 0x1F, 0xF0, 0xFE, 0xFF, 0xC1, 0xF0, 0x00, 0x00, 0x03, 0xE0, 0x07, 0x80, 0x1E, 0x00,
    0x78, 0x00, 0x00, 0x00, 0x00, 0x3F, 0x3E, 0x7E, 0xFE, 0x7F, 0xFC, 0x7E, 0x78, 0xF8, 0xE1, 0xF0,
    0x03, 0xE0, 0x07, 0x80, 0x0F, 0x00, 0x1E, 0x00, 0x3C, 0x00, 0x78, 0x00, 0xF0, 0x01, 0xF0, 0x0F,
    0xF8, 0x3F, 0xF0, 0x00, 0x7F, 0xFC, 0x03, 0xFF, 0xFC, 0x07, 0xC3, 0xF0, 0x3E, 0x0F, 0x81, 0xF0,
    0x7C, 0x0F, 0x83, 0xF0, 0x7C, 0x1F, 0x83, 0xE0, 0xF8, 0x1F, 0x07, 0xC0, 0xF8, 0x7C, 0x07, 0xFF,
    0xC0, 0x3F, 0xFC, 0x01, 0xF3, 0xE0, 0x0F, 0x8F, 0x80, 0x7C, 0x7C, 0x03, 0xE1, 0xF0, 0x1F, 0x0F,
    0xC0, 0xF8, 0x3E, 0x07, 0xC1, 0xF8, 0xFF, 0x87, 0xF7, 0xFE, 0x0F, 0x80, 0x00, 0x00, 0x00, 0x00,
    0x00, 0x0E, 0x00, 0x00, 0xF0, 0x00, 0x07, 0x00, 0x00, 0x30, 0x00, 0x01, 0x00, 0x00, 0x7E, 0x7C,
    0xFD, 0xFC, 0xFF, 0xF8, 0xFC, 0xF1, 0xF1, 0xC3, 0xE0, 0x07, 0xC0, 0x0F, 0x00, 0x1E, 0x00, 0x3C,
    0x00, 0x78, 0x00, 0xF0, 0x01, 0xE0, 0x03, 0xE0, 0x1F, 0xF0, 0x7F, 0xE0, 0x00, 0x00, 0x00, 0x00,
    0x38, 0x00, 0xF0, 0x01, 0xC0, 0x03, 0x00, 0x04, 0x00, 0x00, 0x00, 0x00, 0x00, 0x38, 0xE0, 0x01,
    0xEF, 0x00, 0x07, 0xF0, 0x00, 0x1F, 0x00, 0x00, 0x00, 0x00, 0x00, 0x00, 0x0F, 0xFF, 0x80, 0x7F,
    0xFF, 0x80, 0xF8, 0x7E, 0x07, 0xC1, 0xF0, 0x3E, 0x0F, 0x81, 0xF0, 0x7E, 0x0F, 0x83, 0xF0, 0x7C,
    0x1F, 0x03, 0xE0, 0xF8, 0x1F, 0x0F, 0x80, 0xFF, 0xF8, 0x07, 0xFF, 0x80, 0x3E, 0x7C, 0x01, 0xF1,
    0xF0, 0x0F, 0x8F, 0x80, 0x7C, 0x3E, 0x03, 0xE1, 0xF8, 0x1F, 0x07, 0xC0, 0xF8, 0x3F, 0x1F, 0xF0,
    0xFE, 0xFF, 0xC1, 0xF0, 0x00, 0x00, 0x38, 0x70, 0x3B, 0xC0, 0x7F, 0x00, 0x7C, 0x00, 0x00, 0x00,
    0x00, 0x3F, 0x3E, 0x7E, 0xFE, 0x7F, 0xFC, 0x7E, 0x78, 0xF8, 0xE1, 0xF0, 0x03, 0xE0, 0x07, 0x80,
    0x0F, 0x00, 0x1E, 0x00, 0x3C, 0x00, 0x78, 0x00, 0xF0, 0x01, 0xF0, 0x0F, 0xF8, 0x3F, 0xF0, 0x00,
    0x00, 0x00, 0x00, 0x7C, 0x00, 0x78, 0x00, 0xF0, 0x01, 0xE0, 0x00, 0x00, 0x00, 0x00, 0x07, 0xF8,
    0x1F, 0xFC, 0x3C, 0x3E, 0x3C, 0x1E, 0x78, 0x1E, 0x7C, 0x08, 0x7C, 0x00, 0x3F, 0x00, 0x3F, 0xC0,
    0x1F, 0xF0, 0x0F, 0xFC, 0x07, 0xFE, 0x00, 0xFE, 0x00, 0x3F, 0x10, 0x1F, 0x70, 0x0F, 0x78, 0x0F,
    0x78, 0x0E, 0x7C, 0x1E, 0x3F, 0xFC, 0x1F, 0xF0, 0x00, 0x00, 0x00, 0x00, 0x03, 0xE0, 0x1E, 0x00,
    0xF0, 0x03, 0x80, 0x00, 0x00, 0x00, 0x03, 0xF8, 0x3F, 0xF0, 0xE1, 0xC7, 0x87, 0x1E, 0x08, 0x7E,
    0x01, 0xFE, 0x03, 0xFE, 0x07, 0xFC, 0x07, 0xF8, 0x03, 0xE7, 0x07, 0x9C, 0x1E, 0x70, 0x79, 0xFF,
    0xC3, 0xFE, 0x00, 0x00, 0x00, 0x00, 0x03, 0xE0, 0x07, 0xF0, 0x07, 0x78, 0x0E, 0x1C, 0x00, 0x00,
    0x00, 0x00, 0x07, 0xF8, 0x1F, 0xFC, 0x3C, 0x3E, 0x3C, 0x1E, 0x78, 0x1E, 0x7C, 0x08, 0x7C, 0x00,
    0x3F, 0x00, 0x3F, 0xC0, 0x1F, 0xF0, 0x0F, 0xFC, 0x07, 0xFE, 0x00, 0xFE, 0x00, 0x3F, 0x10, 0x1F,
    0x70, 0x0F, 0x78, 0x0F, 0x78, 0x0E, 0x7C, 0x1E, 0x3F, 0xFC, 0x1F, 0xF0, 0x00, 0x00, 0x00, 0x00,
    0x1F, 0x00, 0xFC, 0x07, 0x38, 0x38, 0x70, 0x00, 0x00, 0x00, 0x03, 0xF8, 0x3F, 0xF0, 0xE1, 0xC7,
    0x87, 0x1E, 0x08, 0x7E, 0x01, 0xFE, 0x03, 0xFE, 0x07, 0xFC, 0x07, 0xF8, 0x03, 0xE7, 0x07, 0x9C,
    0x1E, 0x70, 0x79, 0xFF, 0xC3, 0xFE, 0x00, 0x00, 0x00, 0x00, 0x07, 0xF8, 0x1F, 0xFC, 0x3C, 0x3E,
    0x3C, 0x1E, 0x78, 0x1E, 0x7C, 0x08, 0x7C, 0x00, 0x3F, 0x00, 0x3F, 0xC0, 0x1F, 0xF0, 0x0F, 0xFC,
    0x07, 0xFE, 0x00, 0xFE, 0x00, 0x3F, 0x10, 0x1F, 0x70, 0x0F, 0x78, 0x0F, 0x78, 0x0E, 0x7C, 0x1E,
    0x3F, 0xFC, 0x1F, 0xF0, 0x01, 0x80, 0x01, 0xE0, 0x01, 0xF0, 0x00, 0x70, 0x00, 0xF0, 0x07, 0xE0,
    0x07, 0xC0, 0x0F, 0xE0, 0xFF, 0xC3, 0x87, 0x1E, 0x1C, 0x78, 0x21, 0xF8, 0x07, 0xF8, 0x0F, 0xF8,
    0x1F, 0xF0, 0x1F, 0xE0, 0x0F, 0x9C, 0x1E, 0x70, 0x79, 0xC1, 0xE7, 0xFF, 0x0F, 0xF8, 0x07, 0x00,
    0x1E, 0x00, 0x3C, 0x00, 0x78, 0x01, 0xC0, 0x3F, 0x00, 0xF8, 0x00, 0x00, 0x00, 0x0E, 0x1C, 0x07,
    0x78, 0x07, 0xF0, 0x03, 0xE0, 0x00, 0x00, 0x00, 0x00, 0x07, 0xF8, 0x1F, 0xFC, 0x3C, 0x3E, 0x3C,
    0x1E, 0x78, 0x1E, 0x7C, 0x08, 0x7C, 0x00, 0x3F, 0x00, 0x3F, 0xC0, 0x1F, 0xF0, 0x0F, 0xFC, 0x07,
    0xFE, 0x00, 0xFE, 0x00, 0x3F, 0x10, 0x1F, 0x70, 0x0F, 0x78, 0x0F, 0x78, 0x0E, 0x7C, 0x1E, 0x3F,
    0xFC, 0x1F, 0xF0, 0x00, 0x00, 0x00, 0x00, 0xE1, 0xC1, 0xCE, 0x03, 0xF0, 0x07, 0xC0, 0x00, 0x00,
    0x00, 0x03, 0xF8, 0x3F, 0xF0, 0xE1, 0xC7, 0x87, 0x1E, 0x08, 0x7E, 0x01, 0xFE, 0x03, 0xFE, 0x07,
    0xFC, 0x07, 0xF8, 0x03, 0xE7, 0x07, 0x9C, 0x1E, 0x70, 0x79, 0xFF, 0xC3, 0xFE, 0x00, 0x00, 0xFF,
    0xFF, 0xFF, 0xFF, 0xFF, 0x87, 0xC3, 0xF0, 0xF8, 0x7E, 0x1F, 0x07, 0x83, 0xE0, 0xC0, 0x7C, 0x00,
    0x0F, 0x80, 0x01, 0xF0, 0x00, 0x3E, 0x00, 0x07, 0xC0, 0x00, 0xF8, 0x00, 0x1F, 0x00, 0x03, 0xE0,
    0x00, 0x7C, 0x00, 0x0F, 0x80, 0x01, 0xF0, 0x00, 0x3E, 0x00, 0x07, 0xC0, 0x07, 0xFF, 0x00, 0xFF,
    0xE0, 0x01, 0x80, 0x00, 0x3C, 0x00, 0x03, 0xC0, 0x00, 0x38, 0x00, 0x07, 0x00, 0x0F, 0xE0, 0x01,
    0xF0, 0x00, 0x00, 0x00, 0xE0, 0x0E, 0x01, 0xE0, 0x3F, 0xEF, 0xFE, 0x3F, 0x01, 0xE0, 0x1E, 0x01,
    0xE0, 0x1E, 0x01, 0xE0, 0x1E, 0x01, 0xE0, 0x1E, 0x01, 0xE0, 0x1E, 0x01, 0xF0, 0x1F, 0xE0, 0xFE,
    0x03, 0x00, 0x78, 0x03, 0xC0, 0x1E, 0x01, 0xC0, 0xFC, 0x0F, 0x80, 0x00, 0x00, 0x00, 0xE3, 0x80,
    0x1E, 0xF0, 0x01, 0xFC, 0x00, 0x1F, 0x00, 0x00, 0x00, 0x00, 0x00, 0x07, 0xFF, 0xFF, 0xFF, 0xFF,
    0xFC, 0x3E, 0x1F, 0x87, 0xC3, 0xF0, 0xF8, 0x3C, 0x1F, 0x06, 0x03, 0xE0, 0x00, 0x7C, 0x00, 0x0F,
    0x80, 0x01, 0xF0, 0x00, 0x3E, 0x00, 0x07, 0xC0, 0x00, 0xF8, 0x00, 0x1F, 0x00, 0x03, 0xE0, 0x00,
    0x7C, 0x00, 0x0F, 0x80, 0x01, 0xF0, 0x00, 0x3E, 0x00, 0x3F, 0xF8, 0x07, 0xFF, 0x00, 0x00, 0x00,
    0x00, 0xF0, 0x03, 0x80, 0x1C, 0x06, 0x70, 0x39, 0x80, 0xE0, 0x0F, 0xF8, 0x7F, 0xE0, 0xFC, 0x01,
    0xE0, 0x07, 0x80, 0x1E, 0x00, 0x78, 0x01, 0xE0, 0x07, 0x80, 0x1E, 0x00, 0x78, 0x01, 0xE0, 0x07,
    0xC0, 0x1F, 0x00, 0x7F, 0x80, 0xFE, 0x00, 0x00, 0xFF, 0xFF, 0xFF, 0xFF, 0xFF, 0x87, 0xC3, 0xF0,
    0xF8, 0x7E, 0x1F, 0x07, 0x83, 0xE0, 0xC0, 0x7C, 0x00, 0x0F, 0x80, 0x01, 0xF0, 0x00, 0x3E, 0x00,
    0x7F, 0xFC, 0x0F, 0xFF, 0x80, 0x1F, 0x00, 0x03, 0xE0, 0x00, 0x7C, 0x00, 0x0F, 0x80, 0x01, 0xF0,
    0x00, 0x3E, 0x00, 0x07, 0xC0, 0x03, 0xFE, 0x00, 0xFF, 0xE0, 0x00, 0x00, 0xE0, 0x0E, 0x01, 0xE0,
    0x3F, 0xEF, 0xFE, 0x3F, 0x01, 0xE0, 0x1E, 0x01, 0xE0, 0x7F, 0xE7, 0xFE, 0x1E, 0x01, 0xE0, 0x1E,
    0x01, 0xE0, 0x1E, 0x01, 0xF0, 0x1F, 0xE0, 0xFE, 0x00, 0x00, 0x00, 0x00, 0x00, 0x07, 0xC7, 0x00,
    0x1F, 0xF8, 0x00, 0xFF, 0xE0, 0x03, 0x1F, 0x00, 0x00, 0x00, 0x00, 0x00, 0x00, 0x3F, 0xF8, 0xFE,
    0xFF, 0xE3, 0xF8, 0x7C, 0x03, 0x81, 0xF0, 0x0E, 0x07, 0xC0, 0x38, 0x1F, 0x00, 0xE0, 0x7C, 0x03,
    0x81, 0xF0, 0x0E, 0x07, 0xC0, 0x38, 0x1F, 0x00, 0xE0, 0x7C, 0x03, 0x81, 0xF0, 0x0E, 0x07, 0xC0,
    0x38, 0x1F, 0x00, 0xE0, 0x7C, 0x03, 0x81, 0xF0, 0x0E, 0x07, 0xC0, 0x38, 0x0F, 0x80, 0xC0, 0x3F,
    0x07, 0x00, 0x7F, 0xF8, 0x00, 0xFF, 0xC0, 0x00, 0x00, 0x00, 0x00, 0x00, 0x00, 0xF8, 0xC0, 0x3F,
    0xF8, 0x07, 0xFF, 0x00, 0xC7, 0xC0, 0x00, 0x00, 0x00, 0x00, 0x03, 0xF1, 0xF8, 0x7E, 0x3F, 0x87,
    0xC1, 0xF0, 0x78, 0x3E, 0x0F, 0x07, 0xC1, 0xE0, 0xF8, 0x3C, 0x1F, 0x07, 0x83, 0xE0, 0xF0, 0x7C,
    0x1E, 0x0F, 0x83, 0xC1, 0xF0, 0x78, 0x3E, 0x0F, 0x8F, 0xC1, 0xFB, 0xF8, 0x1F, 0xFF, 0xC1, 0xF9,
    0xF8, 0x00, 0x00, 0x01, 0xFF, 0x00, 0x07, 0xFC, 0x00, 0x00, 0x00, 0x00, 0x00, 0x00, 0xFF, 0xE3,
    0xFB, 0xFF, 0x8F, 0xE1, 0xF0, 0x0E, 0x07, 0xC0, 0x38, 0x1F, 0x00, 0xE0, 0x7C, 0x03, 0x81, 0xF0,
    0x0E, 0x07, 0xC0, 0x38, 0x1F, 0x00, 0xE0, 0x7C, 0x03, 0x81, 0xF0, 0x0E, 0x07, 0xC0, 0x38, 0x1F,
    0x00, 0xE0, 0x7C, 0x03, 0x81, 0xF0, 0x0E, 0x07, 0xC0, 0x38, 0x1F, 0x00, 0xE0, 0x3E, 0x03, 0x00,
    0xFC, 0x1C, 0x01, 0xFF, 0xE0, 0x03, 0xFF, 0x00, 0x00, 0x00, 0x00, 0x07, 0xFC, 0x00, 0xFF, 0x80,
    0x00, 0x00, 0x00, 0x00, 0x07, 0xE3, 0xF0, 0xFC, 0x7F, 0x0F, 0x83, 0xE0, 0xF0, 0x7C, 0x1E, 0x0F,
    0x83, 0xC1, 0xF0, 0x78, 0x3E, 0x0F, 0x07, 0xC1, 0xE0, 0xF8, 0x3C, 0x1F, 0x07, 0x83, 0xE0, 0xF0,
    0x7C, 0x1F, 0x1F, 0x83, 0xF7, 0xF0, 0x3F, 0xFF, 0x83, 0xF3, 0xF0, 0x00, 0x00, 0x00, 0x00, 0x00,
    0x06, 0x0C, 0x00, 0x1E, 0xF0, 0x00, 0x3F, 0x80, 0x00, 0x7C, 0x00, 0x00, 0x00, 0x00, 0x00, 0x00,
    0x3F, 0xF8, 0xFE, 0xFF, 0xE3, 0xF8, 0x7C, 0x03, 0x81, 0xF0, 0x0E, 0x07, 0xC0, 0x38, 0x1F, 0x00,
    0xE0, 0x7C, 0x03, 0x81, 0xF0, 0x0E, 0x07, 0xC0, 0x38, 0x1F, 0x00, 0xE0, 0x7C, 0x03, 0x81, 0xF0,
    0x0E, 0x07, 0xC0, 0x38, 0x1F, 0x00, 0xE0, 0x7C, 0x03, 0x81, 0xF0, 0x0E, 0x07, 0xC0, 0x38, 0x0F,
    0x80, 0xC0, 0x3F, 0x07, 0x00, 0x7F, 0xF8, 0x00, 0xFF, 0xC0, 0x00, 0x00, 0x00, 0x00, 0x00, 0x00,
    0xC1, 0x80, 0x1E, 0xF0, 0x01, 0xFC, 0x00, 0x1F, 0x00, 0x00, 0x00, 0x00, 0x00, 0x03, 0xF1, 0xF8,
    0x7E, 0x3F, 0x87, 0xC1, 0xF0, 0x78, 0x3E, 0x0F, 0x07, 0xC1, 0xE0, 0xF8, 0x3C, 0x1F, 0x07, 0x83,
    0xE0, 0xF0, 0x7C, 0x1E, 0x0F, 0x83, 0xC1, 0xF0, 0x78, 0x3E, 0x0F, 0x8F, 0xC1, 0xFB, 0xF8, 0x1F,
    0xFF, 0xC1, 0xF9, 0xF8, 0x00, 0x00, 0x00, 0x78, 0x00, 0x03, 0xF0, 0x00, 0x0C, 0xE0, 0x00, 0x71,
    0x80, 0x00, 0xCE, 0x00, 0x03, 0xF0, 0x00, 0x03, 0x00, 0x00, 0x00, 0x00, 0xFF, 0xE3, 0xFB, 0xFF,
    0x8F, 0xE1, 0xF0, 0x0E, 0x07, 0xC0, 0x38, 0x1F, 0x00, 0xE0, 0x7C, 0x03, 0x81, 0xF0, 0x0E, 0x07,
    0xC0, 0x38, 0x1F, 0x00, 0xE0, 0x7C, 0x03, 0x81, 0xF0, 0x0E, 0x07, 0xC0, 0x38, 0x1F, 0x00, 0xE0,
    0x7C, 0x03, 0x81, 0xF0, 0x0E, 0x07, 0xC0, 0x38, 0x1F, 0x00, 0xE0, 0x3E, 0x03, 0x00, 0xFC, 0x1C,
    0x01, 0xFF, 0xE0, 0x03, 0xFF, 0x00, 0x00, 0x00, 0x00, 0x00, 0xE0, 0x00, 0x7E, 0x00, 0x0C, 0x60,
    0x01, 0x8C, 0x00, 0x33, 0x80, 0x07, 0xE0, 0x00, 0x38, 0x00, 0x00, 0x00, 0x7E, 0x3F, 0x0F, 0xC7,
    0xF0, 0xF8, 0x3E, 0x0F, 0x07, 0xC1, 0xE0, 0xF8, 0x3C, 0x1F, 0x07, 0x83, 0xE0, 0xF0, 0x7C, 0x1E,
    0x0F, 0x83, 0xC1, 0xF0, 0x78, 0x3E, 0x0F, 0x07, 0xC1, 0xF1, 0xF8, 0x3F, 0x7F, 0x03, 0xFF, 0xF8,
    0x3F, 0x3F, 0x00, 0x00, 0x00, 0x00, 0x00, 0x00, 0x01, 0xE7, 0x80, 0x0F, 0x3C, 0x00, 0x39, 0xE0,
    0x01, 0xC7, 0x00, 0x00, 0x00, 0x00, 0x00, 0x00, 0x3F, 0xF8, 0xFE, 0xFF, 0xE3, 0xF8, 0x7C, 0x03,
    0x81, 0xF0, 0x0E, 0x07, 0xC0, 0x38, 0x1F, 0x00, 0xE0, 0x7C, 0x03, 0x81, 0xF0, 0x0E, 0x07, 0xC0,
    0x38, 0x1F, 0x00, 0xE0, 0x7C, 0x03, 0x81, 0xF0, 0x0E, 0x07, 0xC0, 0x38, 0x1F, 0x00, 0xE0, 0x7C,
    0x03, 0x81, 0xF0, 0x0E, 0x07, 0xC0, 0x38, 0x0F, 0x80, 0xC0, 0x3F, 0x07, 0x00, 0x7F, 0xF8, 0x00,
    0xFF, 0xC0, 0x00, 0x00, 0x00, 0x00, 0x00, 0x00, 0x3D, 0xE0, 0x0F, 0x38, 0x01, 0xCF, 0x00, 0x71,
    0xC0, 0x00, 0x00, 0x00, 0x00, 0x03, 0xF1, 0xF8, 0x7E, 0x3F, 0x87, 0xC1, 0xF0, 0x78, 0x3E, 0x0F,
    0x07, 0xC1, 0xE0, 0xF8, 0x3C, 0x1F, 0x07, 0x83, 0xE0, 0xF0, 0x7C, 0x1E, 0x0F, 0x83, 0xC1, 0xF0,
    0x78, 0x3E, 0x0F, 0x8F, 0xC1, 0xFB, 0xF8, 0x1F, 0xFF, 0xC1, 0xF9, 0xF8, 0x00, 0x00, 0x7F, 0xE3,
    0xFD, 0xFF, 0x8F, 0xF1, 0xF8, 0x0E, 0x07, 0xC0, 0x18, 0x1F, 0x00, 0x60, 0x7C, 0x01, 0x81, 0xF0,
    0x06, 0x07, 0xC0, 0x18, 0x1F, 0x00, 0x60, 0x7C, 0x01, 0x81, 0xF0, 0x06, 0x07, 0xC0, 0x18, 0x1F,
    0x00, 0x60, 0x7C, 0x01, 0x81, 0xF0, 0x06, 0x07, 0xC0, 0x18, 0x0F, 0x00, 0xE0, 0x3E, 0x03, 0x80,
    0xFC, 0x1C, 0x01, 0xFF, 0xE0, 0x01, 0xFF, 0x00, 0x00, 0xE0, 0x00, 0x07, 0x00, 0x00, 0x1C, 0x00,
    0x00, 0xF0, 0x00, 0x03, 0xC0, 0x00, 0x07, 0xE0, 0x00, 0x0F, 0x80, 0x7E, 0x3F, 0x0F, 0xC7, 0xF0,
    0xF8, 0x3E, 0x0F, 0x07, 0xC1, 0xE0, 0xF8, 0x3C, 0x1F, 0x07, 0x83, 0xE0, 0xF0, 0x7C, 0x1E, 0x0F,
    0x83, 0xC1, 0xF0, 0x78, 0x3E, 0x0F, 0x07, 0xC1, 0xF1, 0xF8, 0x3F, 0x7F, 0x03, 0xFF, 0xF8, 0x3F,
    0x3F, 0x00, 0x1C, 0x00, 0x07, 0x00, 0x00, 0xE0, 0x00, 0x3C, 0x00, 0x07, 0x80, 0x00, 0x7E, 0x00,
    0x07, 0xC0, 0x00, 0x00, 0x00, 0x00, 0x00, 0x03, 0xE0, 0x00, 0x00, 0x07, 0xF0, 0x00, 0x00, 0x0F,
    0x78, 0x00, 0x00, 0x0C, 0x38, 0x00, 0x00, 0x00, 0x00, 0x00, 0x00, 0x00, 0x00, 0x00, 0xFF, 0xC1,
    0xC1, 0xFE, 0xFF, 0xC1, 0xC0, 0xFE, 0x3F, 0x01, 0xE0, 0x38, 0x3E, 0x03, 0xE0, 0x38, 0x1F, 0x03,
    0xE0, 0x30, 0x1F, 0x03, 0xF0, 0x70, 0x1F, 0x07, 0xF0, 0x70, 0x0F, 0x87, 0xF0, 0x70, 0x0F, 0x86,
    0xF8, 0x60, 0x0F, 0x86, 0xF8, 0xE0, 0x0F, 0x8E, 0x78, 0xE0, 0x07, 0xCC, 0x7C, 0xC0, 0x07, 0xCC,
    0x7C, 0xC0, 0x07, 0xDC, 0x3C, 0xC0, 0x03, 0xFC, 0x3F, 0xC0, 0x03, 0xF8, 0x3F, 0x80, 0x03, 0xF8,
    0x1F, 0x80, 0x01, 0xF8, 0x1F, 0x80, 0x01, 0xF0, 0x1F, 0x80, 0x01, 0xF0, 0x0F, 0x00, 0x00, 0xF0,
    0x0F, 0x00, 0x00, 0x00, 0x00, 0x00, 0x03, 0xE0, 0x00, 0x01, 0xFC, 0x00, 0x00, 0xF7, 0x00, 0x00,
    0x70, 0xE0, 0x00, 0x00, 0x00, 0x00, 0x00, 0x00, 0x01, 0xFE, 0x08, 0x7F, 0x7F, 0xC7, 0x1F, 0xCF,
    0xC1, 0xC1, 0xC1, 0xF0, 0xF8, 0x70, 0x7C, 0x3E, 0x18, 0x0F, 0x0F, 0x86, 0x03, 0xC7, 0xF1, 0x80,
    0xF9, 0xBC, 0xE0, 0x3E, 0x6F, 0x30, 0x07, 0xB3, 0xCC, 0x01, 0xEC, 0x7F, 0x00, 0x7F, 0x1F, 0x80,
    0x0F, 0x87, 0xE0, 0x03, 0xE0, 0xF8, 0x00, 0xF8, 0x3C, 0x00, 0x1C, 0x0F, 0x00, 0x00, 0x00, 0x00,
    0x07, 0xC0, 0x00, 0x7F, 0x00, 0x07, 0x38, 0x00, 0x70, 0xE0, 0x00, 0x00, 0x00, 0x00, 0x00, 0x1F,
    0xF8, 0xFE, 0xFF, 0xC7, 0xF1, 0xF8, 0x0F, 0x0F, 0xC0, 0x70, 0x3E, 0x03, 0x00, 0xF8, 0x38, 0x07,
    0xC1, 0x80, 0x1F, 0x1C, 0x00, 0xF8, 0xC0, 0x03, 0xEE, 0x00, 0x1F, 0x60, 0x00, 0x7F, 0x00, 0x03,
    0xF0, 0x00, 0x0F, 0x80, 0x00, 0x7C, 0x00, 0x03, 0xE0, 0x00, 0x1F, 0x00, 0x00, 0xF8, 0x00, 0x07,
    0xC0, 0x01, 0xFF, 0x80, 0x0F, 0xFE, 0x00, 0x00, 0x00, 0x01, 0xF0, 0x01, 0xFC, 0x00, 0xEF, 0x00,
    0xE1, 0xC0, 0x00, 0x00, 0x00, 0x01, 0xFE, 0x3F, 0xFF, 0x1F, 0xBF, 0x07, 0x8F, 0x83, 0x87, 0xC1,
    0xC1, 0xE0, 0xC0, 0xF8, 0xE0, 0x3C, 0x60, 0x1F, 0x30, 0x0F, 0xB8, 0x03, 0xD8, 0x01, 0xFC, 0x00,
    0x7E, 0x00, 0x3E, 0x00, 0x1F, 0x00, 0x07, 0x00, 0x03, 0x80, 0x01, 0xC0, 0x01, 0xC0, 0x01, 0xE0,
    0x03, 0xE0, 0x07, 0xE0, 0x03, 0xC0, 0x00, 0x03, 0x8E, 0x00, 0x3C, 0xF0, 0x00, 0xE3, 0x80, 0x07,
    0x1C, 0x00, 0x00, 0x00, 0x00, 0x00, 0x03, 0xFF, 0x1F, 0xDF, 0xF8, 0xFE, 0x3F, 0x01, 0xE1, 0xF8,
    0x0E, 0x07, 0xC0, 0x60, 0x1F, 0x07, 0x00, 0xF8, 0x30, 0x03, 0xE3, 0x80, 0x1F, 0x18, 0x00, 0x7D,
    0xC0, 0x03, 0xEC, 0x00, 0x0F, 0xE0, 0x00, 0x7E, 0x00, 0x01, 0xF0, 0x00, 0x0F, 0x80, 0x00, 0x7C,
    0x00, 0x03, 0xE0, 0x00, 0x1F, 0x00, 0x00, 0xF8, 0x00, 0x3F, 0xF0, 0x01, 0xFF, 0xC0, 0x00, 0x00,
    0x00, 0x1F, 0x00, 0x0F, 0x80, 0x03, 0x80, 0x01, 0xC0, 0x00, 0x00, 0x00, 0x00, 0x01, 0xFF, 0xFE,
    0x7F, 0xFF, 0x9C, 0x07, 0xC6, 0x03, 0xE1, 0x81, 0xF8, 0x60, 0x7C, 0x00, 0x3F, 0x00, 0x0F, 0x80,
    0x07, 0xC0, 0x03, 0xF0, 0x00, 0xF8, 0x00, 0x7C, 0x00, 0x3F, 0x00, 0x0F, 0x80, 0x07, 0xE0, 0x01,
    0xF0, 0x18, 0xF8, 0x06, 0x7E, 0x03, 0x9F, 0x00, 0xEF, 0xFF, 0xFB, 0xFF, 0xFE, 0x00, 0x00, 0x01,
    0xF0, 0x03, 0xC0, 0x0F, 0x00, 0x38, 0x00, 0x00, 0x00, 0x00, 0x1F, 0xFE, 0x7F, 0xFC, 0xF1, 0xF9,
    0xC3, 0xE3, 0x07, 0x80, 0x1F, 0x00, 0x7C, 0x01, 0xF0, 0x03, 0xE0, 0x0F, 0x80, 0x3E, 0x00, 0x78,
    0x19, 0xF0, 0x77, 0xC0, 0xEF, 0xFF, 0xFF, 0xFF, 0x80, 0x00, 0xC0, 0x00, 0x7C, 0x00, 0x1F, 0x00,
    0x07, 0xC0, 0x00, 0xE0, 0x00, 0x00, 0x00, 0x00, 0x01, 0xFF, 0xFE, 0x7F, 0xFF, 0x9C, 0x07, 0xC6,
    0x03, 0xE1, 0x81, 0xF8, 0x60, 0x7C, 0x00, 0x3F, 0x00, 0x0F, 0x80, 0x07, 0xC0, 0x03, 0xF0, 0x00,
    0xF8, 0x00, 0x7C, 0x00, 0x3F, 0x00, 0x0F, 0x80, 0x07, 0xE0, 0x01, 0xF0, 0x18, 0xF8, 0x06, 0x7E,
    0x03, 0x9F, 0x00, 0xEF, 0xFF, 0xFB, 0xFF, 0xFE, 0x00, 0x80, 0x07, 0xC0, 0x0F, 0x80, 0x1F, 0x00,
    0x1C, 0x00, 0x00, 0x00, 0x00, 0x1F, 0xFE, 0x7F, 0xFC, 0xF1, 0xF9, 0xC3, 0xE3, 0x07, 0x80, 0x1F,
    0x00, 0x7C, 0x01, 0xF0, 0x03, 0xE0, 0x0F, 0x80, 0x3E, 0x00, 0x78, 0x19, 0xF0, 0x77, 0xC0, 0xEF,
    0xFF, 0xFF, 0xFF, 0x80, 0x00, 0x00, 0x03, 0x87, 0x00, 0x73, 0x80, 0x0F, 0xC0, 0x03, 0xF0, 0x00,
    0x00, 0x00, 0x00, 0x01, 0xFF, 0xFE, 0x7F, 0xFF, 0x9C, 0x07, 0xC6, 0x03, 0xE1, 0x81, 0xF8, 0x60,
    0x7C, 0x00, 0x3F, 0x00, 0x0F, 0x80, 0x07, 0xC0, 0x03, 0xF0, 0x00, 0xF8, 0x00, 0x7C, 0x00, 0x3F,
    0x00, 0x0F, 0x80, 0x07, 0xE0, 0x01, 0xF0, 0x18, 0xF8, 0x06, 0x7E, 0x03, 0x9F, 0x00, 0xEF, 0xFF,
    0xFB, 0xFF, 0xFE, 0x00, 0x00, 0x38, 0x70, 0x39, 0xC0, 0x3F, 0x00, 0x3E, 0x00, 0x00, 0x00, 0x00,
    0x1F, 0xFE, 0x7F, 0xFC, 0xF1, 0xF9, 0xC3, 0xE3, 0x07, 0x80, 0x1F, 0x00, 0x7C, 0x01, 0xF0, 0x03,
    0xE0, 0x0F, 0x80, 0x3E, 0x00, 0x78, 0x19, 0xF0, 0x77, 0xC0, 0xEF, 0xFF, 0xFF, 0xFF, 0x80, 0x00,
    0xC0, 0x1F, 0xE0, 0xFB, 0xC7, 0xCF, 0x1F, 0x10, 0x78, 0x01, 0xE0, 0x07, 0x80, 0x1E, 0x00, 0x78,
    0x01, 0xE0, 0x07, 0x80, 0x1E, 0x00, 0x78, 0x01, 0xE0, 0x07, 0x80, 0x1E, 0x00, 0x78, 0x01, 0xE0,
    0x07, 0x80, 0x1F, 0x03, 0xFF, 0x8F, 0xFE, 0x00, 0x7F, 0x3F, 0x9F, 0xCF, 0xE0, 0x7F, 0x3F, 0x9F,
    0xCF, 0xE0, 0xFF, 0xFD, 0xFF, 0xF9, 0xFF, 0xF0, 0x7F, 0xFF, 0x7F, 0xFF, 0x00, 0x00, 0x7F, 0xFF,
    0xFF, 0xFC, 0xFF, 0xFF, 0xFF, 0xF8, 0x00, 0x00, 0x00, 0x00, 0x7F, 0xFF, 0xFF, 0xFC, 0xFF, 0xFF,
    0xFF, 0xF8, 0x00, 0x00, 0x00, 0x00, 0x00, 0xE3, 0xE3, 0xE3, 0xE3, 0xE3, 0xE3, 0xE3, 0xE3, 0xE3,
    0xE3, 0xE3, 0xE3, 0xE3, 0xE3, 0xE3, 0xE3, 0xE3, 0xE3, 0xE3, 0xE3, 0xE3, 0xE3, 0xE3, 0xE3, 0xE3,
    0xE3, 0xE3, 0xE3, 0xE3, 0x00, 0x01, 0xFF, 0xE7, 0xFF, 0x80, 0x00, 0x7F, 0xF9, 0xFF, 0xE0, 0x04,
    0x73, 0x18, 0x71, 0xE7, 0x9E, 0x38, 0x00, 0x71, 0xE7, 0xDF, 0x3C, 0x63, 0xBC, 0xC0, 0x00, 0x21,
    0xE7, 0x9F, 0x3C, 0x61, 0x9C, 0xE0, 0x00, 0x39, 0xE7, 0xDE, 0x71, 0x83, 0x0F, 0x0C, 0x00, 0x04,
    0x11, 0xC7, 0x30, 0xC6, 0x1C, 0x71, 0xC7, 0x9E, 0x79, 0xF7, 0x9F, 0x38, 0xE0, 0x00, 0x70, 0xC7,
    0x9E, 0x7D, 0xF7, 0xDF, 0x3C, 0xF1, 0x86, 0x38, 0xEF, 0x1C, 0xC3, 0x00, 0x00, 0x20, 0x87, 0x9E,
    0x79, 0xF7, 0xDF, 0x3C, 0xF1, 0x86, 0x18, 0x67, 0x1C, 0xE3, 0x80, 0x00, 0x38, 0xE7, 0x9F, 0x7D,
    0xF7, 0x9E, 0x71, 0xC6, 0x1C, 0x30, 0xC3, 0xCF, 0x0C, 0x30, 0x00, 0x00, 0x00, 0xF0, 0x0F, 0x00,
    0xF0, 0x06, 0x00, 0x60, 0x86, 0x1F, 0xFF, 0xFF, 0xFE, 0x67, 0x0E, 0x00, 0xF0, 0x0F, 0x00, 0xF0,
    0x0F, 0x00, 0xF0, 0x0F, 0x00, 0x60, 0x06, 0x00, 0x60, 0x06, 0x00, 0x60, 0x06, 0x00, 0x60, 0x06,
    0x00, 0x60, 0x00, 0x00, 0x00, 0x00, 0xF0, 0x0F, 0x00, 0x60, 0x06, 0x0F, 0xFF, 0xFF, 0xFF, 0x6F,
    0x06, 0x00, 0xF0, 0x0F, 0x00, 0x70, 0x06, 0x00, 0x60, 0x06, 0x00, 0x60, 0x0F, 0x00, 0xF0, 0x06,
    0x0F, 0x6F, 0xFF, 0xFF, 0xFF, 0x06, 0x00, 0x60, 0x0F, 0x00, 0xF0, 0x00, 0x00, 0x3E, 0x1F, 0xC7,
    0xF9, 0xFE, 0x7F, 0x9F, 0xE7, 0xF9, 0xFC, 0x3F, 0x00, 0x00, 0x80, 0x38, 0x0F, 0x83, 0xF8, 0xFF,
    0xBF, 0xCF, 0xC3, 0xC0, 0xC0, 0x00, 0x00, 0x39, 0xF7, 0xDF, 0x38, 0x38, 0x39, 0xF1, 0xF7, 0xC7,
    0xDF, 0x1F, 0x38, 0x38, 0x20, 0x10, 0x09, 0xF0, 0xF0, 0x7B, 0xE1, 0xF0, 0xFF, 0xC3, 0xE1, 0xFF,
    0x07, 0x83, 0xC0, 0x00, 0x00, 0x00, 0x11, 0xE7, 0xDF, 0x78, 0x00, 0x7E, 0xFE, 0xC0, 0xC0, 0xC0,
    0xC0, 0xC0, 0xC0, 0xC0, 0xC0, 0xC0, 0xC0, 0xC0, 0xC0, 0xC0, 0xC0, 0xC0, 0xC0, 0xC0, 0xC0, 0xC0,
    0xC0, 0x7E, 0x7F, 0x03, 0x03, 0x03, 0x03, 0x03, 0x03, 0x03, 0x03, 0x03, 0x03, 0x03, 0x03, 0x03,
    0x03, 0x03, 0x03, 0x03, 0x03, 0x03, 0x03, 0x00, 0xFF, 0xFF, 0xFF, 0xFF, 0xFF, 0xFF, 0x18, 0x18,
    0x18, 0x18, 0x18, 0x18, 0x18, 0x18, 0x18, 0x18, 0x18, 0x18, 0x18, 0x18, 0x18, 0x18, 0x18, 0x18,
    0x00, 0xFF, 0xC0, 0xC0, 0xC0, 0xC0, 0xFF, 0x18, 0x18, 0x18, 0x18, 0x18, 0x18, 0x18, 0x18, 0x18,
    0x18, 0x18, 0x18, 0x18, 0x18, 0x18, 0x18, 0x18, 0x18, 0x00, 0xFF, 0x03, 0x03, 0x03, 0x03, 0xFF,
    0x18, 0x18, 0x18, 0x18, 0x18, 0x18, 0x18, 0x18, 0x18, 0x18, 0x18, 0x18, 0x18, 0x18, 0x18, 0x18,
    0x18, 0x18, 0x00, 0x00, 0x00, 0x00, 0x00, 0x7E, 0x01, 0x80, 0x00, 0x03, 0xFC, 0x0E, 0x00, 0x00,
    0x0E, 0x38, 0x30, 0x00, 0x00, 0x78, 0xE1, 0xC0, 0x00, 0x01, 0xC3, 0x86, 0x00, 0x00, 0x07, 0x0F,
    0x38, 0x00, 0x00, 0x1C, 0x3C, 0xC0, 0x00, 0x00, 0x70, 0xF7, 0x00, 0x00, 0x01, 0xE3, 0x98, 0xF0,
    0x0F, 0x07, 0x8E, 0xE7, 0xF0, 0xFF, 0x0E, 0x7B, 0x39, 0xE3, 0x9C, 0x3F, 0xDD, 0xE3, 0x9C, 0x78,
    0x3E, 0x77, 0x8E, 0x70, 0xE0, 0x03, 0x9C, 0x39, 0xC3, 0x80, 0x0E, 0x70, 0xF7, 0x0E, 0x00, 0x31,
    0xC3, 0xDC, 0x38, 0x01, 0xC7, 0x0E, 0x70, 0xE0, 0x06, 0x1E, 0x39, 0xC3, 0x80, 0x38, 0x38, 0xE7,
    0x9E, 0x00, 0xC0, 0xF7, 0x0E, 0x70, 0x07, 0x01, 0xF8, 0x1F, 0x80, 0x00, 0x00, 0x00, 0x00, 0x00,
    0x00, 0x00, 0x00, 0x00, 0x00, 0x00, 0x07, 0xE0, 0x18, 0x00, 0x00, 0x00, 0x03, 0xFC, 0x0E, 0x00,
    0x00, 0x00, 0x00, 0xE3, 0x83, 0x00, 0x00, 0x00, 0x00, 0x78, 0xE1, 0xC0, 0x00, 0x00, 0x00, 0x1C,
    0x38, 0x60, 0x00, 0x00, 0x00, 0x07, 0x0F, 0x38, 0x00, 0x00, 0x00, 0x01, 0xC3, 0xCC, 0x00, 0x00,
    0x00, 0x00, 0x70, 0xF7, 0x00, 0x00, 0x00, 0x00, 0x1E, 0x39, 0x8F, 0x00, 0xF0, 0x0F, 0x07, 0x8E,
    0xE7, 0xF0, 0x7F, 0x07, 0xF0, 0xE7, 0xB3, 0x9E, 0x39, 0xE3, 0x9E, 0x3F, 0xDD, 0xE3, 0x9E, 0x39,
    0xE3, 0x83, 0xE7, 0x78, 0xE7, 0x8E, 0x78, 0xE0, 0x03, 0x9C, 0x39, 0xC3, 0xDC, 0x3C, 0x00, 0xE7,
    0x0F, 0x70, 0xF7, 0x0F, 0x00, 0x31, 0xC3, 0xDC, 0x3D, 0xC3, 0xC0, 0x1C, 0x70, 0xE7, 0x0E, 0x70,
    0xE0, 0x06, 0x1E, 0x39, 0xE3, 0x9E, 0x38, 0x03, 0x83, 0x8E, 0x38, 0xE3, 0x8E, 0x00, 0xC0, 0xF7,
    0x0F, 0x70, 0xF7, 0x00, 0x70, 0x1F, 0x81, 0xF8, 0x1F, 0x80, 0x00, 0x00, 0x00, 0x00, 0x00, 0x00,
    0x3E, 0xF9, 0xF3, 0xC7, 0x8E, 0x18, 0x00, 0x3E, 0x7D, 0xF3, 0xE7, 0xCF, 0x9E, 0x3C, 0x78, 0xF1,
    0xC3, 0x86, 0x0C, 0x00, 0x00, 0x3E, 0x7C, 0xFB, 0xE7, 0xCF, 0x9F, 0x3E, 0x7C, 0xF1, 0xE3, 0xC7,
    0x8F, 0x1E, 0x38, 0x70, 0xE1, 0x83, 0x06, 0x00, 0x00, 0x00, 0x7C, 0xF8, 0xF1, 0xE1, 0xC3, 0xC3,
    0x80, 0x7C, 0xF9, 0xF3, 0xE3, 0xC7, 0x8F, 0x1E, 0x1C, 0x38, 0x78, 0xF0, 0xE1, 0xC0, 0x00, 0x7C,
    0xF9, 0xF3, 0xE7, 0xCF, 0x8F, 0x1E, 0x3C, 0x78, 0xF1, 0xE1, 0xC3, 0x87, 0x0F, 0x1E, 0x3C, 0x38,
    0x70, 0xE0, 0x00, 0x00, 0x00, 0x00, 0x70, 0x0F, 0x80, 0xF8, 0x1D, 0xC1, 0xDC, 0x38, 0xE3, 0x0E,
    0x70, 0x70, 0x06, 0x0E, 0x1C, 0x3C, 0x38, 0x78, 0x78, 0x78, 0x3C, 0x1C, 0x0E, 0x06, 0x60, 0x70,
    0x38, 0x3C, 0x1E, 0x1E, 0x0F, 0x1E, 0x1C, 0x38, 0x70, 0x60, 0x00, 0x00, 0x00, 0x7F, 0x80, 0x0F,
    0xFE, 0x00, 0xF0, 0xF0, 0x07, 0x83, 0x80, 0x78, 0x00, 0x03, 0xC0, 0x00, 0x1E, 0x1F, 0xFC, 0xF1,
    0xFF, 0xF7, 0x83, 0xE3, 0xBE, 0x1E, 0x1C, 0xF0, 0xF0, 0x47, 0xC7, 0x80, 0x1F, 0xBE, 0x00, 0x3F,
    0xFF, 0x00, 0x0F, 0x80, 0x00, 0x78, 0x00, 0x03, 0xC0, 0x00, 0x1E, 0x0C, 0x00, 0xF0, 0x60, 0x0F,
    0xFF, 0x00, 0xFF, 0xF8, 0x00, 0x00, 0x00, 0x19, 0x80, 0x06, 0x40, 0x07, 0xF0, 0x07, 0xFF, 0x07,
    0xFB, 0xE3, 0xEC, 0xF8, 0xF3, 0x3E, 0x7C, 0xDB, 0x9F, 0x36, 0x0F, 0xD9, 0x83, 0xE6, 0x60, 0xF9,
    0xB0, 0x3E, 0x6C, 0x0F, 0xD3, 0x01, 0xFC, 0xC0, 0x7F, 0x20, 0x1F, 0xD8, 0x23, 0xF6, 0x18, 0x7F,
    0xFE, 0x0F, 0xFF, 0x01, 0xFF, 0x00, 0x6C, 0x00, 0x1B, 0x00, 0x04, 0xC0, 0x00, 0x00, 0x00, 0x00,
    0xFF, 0x80, 0xFF, 0xF8, 0x7C, 0x3E, 0x3E, 0x07, 0x8F, 0x01, 0xE7, 0xC0, 0x31, 0xF0, 0x00, 0x7C,
    0x00, 0x1F, 0x79, 0xEF, 0xDF, 0xFB, 0xE3, 0xEE, 0xFC, 0xF3, 0xBF, 0x3C, 0x07, 0xCF, 0x01, 0xF3,
    0xC0, 0x7C, 0xF0, 0x0F, 0xBC, 0x23, 0xEF, 0x18, 0x7F, 0xCE, 0x0F, 0xFF, 0x00, 0xFF, 0x80, 0x00,
    0x00, 0x7F, 0xFF, 0x7F, 0xFF, 0x1F, 0x07, 0x1F, 0x07, 0x1F, 0x07, 0x1F, 0x03, 0x1F, 0x00, 0x1F,
    0x00, 0x1F, 0x00, 0x1F, 0xF8, 0x1F, 0xFC, 0x1F, 0x00, 0x1F, 0x00, 0x1F, 0x00, 0x7F, 0xF0, 0x7F,
    0xF0, 0x1F, 0x00, 0x1F, 0x00, 0x1F, 0x00, 0x7F, 0xE0, 0x7F, 0xE0, 0x00, 0x00, 0x07, 0xF8, 0x0F,
    0xFC, 0x1E, 0x3E, 0x1E, 0x1E, 0x3E, 0x1C, 0x3E, 0x18, 0x1E, 0x00, 0x1E, 0x00, 0x1E, 0x00, 0x7F,
    0xF8, 0x7F, 0xF8, 0x0F, 0x00, 0x0F, 0x80, 0x7F, 0xF8, 0x7F, 0xF0, 0x0F, 0x00, 0x0E, 0x00, 0x1F,
    0xC3, 0x3F, 0xFF, 0x7F, 0xFF, 0x70, 0xFE, 0x00, 0x00, 0x00, 0x00, 0x20, 0x00, 0x00, 0x03, 0x80,
    0x00, 0x00, 0x18, 0x00, 0x00, 0x01, 0xC0, 0x07, 0xE7, 0xEF, 0xF0, 0x3F, 0x7F, 0xFF, 0xC0, 0xFF,
    0xFF, 0xFF, 0x03, 0xE1, 0xF8, 0xF8, 0x1F, 0x0F, 0x87, 0xC0, 0xF8, 0x7C, 0x3E, 0x07, 0x83, 0xE1,
    0xF0, 0x3C, 0x1F, 0x0F, 0x81, 0xE0, 0xF8, 0x7C, 0x0F, 0x07, 0xC3, 0xE0, 0x78, 0x3E, 0x1F, 0x03,
    0xC1, 0xF0, 0xF8, 0x1E, 0x1F, 0x87, 0xC0, 0xF8, 0xFC, 0x3E, 0x1F, 0xE7, 0xF9, 0xFD, 0xFF, 0xFF,
    0xCF, 0xE0, 0x03, 0x00, 0x00, 0x00, 0x38, 0x00, 0x00, 0x01, 0x80, 0x00, 0x00, 0x0C, 0x00, 0x00,
    0x7F, 0x01, 0xFE, 0xFE, 0x03, 0xF8, 0x7E, 0x01, 0xC0, 0xFE, 0x03, 0x81, 0xFC, 0x07, 0x03, 0xFC,
    0x0E, 0x07, 0x7C, 0x1C, 0x0E, 0xFC, 0x38, 0xFF, 0xFF, 0xFE, 0xFF, 0xFF, 0xF8, 0x70, 0xF9, 0xC7,
    0xFF, 0xFF, 0xFF, 0xFF, 0xFF, 0xE3, 0x81, 0xFE, 0x07, 0x03, 0xFC, 0x0E, 0x03, 0xF8, 0x1C, 0x03,
    0xF0, 0x38, 0x07, 0xE0, 0x70, 0x07, 0xC3, 0xF8, 0x07, 0x87, 0xF8, 0x07, 0x00, 0x7F, 0xF8, 0x00,
    0x1F, 0xFF, 0x80, 0x01, 0xF1, 0xF0, 0x00, 0x7C, 0x3E, 0x00, 0x1F, 0x0F, 0x80, 0x07, 0xC1, 0xE0,
    0x01, 0xF0, 0x78, 0x00, 0x7C, 0x1E, 0x30, 0x1F, 0x0F, 0x9C, 0x07, 0xC3, 0xCF, 0x01, 0xF1, 0xF7,
    0xF8, 0x7F, 0xFB, 0xFE, 0x1F, 0xF8, 0x3C, 0x07, 0xC0, 0x0F, 0x01, 0xF0, 0x03, 0xC0, 0x7C, 0x00,
    0xF0, 0x1F, 0x00, 0x3C, 0x07, 0xC0, 0x0F, 0x01, 0xF0, 0x03, 0xC1, 0xFF, 0x80, 0xFE, 0x7F, 0xE0,
    0x1F, 0x80, 0x00, 0x00, 0x00, 0x7F, 0xFC, 0x00, 0x00, 0x3F, 0xFF, 0x80, 0x00, 0x07, 0xC7, 0xE0,
    0x00, 0x03, 0xE1, 0xF0, 0x00, 0x01, 0xF0, 0x78, 0x00, 0x00, 0xF8, 0x3E, 0x0F, 0xE0, 0x7C, 0x1F,
    0x0F, 0xFC, 0x3E, 0x0F, 0x0F, 0x1E, 0x1F, 0x0F, 0x87, 0x07, 0x0F, 0x87, 0x87, 0x83, 0x07, 0xFF,
    0x81, 0xF0, 0x03, 0xFF, 0x80, 0xFE, 0x01, 0xF3, 0xE0, 0x7F, 0xC0, 0xF9, 0xF0, 0x0F, 0xF8, 0x7C,
    0x7C, 0x01, 0xFC, 0x3E, 0x3E, 0x00, 0x3F, 0x1F, 0x0F, 0x86, 0x07, 0x8F, 0x87, 0xC7, 0x03, 0x87,
    0xC1, 0xF3, 0xC1, 0xCF, 0xF8, 0x7E, 0xFF, 0xC7, 0xFE, 0x1F, 0x3F, 0xC0, 0x00, 0x00, 0x00, 0x00,
    0x7F, 0xE0, 0xE0, 0xFF, 0x3F, 0xF0, 0x78, 0x3F, 0x87, 0xE0, 0x7C, 0x07, 0x03, 0xF0, 0x3E, 0x03,
    0x80, 0xF8, 0x1F, 0x81, 0x80, 0x7C, 0x0F, 0xC1, 0xC0, 0x3E, 0x0F, 0xE0, 0xE0, 0x0F, 0x86, 0x70,
    0x70, 0x07, 0xC3, 0x3C, 0x30, 0x3F, 0xFF, 0xFF, 0xFF, 0x9F, 0xFF, 0xFF, 0xFF, 0xC0, 0x7C, 0xC3,
    0xCE, 0x00, 0x3E, 0x61, 0xE6, 0x00, 0x1F, 0x70, 0xF3, 0x00, 0x07, 0xB0, 0x3F, 0x80, 0x03, 0xF8,
    0x1F, 0x80, 0x01, 0xFC, 0x0F, 0xC0, 0x00, 0x7C, 0x07, 0xE0, 0x00, 0x3E, 0x01, 0xF0, 0x00, 0x1F,
    0x00, 0xF0, 0x00, 0x07, 0x80, 0x78, 0x00, 0xFF, 0xE0, 0x3F, 0xFF, 0xF0, 0xFF, 0xFF, 0xE3, 0xFC,
    0x07, 0xCF, 0xF0, 0x0F, 0x3F, 0xC0, 0x3C, 0xFF, 0x00, 0xF3, 0xFC, 0xF3, 0xCF, 0xF3, 0xCF, 0x3F,
    0xCF, 0x3C, 0xFF, 0x3C, 0xF3, 0xFC, 0xF3, 0xCF, 0xF3, 0xC0, 0x3F, 0xCF, 0x00, 0xFF, 0x3C, 0x07,
    0xFC, 0xF8, 0x3E, 0xF3, 0xFF, 0xF3, 0xCF, 0xFF, 0x80, 0x00, 0x00, 0x00, 0x3F, 0x80, 0x0F, 0xE0,
    0x00, 0xF8, 0x03, 0xFF, 0x80, 0xFF, 0xF0, 0x03, 0xE0, 0x00, 0xF8, 0x1F, 0xBE, 0x0F, 0xFF, 0x87,
    0xC7, 0xE1, 0xF0, 0xF8, 0x78, 0x3E, 0x3E, 0x0F, 0x8F, 0x83, 0xE3, 0xE0, 0xF8, 0xF8, 0x3E, 0x3E,
    0x0F, 0x8F, 0x83, 0xE1, 0xF0, 0xF8, 0x7C, 0x7E, 0x0F, 0xF7, 0xE1, 0xF9, 0xFC, 0x00, 0x00, 0x00,
    0x00, 0x0F, 0xFF, 0x83, 0xFF, 0xF0, 0x00, 0x00, 0x00, 0x00, 0x01, 0xFC, 0x07, 0xFE, 0x0F, 0x1F,
    0x0F, 0x0F, 0x1E, 0x0E, 0x1E, 0x0C, 0x1E, 0x00, 0x3E, 0x00, 0x7F, 0xF0, 0x7F, 0xF0, 0x3E, 0x00,
    0x7F, 0xE0, 0x7F, 0xE0, 0x3E, 0x00, 0x1E, 0x00, 0x1E, 0x00, 0x1F, 0x00, 0x0F, 0x03, 0x0F, 0x87,
    0x07, 0xFE, 0x01, 0xFC, 0x00, 0x00, 0x7F, 0xE7, 0xF9, 0xFF, 0x9F, 0xE1, 0xF0, 0x3C, 0x07, 0xC0,
    0xE0, 0x1F, 0x07, 0x00, 0x7C, 0x18, 0x01, 0xF0, 0xC0, 0x07, 0xC7, 0x00, 0x1F, 0x38, 0x03, 0xFF,
    0xFF, 0xCF, 0xFF, 0xFF, 0x07, 0xFF, 0x80, 0x1F, 0xBE, 0x00, 0x7C, 0xFC, 0x01, 0xF1, 0xF0, 0x07,
    0xC3, 0xE0, 0x1F, 0x0F, 0xC0, 0x7C, 0x1F, 0x01, 0xF0, 0x7E, 0x1F, 0xF8, 0xFE, 0x7F, 0xE1, 0xFC,
    0xFF, 0xFF, 0xFF, 0xFF, 0xFF, 0x87, 0xC3, 0xF0, 0xF8, 0x7E, 0x1F, 0x07, 0x83, 0xE0, 0xC0, 0x7C,
    0xC0, 0x0F, 0xF8, 0x01, 0xFC, 0x00, 0x3E, 0x00, 0x1F, 0xC0, 0x0F, 0xFF, 0x81, 0x9F, 0xE0, 0x03,
    0xF0, 0x00, 0xFC, 0x00, 0xFF, 0x80, 0x1D, 0xF0, 0x00, 0x3E, 0x00, 0x07, 0xC0, 0x07, 0xFF, 0x00,
    0xFF, 0xE0, 0x00, 0x01, 0x00, 0x00, 0x00, 0x07, 0x00, 0x00, 0x00, 0x0F, 0x00, 0x00, 0x00, 0x3E,
    0x00, 0x00, 0x07, 0xFF, 0xC0, 0x00, 0x0F, 0x7D, 0xE0, 0x00, 0x08, 0x78, 0xF0, 0x00, 0x00, 0xF8,
    0x78, 0x00, 0x00, 0xF0, 0x78, 0x00, 0x00, 0xF0, 0x78, 0x00, 0x00, 0xF0, 0x7C, 0x00, 0x01, 0xF0,
    0x7C, 0x00, 0x01, 0xE0, 0x7C, 0x00, 0x01, 0xE0, 0x7C, 0x00, 0x01, 0xE0, 0x7C, 0x00, 0x03, 0xE0,
    0x7C, 0x38, 0x03, 0xE0, 0x78, 0xFE, 0x03, 0xC0, 0x79, 0xCF, 0x03, 0xC0, 0xFB, 0xCF, 0x3F, 0xC0,
    0xF3, 0xCF, 0x7F, 0x81, 0xE7, 0xCF, 0xE7, 0xC3, 0xE7, 0xCF, 0x6F, 0xFF, 0xC7, 0xFE, 0x7E, 0x7F,
    0x07, 0xFC, 0x00, 0x00, 0x0F, 0x80, 0x00, 0x00, 0x0F, 0x00, 0x00, 0x00, 0x0F, 0x00, 0x00, 0x00,
    0x0F, 0x00, 0x00, 0x00, 0x1F, 0x00, 0x00, 0x00, 0x1E, 0x00, 0x00, 0x00, 0x00, 0x3F, 0x00, 0x3F,
    0xC0, 0x3C, 0xF0, 0x1E, 0x38, 0x0F, 0x1C, 0x07, 0x8E, 0x03, 0xCF, 0x01, 0xE7, 0x00, 0xFB, 0x80,
    0x7F, 0x80, 0x1F, 0xC0, 0x0F, 0xC0, 0x03, 0xE0, 0x31, 0xF0, 0x1C, 0xF8, 0x1E, 0xFE, 0x0F, 0xFF,
    0x0F, 0xF7, 0xCE, 0xFB, 0xE7, 0x38, 0xF7, 0x18, 0x7C, 0x00, 0x3E, 0x01, 0x0F, 0x03, 0x87, 0x81,
    0xC3, 0xC0, 0xF1, 0xC0, 0x7F, 0xE0, 0x0F, 0xC0, 0x7F, 0xF8, 0x0F, 0xFF, 0xC0, 0x7C, 0x7C, 0x0F,
    0x87, 0xCF, 0xFF, 0xFF, 0xFF, 0xFF, 0xC7, 0xC3, 0xF3, 0xFF, 0xFE, 0xFF, 0xFF, 0xE3, 0xE1, 0xF0,
    0x7C, 0x7C, 0x0F, 0xFF, 0x01, 0xFF, 0x80, 0x3E, 0x00, 0x07, 0xC0, 0x00, 0xF8, 0x00, 0x1F, 0x00,
    0x03, 0xE0, 0x00, 0x7C, 0x00, 0x3F, 0xF0, 0x07, 0xFF, 0x00, 0x00, 0x30, 0x00, 0x01, 0x80, 0x00,
    0x7F, 0xC0, 0x0F, 0xFF, 0x80, 0xFB, 0x3E, 0x0F, 0x19, 0xF0, 0xF8, 0xC7, 0x0F, 0x86, 0x30, 0x7C,
    0x30, 0x03, 0xE1, 0x80, 0x1F, 0x0C, 0x00, 0xF8, 0x60, 0x0F, 0xC3, 0x00, 0x3E, 0x1F, 0xFD, 0xF0,
    0xFF, 0xCF, 0x86, 0xFC, 0x7C, 0x33, 0xE3, 0xE1, 0x9F, 0x0F, 0x8C, 0xF8, 0x7C, 0x67, 0xC1, 0xFB,
    0x3E, 0x07, 0xFF, 0xF0, 0x0F, 0xFE, 0x00, 0x06, 0x00, 0x00, 0x30, 0x00, 0x00, 0x00, 0x00, 0x00,
    0xF8, 0x00, 0x03, 0xE0, 0x00, 0x0F, 0x80, 0x00, 0x7F, 0x00, 0x01, 0xBC, 0x00, 0x06, 0xF0, 0x00,
    0x3B, 0xE0, 0x00, 0xC7, 0x80, 0x03, 0x1E, 0x03, 0xFF, 0xFF, 0xFF, 0xFF, 0xFF, 0x81, 0x83, 0xC0,
    0x0E, 0x0F, 0x83, 0xFF, 0xFF, 0xEF, 0xFF, 0xFF, 0xC7, 0x01, 0xF0, 0x1C, 0x07, 0xC0, 0x60, 0x1F,
    0x03, 0x80, 0x7E, 0x3F, 0xC7, 0xFE, 0xFF, 0x1F, 0xF8, 0x00, 0x00, 0x01, 0xFE, 0x00, 0xFF, 0xC0,
    0x7C, 0x38, 0x1E, 0x0F, 0x07, 0x83, 0xC0, 0xC0, 0xF0, 0x00, 0x7C, 0x7F, 0xFF, 0xDF, 0xFF, 0xF0,
    0x7F, 0xE0, 0x3F, 0xF0, 0x7F, 0xFF, 0xDF, 0xFF, 0xF3, 0xF0, 0x00, 0xF8, 0x08, 0x3C, 0x07, 0x0F,
    0x01, 0xE3, 0xC0, 0x78, 0x78, 0x3E, 0x0F, 0xFF, 0x01, 0xFF, 0x80, 0x00, 0x00, 0x00, 0x20, 0x00,
    0x18, 0x00, 0x3F, 0xE0, 0x1F, 0xFE, 0x1F, 0x6F, 0x87, 0x99, 0xE3, 0xE6, 0x79, 0xF1, 0x8C, 0x7C,
    0x60, 0x1F, 0x18, 0x07, 0xC6, 0x01, 0xF1, 0x80, 0xFC, 0x60, 0x1F, 0x18, 0x07, 0xC6, 0x01, 0xF1,
    0x80, 0x7C, 0x60, 0x1F, 0x18, 0x03, 0xE6, 0x08, 0xF9, 0x86, 0x1F, 0xE7, 0x83, 0xFF, 0xE0, 0x3F,
    0xE0, 0x01, 0xC0, 0x00, 0x60, 0x00, 0x00, 0x00, 0x3C, 0x78, 0x1E, 0x3E, 0x0F, 0x1F, 0x07, 0x8F,
    0x83, 0xC7, 0xC7, 0xFF, 0xFF, 0xFF, 0xFE, 0x78, 0xF8, 0x3C, 0x7C, 0x1E, 0x3E, 0x0F, 0x1F, 0x07,
    0x8F, 0x83, 0xC7, 0xC1, 0xE3, 0xE0, 0xF1, 0xF0, 0x78, 0xF8, 0x3C, 0x7C, 0x1E, 0x3E, 0x0F, 0x1F,
    0x07, 0x87, 0xF3, 0xC3, 0xF8, 0x00, 0x00, 0x00, 0x00, 0x07, 0xF8, 0x1F, 0xFC, 0x3C, 0x3E, 0x3C,
    0x1E, 0x3C, 0x1E, 0x7C, 0x18, 0x7E, 0x00, 0x3F, 0x00, 0x3F, 0xC0, 0x1F, 0xF0, 0x0F, 0xFC, 0x03,
    0xFE, 0x00, 0xFE, 0x00, 0x3E, 0x00, 0x1F, 0x7F, 0xEE, 0x5B, 0x6E, 0x5B, 0x6E, 0x7B, 0x7C, 0x7F,
    0xF8, 0x1F, 0xF0, 0x1B, 0x60, 0x1B, 0x60, 0x0B, 0x60, 0x7F, 0xFF, 0x7F, 0xFF, 0x00, 0x00, 0x00,
    0x00, 0x7F, 0xFF, 0x7F, 0xFF, 0x63, 0xE7, 0x63, 0xE3, 0x63, 0xE3, 0x43, 0xE3, 0x03, 0xE0, 0x03,
    0xE0, 0x03, 0xE0, 0x03, 0xE0, 0x03, 0xE0, 0x03, 0xE0, 0x03, 0xE0, 0x03, 0xE0, 0x03, 0xE0, 0x0F,
    0xF8, 0x0F, 0xF8, 0xFF, 0xFD, 0xFF, 0xF8, 0x1F, 0x00, 0x3F, 0x00, 0x3E, 0x1F, 0xFF, 0xBF, 0xFF,
    0x01, 0xF0, 0x07, 0xC0, 0x1F, 0x83, 0xFE, 0x07, 0xE0, 0x07, 0xC0, 0x0F, 0xC0, 0x0F, 0x80, 0x0F,
    0x80, 0x1F, 0x80, 0x1F, 0x00, 0x3F, 0x00, 0x3F, 0x80, 0x3F, 0x00, 0x7F, 0xE0, 0x7F, 0xE0, 0x1F,
    0x00, 0x1F, 0x00, 0x1F, 0x30, 0x1F, 0xF0, 0x1F, 0xC0, 0x3F, 0x00, 0xFF, 0x70, 0xFF, 0xF0, 0x1F,
    0x80, 0x3F, 0x0E, 0xFF, 0x1F, 0xDF, 0x1F, 0x1F, 0x07, 0x1F, 0x07, 0x1F, 0x07, 0x1F, 0x07, 0x1F,
    0x0E, 0x7F, 0xFC, 0x7F, 0xF8, 0x00, 0x00, 0x0F, 0x00, 0x07, 0xE0, 0x01, 0x9C, 0x00, 0xE3, 0x00,
    0x1C, 0xFF, 0xC7, 0xFF, 0xF8, 0xFF, 0xFE, 0x1B, 0x01, 0xC0, 0xC0, 0x30, 0x30, 0x0C, 0x0F, 0x23,
    0x03, 0xFD, 0x80, 0xFF, 0xE0, 0x73, 0x70, 0x3C, 0x00, 0x1F, 0x00, 0x02, 0x60, 0x20, 0x18, 0x18,
    0x07, 0xFE, 0x00, 0xFF, 0x80, 0x1F, 0xC0, 0x00, 0x00, 0x00, 0xC0, 0x00, 0x1C, 0x00, 0x03, 0x80,
    0x00, 0x70, 0x00, 0x7F, 0xE0, 0x3F, 0xFE, 0x0F, 0xBB, 0xE3, 0xE7, 0x3E, 0x78, 0xE3, 0xCF, 0x1C,
    0x7B, 0xE3, 0x8F, 0x7C, 0x71, 0xFF, 0x0E, 0x3F, 0xE1, 0xC7, 0xFC, 0x38, 0xFF, 0x87, 0x1F, 0xF0,
    0xE3, 0xFE, 0x1C, 0x7F, 0xC3, 0x8F, 0xF8, 0x71, 0xF0, 0x7F, 0xF0, 0x3F, 0xFE, 0x07, 0xCF, 0x83,
    0xE3, 0xE1, 0xF0, 0xF0, 0xF8, 0x7C, 0x7C, 0x3E, 0x3E, 0x1E, 0x1F, 0x1F, 0x0F, 0x8F, 0x1F, 0xFF,
    0x0F, 0xFF, 0x01, 0xF0, 0x00, 0xF8, 0x01, 0xFF, 0x80, 0xFF, 0xC0, 0x1F, 0x00, 0x0F, 0x80, 0x07,
    0xC0, 0x0F, 0xFC, 0x07, 0xFE, 0x00, 0x00, 0x00, 0x00, 0x36, 0x00, 0x06, 0xC0, 0x00, 0xF8, 0x00,
    0x7F, 0xE0, 0x3F, 0x7E, 0x0F, 0x6D, 0xE3, 0xCD, 0x9E, 0x79, 0xB3, 0xCE, 0x36, 0x3B, 0xC6, 0xC7,
    0x78, 0xD8, 0x8F, 0x00, 0x01, 0xE0, 0x00, 0x3C, 0x00, 0x03, 0xC0, 0x00, 0x78, 0x00, 0x07, 0x00,
    0x00, 0x70, 0x00, 0x0F, 0x00, 0x0F, 0xFF, 0xF9, 0xFF, 0xFF, 0x3F, 0xFF, 0xE0, 0x0C, 0xC0, 0x19,
    0x83, 0xFF, 0x07, 0xFF, 0x83, 0xCF, 0x87, 0x8F, 0x0F, 0x1F, 0x1E, 0x3E, 0x3C, 0x7C, 0x78, 0xF0,
    0xF1, 0xE1, 0xFF, 0x03, 0xFF, 0x07, 0x8F, 0x0F, 0x0F, 0x1E, 0x1E, 0x3C, 0x3C, 0x78, 0x78, 0xF0,
    0xF1, 0xE1, 0xE3, 0xC7, 0xDF, 0xFF, 0x3F, 0xF8, 0x06, 0x60, 0x0C, 0xC0, 0x00, 0x00, 0x0F, 0xE0,
    0xFF, 0xE3, 0xC7, 0x9E, 0x1F, 0xF8, 0x3B, 0xE0, 0x8F, 0x80, 0x3E, 0x00, 0xF8, 0x03, 0xE0, 0x0F,
    0x80, 0x3E, 0x00, 0x7C, 0x09, 0xF8, 0x63, 0xFF, 0x87, 0xFC, 0x00, 0x00, 0x00, 0x00, 0x00, 0x3F,
    0xFE, 0xFF, 0xF8, 0x00, 0x00, 0xFF, 0xFF, 0xFF, 0xF0, 0x07, 0x80, 0x3C, 0x01, 0xE0, 0x0F, 0x00,
    0x78, 0x03, 0xC0, 0x1E, 0x00, 0xF0, 0x07, 0x80, 0x3C, 0x01, 0xE0, 0x0F, 0x00, 0x78, 0x03, 0xC0,
    0x1E, 0x00, 0xF0, 0x07, 0xFF, 0xFF, 0xFF, 0x80, 0xFF, 0xFF, 0xFF, 0xF0, 0x07, 0x80, 0x3C, 0x01,
    0xE0, 0x0F, 0x00, 0x78, 0x03, 0xC0, 0x1E, 0x00, 0xF0, 0x07, 0x80, 0x3C, 0x01, 0xE0, 0x0F, 0x00,
    0x78, 0x03, 0xC0, 0x1E, 0x00, 0xF0, 0x07, 0xFF, 0xFF, 0xFF, 0x80, 0xFF, 0xFF, 0xFF, 0xF0, 0x07,
    0x80, 0x3C, 0x01, 0xE0, 0x0F, 0x00, 0x78, 0x03, 0xC0, 0x1E, 0x00, 0xF0, 0x07, 0x80, 0x3C, 0x01,
    0xE0, 0x0F, 0x00, 0x78, 0x03, 0xC0, 0x1E, 0x00, 0xF0, 0x07, 0xFF, 0xFF, 0xFF, 0x80, 0xFF, 0xFF,
    0xFF, 0xF0, 0x07, 0x80, 0x3C, 0x01, 0xE0, 0x0F, 0x00, 0x78, 0x03, 0xC0, 0x1E, 0x00, 0xF0, 0x07,
    0x80, 0x3C, 0x01, 0xE0, 0x0F, 0x00, 0x78, 0x03, 0xC0, 0x1E, 0x00, 0xF0, 0x07, 0xFF, 0xFF, 0xFF,
    0x80, 0xFF, 0xFF, 0xFF, 0xF0, 0x07, 0x80, 0x3C, 0x01, 0xE0, 0x0F, 0x00, 0x78, 0x03, 0xC0, 0x1E,
    0x00, 0xF0, 0x07, 0x80, 0x3C, 0x01, 0xE0, 0x0F, 0x00, 0x78, 0x03, 0xC0, 0x1E, 0x00, 0xF0, 0x07,
    0xFF, 0xFF, 0xFF, 0x80, 0xFF, 0xFF, 0xFF, 0xF0, 0x07, 0x80, 0x3C, 0x01, 0xE0, 0x0F, 0x00, 0x78,
    0x03, 0xC0, 0x1E, 0x00, 0xF0, 0x07, 0x80, 0x3C, 0x01, 0xE0, 0x0F, 0x00, 0x78, 0x03, 0xC0, 0x1E,
    0x00, 0xF0, 0x07, 0xFF, 0xFF, 0xFF, 0x80, 0xFF, 0xFF, 0xFF, 0xF0, 0x07, 0x80, 0x3C, 0x01, 0xE0,
    0x0F, 0x00, 0x78, 0x03, 0xC0, 0x1E, 0x00, 0xF0, 0x07, 0x80, 0x3C, 0x01, 0xE0, 0x0F, 0x00, 0x78,
    0x03, 0xC0, 0x1E, 0x00, 0xF0, 0x07, 0xFF, 0xFF, 0xFF, 0x80, 0xFF, 0xFF, 0xFF, 0xF0, 0x07, 0x80,
    0x3C, 0x01, 0xE0, 0x0F, 0x00, 0x78, 0x03, 0xC0, 0x1E, 0x00, 0xF0, 0x07, 0x80, 0x3C, 0x01, 0xE0,
    0x0F, 0x00, 0x78, 0x03, 0xC0, 0x1E, 0x00, 0xF0, 0x07, 0xFF, 0xFF, 0xFF, 0x80, 0xFF, 0xFF, 0xFF,
    0xF0, 0x07, 0x80, 0x3C, 0x01, 0xE0, 0x0F, 0x00, 0x78, 0x03, 0xC0, 0x1E, 0x00, 0xF0, 0x07, 0x80,
    0x3C, 0x01, 0xE0, 0x0F, 0x00, 0x78, 0x03, 0xC0, 0x1E, 0x00, 0xF0, 0x07, 0xFF, 0xFF, 0xFF, 0x80,
    0xFF, 0xFF, 0xFF, 0xF0, 0x07, 0x80, 0x3C, 0x01, 0xE0, 0x0F, 0x00, 0x78, 0x03, 0xC0, 0x1E, 0x00,
    0xF0, 0x07, 0x80, 0x3C, 0x01, 0xE0, 0x0F, 0x00, 0x78, 0x03, 0xC0, 0x1E, 0x00, 0xF0, 0x07, 0xFF,
    0xFF, 0xFF, 0x80, 0xFF, 0xFF, 0xFF, 0xF0, 0x07, 0x80, 0x3C, 0x01, 0xE0, 0x0F, 0x00, 0x78, 0x03,
    0xC0, 0x1E, 0x00, 0xF0, 0x07, 0x80, 0x3C, 0x01, 0xE0, 0x0F, 0x00, 0x78, 0x03, 0xC0, 0x1E, 0x00,
    0xF0, 0x07, 0xFF, 0xFF, 0xFF, 0x80, 0xFF, 0xFF, 0xFF, 0xF0, 0x07, 0x80, 0x3C, 0x01, 0xE0, 0x0F,
    0x00, 0x78, 0x03, 0xC0, 0x1E, 0x00, 0xF0, 0x07, 0x80, 0x3C, 0x01, 0xE0, 0x0F, 0x00, 0x78, 0x03,
    0xC0, 0x1E, 0x00, 0xF0, 0x07, 0xFF, 0xFF, 0xFF, 0x80, 0xFF, 0xFF, 0xFF, 0xF0, 0x07, 0x80, 0x3C,
    0x01, 0xE0, 0x0F, 0x00, 0x78, 0x03, 0xC0, 0x1E, 0x00, 0xF0, 0x07, 0x80, 0x3C, 0x01, 0xE0, 0x0F,
    0x00, 0x78, 0x03, 0xC0, 0x1E, 0x00, 0xF0, 0x07, 0xFF, 0xFF, 0xFF, 0x80, 0xFF, 0xFF, 0xFF, 0xF0,
    0x07, 0x80, 0x3C, 0x01, 0xE0, 0x0F, 0x00, 0x78, 0x03, 0xC0, 0x1E, 0x00, 0xF0, 0x07, 0x80, 0x3C,
    0x01, 0xE0, 0x0F, 0x00, 0x78, 0x03, 0xC0, 0x1E, 0x00, 0xF0, 0x07, 0xFF, 0xFF, 0xFF, 0x80, 0xFF,
    0xFF, 0xFF, 0xF0, 0x07, 0x80, 0x3C, 0x01, 0xE0, 0x0F, 0x00, 0x78, 0x03, 0xC0, 0x1E, 0x00, 0xF0,
    0x07, 0x80, 0x3C, 0x01, 0xE0, 0x0F, 0x00, 0x78, 0x03, 0xC0, 0x1E, 0x00, 0xF0, 0x07, 0xFF, 0xFF,
    0xFF, 0x80,
];

pub(crate) static NOTO_SERIF_14_BOLD: BitmapFont = BitmapFont::new(
    &NOTO_SERIF_CODEPOINTS,
    &NOTO_SERIF_14_BOLD_GLYPHS,
    &NOTO_SERIF_14_BOLD_BITMAP,
    40,
);

static NOTO_SERIF_16_REGULAR_GLYPHS: [BitmapGlyph; 410] = [
    BitmapGlyph::new(0, 0, 0, 0, 36, 9),
    BitmapGlyph::new(0, 5, 25, 3, 12, 11),
    BitmapGlyph::new(16, 11, 9, 1, 12, 14),
    BitmapGlyph::new(29, 18, 24, 0, 12, 19),
    BitmapGlyph::new(83, 16, 29, 1, 10, 19),
    BitmapGlyph::new(141, 28, 26, 1, 11, 30),
    BitmapGlyph::new(232, 24, 26, 1, 11, 25),
    BitmapGlyph::new(310, 5, 9, 1, 12, 7),
    BitmapGlyph::new(316, 10, 31, 1, 10, 12),
    BitmapGlyph::new(355, 9, 31, 1, 10, 12),
    BitmapGlyph::new(390, 15, 14, 1, 10, 17),
    BitmapGlyph::new(417, 15, 16, 2, 16, 19),
    BitmapGlyph::new(447, 6, 11, 1, 31, 8),
    BitmapGlyph::new(456, 10, 4, 0, 25, 10),
    BitmapGlyph::new(461, 5, 6, 2, 31, 8),
    BitmapGlyph::new(465, 10, 31, 0, 10, 10),
    BitmapGlyph::new(504, 17, 26, 1, 11, 19),
    BitmapGlyph::new(560, 14, 24, 2, 12, 19),
    BitmapGlyph::new(602, 15, 25, 2, 11, 19),
    BitmapGlyph::new(649, 16, 26, 1, 11, 19),
    BitmapGlyph::new(701, 19, 24, 0, 12, 19),
    BitmapGlyph::new(758, 16, 25, 1, 12, 19),
    BitmapGlyph::new(808, 15, 26, 2, 11, 19),
    BitmapGlyph::new(857, 17, 24, 1, 12, 19),
    BitmapGlyph::new(908, 17, 26, 1, 11, 19),
    BitmapGlyph::new(964, 16, 26, 1, 11, 19),
    BitmapGlyph::new(1016, 5, 20, 2, 17, 10),
    BitmapGlyph::new(1029, 7, 25, 1, 17, 10),
    BitmapGlyph::new(1051, 15, 18, 2, 15, 19),
    BitmapGlyph::new(1085, 15, 10, 2, 19, 19),
    BitmapGlyph::new(1104, 15, 18, 2, 15, 19),
    BitmapGlyph::new(1138, 14, 26, 1, 11, 16),
    BitmapGlyph::new(1184, 27, 29, 2, 12, 31),
    BitmapGlyph::new(1282, 24, 24, 0, 12, 24),
    BitmapGlyph::new(1354, 19, 24, 1, 12, 22),
    BitmapGlyph::new(1411, 19, 26, 1, 11, 20),
    BitmapGlyph::new(1473, 22, 24, 1, 12, 24),
    BitmapGlyph::new(1539, 19, 24, 1, 12, 21),
    BitmapGlyph::new(1596, 18, 24, 1, 12, 20),
    BitmapGlyph::new(1650, 23, 26, 1, 11, 24),
    BitmapGlyph::new(1725, 25, 24, 1, 12, 26),
    BitmapGlyph::new(1800, 10, 24, 1, 12, 12),
    BitmapGlyph::new(1830, 12, 32, -1, 12, 12),
    BitmapGlyph::new(1878, 23, 24, 1, 12, 23),
    BitmapGlyph::new(1947, 19, 24, 1, 12, 21),
    BitmapGlyph::new(2004, 29, 24, 1, 12, 31),
    BitmapGlyph::new(2091, 24, 24, 1, 12, 25),
    BitmapGlyph::new(2163, 22, 26, 1, 11, 25),
    BitmapGlyph::new(2235, 18, 24, 1, 12, 20),
    BitmapGlyph::new(2289, 22, 33, 1, 11, 25),
    BitmapGlyph::new(2380, 22, 24, 1, 12, 22),
    BitmapGlyph::new(2446, 16, 26, 1, 11, 18),
    BitmapGlyph::new(2498, 20, 24, 0, 12, 20),
    BitmapGlyph::new(2558, 24, 25, 0, 12, 24),
    BitmapGlyph::new(2633, 23, 24, 0, 12, 23),
    BitmapGlyph::new(2702, 35, 24, 0, 12, 35),
    BitmapGlyph::new(2807, 22, 24, 0, 12, 22),
    BitmapGlyph::new(2873, 22, 24, -1, 12, 21),
    BitmapGlyph::new(2939, 18, 24, 1, 12, 20),
    BitmapGlyph::new(2993, 8, 31, 3, 10, 12),
    BitmapGlyph::new(3024, 10, 31, 0, 10, 10),
    BitmapGlyph::new(3063, 8, 31, 1, 10, 12),
    BitmapGlyph::new(3094, 16, 16, 1, 12, 19),
    BitmapGlyph::new(3126, 17, 3, -1, 38, 15),
    BitmapGlyph::new(3133, 7, 6, 1, 10, 9),
    BitmapGlyph::new(3139, 17, 20, 1, 17, 19),
    BitmapGlyph::new(3182, 19, 27, 0, 10, 20),
    BitmapGlyph::new(3247, 15, 20, 1, 17, 16),
    BitmapGlyph::new(3285, 19, 27, 1, 10, 20),
    BitmapGlyph::new(3350, 16, 20, 1, 17, 18),
    BitmapGlyph::new(3390, 15, 26, 0, 10, 12),
    BitmapGlyph::new(3439, 18, 27, 0, 17, 18),
    BitmapGlyph::new(3500, 21, 26, 0, 10, 21),
    BitmapGlyph::new(3569, 11, 26, 0, 10, 11),
    BitmapGlyph::new(3605, 8, 34, -1, 10, 10),
    BitmapGlyph::new(3639, 20, 26, 0, 10, 20),
    BitmapGlyph::new(3704, 10, 26, 0, 10, 10),
    BitmapGlyph::new(3737, 31, 19, 0, 17, 32),
    BitmapGlyph::new(3811, 21, 19, 0, 17, 22),
    BitmapGlyph::new(3861, 17, 20, 1, 17, 19),
    BitmapGlyph::new(3904, 19, 27, 0, 17, 20),
    BitmapGlyph::new(3969, 19, 27, 1, 17, 20),
    BitmapGlyph::new(4034, 15, 19, 1, 17, 16),
    BitmapGlyph::new(4070, 13, 20, 1, 17, 15),
    BitmapGlyph::new(4103, 11, 23, 0, 14, 12),
    BitmapGlyph::new(4135, 21, 19, 0, 18, 21),
    BitmapGlyph::new(4185, 20, 18, 0, 18, 19),
    BitmapGlyph::new(4230, 29, 18, 0, 18, 29),
    BitmapGlyph::new(4296, 20, 18, 0, 18, 19),
    BitmapGlyph::new(4341, 19, 26, 0, 18, 19),
    BitmapGlyph::new(4403, 15, 18, 1, 18, 17),
    BitmapGlyph::new(4437, 12, 31, 1, 10, 14),
    BitmapGlyph::new(4484, 3, 34, 8, 10, 19),
    BitmapGlyph::new(4497, 12, 31, 1, 10, 14),
    BitmapGlyph::new(4544, 16, 7, 1, 21, 19),
    BitmapGlyph::new(4558, 0, 0, 0, 36, 9),
    BitmapGlyph::new(4558, 5, 25, 3, 17, 11),
    BitmapGlyph::new(4574, 15, 24, 2, 12, 19),
    BitmapGlyph::new(4619, 17, 26, 1, 11, 19),
    BitmapGlyph::new(4675, 15, 16, 2, 16, 19),
    BitmapGlyph::new(4705, 19, 24, 0, 12, 19),
    BitmapGlyph::new(4762, 3, 34, 8, 10, 19),
    BitmapGlyph::new(4775, 15, 30, 2, 10, 18),
    BitmapGlyph::new(4832, 11, 4, 4, 11, 19),
    BitmapGlyph::new(4838, 26, 26, 1, 11, 28),
    BitmapGlyph::new(4923, 12, 12, 1, 12, 13),
    BitmapGlyph::new(4941, 13, 14, 2, 20, 17),
    BitmapGlyph::new(4964, 15, 9, 2, 23, 19),
    BitmapGlyph::new(4981, 10, 4, 0, 25, 10),
    BitmapGlyph::new(4986, 26, 26, 1, 11, 28),
    BitmapGlyph::new(5071, 17, 3, -1, 8, 15),
    BitmapGlyph::new(5078, 11, 11, 1, 11, 13),
    BitmapGlyph::new(5094, 15, 20, 2, 16, 19),
    BitmapGlyph::new(5132, 11, 16, 1, 8, 13),
    BitmapGlyph::new(5154, 11, 16, 1, 8, 13),
    BitmapGlyph::new(5176, 7, 6, 1, 10, 9),
    BitmapGlyph::new(5182, 18, 26, 2, 18, 21),
    BitmapGlyph::new(5241, 19, 30, 1, 10, 21),
    BitmapGlyph::new(5313, 5, 6, 2, 21, 8),
    BitmapGlyph::new(5317, 7, 9, 2, 35, 11),
    BitmapGlyph::new(5325, 11, 16, 1, 8, 13),
    BitmapGlyph::new(5347, 12, 12, 1, 12, 13),
    BitmapGlyph::new(5365, 13, 14, 2, 20, 17),
    BitmapGlyph::new(5388, 28, 26, 0, 11, 28),
    BitmapGlyph::new(5479, 27, 26, 0, 11, 28),
    BitmapGlyph::new(5567, 27, 26, 1, 11, 28),
    BitmapGlyph::new(5655, 14, 25, 1, 18, 16),
    BitmapGlyph::new(5699, 24, 32, 0, 4, 24),
    BitmapGlyph::new(5795, 24, 32, 0, 4, 24),
    BitmapGlyph::new(5891, 24, 32, 0, 4, 24),
    BitmapGlyph::new(5987, 24, 31, 0, 5, 24),
    BitmapGlyph::new(6080, 24, 31, 0, 5, 24),
    BitmapGlyph::new(6173, 24, 30, 0, 6, 24),
    BitmapGlyph::new(6263, 31, 24, 0, 12, 32),
    BitmapGlyph::new(6356, 19, 33, 1, 11, 20),
    BitmapGlyph::new(6435, 19, 32, 1, 4, 21),
    BitmapGlyph::new(6511, 19, 32, 1, 4, 21),
    BitmapGlyph::new(6587, 19, 32, 1, 4, 21),
    BitmapGlyph::new(6663, 19, 31, 1, 5, 21),
    BitmapGlyph::new(6737, 10, 32, 1, 4, 12),
    BitmapGlyph::new(6777, 10, 32, 1, 4, 12),
    BitmapGlyph::new(6817, 10, 32, 1, 4, 12),
    BitmapGlyph::new(6857, 10, 31, 1, 5, 12),
    BitmapGlyph::new(6896, 22, 24, 1, 12, 24),
    BitmapGlyph::new(6962, 24, 31, 1, 5, 25),
    BitmapGlyph::new(7055, 22, 33, 1, 4, 25),
    BitmapGlyph::new(7146, 22, 33, 1, 4, 25),
    BitmapGlyph::new(7237, 22, 33, 1, 4, 25),
    BitmapGlyph::new(7328, 22, 32, 1, 5, 25),
    BitmapGlyph::new(7416, 22, 32, 1, 5, 25),
    BitmapGlyph::new(7504, 15, 14, 2, 17, 19),
    BitmapGlyph::new(7531, 22, 28, 1, 10, 25),
    BitmapGlyph::new(7608, 24, 33, 0, 4, 24),
    BitmapGlyph::new(7707, 24, 33, 0, 4, 24),
    BitmapGlyph::new(7806, 24, 33, 0, 4, 24),
    BitmapGlyph::new(7905, 24, 32, 0, 5, 24),
    BitmapGlyph::new(8001, 22, 32, -1, 4, 21),
    BitmapGlyph::new(8089, 18, 24, 1, 12, 20),
    BitmapGlyph::new(8143, 21, 27, 0, 10, 22),
    BitmapGlyph::new(8214, 17, 27, 1, 10, 19),
    BitmapGlyph::new(8272, 17, 27, 1, 10, 19),
    BitmapGlyph::new(8330, 17, 27, 1, 10, 19),
    BitmapGlyph::new(8388, 17, 26, 1, 11, 19),
    BitmapGlyph::new(8444, 17, 26, 1, 11, 19),
    BitmapGlyph::new(8500, 17, 29, 1, 8, 19),
    BitmapGlyph::new(8562, 26, 20, 1, 17, 28),
    BitmapGlyph::new(8627, 15, 27, 1, 17, 16),
    BitmapGlyph::new(8678, 16, 27, 1, 10, 18),
    BitmapGlyph::new(8732, 16, 27, 1, 10, 18),
    BitmapGlyph::new(8786, 16, 27, 1, 10, 18),
    BitmapGlyph::new(8840, 16, 26, 1, 11, 18),
    BitmapGlyph::new(8892, 11, 26, 0, 10, 11),
    BitmapGlyph::new(8928, 11, 26, 0, 10, 11),
    BitmapGlyph::new(8964, 11, 26, 0, 10, 11),
    BitmapGlyph::new(9000, 11, 25, 0, 11, 11),
    BitmapGlyph::new(9035, 17, 27, 1, 10, 19),
    BitmapGlyph::new(9093, 21, 25, 0, 11, 22),
    BitmapGlyph::new(9159, 17, 27, 1, 10, 19),
    BitmapGlyph::new(9217, 17, 27, 1, 10, 19),
    BitmapGlyph::new(9275, 17, 27, 1, 10, 19),
    BitmapGlyph::new(9333, 17, 26, 1, 11, 19),
    BitmapGlyph::new(9389, 17, 26, 1, 11, 19),
    BitmapGlyph::new(9445, 15, 18, 2, 15, 19),
    BitmapGlyph::new(9479, 17, 22, 1, 16, 19),
    BitmapGlyph::new(9526, 21, 27, 0, 10, 21),
    BitmapGlyph::new(9597, 21, 27, 0, 10, 21),
    BitmapGlyph::new(9668, 21, 27, 0, 10, 21),
    BitmapGlyph::new(9739, 21, 26, 0, 11, 21),
    BitmapGlyph::new(9808, 19, 34, 0, 10, 19),
    BitmapGlyph::new(9889, 19, 34, 0, 10, 20),
    BitmapGlyph::new(9970, 19, 33, 0, 11, 19),
    BitmapGlyph::new(10049, 24, 29, 0, 7, 24),
    BitmapGlyph::new(10136, 17, 24, 1, 13, 19),
    BitmapGlyph::new(10187, 24, 31, 0, 5, 24),
    BitmapGlyph::new(10280, 17, 26, 1, 11, 19),
    BitmapGlyph::new(10336, 24, 32, 0, 12, 24),
    BitmapGlyph::new(10432, 17, 27, 1, 17, 19),
    BitmapGlyph::new(10490, 19, 33, 1, 4, 20),
    BitmapGlyph::new(10569, 15, 27, 1, 10, 16),
    BitmapGlyph::new(10620, 19, 33, 1, 4, 20),
    BitmapGlyph::new(10699, 15, 27, 1, 10, 16),
    BitmapGlyph::new(10750, 19, 33, 1, 4, 20),
    BitmapGlyph::new(10829, 15, 27, 1, 10, 16),
    BitmapGlyph::new(10880, 19, 33, 1, 4, 20),
    BitmapGlyph::new(10959, 15, 27, 1, 10, 16),
    BitmapGlyph::new(11010, 22, 32, 1, 4, 24),
    BitmapGlyph::new(11098, 22, 27, 1, 10, 20),
    BitmapGlyph::new(11173, 22, 24, 1, 12, 24),
    BitmapGlyph::new(11239, 19, 27, 1, 10, 20),
    BitmapGlyph::new(11304, 19, 29, 1, 7, 21),
    BitmapGlyph::new(11373, 16, 24, 1, 13, 18),
    BitmapGlyph::new(11421, 19, 31, 1, 5, 21),
    BitmapGlyph::new(11495, 16, 26, 1, 11, 18),
    BitmapGlyph::new(11547, 19, 31, 1, 5, 21),
    BitmapGlyph::new(11621, 16, 27, 1, 10, 18),
    BitmapGlyph::new(11675, 19, 32, 1, 12, 21),
    BitmapGlyph::new(11751, 16, 27, 1, 17, 18),
    BitmapGlyph::new(11805, 19, 32, 1, 4, 21),
    BitmapGlyph::new(11881, 16, 27, 1, 10, 18),
    BitmapGlyph::new(11935, 23, 33, 1, 4, 24),
    BitmapGlyph::new(12030, 18, 34, 0, 10, 18),
    BitmapGlyph::new(12107, 23, 32, 1, 5, 24),
    BitmapGlyph::new(12199, 18, 33, 0, 11, 18),
    BitmapGlyph::new(12274, 23, 33, 1, 4, 24),
    BitmapGlyph::new(12369, 18, 34, 0, 10, 18),
    BitmapGlyph::new(12446, 23, 33, 1, 11, 24),
    BitmapGlyph::new(12541, 18, 34, 0, 10, 18),
    BitmapGlyph::new(12618, 25, 32, 1, 4, 26),
    BitmapGlyph::new(12718, 21, 32, 0, 4, 21),
    BitmapGlyph::new(12802, 25, 24, 1, 12, 26),
    BitmapGlyph::new(12877, 21, 26, 0, 10, 21),
    BitmapGlyph::new(12946, 13, 31, 0, 5, 12),
    BitmapGlyph::new(12997, 13, 25, -1, 11, 11),
    BitmapGlyph::new(13038, 10, 29, 1, 7, 12),
    BitmapGlyph::new(13075, 11, 23, 0, 13, 11),
    BitmapGlyph::new(13107, 10, 31, 1, 5, 12),
    BitmapGlyph::new(13146, 11, 25, 0, 11, 11),
    BitmapGlyph::new(13181, 10, 32, 1, 12, 12),
    BitmapGlyph::new(13221, 11, 34, 0, 10, 11),
    BitmapGlyph::new(13268, 10, 32, 1, 4, 12),
    BitmapGlyph::new(13308, 11, 18, 0, 18, 11),
    BitmapGlyph::new(13333, 22, 32, 1, 12, 23),
    BitmapGlyph::new(13421, 18, 34, 0, 10, 21),
    BitmapGlyph::new(13498, 12, 40, -1, 4, 12),
    BitmapGlyph::new(13558, 11, 34, -1, 10, 10),
    BitmapGlyph::new(13605, 23, 32, 1, 12, 23),
    BitmapGlyph::new(13697, 20, 34, 0, 10, 20),
    BitmapGlyph::new(13782, 20, 18, 0, 18, 20),
    BitmapGlyph::new(13827, 19, 32, 1, 4, 21),
    BitmapGlyph::new(13903, 10, 32, 0, 4, 10),
    BitmapGlyph::new(13943, 19, 32, 1, 12, 21),
    BitmapGlyph::new(14019, 10, 34, 0, 10, 10),
    BitmapGlyph::new(14062, 19, 24, 1, 12, 21),
    BitmapGlyph::new(14119, 13, 26, 0, 10, 10),
    BitmapGlyph::new(14162, 19, 24, 1, 12, 21),
    BitmapGlyph::new(14219, 14, 26, 0, 10, 12),
    BitmapGlyph::new(14265, 19, 24, 1, 12, 21),
    BitmapGlyph::new(14322, 11, 26, 0, 10, 11),
    BitmapGlyph::new(14358, 24, 32, 1, 4, 25),
    BitmapGlyph::new(14454, 21, 26, 0, 10, 22),
    BitmapGlyph::new(14523, 24, 32, 1, 12, 25),
    BitmapGlyph::new(14619, 21, 27, 0, 17, 22),
    BitmapGlyph::new(14690, 24, 32, 1, 4, 25),
    BitmapGlyph::new(14786, 21, 26, 0, 10, 22),
    BitmapGlyph::new(14855, 26, 24, 0, 12, 26),
    BitmapGlyph::new(14933, 24, 32, 1, 12, 25),
    BitmapGlyph::new(15029, 18, 27, 0, 17, 21),
    BitmapGlyph::new(15090, 22, 30, 1, 7, 25),
    BitmapGlyph::new(15173, 17, 24, 1, 13, 19),
    BitmapGlyph::new(15224, 22, 32, 1, 5, 25),
    BitmapGlyph::new(15312, 17, 26, 1, 11, 19),
    BitmapGlyph::new(15368, 22, 33, 1, 4, 25),
    BitmapGlyph::new(15459, 17, 27, 1, 10, 19),
    BitmapGlyph::new(15517, 30, 26, 1, 11, 32),
    BitmapGlyph::new(15615, 28, 20, 1, 17, 30),
    BitmapGlyph::new(15685, 22, 32, 1, 4, 22),
    BitmapGlyph::new(15773, 15, 26, 1, 10, 16),
    BitmapGlyph::new(15822, 22, 32, 1, 12, 22),
    BitmapGlyph::new(15910, 15, 27, 1, 17, 16),
    BitmapGlyph::new(15961, 22, 32, 1, 4, 22),
    BitmapGlyph::new(16049, 15, 26, 1, 10, 16),
    BitmapGlyph::new(16098, 16, 33, 1, 4, 18),
    BitmapGlyph::new(16164, 13, 27, 1, 10, 15),
    BitmapGlyph::new(16208, 16, 33, 1, 4, 18),
    BitmapGlyph::new(16274, 13, 27, 1, 10, 15),
    BitmapGlyph::new(16318, 16, 33, 1, 11, 18),
    BitmapGlyph::new(16384, 13, 27, 1, 17, 15),
    BitmapGlyph::new(16428, 16, 33, 1, 4, 18),
    BitmapGlyph::new(16494, 13, 27, 1, 10, 15),
    BitmapGlyph::new(16538, 20, 32, 0, 12, 20),
    BitmapGlyph::new(16618, 11, 30, 0, 14, 12),
    BitmapGlyph::new(16660, 20, 32, 0, 4, 20),
    BitmapGlyph::new(16740, 13, 27, 0, 10, 12),
    BitmapGlyph::new(16784, 20, 24, 0, 12, 20),
    BitmapGlyph::new(16844, 11, 23, 0, 14, 12),
    BitmapGlyph::new(16876, 24, 32, 0, 5, 24),
    BitmapGlyph::new(16972, 21, 26, 0, 11, 21),
    BitmapGlyph::new(17041, 24, 30, 0, 7, 24),
    BitmapGlyph::new(17131, 21, 24, 0, 13, 21),
    BitmapGlyph::new(17194, 24, 32, 0, 5, 24),
    BitmapGlyph::new(17290, 21, 26, 0, 11, 21),
    BitmapGlyph::new(17359, 24, 35, 0, 2, 24),
    BitmapGlyph::new(17464, 21, 29, 0, 8, 21),
    BitmapGlyph::new(17541, 24, 33, 0, 4, 24),
    BitmapGlyph::new(17640, 21, 27, 0, 10, 21),
    BitmapGlyph::new(17711, 24, 32, 0, 12, 24),
    BitmapGlyph::new(17807, 21, 26, 0, 18, 21),
    BitmapGlyph::new(17876, 35, 32, 0, 4, 35),
    BitmapGlyph::new(18016, 29, 26, 0, 10, 29),
    BitmapGlyph::new(18111, 22, 32, -1, 4, 21),
    BitmapGlyph::new(18199, 19, 34, 0, 10, 19),
    BitmapGlyph::new(18280, 22, 31, -1, 5, 21),
    BitmapGlyph::new(18366, 18, 32, 1, 4, 20),
    BitmapGlyph::new(18438, 15, 26, 1, 10, 17),
    BitmapGlyph::new(18487, 18, 32, 1, 4, 20),
    BitmapGlyph::new(18559, 15, 26, 1, 10, 17),
    BitmapGlyph::new(18608, 18, 32, 1, 4, 20),
    BitmapGlyph::new(18680, 15, 26, 1, 10, 17),
    BitmapGlyph::new(18729, 15, 26, 0, 10, 12),
    BitmapGlyph::new(18778, 10, 4, 0, 25, 10),
    BitmapGlyph::new(18783, 10, 4, 0, 25, 10),
    BitmapGlyph::new(18788, 17, 3, 1, 22, 19),
    BitmapGlyph::new(18795, 18, 3, -1, 26, 17),
    BitmapGlyph::new(18802, 35, 3, -1, 26, 33),
    BitmapGlyph::new(18816, 35, 3, -1, 26, 33),
    BitmapGlyph::new(18830, 8, 34, 5, 10, 19),
    BitmapGlyph::new(18864, 15, 7, -1, 36, 14),
    BitmapGlyph::new(18878, 7, 10, 1, 12, 8),
    BitmapGlyph::new(18887, 6, 10, 1, 12, 8),
    BitmapGlyph::new(18895, 6, 11, 1, 31, 8),
    BitmapGlyph::new(18904, 7, 10, 1, 12, 8),
    BitmapGlyph::new(18913, 13, 10, 1, 12, 15),
    BitmapGlyph::new(18930, 13, 10, 1, 12, 15),
    BitmapGlyph::new(18947, 13, 11, 1, 31, 15),
    BitmapGlyph::new(18965, 13, 10, 1, 12, 15),
    BitmapGlyph::new(18982, 13, 30, 1, 10, 15),
    BitmapGlyph::new(19031, 13, 30, 1, 10, 15),
    BitmapGlyph::new(19080, 10, 10, 1, 19, 12),
    BitmapGlyph::new(19093, 11, 12, 3, 18, 17),
    BitmapGlyph::new(19110, 5, 6, 2, 21, 8),
    BitmapGlyph::new(19114, 14, 6, 2, 21, 18),
    BitmapGlyph::new(19125, 24, 6, 2, 31, 29),
    BitmapGlyph::new(19143, 5, 6, 2, 23, 8),
    BitmapGlyph::new(19147, 0, 0, 0, 36, 20),
    BitmapGlyph::new(19147, 0, 0, 0, 36, 20),
    BitmapGlyph::new(19147, 9, 26, -1, 15, 1),
    BitmapGlyph::new(19177, 9, 26, -8, 15, 1),
    BitmapGlyph::new(19207, 8, 28, -4, 13, 1),
    BitmapGlyph::new(19235, 8, 28, -4, 13, 1),
    BitmapGlyph::new(19263, 8, 28, -4, 13, 1),
    BitmapGlyph::new(19291, 0, 0, 0, 36, 6),
    BitmapGlyph::new(19291, 41, 26, 1, 11, 43),
    BitmapGlyph::new(19425, 54, 26, 1, 11, 56),
    BitmapGlyph::new(19601, 6, 9, 0, 12, 6),
    BitmapGlyph::new(19608, 12, 9, 0, 12, 13),
    BitmapGlyph::new(19622, 19, 9, 0, 12, 19),
    BitmapGlyph::new(19644, 6, 9, 0, 12, 6),
    BitmapGlyph::new(19651, 12, 9, 0, 12, 13),
    BitmapGlyph::new(19665, 19, 9, 0, 12, 19),
    BitmapGlyph::new(19687, 11, 10, 1, 34, 13),
    BitmapGlyph::new(19701, 7, 14, 2, 20, 11),
    BitmapGlyph::new(19714, 7, 14, 2, 20, 11),
    BitmapGlyph::new(19727, 20, 25, 1, 11, 22),
    BitmapGlyph::new(19790, 19, 28, 1, 10, 20),
    BitmapGlyph::new(19857, 19, 26, 1, 11, 20),
    BitmapGlyph::new(19919, 17, 24, 1, 12, 19),
    BitmapGlyph::new(19970, 17, 26, 1, 11, 19),
    BitmapGlyph::new(20026, 31, 27, 0, 13, 32),
    BitmapGlyph::new(20131, 22, 24, 0, 12, 22),
    BitmapGlyph::new(20197, 26, 25, 0, 12, 27),
    BitmapGlyph::new(20279, 32, 25, 1, 12, 34),
    BitmapGlyph::new(20379, 36, 24, -1, 12, 35),
    BitmapGlyph::new(20487, 24, 20, 3, 16, 30),
    BitmapGlyph::new(20547, 19, 31, 1, 10, 20),
    BitmapGlyph::new(20621, 17, 26, 1, 11, 19),
    BitmapGlyph::new(20677, 24, 24, 0, 12, 23),
    BitmapGlyph::new(20749, 20, 24, 0, 12, 19),
    BitmapGlyph::new(20809, 34, 34, 0, 9, 33),
    BitmapGlyph::new(20954, 18, 33, -1, 11, 19),
    BitmapGlyph::new(21029, 20, 24, 0, 12, 20),
    BitmapGlyph::new(21089, 23, 29, 1, 10, 24),
    BitmapGlyph::new(21173, 24, 24, 0, 12, 24),
    BitmapGlyph::new(21245, 18, 26, 0, 11, 18),
    BitmapGlyph::new(21304, 19, 29, 1, 10, 20),
    BitmapGlyph::new(21373, 18, 25, 1, 12, 20),
    BitmapGlyph::new(21430, 17, 28, 0, 11, 19),
    BitmapGlyph::new(21490, 17, 24, 1, 12, 19),
    BitmapGlyph::new(21541, 17, 24, 1, 12, 19),
    BitmapGlyph::new(21592, 18, 24, 0, 12, 19),
    BitmapGlyph::new(21646, 21, 26, 0, 11, 22),
    BitmapGlyph::new(21715, 21, 23, 3, 13, 26),
    BitmapGlyph::new(21776, 18, 24, 1, 12, 20),
    BitmapGlyph::new(21830, 20, 26, 1, 10, 22),
    BitmapGlyph::new(21895, 17, 29, 1, 10, 19),
    BitmapGlyph::new(21957, 15, 24, 1, 17, 16),
    BitmapGlyph::new(22002, 14, 24, 3, 12, 20),
    BitmapGlyph::new(22044, 14, 24, 3, 12, 20),
    BitmapGlyph::new(22086, 14, 24, 3, 12, 20),
    BitmapGlyph::new(22128, 14, 24, 3, 12, 20),
    BitmapGlyph::new(22170, 14, 24, 3, 12, 20),
    BitmapGlyph::new(22212, 14, 24, 3, 12, 20),
    BitmapGlyph::new(22254, 14, 24, 3, 12, 20),
    BitmapGlyph::new(22296, 14, 24, 3, 12, 20),
    BitmapGlyph::new(22338, 14, 24, 3, 12, 20),
    BitmapGlyph::new(22380, 14, 24, 3, 12, 20),
    BitmapGlyph::new(22422, 14, 24, 3, 12, 20),
    BitmapGlyph::new(22464, 14, 24, 3, 12, 20),
    BitmapGlyph::new(22506, 14, 24, 3, 12, 20),
    BitmapGlyph::new(22548, 14, 24, 3, 12, 20),
    BitmapGlyph::new(22590, 14, 24, 3, 12, 20),
];

static NOTO_SERIF_16_REGULAR_BITMAP: [u8; 22632] = [
    0x73, 0xDC, 0xE7, 0x39, 0xCE, 0x73, 0x9C, 0xE7, 0x39, 0xCE, 0x70, 0x00, 0x07, 0x7F, 0xEE, 0x00,
    0x71, 0xEE, 0x3D, 0xC7, 0xB8, 0xE7, 0x0C, 0xE1, 0x8C, 0x31, 0x86, 0x00, 0x00, 0x01, 0x83, 0x00,
    0x61, 0xC0, 0x18, 0x60, 0x0E, 0x18, 0x03, 0x06, 0x00, 0xC1, 0x80, 0x30, 0xE0, 0xFF, 0xFF, 0x3F,
    0xFF, 0xC1, 0xC3, 0x00, 0x60, 0xC0, 0x18, 0x30, 0x06, 0x1C, 0x03, 0x86, 0x00, 0xE1, 0x81, 0xFF,
    0xFE, 0x7F, 0xFF, 0x83, 0x0E, 0x00, 0xC3, 0x00, 0x70, 0xC0, 0x18, 0x30, 0x06, 0x0C, 0x01, 0x87,
    0x00, 0x61, 0x80, 0x00, 0x00, 0x01, 0x80, 0x01, 0x80, 0x03, 0xF0, 0x0F, 0xFC, 0x1D, 0x9C, 0x39,
    0x9E, 0x39, 0x8E, 0x39, 0x8C, 0x39, 0x80, 0x3D, 0x80, 0x3F, 0x80, 0x1F, 0x80, 0x0F, 0xE0, 0x03,
    0xF8, 0x01, 0xFC, 0x01, 0xBE, 0x01, 0x8E, 0x71, 0x8E, 0x71, 0x8E, 0x71, 0x8E, 0x79, 0x8E, 0x79,
    0xBC, 0x1F, 0xF8, 0x07, 0xC0, 0x01, 0x80, 0x01, 0x80, 0x01, 0x80, 0x00, 0x80, 0x00, 0x00, 0x00,
    0x01, 0xF8, 0x01, 0x80, 0x39, 0xC0, 0x30, 0x07, 0x0E, 0x07, 0x00, 0x70, 0xE0, 0x60, 0x07, 0x0E,
    0x0E, 0x00, 0xF0, 0xE0, 0xC0, 0x0F, 0x0F, 0x1C, 0x00, 0xF0, 0xF1, 0x80, 0x0F, 0x0F, 0x38, 0x00,
    0x70, 0xE3, 0x06, 0x07, 0x0E, 0x71, 0xF8, 0x70, 0xE6, 0x39, 0xC3, 0x9C, 0xE7, 0x0E, 0x3F, 0x8C,
    0x70, 0xE0, 0xF1, 0xC7, 0x0E, 0x00, 0x18, 0xF0, 0xE0, 0x03, 0x8F, 0x0E, 0x00, 0x30, 0xF0, 0xE0,
    0x07, 0x0F, 0x0E, 0x00, 0x60, 0x70, 0xE0, 0x0E, 0x07, 0x0E, 0x00, 0xC0, 0x70, 0xE0, 0x1C, 0x03,
    0x9C, 0x01, 0x80, 0x1F, 0x80, 0x00, 0x00, 0x00, 0x00, 0x00, 0x00, 0x07, 0xF8, 0x00, 0x0F, 0xFC,
    0x00, 0x1E, 0x1E, 0x00, 0x1C, 0x0E, 0x00, 0x1C, 0x0E, 0x00, 0x1C, 0x0E, 0x00, 0x1E, 0x0E, 0x00,
    0x1E, 0x1C, 0x00, 0x0F, 0x3C, 0x00, 0x07, 0xF0, 0x00, 0x07, 0xC0, 0xFC, 0x1F, 0xC0, 0xFC, 0x3D,
    0xE0, 0xE0, 0x78, 0xF0, 0xE0, 0x70, 0x78, 0xC0, 0xF0, 0x3C, 0xC0, 0xF0, 0x1F, 0xC0, 0xF0, 0x0F,
    0x80, 0xF0, 0x07, 0x80, 0xF0, 0x03, 0xC0, 0x70, 0x07, 0xE0, 0x78, 0x0E, 0xF0, 0x3F, 0xFC, 0x7E,
    0x0F, 0xF0, 0x7F, 0x00, 0x00, 0x00, 0x73, 0x9C, 0xE7, 0x38, 0xC6, 0x00, 0x00, 0x00, 0x70, 0x38,
    0x1C, 0x0E, 0x07, 0x03, 0xC0, 0xE0, 0x38, 0x1E, 0x07, 0x81, 0xE0, 0x78, 0x1E, 0x07, 0x81, 0xC0,
    0x78, 0x1E, 0x07, 0x81, 0xE0, 0x78, 0x1E, 0x03, 0x80, 0xE0, 0x1C, 0x07, 0x00, 0xE0, 0x1C, 0x03,
    0x80, 0x30, 0x00, 0x00, 0x60, 0x3C, 0x07, 0x01, 0xC0, 0xE0, 0x38, 0x1E, 0x0F, 0x03, 0x81, 0xC0,
    0xF0, 0x78, 0x3C, 0x1E, 0x0F, 0x07, 0x83, 0xC1, 0xE0, 0xE0, 0x70, 0x38, 0x3C, 0x1C, 0x0E, 0x0E,
    0x0F, 0x07, 0x0F, 0x06, 0x00, 0x00, 0x00, 0x00, 0x07, 0x00, 0x0E, 0x03, 0x18, 0x47, 0xB3, 0xCF,
    0xFF, 0x83, 0xF8, 0x07, 0xF0, 0x7F, 0xFC, 0xF6, 0x79, 0x8C, 0x60, 0x18, 0x00, 0x38, 0x00, 0x60,
    0x00, 0x00, 0x00, 0x06, 0x00, 0x0C, 0x00, 0x18, 0x00, 0x30, 0x00, 0x60, 0x00, 0xC0, 0x7F, 0xFF,
    0xFF, 0xFE, 0x06, 0x00, 0x0C, 0x00, 0x18, 0x00, 0x30, 0x00, 0x60, 0x00, 0xC0, 0x00, 0x00, 0x01,
    0xE7, 0x9F, 0x3C, 0x61, 0x8C, 0xE3, 0x00, 0x00, 0x00, 0x1F, 0xF7, 0xFC, 0x00, 0x07, 0xBD, 0xEF,
    0x00, 0x00, 0x00, 0x70, 0x18, 0x06, 0x01, 0x80, 0xC0, 0x30, 0x0C, 0x07, 0x01, 0x80, 0x60, 0x18,
    0x0E, 0x03, 0x00, 0xC0, 0x30, 0x1C, 0x06, 0x01, 0x80, 0x60, 0x38, 0x0C, 0x03, 0x00, 0xC0, 0x70,
    0x18, 0x06, 0x01, 0x80, 0xC0, 0x30, 0x00, 0x00, 0x00, 0x00, 0x03, 0xF8, 0x03, 0xFE, 0x03, 0x87,
    0x83, 0x81, 0xE1, 0xC0, 0x71, 0xE0, 0x38, 0xF0, 0x1E, 0x70, 0x0F, 0x38, 0x07, 0xBC, 0x03, 0xDE,
    0x00, 0xEF, 0x00, 0x77, 0x80, 0x3B, 0xC0, 0x1D, 0xE0, 0x1E, 0x70, 0x0F, 0x38, 0x07, 0x9C, 0x03,
    0xCF, 0x01, 0xC3, 0x80, 0xE1, 0xC0, 0xF0, 0x70, 0x70, 0x3F, 0xF0, 0x07, 0xF0, 0x00, 0x00, 0x00,
    0x01, 0xC0, 0x1F, 0x00, 0xFC, 0x0F, 0xF0, 0xFB, 0xC3, 0xCF, 0x00, 0x3C, 0x00, 0xF0, 0x03, 0xC0,
    0x0F, 0x00, 0x3C, 0x00, 0xF0, 0x03, 0xC0, 0x0F, 0x00, 0x3C, 0x00, 0xF0, 0x03, 0xC0, 0x0F, 0x00,
    0x3C, 0x00, 0xF0, 0x03, 0xC0, 0x0F, 0x03, 0xFF, 0x9F, 0xFF, 0x00, 0x00, 0x3F, 0xC1, 0xFF, 0xC3,
    0xC3, 0xCF, 0x03, 0x9E, 0x07, 0x98, 0x0F, 0x10, 0x1E, 0x00, 0x3C, 0x00, 0x70, 0x01, 0xE0, 0x03,
    0x80, 0x0E, 0x00, 0x18, 0x00, 0x70, 0x01, 0xC0, 0x07, 0x00, 0x1C, 0x00, 0x70, 0x00, 0xC0, 0x33,
    0x00, 0x6C, 0x01, 0xFF, 0xFF, 0xFF, 0xFF, 0xFF, 0xFE, 0x00, 0x00, 0x0F, 0xF0, 0x3F, 0xF8, 0x38,
    0x3C, 0x78, 0x1E, 0x78, 0x1E, 0x30, 0x1E, 0x10, 0x1E, 0x00, 0x1C, 0x00, 0x1C, 0x00, 0x38, 0x00,
    0xF0, 0x07, 0xE0, 0x07, 0xF8, 0x00, 0x3E, 0x00, 0x1E, 0x00, 0x0F, 0x00, 0x0F, 0x00, 0x0F, 0x20,
    0x0F, 0x60, 0x0F, 0x70, 0x1E, 0x70, 0x3C, 0x3F, 0xF8, 0x1F, 0xF0, 0x00, 0x00, 0x00, 0x1C, 0x00,
    0x07, 0x80, 0x01, 0xF0, 0x00, 0x3E, 0x00, 0x0D, 0xC0, 0x03, 0xB8, 0x00, 0x67, 0x00, 0x18, 0xE0,
    0x07, 0x1C, 0x00, 0xC3, 0x80, 0x30, 0x70, 0x0E, 0x0E, 0x01, 0x81, 0xC0, 0x60, 0x38, 0x1C, 0x07,
    0x03, 0xFF, 0xFE, 0xFF, 0xFF, 0xCF, 0xFF, 0xF8, 0x00, 0x70, 0x00, 0x0E, 0x00, 0x01, 0xC0, 0x00,
    0x78, 0x00, 0x3F, 0xE0, 0x0F, 0xFC, 0x1F, 0xFC, 0x1F, 0xFC, 0x3F, 0xFC, 0x30, 0x0C, 0x30, 0x04,
    0x30, 0x00, 0x30, 0x00, 0x30, 0x00, 0x30, 0x00, 0x30, 0x00, 0x3F, 0xF0, 0x3F, 0xF8, 0x00, 0x3C,
    0x00, 0x1E, 0x00, 0x1E, 0x00, 0x0E, 0x00, 0x0E, 0x00, 0x0E, 0x00, 0x1E, 0x60, 0x1E, 0x60, 0x1C,
    0x70, 0x3C, 0x7F, 0xF8, 0x3F, 0xE0, 0x00, 0x00, 0x00, 0x00, 0x0F, 0xE0, 0x3F, 0xF0, 0xE0, 0xE3,
    0x81, 0xC7, 0x03, 0x9C, 0x00, 0x38, 0x00, 0xF0, 0x01, 0xE0, 0x03, 0xC6, 0x07, 0xFF, 0x8F, 0xC7,
    0x9E, 0x07, 0xBC, 0x07, 0xF8, 0x0F, 0xF0, 0x1F, 0xE0, 0x3F, 0xC0, 0x7B, 0x80, 0xF7, 0x01, 0xE7,
    0x03, 0x8F, 0x0F, 0x0F, 0xFC, 0x0F, 0xF0, 0x00, 0x00, 0x7F, 0xFF, 0x3F, 0xFF, 0x9F, 0xFF, 0xCC,
    0x01, 0xC6, 0x00, 0xE3, 0x00, 0x70, 0x00, 0x70, 0x00, 0x38, 0x00, 0x1C, 0x00, 0x1C, 0x00, 0x0E,
    0x00, 0x0E, 0x00, 0x07, 0x00, 0x03, 0x80, 0x03, 0x80, 0x01, 0xC0, 0x00, 0xE0, 0x00, 0xE0, 0x00,
    0x70, 0x00, 0x78, 0x00, 0x38, 0x00, 0x1C, 0x00, 0x1C, 0x00, 0x0E, 0x00, 0x00, 0x00, 0x03, 0xF8,
    0x07, 0xFE, 0x07, 0x83, 0x83, 0x80, 0xE3, 0xC0, 0x71, 0xE0, 0x38, 0xF0, 0x1C, 0x78, 0x0E, 0x1E,
    0x0E, 0x0F, 0x8E, 0x03, 0xFE, 0x00, 0x7E, 0x00, 0x7F, 0xC0, 0x71, 0xF0, 0x70, 0x7C, 0x78, 0x0F,
    0x38, 0x07, 0xBC, 0x01, 0xDE, 0x00, 0xE7, 0x00, 0x73, 0x80, 0x79, 0xE0, 0x38, 0x7C, 0x78, 0x0F,
    0xF8, 0x00, 0x00, 0x00, 0x00, 0x00, 0x07, 0xE0, 0x1F, 0xF8, 0x3C, 0x38, 0x38, 0x1C, 0x78, 0x1E,
    0x70, 0x0E, 0x70, 0x0E, 0x70, 0x0E, 0x70, 0x0F, 0x70, 0x0F, 0x78, 0x0F, 0x78, 0x1F, 0x3C, 0x3F,
    0x1F, 0xEF, 0x07, 0xCE, 0x00, 0x0E, 0x00, 0x0E, 0x00, 0x1E, 0x00, 0x1E, 0x00, 0x1C, 0x20, 0x3C,
    0x30, 0x78, 0x3F, 0xF0, 0x1F, 0xE0, 0x00, 0x00, 0x03, 0x9E, 0xF7, 0x98, 0x00, 0x00, 0x00, 0x00,
    0x00, 0x0F, 0x7B, 0xDE, 0x00, 0x00, 0x70, 0xF1, 0xE3, 0xC3, 0x00, 0x00, 0x00, 0x00, 0x00, 0x00,
    0x00, 0x00, 0x1C, 0x7C, 0xF8, 0xF0, 0x61, 0xC3, 0x1C, 0x70, 0x00, 0x00, 0x00, 0x00, 0x0C, 0x00,
    0x78, 0x03, 0xE0, 0x1F, 0x00, 0x78, 0x03, 0xC0, 0x1E, 0x00, 0xF8, 0x01, 0xE0, 0x01, 0xF0, 0x00,
    0xF8, 0x00, 0x7C, 0x00, 0x3E, 0x00, 0x1F, 0x00, 0x0F, 0x00, 0x06, 0x00, 0x00, 0x00, 0x01, 0xFF,
    0xFF, 0xFF, 0xF8, 0x00, 0x00, 0x00, 0x00, 0x00, 0x00, 0x00, 0x7F, 0xFE, 0xFF, 0xFE, 0xFF, 0xF8,
    0x00, 0x01, 0x80, 0x03, 0xC0, 0x03, 0xC0, 0x01, 0xE0, 0x01, 0xF0, 0x00, 0xF8, 0x00, 0x7C, 0x00,
    0x3C, 0x00, 0x7C, 0x01, 0xE0, 0x0F, 0x00, 0x78, 0x03, 0xE0, 0x1F, 0x00, 0x78, 0x00, 0xC0, 0x00,
    0x00, 0x00, 0x00, 0x00, 0xFF, 0x07, 0xFF, 0x3C, 0x1E, 0xE0, 0x3B, 0x80, 0xF6, 0x03, 0xC0, 0x0F,
    0x00, 0x38, 0x01, 0xE0, 0x07, 0x80, 0x3C, 0x03, 0xE0, 0x1E, 0x00, 0x70, 0x01, 0x80, 0x06, 0x00,
    0x18, 0x00, 0x00, 0x00, 0x00, 0x00, 0x00, 0x3C, 0x00, 0xF0, 0x03, 0xC0, 0x0F, 0x00, 0x00, 0x00,
    0x00, 0x0F, 0xE0, 0x00, 0x0F, 0xFF, 0x80, 0x07, 0xC0, 0x78, 0x01, 0xE0, 0x03, 0x80, 0x70, 0x00,
    0x38, 0x1C, 0x00, 0x03, 0x87, 0x01, 0xE0, 0x31, 0xE0, 0xFF, 0x87, 0x38, 0x38, 0x70, 0x6E, 0x0E,
    0x0E, 0x0D, 0xC3, 0x81, 0xC1, 0xB8, 0x70, 0x38, 0x3E, 0x1E, 0x0E, 0x07, 0xC3, 0x81, 0xC0, 0xF8,
    0x70, 0x38, 0x3F, 0x0E, 0x07, 0x06, 0xE1, 0xC0, 0xE0, 0xDC, 0x38, 0x3C, 0x3B, 0x87, 0x07, 0x86,
    0x70, 0x7B, 0xBB, 0x8E, 0x07, 0xE3, 0xE0, 0xE0, 0x30, 0x10, 0x1C, 0x00, 0x00, 0x01, 0xC0, 0x00,
    0x00, 0x3C, 0x00, 0x00, 0x03, 0xC0, 0x03, 0x80, 0x3F, 0x03, 0xE0, 0x01, 0xFF, 0xF0, 0x00, 0x07,
    0xF0, 0x00, 0x00, 0x38, 0x00, 0x00, 0x3C, 0x00, 0x00, 0x3C, 0x00, 0x00, 0x7E, 0x00, 0x00, 0x7E,
    0x00, 0x00, 0xEE, 0x00, 0x00, 0xCF, 0x00, 0x00, 0xCF, 0x00, 0x01, 0xC7, 0x00, 0x01, 0x87, 0x80,
    0x01, 0x87, 0x80, 0x03, 0x83, 0x80, 0x03, 0x03, 0xC0, 0x07, 0x03, 0xC0, 0x07, 0xFF, 0xE0, 0x07,
    0xFF, 0xE0, 0x0E, 0x00, 0xE0, 0x0C, 0x00, 0xF0, 0x0C, 0x00, 0xF0, 0x1C, 0x00, 0x70, 0x18, 0x00,
    0x78, 0x38, 0x00, 0x78, 0xFF, 0x01, 0xFE, 0xFF, 0x03, 0xFF, 0xFF, 0xF8, 0x1F, 0xFF, 0xE0, 0x78,
    0x3E, 0x0F, 0x03, 0xC1, 0xE0, 0x3C, 0x3C, 0x07, 0x87, 0x80, 0xF0, 0xF0, 0x1E, 0x1E, 0x03, 0x83,
    0xC0, 0xF0, 0x78, 0xFC, 0x0F, 0xFE, 0x01, 0xFF, 0xF0, 0x3C, 0x07, 0x87, 0x80, 0x70, 0xF0, 0x0F,
    0x1E, 0x01, 0xE3, 0xC0, 0x3C, 0x78, 0x07, 0x8F, 0x00, 0xF1, 0xE0, 0x3C, 0x3C, 0x0F, 0x9F, 0xFF,
    0xE7, 0xFF, 0xF0, 0x00, 0x00, 0x00, 0x3F, 0xE0, 0x1F, 0xFF, 0x07, 0x81, 0xE1, 0xE0, 0x1C, 0x38,
    0x03, 0x8F, 0x00, 0x61, 0xC0, 0x00, 0x78, 0x00, 0x0F, 0x00, 0x01, 0xE0, 0x00, 0x3C, 0x00, 0x07,
    0x80, 0x00, 0xF0, 0x00, 0x1E, 0x00, 0x03, 0xC0, 0x00, 0x78, 0x00, 0x0F, 0x00, 0x00, 0xF0, 0x00,
    0x1E, 0x00, 0x03, 0xC0, 0x04, 0x3C, 0x01, 0x83, 0xE0, 0x70, 0x3F, 0xFC, 0x03, 0xFF, 0x00, 0x00,
    0x00, 0xFF, 0xFC, 0x03, 0xFF, 0xFC, 0x01, 0xE0, 0x7C, 0x07, 0x80, 0x78, 0x1E, 0x01, 0xF0, 0x78,
    0x03, 0xC1, 0xE0, 0x07, 0x87, 0x80, 0x1E, 0x1E, 0x00, 0x78, 0x78, 0x01, 0xE1, 0xE0, 0x07, 0x87,
    0x80, 0x1E, 0x1E, 0x00, 0x78, 0x78, 0x01, 0xE1, 0xE0, 0x07, 0x87, 0x80, 0x1E, 0x1E, 0x00, 0x78,
    0x78, 0x01, 0xE1, 0xE0, 0x0F, 0x07, 0x80, 0x3C, 0x1E, 0x01, 0xE0, 0x78, 0x1F, 0x07, 0xFF, 0xF8,
    0x3F, 0xFF, 0x80, 0xFF, 0xFF, 0x9F, 0xFF, 0xF0, 0x78, 0x0E, 0x0F, 0x00, 0xC1, 0xE0, 0x18, 0x3C,
    0x03, 0x07, 0x80, 0x00, 0xF0, 0x00, 0x1E, 0x00, 0x03, 0xC0, 0x00, 0x78, 0x00, 0x0F, 0xFF, 0x01,
    0xFF, 0xC0, 0x3C, 0x00, 0x07, 0x80, 0x00, 0xF0, 0x00, 0x1E, 0x00, 0x03, 0xC0, 0x00, 0x78, 0x01,
    0x0F, 0x00, 0x61, 0xE0, 0x0C, 0x3C, 0x03, 0x9F, 0xFF, 0xF7, 0xFF, 0xFE, 0xFF, 0xFF, 0xBF, 0xFF,
    0xE1, 0xE0, 0x38, 0x78, 0x06, 0x1E, 0x01, 0x87, 0x80, 0x61, 0xE0, 0x00, 0x78, 0x00, 0x1E, 0x00,
    0x07, 0x80, 0x01, 0xE0, 0x00, 0x7F, 0xF8, 0x1F, 0xFE, 0x07, 0x80, 0x01, 0xE0, 0x00, 0x78, 0x00,
    0x1E, 0x00, 0x07, 0x80, 0x01, 0xE0, 0x00, 0x78, 0x00, 0x1E, 0x00, 0x07, 0x80, 0x07, 0xFC, 0x03,
    0xFF, 0x80, 0x00, 0x00, 0x00, 0x01, 0xFF, 0x00, 0x0F, 0xFF, 0x80, 0x3C, 0x0F, 0x80, 0xE0, 0x0F,
    0x03, 0x80, 0x1E, 0x0F, 0x00, 0x18, 0x1C, 0x00, 0x00, 0x78, 0x00, 0x00, 0xF0, 0x00, 0x01, 0xE0,
    0x00, 0x03, 0xC0, 0x00, 0x07, 0x80, 0x00, 0x0F, 0x00, 0x00, 0x1E, 0x01, 0xFF, 0x3C, 0x01, 0xFE,
    0x78, 0x00, 0xF0, 0xF0, 0x01, 0xE0, 0xE0, 0x03, 0xC1, 0xE0, 0x07, 0x81, 0xC0, 0x0F, 0x03, 0xC0,
    0x1E, 0x03, 0xE0, 0x3C, 0x03, 0xFF, 0xF8, 0x01, 0xFF, 0xC0, 0x00, 0x00, 0x00, 0xFF, 0xC3, 0xFF,
    0x7F, 0xE0, 0xFF, 0x87, 0x80, 0x1F, 0x03, 0xC0, 0x0F, 0x01, 0xE0, 0x07, 0x80, 0xF0, 0x03, 0xC0,
    0x78, 0x01, 0xE0, 0x3C, 0x00, 0xF0, 0x1E, 0x00, 0x78, 0x0F, 0x00, 0x3C, 0x07, 0x80, 0x1E, 0x03,
    0xFF, 0xFF, 0x01, 0xFF, 0xFF, 0x80, 0xF0, 0x03, 0xC0, 0x78, 0x01, 0xE0, 0x3C, 0x00, 0xF0, 0x1E,
    0x00, 0x78, 0x0F, 0x00, 0x3C, 0x07, 0x80, 0x1E, 0x03, 0xC0, 0x0F, 0x01, 0xE0, 0x07, 0x80, 0xF0,
    0x03, 0xC1, 0xFF, 0x07, 0xFD, 0xFF, 0x87, 0xFE, 0xFF, 0xFF, 0xF1, 0xE0, 0x78, 0x1E, 0x07, 0x81,
    0xE0, 0x78, 0x1E, 0x07, 0x81, 0xE0, 0x78, 0x1E, 0x07, 0x81, 0xE0, 0x78, 0x1E, 0x07, 0x81, 0xE0,
    0x78, 0x1E, 0x07, 0x87, 0xFF, 0xFF, 0x3F, 0xF3, 0xFF, 0x07, 0x80, 0x78, 0x07, 0x80, 0x78, 0x07,
    0x80, 0x78, 0x07, 0x80, 0x78, 0x07, 0x80, 0x78, 0x07, 0x80, 0x78, 0x07, 0x80, 0x78, 0x07, 0x80,
    0x78, 0x07, 0x80, 0x78, 0x07, 0x80, 0x78, 0x07, 0x80, 0x78, 0x07, 0x80, 0x78, 0x07, 0x80, 0x70,
    0x07, 0x00, 0xF0, 0x7E, 0x07, 0x80, 0xFF, 0xC3, 0xF9, 0xFF, 0x87, 0xF0, 0x78, 0x07, 0x80, 0xF0,
    0x0E, 0x01, 0xE0, 0x38, 0x03, 0xC0, 0x60, 0x07, 0x81, 0x80, 0x0F, 0x06, 0x00, 0x1E, 0x1C, 0x00,
    0x3C, 0x70, 0x00, 0x79, 0xC0, 0x00, 0xF7, 0xC0, 0x01, 0xFF, 0xC0, 0x03, 0xF7, 0xC0, 0x07, 0xC7,
    0x80, 0x0F, 0x0F, 0x80, 0x1E, 0x0F, 0x80, 0x3C, 0x0F, 0x00, 0x78, 0x1F, 0x00, 0xF0, 0x1F, 0x01,
    0xE0, 0x1F, 0x03, 0xC0, 0x1E, 0x1F, 0xF0, 0x3F, 0x7F, 0xE0, 0x1F, 0xFF, 0xC0, 0x1F, 0xF8, 0x00,
    0x78, 0x00, 0x0F, 0x00, 0x01, 0xE0, 0x00, 0x3C, 0x00, 0x07, 0x80, 0x00, 0xF0, 0x00, 0x1E, 0x00,
    0x03, 0xC0, 0x00, 0x78, 0x00, 0x0F, 0x00, 0x01, 0xE0, 0x00, 0x3C, 0x00, 0x07, 0x80, 0x00, 0xF0,
    0x00, 0x1E, 0x00, 0x03, 0xC0, 0x18, 0x78, 0x03, 0x0F, 0x00, 0x61, 0xE0, 0x0C, 0x3C, 0x03, 0x9F,
    0xFF, 0xF7, 0xFF, 0xFE, 0xFF, 0x00, 0x07, 0xFF, 0xF8, 0x00, 0x3F, 0xC7, 0xE0, 0x01, 0xF0, 0x3F,
    0x00, 0x1F, 0x81, 0xFC, 0x00, 0xFC, 0x0F, 0xE0, 0x07, 0xE0, 0x77, 0x00, 0x6F, 0x03, 0xBC, 0x03,
    0x78, 0x1D, 0xE0, 0x3B, 0xC0, 0xE7, 0x01, 0x9E, 0x07, 0x3C, 0x0C, 0xF0, 0x38, 0xE0, 0xE7, 0x81,
    0xC7, 0x06, 0x3C, 0x0E, 0x3C, 0x31, 0xE0, 0x70, 0xE3, 0x8F, 0x03, 0x87, 0x98, 0x78, 0x1C, 0x3C,
    0xC3, 0xC0, 0xE0, 0xEC, 0x1E, 0x07, 0x07, 0xE0, 0xF0, 0x38, 0x3F, 0x07, 0x81, 0xC0, 0xF0, 0x3C,
    0x0E, 0x07, 0x81, 0xE1, 0xFC, 0x1C, 0x1F, 0xFF, 0xE0, 0xC1, 0xFF, 0xFE, 0x01, 0xFF, 0xFE, 0x01,
    0xFE, 0x1F, 0x00, 0x38, 0x1F, 0x80, 0x30, 0x1F, 0x80, 0x30, 0x1F, 0xC0, 0x30, 0x1F, 0xE0, 0x30,
    0x1D, 0xE0, 0x30, 0x1C, 0xF0, 0x30, 0x1C, 0xF8, 0x30, 0x1C, 0x78, 0x30, 0x1C, 0x3C, 0x30, 0x1C,
    0x3C, 0x30, 0x1C, 0x1E, 0x30, 0x1C, 0x0F, 0x30, 0x1C, 0x0F, 0x30, 0x1C, 0x07, 0xB0, 0x1C, 0x03,
    0xF0, 0x1C, 0x03, 0xF0, 0x1C, 0x01, 0xF0, 0x1C, 0x00, 0xF0, 0x1C, 0x00, 0xF0, 0x7F, 0x00, 0x70,
    0xFF, 0x80, 0x30, 0x00, 0x00, 0x00, 0x07, 0xFC, 0x00, 0x7F, 0xF8, 0x03, 0xC0, 0x78, 0x1E, 0x00,
    0xE0, 0xF0, 0x01, 0xC3, 0xC0, 0x07, 0x8E, 0x00, 0x1E, 0x78, 0x00, 0x39, 0xE0, 0x00, 0xF7, 0x80,
    0x03, 0xDE, 0x00, 0x0F, 0x78, 0x00, 0x3D, 0xE0, 0x00, 0xF7, 0x80, 0x03, 0xDE, 0x00, 0x0F, 0x78,
    0x00, 0x3D, 0xE0, 0x00, 0xE3, 0x80, 0x07, 0x8F, 0x00, 0x1E, 0x3C, 0x00, 0x70, 0x78, 0x03, 0xC0,
    0xF0, 0x1E, 0x01, 0xFF, 0xF0, 0x01, 0xFF, 0x00, 0x00, 0x00, 0x00, 0xFF, 0xF8, 0x3F, 0xFF, 0x81,
    0xE0, 0xF0, 0x78, 0x1E, 0x1E, 0x03, 0xC7, 0x80, 0xF1, 0xE0, 0x3C, 0x78, 0x0F, 0x1E, 0x03, 0xC7,
    0x80, 0xF1, 0xE0, 0x38, 0x78, 0x1E, 0x1E, 0x0F, 0x07, 0xFF, 0x81, 0xFF, 0x00, 0x78, 0x00, 0x1E,
    0x00, 0x07, 0x80, 0x01, 0xE0, 0x00, 0x78, 0x00, 0x1E, 0x00, 0x07, 0x80, 0x07, 0xFC, 0x03, 0xFF,
    0x80, 0x00, 0x00, 0x00, 0x07, 0xFC, 0x00, 0x7F, 0xF8, 0x03, 0xC0, 0x78, 0x1E, 0x00, 0xE0, 0xF0,
    0x01, 0xC3, 0xC0, 0x07, 0x8E, 0x00, 0x1E, 0x78, 0x00, 0x39, 0xE0, 0x00, 0xF7, 0x80, 0x03, 0xDE,
    0x00, 0x0F, 0x78, 0x00, 0x3D, 0xE0, 0x00, 0xF7, 0x80, 0x03, 0xDE, 0x00, 0x0F, 0x78, 0x00, 0x3D,
    0xE0, 0x00, 0xE3, 0x80, 0x07, 0x8F, 0x00, 0x1E, 0x3C, 0x00, 0x70, 0x78, 0x03, 0xC0, 0xF0, 0x1E,
    0x01, 0xFF, 0xF0, 0x01, 0xFF, 0x00, 0x00, 0xF0, 0x00, 0x03, 0xC0, 0x00, 0x0F, 0x00, 0x00, 0x1C,
    0x00, 0x00, 0x78, 0x00, 0x00, 0xF0, 0x00, 0x01, 0xF8, 0x00, 0x01, 0xE0, 0xFF, 0xF8, 0x03, 0xFF,
    0xF8, 0x01, 0xE0, 0xF8, 0x07, 0x81, 0xE0, 0x1E, 0x03, 0xC0, 0x78, 0x0F, 0x01, 0xE0, 0x3C, 0x07,
    0x80, 0xF0, 0x1E, 0x03, 0xC0, 0x78, 0x0E, 0x01, 0xE0, 0x78, 0x07, 0x87, 0x80, 0x1F, 0xFC, 0x00,
    0x7F, 0xF0, 0x01, 0xE3, 0xC0, 0x07, 0x87, 0x80, 0x1E, 0x1E, 0x00, 0x78, 0x3C, 0x01, 0xE0, 0xF8,
    0x07, 0x81, 0xE0, 0x1E, 0x03, 0xC0, 0x78, 0x0F, 0x87, 0xFC, 0x1F, 0xBF, 0xF0, 0x3E, 0x00, 0x00,
    0x0F, 0xF0, 0x1F, 0xFC, 0x38, 0x1C, 0x78, 0x1E, 0x70, 0x0C, 0x70, 0x08, 0x70, 0x00, 0x78, 0x00,
    0x78, 0x00, 0x3E, 0x00, 0x1F, 0x80, 0x0F, 0xE0, 0x07, 0xF8, 0x01, 0xFC, 0x00, 0x7E, 0x00, 0x1E,
    0x00, 0x0E, 0x20, 0x0F, 0x60, 0x0F, 0xF0, 0x0E, 0x70, 0x0E, 0x78, 0x1C, 0x3E, 0x78, 0x1F, 0xF0,
    0x00, 0x00, 0x7F, 0xFF, 0xF7, 0xFF, 0xFF, 0x70, 0xF0, 0x76, 0x0F, 0x07, 0x60, 0xF0, 0x36, 0x0F,
    0x03, 0x00, 0xF0, 0x00, 0x0F, 0x00, 0x00, 0xF0, 0x00, 0x0F, 0x00, 0x00, 0xF0, 0x00, 0x0F, 0x00,
    0x00, 0xF0, 0x00, 0x0F, 0x00, 0x00, 0xF0, 0x00, 0x0F, 0x00, 0x00, 0xF0, 0x00, 0x0F, 0x00, 0x00,
    0xF0, 0x00, 0x0F, 0x00, 0x00, 0xF0, 0x00, 0x0F, 0x00, 0x07, 0xFE, 0x00, 0x7F, 0xE0, 0xFF, 0xC1,
    0xFE, 0x7F, 0xC1, 0xFE, 0x1F, 0x00, 0x38, 0x0E, 0x00, 0x30, 0x0E, 0x00, 0x30, 0x0E, 0x00, 0x30,
    0x0E, 0x00, 0x30, 0x0E, 0x00, 0x30, 0x0E, 0x00, 0x30, 0x0E, 0x00, 0x30, 0x0E, 0x00, 0x30, 0x0E,
    0x00, 0x30, 0x0E, 0x00, 0x30, 0x0E, 0x00, 0x30, 0x0E, 0x00, 0x30, 0x0E, 0x00, 0x30, 0x0E, 0x00,
    0x30, 0x0E, 0x00, 0x30, 0x0E, 0x00, 0x30, 0x0F, 0x00, 0x30, 0x0F, 0x00, 0x70, 0x07, 0x80, 0xE0,
    0x03, 0xFF, 0xC0, 0x01, 0xFF, 0x80, 0x00, 0x00, 0x00, 0xFF, 0x83, 0xFF, 0xFF, 0x07, 0xF8, 0xF8,
    0x01, 0xC0, 0xF0, 0x03, 0x81, 0xE0, 0x06, 0x03, 0xC0, 0x0C, 0x03, 0x80, 0x38, 0x07, 0x80, 0x60,
    0x0F, 0x00, 0xC0, 0x0F, 0x03, 0x80, 0x1E, 0x06, 0x00, 0x1C, 0x0C, 0x00, 0x3C, 0x38, 0x00, 0x78,
    0x60, 0x00, 0x71, 0xC0, 0x00, 0xF3, 0x80, 0x01, 0xE6, 0x00, 0x01, 0xCC, 0x00, 0x03, 0xB0, 0x00,
    0x07, 0xE0, 0x00, 0x07, 0xC0, 0x00, 0x0F, 0x00, 0x00, 0x1E, 0x00, 0x00, 0x1C, 0x00, 0xFF, 0xC0,
    0x60, 0x3F, 0xFF, 0xF0, 0x1E, 0x03, 0xF8, 0x78, 0x03, 0xC0, 0x1C, 0x0F, 0x00, 0x78, 0x03, 0x81,
    0xE0, 0x0F, 0x80, 0x60, 0x1C, 0x03, 0xF0, 0x0C, 0x03, 0xC0, 0x6E, 0x03, 0x80, 0x78, 0x0D, 0xC0,
    0x70, 0x0F, 0x03, 0xBC, 0x0C, 0x00, 0xF0, 0x67, 0x81, 0x80, 0x1E, 0x0C, 0x70, 0x70, 0x03, 0xC1,
    0x8F, 0x0C, 0x00, 0x38, 0x71, 0xE1, 0x80, 0x07, 0x8C, 0x1C, 0x70, 0x00, 0xF1, 0x83, 0x8E, 0x00,
    0x0E, 0x70, 0x79, 0x80, 0x01, 0xEC, 0x0F, 0x30, 0x00, 0x3D, 0x80, 0xEE, 0x00, 0x07, 0xB0, 0x1D,
    0x80, 0x00, 0x7E, 0x03, 0xF0, 0x00, 0x0F, 0x80, 0x3E, 0x00, 0x01, 0xF0, 0x07, 0xC0, 0x00, 0x1E,
    0x00, 0xF0, 0x00, 0x03, 0xC0, 0x0E, 0x00, 0x7F, 0xC3, 0xF9, 0xFF, 0x0F, 0xE1, 0xF0, 0x1E, 0x03,
    0xC0, 0x70, 0x07, 0x81, 0x80, 0x1E, 0x0C, 0x00, 0x3C, 0x70, 0x00, 0xF1, 0x80, 0x01, 0xEC, 0x00,
    0x03, 0xF0, 0x00, 0x0F, 0x80, 0x00, 0x1E, 0x00, 0x00, 0x7C, 0x00, 0x01, 0xF0, 0x00, 0x0D, 0xE0,
    0x00, 0x77, 0x80, 0x03, 0x8F, 0x00, 0x0C, 0x1E, 0x00, 0x70, 0x78, 0x03, 0x80, 0xF0, 0x0C, 0x03,
    0xE0, 0x70, 0x07, 0x87, 0xF0, 0x7F, 0xBF, 0xC1, 0xFF, 0x7F, 0xC3, 0xFD, 0xFF, 0x0F, 0xF1, 0xE0,
    0x0F, 0x03, 0xC0, 0x18, 0x0F, 0x00, 0xE0, 0x1E, 0x03, 0x00, 0x78, 0x1C, 0x00, 0xF0, 0x60, 0x03,
    0xC3, 0x00, 0x07, 0x8C, 0x00, 0x0E, 0x60, 0x00, 0x3F, 0x80, 0x00, 0x7C, 0x00, 0x01, 0xF0, 0x00,
    0x03, 0x80, 0x00, 0x0E, 0x00, 0x00, 0x38, 0x00, 0x00, 0xE0, 0x00, 0x03, 0x80, 0x00, 0x0E, 0x00,
    0x00, 0x38, 0x00, 0x01, 0xF0, 0x00, 0x1F, 0xF0, 0x00, 0xFF, 0xE0, 0x7F, 0xFF, 0x9F, 0xFF, 0xE7,
    0x00, 0xF1, 0x80, 0x3C, 0x60, 0x1E, 0x18, 0x0F, 0x80, 0x03, 0xC0, 0x01, 0xE0, 0x00, 0x78, 0x00,
    0x3C, 0x00, 0x1F, 0x00, 0x07, 0x80, 0x03, 0xC0, 0x00, 0xF0, 0x00, 0x78, 0x00, 0x3E, 0x00, 0x0F,
    0x00, 0x07, 0x80, 0x01, 0xE0, 0x08, 0xF0, 0x06, 0x78, 0x01, 0x9E, 0x00, 0x6F, 0xFF, 0xFB, 0xFF,
    0xFE, 0x00, 0xFF, 0xF8, 0xF0, 0xF0, 0xF0, 0xF0, 0xF0, 0xF0, 0xF0, 0xF0, 0xF0, 0xF0, 0xF0, 0xF0,
    0xF0, 0xF0, 0xF0, 0xF0, 0xF0, 0xF0, 0xF0, 0xF0, 0xF0, 0xF0, 0xF0, 0xF0, 0xF0, 0xF8, 0xFF, 0x00,
    0x00, 0x30, 0x0E, 0x01, 0x80, 0x60, 0x18, 0x07, 0x00, 0xC0, 0x30, 0x0C, 0x03, 0x80, 0x60, 0x18,
    0x06, 0x01, 0xC0, 0x30, 0x0C, 0x03, 0x00, 0xE0, 0x18, 0x06, 0x01, 0x80, 0x30, 0x0C, 0x03, 0x00,
    0xE0, 0x18, 0x06, 0x01, 0x80, 0x70, 0x00, 0x00, 0xFF, 0x1F, 0x0F, 0x0F, 0x0F, 0x0F, 0x0F, 0x0F,
    0x0F, 0x0F, 0x0F, 0x0F, 0x0F, 0x0F, 0x0F, 0x0F, 0x0F, 0x0F, 0x0F, 0x0F, 0x0F, 0x0F, 0x0F, 0x0F,
    0x0F, 0x0F, 0x0F, 0x1F, 0xFF, 0x00, 0x01, 0x80, 0x01, 0xC0, 0x03, 0xC0, 0x03, 0xE0, 0x03, 0x60,
    0x06, 0x60, 0x06, 0x30, 0x0C, 0x30, 0x0C, 0x18, 0x1C, 0x18, 0x18, 0x1C, 0x38, 0x0C, 0x30, 0x0E,
    0x70, 0x06, 0x60, 0x07, 0x00, 0x00, 0x00, 0x00, 0x3F, 0xFF, 0xDF, 0xFF, 0xC0, 0x70, 0xF0, 0xE0,
    0xE0, 0xC0, 0xC0, 0x00, 0x00, 0x07, 0xF8, 0x0F, 0xFE, 0x07, 0x87, 0x83, 0x81, 0xC0, 0xC0, 0xE0,
    0x00, 0x70, 0x00, 0x38, 0x00, 0x7C, 0x0F, 0xFE, 0x0F, 0x87, 0x0F, 0x03, 0x87, 0x01, 0xC3, 0x80,
    0xE1, 0xC0, 0x70, 0xE0, 0x78, 0x78, 0x7C, 0x1F, 0xEF, 0x87, 0xE3, 0xC0, 0x00, 0x00, 0x00, 0x00,
    0x1F, 0xC0, 0x00, 0x78, 0x00, 0x0F, 0x00, 0x01, 0xE0, 0x00, 0x3C, 0x00, 0x07, 0x80, 0x00, 0xF0,
    0x00, 0x1E, 0x7E, 0x03, 0xDF, 0xF0, 0x7E, 0x1E, 0x0F, 0x81, 0xE1, 0xE0, 0x1C, 0x3C, 0x03, 0x87,
    0x80, 0x78, 0xF0, 0x0F, 0x1E, 0x01, 0xE3, 0xC0, 0x3C, 0x78, 0x07, 0x8F, 0x00, 0xF1, 0xE0, 0x1C,
    0x3C, 0x03, 0x87, 0xC0, 0xF0, 0xFC, 0x3C, 0x7D, 0xFF, 0x9F, 0x8F, 0xC0, 0x00, 0x00, 0x00, 0x00,
    0x00, 0x0F, 0xE0, 0x7F, 0xF1, 0xE1, 0xE3, 0x81, 0xCF, 0x03, 0x9C, 0x00, 0x38, 0x00, 0x70, 0x00,
    0xE0, 0x01, 0xC0, 0x03, 0x80, 0x07, 0x00, 0x0F, 0x00, 0x1E, 0x00, 0x1C, 0x02, 0x3E, 0x0C, 0x3F,
    0xF8, 0x3F, 0xE0, 0x00, 0x00, 0x00, 0x00, 0x00, 0x07, 0xE0, 0x00, 0x3C, 0x00, 0x07, 0x80, 0x00,
    0x70, 0x00, 0x0E, 0x00, 0x01, 0xC0, 0x00, 0x38, 0x0F, 0xE7, 0x03, 0xFE, 0xE0, 0xF0, 0xFC, 0x1C,
    0x0F, 0x87, 0x80, 0xF0, 0xF0, 0x1E, 0x1C, 0x03, 0xC3, 0x80, 0x38, 0x70, 0x07, 0x0E, 0x00, 0xE1,
    0xC0, 0x1C, 0x38, 0x07, 0x87, 0x00, 0xF0, 0xF0, 0x1E, 0x0E, 0x03, 0xC1, 0xE0, 0xF8, 0x1F, 0xF7,
    0xC1, 0xFC, 0xFC, 0x00, 0x00, 0x00, 0x00, 0x00, 0x07, 0xF0, 0x1F, 0xF8, 0x3C, 0x3C, 0x38, 0x1E,
    0x78, 0x1E, 0x78, 0x0E, 0x70, 0x0E, 0x7F, 0xFE, 0x7F, 0xFE, 0x70, 0x00, 0x70, 0x00, 0x70, 0x00,
    0x78, 0x00, 0x78, 0x00, 0x38, 0x04, 0x3E, 0x0C, 0x1F, 0xFC, 0x07, 0xF8, 0x00, 0x00, 0x00, 0xF8,
    0x07, 0xF8, 0x1C, 0x78, 0x78, 0x60, 0xE0, 0x81, 0xC0, 0x03, 0x80, 0x07, 0x00, 0x7F, 0xF0, 0xFF,
    0xE0, 0x38, 0x00, 0x70, 0x00, 0xE0, 0x01, 0xC0, 0x03, 0x80, 0x07, 0x00, 0x0E, 0x00, 0x1C, 0x00,
    0x38, 0x00, 0x70, 0x00, 0xE0, 0x01, 0xC0, 0x03, 0x80, 0x07, 0x80, 0x7F, 0xE0, 0xFF, 0xC0, 0x00,
    0x03, 0x81, 0xFD, 0xF0, 0xFF, 0xFC, 0x70, 0x72, 0x1C, 0x1C, 0x0F, 0x07, 0x83, 0xC1, 0xE0, 0xF0,
    0x78, 0x3C, 0x1C, 0x07, 0x07, 0x01, 0xE3, 0xC0, 0x3F, 0xE0, 0x0F, 0xC0, 0x07, 0x00, 0x01, 0x80,
    0x00, 0x70, 0x00, 0x1F, 0xFE, 0x03, 0xFF, 0xC1, 0xFF, 0xF0, 0xE0, 0x1E, 0x70, 0x03, 0x9C, 0x00,
    0xE7, 0x00, 0x31, 0xC0, 0x1C, 0x78, 0x0E, 0x0F, 0xFF, 0x00, 0xFF, 0x00, 0x00, 0x00, 0x07, 0xF0,
    0x00, 0x07, 0x80, 0x00, 0x3C, 0x00, 0x01, 0xE0, 0x00, 0x0F, 0x00, 0x00, 0x78, 0x00, 0x03, 0xC0,
    0x00, 0x1E, 0x7E, 0x00, 0xF7, 0xF8, 0x07, 0xE1, 0xE0, 0x3E, 0x07, 0x01, 0xE0, 0x3C, 0x0F, 0x01,
    0xE0, 0x78, 0x0F, 0x03, 0xC0, 0x78, 0x1E, 0x03, 0xC0, 0xF0, 0x1E, 0x07, 0x80, 0xF0, 0x3C, 0x07,
    0x81, 0xE0, 0x3C, 0x0F, 0x01, 0xE0, 0x78, 0x0F, 0x03, 0xC0, 0x78, 0x7F, 0x83, 0xF7, 0xFE, 0x1F,
    0x80, 0x00, 0x01, 0xC0, 0x78, 0x0F, 0x00, 0xE0, 0x00, 0x00, 0x00, 0x00, 0x7E, 0x0F, 0xC0, 0x38,
    0x07, 0x00, 0xE0, 0x1C, 0x03, 0x80, 0x70, 0x0E, 0x01, 0xC0, 0x38, 0x07, 0x00, 0xE0, 0x1C, 0x03,
    0x80, 0x70, 0x7F, 0xCF, 0xF8, 0x00, 0x0F, 0x0F, 0x0F, 0x06, 0x00, 0x00, 0x00, 0x3F, 0x3F, 0x0F,
    0x0F, 0x0F, 0x0F, 0x0F, 0x0F, 0x0F, 0x0F, 0x0F, 0x0F, 0x0F, 0x0F, 0x0F, 0x0F, 0x0F, 0x0F, 0x0F,
    0x0F, 0x0F, 0x0F, 0x0E, 0x1E, 0x7C, 0xF0, 0x00, 0x00, 0x0F, 0xE0, 0x00, 0x1E, 0x00, 0x01, 0xE0,
    0x00, 0x1E, 0x00, 0x01, 0xE0, 0x00, 0x1E, 0x00, 0x01, 0xE0, 0x00, 0x1E, 0x1F, 0xC1, 0xE1, 0xFC,
    0x1E, 0x0F, 0x01, 0xE0, 0xE0, 0x1E, 0x1C, 0x01, 0xE3, 0x80, 0x1E, 0x70, 0x01, 0xE7, 0x00, 0x1E,
    0xF0, 0x01, 0xFF, 0x80, 0x1F, 0x3C, 0x01, 0xE3, 0xC0, 0x1E, 0x1E, 0x01, 0xE0, 0xF0, 0x1E, 0x0F,
    0x01, 0xE0, 0x78, 0x7F, 0x83, 0xEF, 0xFC, 0x1F, 0x00, 0x3F, 0x81, 0xE0, 0x78, 0x1E, 0x07, 0x81,
    0xE0, 0x78, 0x1E, 0x07, 0x81, 0xE0, 0x78, 0x1E, 0x07, 0x81, 0xE0, 0x78, 0x1E, 0x07, 0x81, 0xE0,
    0x78, 0x1E, 0x07, 0x81, 0xE0, 0x78, 0x7F, 0xBF, 0xF0, 0x00, 0x00, 0x00, 0x00, 0xFC, 0xFC, 0x3F,
    0x81, 0xFB, 0xFC, 0xFF, 0x80, 0x7C, 0x3F, 0x0F, 0x00, 0xF0, 0x3C, 0x0F, 0x01, 0xE0, 0x78, 0x1E,
    0x03, 0x80, 0xF0, 0x1C, 0x07, 0x01, 0xE0, 0x38, 0x0E, 0x03, 0xC0, 0x70, 0x1C, 0x07, 0x80, 0xE0,
    0x38, 0x0F, 0x01, 0xC0, 0x70, 0x1E, 0x03, 0x80, 0xE0, 0x3C, 0x07, 0x01, 0xC0, 0x78, 0x0E, 0x03,
    0x80, 0xF0, 0x1C, 0x07, 0x01, 0xE0, 0x38, 0x0E, 0x03, 0xC0, 0x70, 0xFF, 0x87, 0xE0, 0xF9, 0xFF,
    0x0F, 0xC1, 0xF8, 0x00, 0x00, 0x03, 0xF3, 0xF0, 0x1F, 0xBF, 0xE0, 0x1F, 0x0F, 0x00, 0xF0, 0x3C,
    0x07, 0x81, 0xE0, 0x38, 0x07, 0x01, 0xC0, 0x38, 0x0E, 0x01, 0xC0, 0x70, 0x0E, 0x03, 0x80, 0x70,
    0x1C, 0x03, 0x80, 0xE0, 0x1C, 0x07, 0x00, 0xE0, 0x38, 0x07, 0x01, 0xC0, 0x38, 0x0E, 0x01, 0xC3,
    0xFE, 0x0F, 0x9F, 0xF0, 0x7E, 0x00, 0x00, 0x03, 0xF8, 0x07, 0xFF, 0x07, 0x83, 0xC3, 0x80, 0xE3,
    0xC0, 0x79, 0xE0, 0x1C, 0xE0, 0x0E, 0x70, 0x07, 0x38, 0x03, 0xDC, 0x01, 0xEE, 0x00, 0xE7, 0x00,
    0x73, 0x80, 0x39, 0xE0, 0x1C, 0x70, 0x1E, 0x3C, 0x1E, 0x0F, 0xFE, 0x01, 0xFE, 0x00, 0x00, 0x00,
    0x00, 0x00, 0x1F, 0x8F, 0xC1, 0xFB, 0xFE, 0x0F, 0xC3, 0xC1, 0xF0, 0x3C, 0x3C, 0x03, 0x87, 0x80,
    0x70, 0xF0, 0x0F, 0x1E, 0x01, 0xE3, 0xC0, 0x3C, 0x78, 0x07, 0x8F, 0x00, 0xF1, 0xE0, 0x1E, 0x3C,
    0x03, 0x87, 0x80, 0x70, 0xF8, 0x1E, 0x1F, 0x87, 0x83, 0xFF, 0xF0, 0x79, 0xF8, 0x0F, 0x00, 0x01,
    0xE0, 0x00, 0x3C, 0x00, 0x07, 0x80, 0x00, 0xF0, 0x00, 0x1E, 0x00, 0x0F, 0xF0, 0x03, 0xFF, 0x00,
    0x00, 0x00, 0x00, 0x01, 0xFC, 0xFC, 0x7F, 0xDF, 0x9E, 0x1F, 0x83, 0x81, 0xF0, 0xF0, 0x1E, 0x1E,
    0x03, 0xC3, 0x80, 0x78, 0x70, 0x07, 0x0E, 0x00, 0xE1, 0xC0, 0x1C, 0x38, 0x03, 0x87, 0x00, 0xF0,
    0xE0, 0x1E, 0x1E, 0x03, 0xC1, 0xC0, 0x78, 0x3C, 0x1F, 0x03, 0xFE, 0xE0, 0x3F, 0x9C, 0x00, 0x03,
    0x80, 0x00, 0x70, 0x00, 0x0E, 0x00, 0x01, 0xC0, 0x00, 0x38, 0x00, 0x0F, 0x00, 0x0F, 0xF8, 0x01,
    0xFF, 0x80, 0x00, 0x01, 0xF1, 0xFB, 0xF7, 0xF0, 0xF9, 0xE1, 0xE1, 0xC3, 0xC3, 0x07, 0x80, 0x0E,
    0x00, 0x1C, 0x00, 0x38, 0x00, 0x70, 0x00, 0xE0, 0x01, 0xC0, 0x03, 0x80, 0x07, 0x00, 0x0E, 0x00,
    0x1C, 0x01, 0xFF, 0x03, 0xFF, 0x00, 0x00, 0x00, 0xFE, 0x0F, 0xFC, 0xE0, 0xE7, 0x07, 0x38, 0x31,
    0xC0, 0x0F, 0x00, 0x3F, 0x00, 0xFE, 0x03, 0xF8, 0x07, 0xE0, 0x0F, 0x00, 0x3D, 0x80, 0xFC, 0x07,
    0xF0, 0x73, 0xCF, 0x0F, 0xF0, 0x00, 0x00, 0x04, 0x01, 0x80, 0x30, 0x0E, 0x07, 0xFE, 0xFF, 0xC7,
    0x00, 0xE0, 0x1C, 0x03, 0x80, 0x70, 0x0E, 0x01, 0xC0, 0x38, 0x07, 0x00, 0xE0, 0x1C, 0x03, 0x80,
    0x78, 0x0F, 0x00, 0xFE, 0x0F, 0xC0, 0x00, 0x7E, 0x0F, 0xC3, 0xF0, 0x7E, 0x07, 0x80, 0xF0, 0x3C,
    0x07, 0x81, 0xE0, 0x3C, 0x0F, 0x01, 0xE0, 0x78, 0x0F, 0x03, 0xC0, 0x78, 0x1E, 0x03, 0xC0, 0xF0,
    0x1E, 0x07, 0x80, 0xF0, 0x3C, 0x07, 0x81, 0xE0, 0x3C, 0x07, 0x01, 0xE0, 0x38, 0x1F, 0x01, 0xE1,
    0xF8, 0x07, 0xFD, 0xF0, 0x1F, 0xCF, 0xC0, 0x00, 0x00, 0xFF, 0x8F, 0xEF, 0xF0, 0xFE, 0x3C, 0x03,
    0x81, 0xC0, 0x38, 0x1C, 0x03, 0x01, 0xE0, 0x30, 0x0E, 0x06, 0x00, 0xF0, 0x60, 0x0F, 0x06, 0x00,
    0x70, 0xC0, 0x07, 0x8C, 0x00, 0x78, 0xC0, 0x03, 0x98, 0x00, 0x3D, 0x80, 0x01, 0xF0, 0x00, 0x1F,
    0x00, 0x01, 0xF0, 0x00, 0x0E, 0x00, 0xFF, 0x03, 0x07, 0xFF, 0xF8, 0x38, 0x1F, 0xCF, 0x01, 0xE0,
    0x38, 0x78, 0x0F, 0x01, 0x81, 0xC0, 0xF8, 0x0C, 0x0F, 0x06, 0xE0, 0xC0, 0x78, 0x77, 0x06, 0x01,
    0xC3, 0x38, 0x30, 0x0E, 0x18, 0xE3, 0x80, 0x79, 0xC7, 0x18, 0x01, 0xCC, 0x38, 0xC0, 0x0E, 0x60,
    0xE6, 0x00, 0x76, 0x07, 0x60, 0x03, 0xF0, 0x3B, 0x00, 0x0F, 0x80, 0xF8, 0x00, 0x78, 0x07, 0x80,
    0x03, 0xC0, 0x3C, 0x00, 0x0E, 0x00, 0xE0, 0x00, 0x7F, 0x9F, 0xC7, 0xF9, 0xFC, 0x1E, 0x07, 0x00,
    0xF0, 0xE0, 0x07, 0x8C, 0x00, 0x39, 0x80, 0x03, 0xF8, 0x00, 0x1F, 0x00, 0x00, 0xE0, 0x00, 0x0F,
    0x00, 0x01, 0xF8, 0x00, 0x33, 0xC0, 0x07, 0x1C, 0x00, 0x61, 0xE0, 0x0C, 0x0F, 0x01, 0xC0, 0xF8,
    0x7F, 0x1F, 0xEF, 0xF3, 0xFE, 0xFF, 0x0F, 0xFF, 0xE1, 0xFC, 0xF0, 0x0E, 0x0E, 0x01, 0xC1, 0xC0,
    0x30, 0x3C, 0x0E, 0x03, 0x81, 0x80, 0x78, 0x30, 0x07, 0x0E, 0x00, 0xF1, 0x80, 0x0E, 0x30, 0x01,
    0xCE, 0x00, 0x3D, 0x80, 0x03, 0xB0, 0x00, 0x7E, 0x00, 0x07, 0x80, 0x00, 0xF0, 0x00, 0x1C, 0x00,
    0x03, 0x80, 0x00, 0x70, 0x00, 0x0C, 0x00, 0x03, 0x80, 0x00, 0xE0, 0x00, 0x3C, 0x00, 0x7F, 0x00,
    0x0F, 0x80, 0x00, 0x7F, 0xFC, 0xFF, 0xF9, 0xC0, 0xE3, 0x03, 0xC4, 0x0F, 0x00, 0x1C, 0x00, 0x78,
    0x01, 0xE0, 0x03, 0x80, 0x0F, 0x00, 0x3C, 0x00, 0x70, 0x01, 0xE0, 0x47, 0x81, 0x8E, 0x03, 0x3C,
    0x06, 0xFF, 0xFD, 0xFF, 0xF8, 0x00, 0x00, 0x3F, 0x07, 0x80, 0x70, 0x07, 0x00, 0xF0, 0x0F, 0x00,
    0xF0, 0x0F, 0x00, 0xF0, 0x0F, 0x00, 0xF0, 0x0F, 0x00, 0xE0, 0x3E, 0x07, 0x80, 0x3E, 0x00, 0xF0,
    0x0F, 0x00, 0xF0, 0x0F, 0x00, 0xF0, 0x0F, 0x00, 0xF0, 0x0F, 0x00, 0xF0, 0x07, 0x00, 0x70, 0x07,
    0x80, 0x3F, 0x00, 0x00, 0x1B, 0x6D, 0xB6, 0xDB, 0x6D, 0xB6, 0xDB, 0x6D, 0xB6, 0xDB, 0x6D, 0xB6,
    0xD8, 0x00, 0x07, 0xC0, 0x1E, 0x00, 0xF0, 0x0F, 0x00, 0xF0, 0x0F, 0x00, 0xF0, 0x0F, 0x00, 0xF0,
    0x0F, 0x00, 0xF0, 0x0F, 0x00, 0x78, 0x03, 0xE0, 0x1F, 0x03, 0xC0, 0x70, 0x0F, 0x00, 0xF0, 0x0F,
    0x00, 0xF0, 0x0F, 0x00, 0xF0, 0x0F, 0x00, 0xF0, 0x0F, 0x00, 0xE0, 0x1E, 0x07, 0xC0, 0x00, 0x00,
    0x1E, 0x03, 0x3F, 0x07, 0x73, 0x86, 0x61, 0xE6, 0x60, 0xFE, 0x60, 0x3C, 0x00, 0x00, 0x03, 0xBF,
    0xF7, 0x10, 0x00, 0x73, 0x9C, 0xE7, 0x39, 0xCE, 0x73, 0x9C, 0xE7, 0x39, 0xCF, 0xF8, 0x01, 0x80,
    0x03, 0x00, 0x07, 0x00, 0x7F, 0xC1, 0xFF, 0xC7, 0xB3, 0xCE, 0x67, 0xBC, 0xCE, 0x71, 0x80, 0xE3,
    0x01, 0xC6, 0x03, 0x8C, 0x07, 0x18, 0x0E, 0x30, 0x1C, 0x60, 0x38, 0xC0, 0x79, 0x80, 0x73, 0x08,
    0xFE, 0x30, 0xFF, 0xE0, 0x7F, 0x80, 0x30, 0x00, 0x60, 0x00, 0xC0, 0x00, 0x00, 0x01, 0xFC, 0x03,
    0xFF, 0x03, 0xC3, 0xC1, 0xC0, 0xE1, 0xE0, 0x70, 0xF0, 0x30, 0x78, 0x00, 0x3C, 0x00, 0x0E, 0x00,
    0x07, 0x00, 0x03, 0xC0, 0x07, 0xFF, 0x03, 0xFF, 0x80, 0x38, 0x00, 0x0E, 0x00, 0x07, 0x00, 0x03,
    0x80, 0x01, 0xC0, 0x00, 0xC0, 0x00, 0xE0, 0x00, 0xFC, 0x04, 0xFF, 0xEE, 0xFF, 0xFE, 0x60, 0xFE,
    0x00, 0x00, 0x00, 0x00, 0x00, 0x80, 0x1B, 0xBF, 0x73, 0xFF, 0xC3, 0x87, 0x86, 0x03, 0x18, 0x06,
    0x30, 0x0E, 0x60, 0x1C, 0xC0, 0x30, 0xC0, 0x61, 0xC1, 0xC7, 0xFF, 0x9D, 0xFB, 0x90, 0x03, 0x00,
    0x00, 0xFF, 0x0F, 0xFF, 0xE1, 0xF8, 0xF0, 0x0E, 0x0E, 0x01, 0x81, 0xE0, 0x70, 0x1C, 0x0C, 0x03,
    0xC3, 0x80, 0x38, 0x60, 0x07, 0x0C, 0x00, 0x73, 0x00, 0x0E, 0x60, 0x01, 0xF8, 0x00, 0x3F, 0x00,
    0x3F, 0xFE, 0x00, 0x38, 0x00, 0x07, 0x00, 0x1F, 0xFE, 0x03, 0xFF, 0xE0, 0x03, 0x80, 0x00, 0x70,
    0x00, 0x0E, 0x00, 0x03, 0xC0, 0x01, 0xFF, 0x00, 0x7F, 0xF0, 0x1B, 0x6D, 0xB6, 0xDB, 0x6D, 0x80,
    0x00, 0x01, 0xB6, 0xDB, 0x6D, 0xB6, 0xD8, 0x00, 0x00, 0x1F, 0xC0, 0x7B, 0xC1, 0xC1, 0xC7, 0x03,
    0x8E, 0x07, 0x1C, 0x00, 0x3C, 0x00, 0x3C, 0x00, 0x7E, 0x00, 0xFF, 0x03, 0x3F, 0x86, 0x3F, 0x9C,
    0x1F, 0x9C, 0x0F, 0x3C, 0x0E, 0x7E, 0x0E, 0x7F, 0x18, 0x7F, 0x30, 0x3F, 0xC0, 0x1F, 0x80, 0x0F,
    0x00, 0x0E, 0x00, 0x0E, 0x30, 0x1C, 0xE0, 0x31, 0xC0, 0x61, 0xC1, 0xC3, 0xFF, 0x01, 0xF8, 0x00,
    0x70, 0xCE, 0x3D, 0xC7, 0xB8, 0xE0, 0x00, 0x00, 0x00, 0x00, 0x3F, 0xF0, 0x00, 0x3F, 0xFF, 0x00,
    0x1E, 0x01, 0xE0, 0x0E, 0x00, 0x1C, 0x07, 0x03, 0x83, 0x83, 0x87, 0xFC, 0x70, 0xC3, 0xC7, 0x0C,
    0x71, 0xC0, 0xC3, 0x98, 0x70, 0x20, 0x66, 0x1C, 0x00, 0x19, 0x8E, 0x00, 0x06, 0x63, 0x80, 0x01,
    0x98, 0xE0, 0x00, 0x66, 0x38, 0x00, 0x19, 0x87, 0x00, 0x06, 0x61, 0xC0, 0x01, 0x9C, 0x70, 0x10,
    0xE3, 0x0E, 0x0C, 0x30, 0xE1, 0xFF, 0x1C, 0x1C, 0x1F, 0x06, 0x03, 0x80, 0x07, 0x00, 0x78, 0x03,
    0x80, 0x0F, 0xFF, 0xC0, 0x00, 0xFF, 0xC0, 0x00, 0x00, 0x00, 0x00, 0x3F, 0x07, 0xB8, 0x71, 0xC2,
    0x1C, 0x07, 0xC7, 0xFC, 0xF1, 0xCE, 0x1C, 0xE1, 0xCF, 0x7C, 0x7C, 0xE0, 0x00, 0x00, 0x00, 0x71,
    0xC3, 0x0C, 0x38, 0xE3, 0x8E, 0x38, 0xF3, 0xCF, 0x1E, 0x78, 0x71, 0xE1, 0xC7, 0x07, 0x1C, 0x18,
    0x60, 0xE3, 0x80, 0x00, 0xFF, 0xFF, 0xFF, 0xFC, 0x00, 0x38, 0x00, 0x70, 0x00, 0xE0, 0x01, 0xC0,
    0x03, 0x80, 0x07, 0x00, 0x0E, 0x00, 0x1F, 0xF7, 0xFC, 0x00, 0x00, 0x00, 0x00, 0x00, 0x3F, 0xF0,
    0x00, 0x3F, 0xFF, 0x00, 0x1E, 0x01, 0xE0, 0x0E, 0x00, 0x1C, 0x07, 0x00, 0x03, 0x83, 0x9F, 0xF8,
    0x70, 0xC3, 0xCF, 0x0C, 0x70, 0x61, 0xC3, 0x98, 0x18, 0x38, 0x66, 0x06, 0x0E, 0x19, 0x81, 0x87,
    0x06, 0x60, 0x73, 0x81, 0x98, 0x1F, 0xC0, 0x66, 0x07, 0x70, 0x19, 0x81, 0x8E, 0x06, 0x60, 0x63,
    0x81, 0x9C, 0x18, 0x70, 0xE3, 0x0F, 0x1E, 0x30, 0xE7, 0xE3, 0xDC, 0x1C, 0x00, 0x0E, 0x03, 0x80,
    0x07, 0x00, 0x78, 0x03, 0x80, 0x0F, 0xFF, 0xC0, 0x00, 0xFF, 0xC0, 0x00, 0x00, 0x00, 0x00, 0x00,
    0x00, 0x3F, 0xFF, 0xDF, 0xFF, 0xC0, 0x00, 0x03, 0xF0, 0xFF, 0x38, 0xE6, 0x0F, 0xC1, 0xD8, 0x3B,
    0x07, 0x71, 0xC7, 0xF0, 0x7C, 0x00, 0x00, 0x00, 0x06, 0x00, 0x0C, 0x00, 0x18, 0x00, 0x30, 0x00,
    0x60, 0x00, 0xC0, 0x7F, 0xFF, 0xFF, 0xFE, 0x06, 0x00, 0x0C, 0x00, 0x18, 0x00, 0x30, 0x00, 0x60,
    0x00, 0xC0, 0x00, 0x00, 0x00, 0x00, 0x00, 0x03, 0xFF, 0xFF, 0xFF, 0xF0, 0x0E, 0x0F, 0xF1, 0xC7,
    0x30, 0xE6, 0x1C, 0x03, 0x80, 0x70, 0x1C, 0x03, 0x00, 0xC0, 0x30, 0x0C, 0x37, 0x07, 0xFF, 0xFF,
    0xF8, 0x00, 0x0C, 0x0F, 0xF1, 0xC7, 0x70, 0xE6, 0x1C, 0x03, 0x80, 0xE0, 0xF8, 0x0F, 0xC0, 0x38,
    0x07, 0xA0, 0xFC, 0x1F, 0xE7, 0x9F, 0xE0, 0x00, 0x1E, 0x38, 0xE3, 0x86, 0x18, 0x00, 0x70, 0x0E,
    0x1E, 0x03, 0x87, 0x80, 0xE1, 0xE0, 0x38, 0x78, 0x0E, 0x1E, 0x03, 0x87, 0x80, 0xE1, 0xE0, 0x38,
    0x78, 0x0E, 0x1E, 0x03, 0x87, 0x80, 0xE1, 0xE0, 0x38, 0x78, 0x1E, 0x1E, 0x07, 0x87, 0x81, 0xE1,
    0xF0, 0xF8, 0x7F, 0xEF, 0x9B, 0xF1, 0xE6, 0x00, 0x01, 0xC0, 0x00, 0x70, 0x00, 0x1C, 0x00, 0x07,
    0x80, 0x01, 0xF0, 0x00, 0x7C, 0x00, 0x0E, 0x00, 0x00, 0x00, 0x00, 0x07, 0xFF, 0xF9, 0xFF, 0xFC,
    0x3F, 0xE3, 0x0F, 0xFC, 0x61, 0xFF, 0x8C, 0x3F, 0xF1, 0x87, 0xFE, 0x30, 0xFF, 0xC6, 0x0F, 0xF8,
    0xC1, 0xFF, 0x18, 0x1F, 0xE3, 0x01, 0xFC, 0x60, 0x01, 0x8C, 0x00, 0x31, 0x80, 0x06, 0x30, 0x00,
    0xC6, 0x00, 0x18, 0xC0, 0x03, 0x18, 0x00, 0x63, 0x00, 0x0C, 0x60, 0x01, 0x8C, 0x00, 0x31, 0x80,
    0x06, 0x30, 0x00, 0xC6, 0x00, 0x18, 0xC0, 0x03, 0x18, 0x00, 0xE3, 0x80, 0x7C, 0x7C, 0x0F, 0x8F,
    0x80, 0x07, 0xBD, 0xEF, 0x00, 0x00, 0x60, 0xF1, 0xF0, 0xE1, 0xC3, 0xFE, 0xF8, 0x00, 0x01, 0xC0,
    0x78, 0x7F, 0x06, 0xE0, 0x1C, 0x03, 0x80, 0x70, 0x0E, 0x01, 0xC0, 0x38, 0x07, 0x00, 0xE0, 0x1E,
    0x1F, 0xF0, 0x00, 0x1F, 0x07, 0xFC, 0x71, 0xEE, 0x0E, 0xE0, 0xEE, 0x0E, 0xE0, 0xEE, 0x0E, 0x70,
    0xE7, 0x1C, 0x3F, 0x80, 0x00, 0x00, 0x07, 0x0C, 0x1C, 0x70, 0x61, 0x83, 0x8E, 0x0E, 0x38, 0x79,
    0xE3, 0xCF, 0x1C, 0x71, 0xC7, 0x0C, 0x30, 0xE3, 0x8E, 0x18, 0x00, 0x00, 0x00, 0x00, 0x00, 0x00,
    0xE0, 0x01, 0x80, 0x3E, 0x00, 0x38, 0x0F, 0xE0, 0x03, 0x00, 0x6E, 0x00, 0x70, 0x00, 0xE0, 0x06,
    0x00, 0x0E, 0x00, 0xE0, 0x00, 0xE0, 0x0C, 0x00, 0x0E, 0x01, 0xC0, 0x00, 0xE0, 0x18, 0x00, 0x0E,
    0x03, 0x80, 0x00, 0xE0, 0x30, 0x70, 0x0E, 0x07, 0x0F, 0x00, 0xF0, 0x61, 0xF0, 0x7F, 0xCE, 0x1F,
    0x00, 0x00, 0xC3, 0x70, 0x00, 0x1C, 0x67, 0x00, 0x01, 0x86, 0x70, 0x00, 0x38, 0xC7, 0x00, 0x03,
    0x1F, 0xFE, 0x00, 0x71, 0xFF, 0xE0, 0x06, 0x00, 0x70, 0x00, 0xE0, 0x07, 0x00, 0x0C, 0x00, 0x70,
    0x01, 0xC0, 0x1F, 0xC0, 0x00, 0x00, 0x00, 0x00, 0x00, 0x00, 0x01, 0xC0, 0x06, 0x00, 0xF8, 0x01,
    0xC0, 0x7F, 0x00, 0x30, 0x06, 0xE0, 0x0E, 0x00, 0x1C, 0x01, 0x80, 0x03, 0x80, 0x70, 0x00, 0x70,
    0x0C, 0x00, 0x0E, 0x03, 0x80, 0x01, 0xC0, 0x60, 0x00, 0x38, 0x1C, 0x38, 0x07, 0x03, 0x1F, 0xC0,
    0xE0, 0xE7, 0x1C, 0x1E, 0x18, 0xC3, 0x9F, 0xF7, 0x18, 0x70, 0x00, 0xC0, 0x0E, 0x00, 0x38, 0x01,
    0xC0, 0x06, 0x00, 0x70, 0x01, 0xC0, 0x0C, 0x00, 0x30, 0x03, 0x00, 0x0E, 0x00, 0xC0, 0x01, 0x80,
    0x30, 0xC0, 0x70, 0x0C, 0x18, 0x0C, 0x03, 0xFF, 0x03, 0x80, 0xFF, 0xE0, 0x00, 0x00, 0x00, 0x0C,
    0x00, 0x00, 0x0F, 0xF0, 0x07, 0x01, 0xC7, 0x00, 0xC0, 0x70, 0xE0, 0x38, 0x06, 0x1C, 0x06, 0x00,
    0x03, 0x81, 0xC0, 0x00, 0xE0, 0x30, 0x00, 0xF8, 0x0E, 0x00, 0x0F, 0xC1, 0x80, 0x00, 0x38, 0x70,
    0x00, 0x07, 0x8C, 0x00, 0x20, 0xF3, 0x87, 0x0C, 0x1E, 0x61, 0xE1, 0xE7, 0x9C, 0x7C, 0x1F, 0xE3,
    0x0F, 0x80, 0x00, 0xE3, 0x70, 0x00, 0x18, 0xCE, 0x00, 0x07, 0x19, 0xC0, 0x00, 0xC6, 0x38, 0x00,
    0x39, 0xFF, 0xE0, 0x06, 0x3F, 0xFC, 0x01, 0xC0, 0x1C, 0x00, 0x30, 0x03, 0x80, 0x0E, 0x00, 0x70,
    0x01, 0x80, 0x3F, 0x80, 0x00, 0x00, 0x00, 0x03, 0x80, 0x0F, 0x00, 0x7C, 0x00, 0xF0, 0x01, 0x80,
    0x00, 0x00, 0x00, 0x00, 0x60, 0x01, 0x80, 0x06, 0x00, 0x38, 0x01, 0xE0, 0x1F, 0x00, 0xF0, 0x07,
    0x80, 0x1C, 0x00, 0xF0, 0x03, 0xC0, 0x0F, 0x01, 0x3C, 0x06, 0x70, 0x3D, 0xC0, 0xF3, 0xCF, 0x87,
    0xFC, 0x01, 0x00, 0x01, 0xC0, 0x00, 0x01, 0xE0, 0x00, 0x00, 0xE0, 0x00, 0x00, 0x70, 0x00, 0x00,
    0x38, 0x00, 0x00, 0x18, 0x00, 0x00, 0x00, 0x00, 0x00, 0x00, 0x00, 0x00, 0x38, 0x00, 0x00, 0x3C,
    0x00, 0x00, 0x3C, 0x00, 0x00, 0x7E, 0x00, 0x00, 0x7E, 0x00, 0x00, 0xEE, 0x00, 0x00, 0xCF, 0x00,
    0x00, 0xCF, 0x00, 0x01, 0xC7, 0x00, 0x01, 0x87, 0x80, 0x01, 0x87, 0x80, 0x03, 0x83, 0x80, 0x03,
    0x03, 0xC0, 0x07, 0x03, 0xC0, 0x07, 0xFF, 0xE0, 0x07, 0xFF, 0xE0, 0x0E, 0x00, 0xE0, 0x0C, 0x00,
    0xF0, 0x0C, 0x00, 0xF0, 0x1C, 0x00, 0x70, 0x18, 0x00, 0x78, 0x38, 0x00, 0x78, 0xFF, 0x01, 0xFE,
    0xFF, 0x03, 0xFF, 0x00, 0x07, 0x80, 0x00, 0x07, 0x00, 0x00, 0x0F, 0x00, 0x00, 0x1E, 0x00, 0x00,
    0x18, 0x00, 0x00, 0x30, 0x00, 0x00, 0x00, 0x00, 0x00, 0x00, 0x00, 0x00, 0x38, 0x00, 0x00, 0x3C,
    0x00, 0x00, 0x3C, 0x00, 0x00, 0x7E, 0x00, 0x00, 0x7E, 0x00, 0x00, 0xEE, 0x00, 0x00, 0xCF, 0x00,
    0x00, 0xCF, 0x00, 0x01, 0xC7, 0x00, 0x01, 0x87, 0x80, 0x01, 0x87, 0x80, 0x03, 0x83, 0x80, 0x03,
    0x03, 0xC0, 0x07, 0x03, 0xC0, 0x07, 0xFF, 0xE0, 0x07, 0xFF, 0xE0, 0x0E, 0x00, 0xE0, 0x0C, 0x00,
    0xF0, 0x0C, 0x00, 0xF0, 0x1C, 0x00, 0x70, 0x18, 0x00, 0x78, 0x38, 0x00, 0x78, 0xFF, 0x01, 0xFE,
    0xFF, 0x03, 0xFF, 0x00, 0x38, 0x00, 0x00, 0x3C, 0x00, 0x00, 0x7E, 0x00, 0x00, 0xEE, 0x00, 0x01,
    0xC7, 0x00, 0x01, 0x81, 0x80, 0x00, 0x00, 0x00, 0x00, 0x00, 0x00, 0x00, 0x38, 0x00, 0x00, 0x3C,
    0x00, 0x00, 0x3C, 0x00, 0x00, 0x7E, 0x00, 0x00, 0x7E, 0x00, 0x00, 0xEE, 0x00, 0x00, 0xCF, 0x00,
    0x00, 0xCF, 0x00, 0x01, 0xC7, 0x00, 0x01, 0x87, 0x80, 0x01, 0x87, 0x80, 0x03, 0x83, 0x80, 0x03,
    0x03, 0xC0, 0x07, 0x03, 0xC0, 0x07, 0xFF, 0xE0, 0x07, 0xFF, 0xE0, 0x0E, 0x00, 0xE0, 0x0C, 0x00,
    0xF0, 0x0C, 0x00, 0xF0, 0x1C, 0x00, 0x70, 0x18, 0x00, 0x78, 0x38, 0x00, 0x78, 0xFF, 0x01, 0xFE,
    0xFF, 0x03, 0xFF, 0x00, 0x40, 0x00, 0x01, 0xF0, 0xC0, 0x03, 0xFF, 0x80, 0x03, 0x1F, 0x80, 0x02,
    0x0F, 0x00, 0x00, 0x00, 0x00, 0x00, 0x00, 0x00, 0x00, 0x38, 0x00, 0x00, 0x3C, 0x00, 0x00, 0x3C,
    0x00, 0x00, 0x7E, 0x00, 0x00, 0x7E, 0x00, 0x00, 0xEE, 0x00, 0x00, 0xCF, 0x00, 0x00, 0xCF, 0x00,
    0x01, 0xC7, 0x00, 0x01, 0x87, 0x80, 0x01, 0x87, 0x80, 0x03, 0x83, 0x80, 0x03, 0x03, 0xC0, 0x07,
    0x03, 0xC0, 0x07, 0xFF, 0xE0, 0x07, 0xFF, 0xE0, 0x0E, 0x00, 0xE0, 0x0C, 0x00, 0xF0, 0x0C, 0x00,
    0xF0, 0x1C, 0x00, 0x70, 0x18, 0x00, 0x78, 0x38, 0x00, 0x78, 0xFF, 0x01, 0xFE, 0xFF, 0x03, 0xFF,
    0x01, 0xC3, 0x00, 0x01, 0xC7, 0x80, 0x01, 0xC7, 0x80, 0x01, 0xC3, 0x00, 0x00, 0x00, 0x00, 0x00,
    0x00, 0x00, 0x00, 0x00, 0x00, 0x00, 0x38, 0x00, 0x00, 0x3C, 0x00, 0x00, 0x3C, 0x00, 0x00, 0x7E,
    0x00, 0x00, 0x7E, 0x00, 0x00, 0xEE, 0x00, 0x00, 0xCF, 0x00, 0x00, 0xCF, 0x00, 0x01, 0xC7, 0x00,
    0x01, 0x87, 0x80, 0x01, 0x87, 0x80, 0x03, 0x83, 0x80, 0x03, 0x03, 0xC0, 0x07, 0x03, 0xC0, 0x07,
    0xFF, 0xE0, 0x07, 0xFF, 0xE0, 0x0E, 0x00, 0xE0, 0x0C, 0x00, 0xF0, 0x0C, 0x00, 0xF0, 0x1C, 0x00,
    0x70, 0x18, 0x00, 0x78, 0x38, 0x00, 0x78, 0xFF, 0x01, 0xFE, 0xFF, 0x03, 0xFF, 0x00, 0x10, 0x00,
    0x00, 0x7E, 0x00, 0x00, 0xE7, 0x00, 0x00, 0xC3, 0x00, 0x00, 0xC3, 0x00, 0x00, 0xC7, 0x00, 0x00,
    0xFE, 0x00, 0x00, 0x3C, 0x00, 0x00, 0x3C, 0x00, 0x00, 0x7C, 0x00, 0x00, 0x7E, 0x00, 0x00, 0xEE,
    0x00, 0x00, 0xCF, 0x00, 0x00, 0xCF, 0x00, 0x01, 0xC7, 0x00, 0x01, 0x87, 0x80, 0x01, 0x87, 0x80,
    0x03, 0x83, 0x80, 0x03, 0x03, 0xC0, 0x07, 0x03, 0xC0, 0x07, 0xFF, 0xE0, 0x07, 0xFF, 0xE0, 0x0E,
    0x00, 0xE0, 0x0C, 0x00, 0xF0, 0x0C, 0x00, 0xF0, 0x1C, 0x00, 0x70, 0x18, 0x00, 0x78, 0x38, 0x00,
    0x78, 0xFF, 0x01, 0xFE, 0xFF, 0x03, 0xFF, 0x00, 0x3F, 0xFF, 0xF8, 0x00, 0x3F, 0xFF, 0xF0, 0x00,
    0x1F, 0x80, 0xE0, 0x00, 0x6F, 0x00, 0xC0, 0x00, 0xDE, 0x01, 0x80, 0x03, 0x3C, 0x03, 0x00, 0x0E,
    0x78, 0x00, 0x00, 0x18, 0xF0, 0x00, 0x00, 0x71, 0xE0, 0x00, 0x00, 0xC3, 0xC0, 0x00, 0x03, 0x87,
    0x80, 0x00, 0x06, 0x0F, 0xFF, 0x00, 0x1C, 0x1F, 0xFC, 0x00, 0x30, 0x3C, 0x00, 0x00, 0xFF, 0xF8,
    0x00, 0x01, 0xFF, 0xF0, 0x00, 0x07, 0x01, 0xE0, 0x00, 0x0C, 0x03, 0xC0, 0x00, 0x38, 0x07, 0x80,
    0x30, 0x60, 0x0F, 0x00, 0x61, 0xC0, 0x1E, 0x00, 0xC7, 0x80, 0x3C, 0x03, 0xBF, 0xC1, 0xFF, 0xFF,
    0x7F, 0x87, 0xFF, 0xFE, 0x00, 0x00, 0x00, 0x3F, 0xE0, 0x1F, 0xFF, 0x07, 0x81, 0xE1, 0xE0, 0x1C,
    0x38, 0x03, 0x8F, 0x00, 0x61, 0xC0, 0x00, 0x78, 0x00, 0x0F, 0x00, 0x01, 0xE0, 0x00, 0x3C, 0x00,
    0x07, 0x80, 0x00, 0xF0, 0x00, 0x1E, 0x00, 0x03, 0xC0, 0x00, 0x78, 0x00, 0x0F, 0x00, 0x00, 0xF0,
    0x00, 0x1E, 0x00, 0x03, 0xC0, 0x04, 0x3C, 0x01, 0x83, 0xE0, 0x70, 0x3F, 0xFC, 0x03, 0xFF, 0x00,
    0x0E, 0x00, 0x01, 0xE0, 0x00, 0x1E, 0x00, 0x01, 0xC0, 0x00, 0x18, 0x00, 0x07, 0x00, 0x0F, 0xE0,
    0x01, 0xF8, 0x00, 0x07, 0x00, 0x00, 0xF0, 0x00, 0x0E, 0x00, 0x00, 0xE0, 0x00, 0x0E, 0x00, 0x00,
    0xC0, 0x00, 0x00, 0x00, 0x00, 0x00, 0xFF, 0xFF, 0x9F, 0xFF, 0xF0, 0x78, 0x0E, 0x0F, 0x00, 0xC1,
    0xE0, 0x18, 0x3C, 0x03, 0x07, 0x80, 0x00, 0xF0, 0x00, 0x1E, 0x00, 0x03, 0xC0, 0x00, 0x78, 0x00,
    0x0F, 0xFF, 0x01, 0xFF, 0xC0, 0x3C, 0x00, 0x07, 0x80, 0x00, 0xF0, 0x00, 0x1E, 0x00, 0x03, 0xC0,
    0x00, 0x78, 0x01, 0x0F, 0x00, 0x61, 0xE0, 0x0C, 0x3C, 0x03, 0x9F, 0xFF, 0xF7, 0xFF, 0xFE, 0x00,
    0x1C, 0x00, 0x07, 0x80, 0x00, 0xE0, 0x00, 0x38, 0x00, 0x0E, 0x00, 0x01, 0x80, 0x00, 0x00, 0x00,
    0x00, 0x00, 0xFF, 0xFF, 0x9F, 0xFF, 0xF0, 0x78, 0x0E, 0x0F, 0x00, 0xC1, 0xE0, 0x18, 0x3C, 0x03,
    0x07, 0x80, 0x00, 0xF0, 0x00, 0x1E, 0x00, 0x03, 0xC0, 0x00, 0x78, 0x00, 0x0F, 0xFF, 0x01, 0xFF,
    0xC0, 0x3C, 0x00, 0x07, 0x80, 0x00, 0xF0, 0x00, 0x1E, 0x00, 0x03, 0xC0, 0x00, 0x78, 0x01, 0x0F,
    0x00, 0x61, 0xE0, 0x0C, 0x3C, 0x03, 0x9F, 0xFF, 0xF7, 0xFF, 0xFE, 0x00, 0xE0, 0x00, 0x3E, 0x00,
    0x07, 0xE0, 0x01, 0xDC, 0x00, 0x71, 0xC0, 0x0C, 0x08, 0x00, 0x00, 0x00, 0x00, 0x00, 0xFF, 0xFF,
    0x9F, 0xFF, 0xF0, 0x78, 0x0E, 0x0F, 0x00, 0xC1, 0xE0, 0x18, 0x3C, 0x03, 0x07, 0x80, 0x00, 0xF0,
    0x00, 0x1E, 0x00, 0x03, 0xC0, 0x00, 0x78, 0x00, 0x0F, 0xFF, 0x01, 0xFF, 0xC0, 0x3C, 0x00, 0x07,
    0x80, 0x00, 0xF0, 0x00, 0x1E, 0x00, 0x03, 0xC0, 0x00, 0x78, 0x01, 0x0F, 0x00, 0x61, 0xE0, 0x0C,
    0x3C, 0x03, 0x9F, 0xFF, 0xF7, 0xFF, 0xFE, 0x06, 0x1C, 0x00, 0xE3, 0x80, 0x3C, 0x70, 0x03, 0x8E,
    0x00, 0x00, 0x00, 0x00, 0x00, 0x00, 0x00, 0x07, 0xFF, 0xFC, 0xFF, 0xFF, 0x83, 0xC0, 0x70, 0x78,
    0x06, 0x0F, 0x00, 0xC1, 0xE0, 0x18, 0x3C, 0x00, 0x07, 0x80, 0x00, 0xF0, 0x00, 0x1E, 0x00, 0x03,
    0xC0, 0x00, 0x7F, 0xF8, 0x0F, 0xFE, 0x01, 0xE0, 0x00, 0x3C, 0x00, 0x07, 0x80, 0x00, 0xF0, 0x00,
    0x1E, 0x00, 0x03, 0xC0, 0x08, 0x78, 0x03, 0x0F, 0x00, 0x61, 0xE0, 0x1C, 0xFF, 0xFF, 0xBF, 0xFF,
    0xF0, 0xF0, 0x1C, 0x03, 0x80, 0x70, 0x0C, 0x01, 0x80, 0x00, 0x00, 0xFF, 0xFF, 0xF1, 0xE0, 0x78,
    0x1E, 0x07, 0x81, 0xE0, 0x78, 0x1E, 0x07, 0x81, 0xE0, 0x78, 0x1E, 0x07, 0x81, 0xE0, 0x78, 0x1E,
    0x07, 0x81, 0xE0, 0x78, 0x1E, 0x07, 0x87, 0xFF, 0xFF, 0x03, 0xC0, 0xE0, 0x78, 0x1C, 0x0C, 0x06,
    0x00, 0x00, 0x00, 0xFF, 0xFF, 0xF1, 0xE0, 0x78, 0x1E, 0x07, 0x81, 0xE0, 0x78, 0x1E, 0x07, 0x81,
    0xE0, 0x78, 0x1E, 0x07, 0x81, 0xE0, 0x78, 0x1E, 0x07, 0x81, 0xE0, 0x78, 0x1E, 0x07, 0x87, 0xFF,
    0xFF, 0x0E, 0x07, 0x83, 0xF1, 0xEE, 0x61, 0xB0, 0x30, 0x00, 0x00, 0xFF, 0xFF, 0xF1, 0xE0, 0x78,
    0x1E, 0x07, 0x81, 0xE0, 0x78, 0x1E, 0x07, 0x81, 0xE0, 0x78, 0x1E, 0x07, 0x81, 0xE0, 0x78, 0x1E,
    0x07, 0x81, 0xE0, 0x78, 0x1E, 0x07, 0x87, 0xFF, 0xFF, 0x61, 0xBC, 0xFF, 0x3D, 0x86, 0x00, 0x00,
    0x00, 0x03, 0xFF, 0xFF, 0xC7, 0x81, 0xE0, 0x78, 0x1E, 0x07, 0x81, 0xE0, 0x78, 0x1E, 0x07, 0x81,
    0xE0, 0x78, 0x1E, 0x07, 0x81, 0xE0, 0x78, 0x1E, 0x07, 0x81, 0xE0, 0x78, 0x1E, 0x1F, 0xFF, 0xFC,
    0xFF, 0xFC, 0x03, 0xFF, 0xFC, 0x01, 0xE0, 0x7C, 0x07, 0x80, 0x78, 0x1E, 0x01, 0xF0, 0x78, 0x03,
    0xC1, 0xE0, 0x07, 0x87, 0x80, 0x1E, 0x1E, 0x00, 0x78, 0x78, 0x01, 0xE1, 0xE0, 0x07, 0xBF, 0xFE,
    0x1E, 0x7F, 0xF0, 0x78, 0x78, 0x01, 0xE1, 0xE0, 0x07, 0x87, 0x80, 0x1E, 0x1E, 0x00, 0x78, 0x78,
    0x01, 0xE1, 0xE0, 0x0F, 0x07, 0x80, 0x3C, 0x1E, 0x01, 0xE0, 0x78, 0x1F, 0x07, 0xFF, 0xF8, 0x3F,
    0xFF, 0x80, 0x00, 0x60, 0x00, 0x01, 0xF8, 0xC0, 0x01, 0xFF, 0xC0, 0x03, 0x1F, 0x80, 0x00, 0x07,
    0x00, 0x00, 0x00, 0x00, 0x00, 0x00, 0x00, 0xFE, 0x01, 0xFF, 0xFE, 0x01, 0xFE, 0x1F, 0x00, 0x38,
    0x1F, 0x80, 0x30, 0x1F, 0x80, 0x30, 0x1F, 0xC0, 0x30, 0x1F, 0xE0, 0x30, 0x1D, 0xE0, 0x30, 0x1C,
    0xF0, 0x30, 0x1C, 0xF8, 0x30, 0x1C, 0x78, 0x30, 0x1C, 0x3C, 0x30, 0x1C, 0x3C, 0x30, 0x1C, 0x1E,
    0x30, 0x1C, 0x0F, 0x30, 0x1C, 0x0F, 0x30, 0x1C, 0x07, 0xB0, 0x1C, 0x03, 0xF0, 0x1C, 0x03, 0xF0,
    0x1C, 0x01, 0xF0, 0x1C, 0x00, 0xF0, 0x1C, 0x00, 0xF0, 0x7F, 0x00, 0x70, 0xFF, 0x80, 0x30, 0x01,
    0xC0, 0x00, 0x07, 0x80, 0x00, 0x0E, 0x00, 0x00, 0x1C, 0x00, 0x00, 0x38, 0x00, 0x00, 0x60, 0x00,
    0x00, 0x00, 0x00, 0x00, 0x00, 0x01, 0xFF, 0x00, 0x1F, 0xFE, 0x00, 0xF0, 0x1E, 0x07, 0x80, 0x38,
    0x3C, 0x00, 0x70, 0xF0, 0x01, 0xE3, 0x80, 0x07, 0x9E, 0x00, 0x0E, 0x78, 0x00, 0x3D, 0xE0, 0x00,
    0xF7, 0x80, 0x03, 0xDE, 0x00, 0x0F, 0x78, 0x00, 0x3D, 0xE0, 0x00, 0xF7, 0x80, 0x03, 0xDE, 0x00,
    0x0F, 0x78, 0x00, 0x38, 0xE0, 0x01, 0xE3, 0xC0, 0x07, 0x8F, 0x00, 0x1C, 0x1E, 0x00, 0xF0, 0x3C,
    0x07, 0x80, 0x7F, 0xFC, 0x00, 0x7F, 0xC0, 0x00, 0x00, 0x00, 0x00, 0x07, 0x00, 0x00, 0x3C, 0x00,
    0x01, 0xE0, 0x00, 0x07, 0x00, 0x00, 0x38, 0x00, 0x00, 0x80, 0x00, 0x00, 0x00, 0x00, 0x00, 0x00,
    0x01, 0xFF, 0x00, 0x1F, 0xFE, 0x00, 0xF0, 0x1E, 0x07, 0x80, 0x38, 0x3C, 0x00, 0x70, 0xF0, 0x01,
    0xE3, 0x80, 0x07, 0x9E, 0x00, 0x0E, 0x78, 0x00, 0x3D, 0xE0, 0x00, 0xF7, 0x80, 0x03, 0xDE, 0x00,
    0x0F, 0x78, 0x00, 0x3D, 0xE0, 0x00, 0xF7, 0x80, 0x03, 0xDE, 0x00, 0x0F, 0x78, 0x00, 0x38, 0xE0,
    0x01, 0xE3, 0xC0, 0x07, 0x8F, 0x00, 0x1C, 0x1E, 0x00, 0xF0, 0x3C, 0x07, 0x80, 0x7F, 0xFC, 0x00,
    0x7F, 0xC0, 0x00, 0x00, 0x00, 0x00, 0x38, 0x00, 0x01, 0xF0, 0x00, 0x0F, 0xC0, 0x00, 0x3B, 0x80,
    0x01, 0xC7, 0x00, 0x0C, 0x0C, 0x00, 0x00, 0x00, 0x00, 0x00, 0x00, 0x01, 0xFF, 0x00, 0x1F, 0xFE,
    0x00, 0xF0, 0x1E, 0x07, 0x80, 0x38, 0x3C, 0x00, 0x70, 0xF0, 0x01, 0xE3, 0x80, 0x07, 0x9E, 0x00,
    0x0E, 0x78, 0x00, 0x3D, 0xE0, 0x00, 0xF7, 0x80, 0x03, 0xDE, 0x00, 0x0F, 0x78, 0x00, 0x3D, 0xE0,
    0x00, 0xF7, 0x80, 0x03, 0xDE, 0x00, 0x0F, 0x78, 0x00, 0x38, 0xE0, 0x01, 0xE3, 0xC0, 0x07, 0x8F,
    0x00, 0x1C, 0x1E, 0x00, 0xF0, 0x3C, 0x07, 0x80, 0x7F, 0xFC, 0x00, 0x7F, 0xC0, 0x00, 0x00, 0x00,
    0x00, 0xC0, 0x00, 0x0F, 0xC6, 0x00, 0x3F, 0xF8, 0x01, 0x8F, 0xC0, 0x00, 0x0E, 0x00, 0x00, 0x00,
    0x00, 0x00, 0x00, 0x00, 0x7F, 0xC0, 0x07, 0xFF, 0x80, 0x3C, 0x07, 0x81, 0xE0, 0x0E, 0x0F, 0x00,
    0x1C, 0x3C, 0x00, 0x78, 0xE0, 0x01, 0xE7, 0x80, 0x03, 0x9E, 0x00, 0x0F, 0x78, 0x00, 0x3D, 0xE0,
    0x00, 0xF7, 0x80, 0x03, 0xDE, 0x00, 0x0F, 0x78, 0x00, 0x3D, 0xE0, 0x00, 0xF7, 0x80, 0x03, 0xDE,
    0x00, 0x0E, 0x38, 0x00, 0x78, 0xF0, 0x01, 0xE3, 0xC0, 0x07, 0x07, 0x80, 0x3C, 0x0F, 0x01, 0xE0,
    0x1F, 0xFF, 0x00, 0x1F, 0xF0, 0x00, 0x00, 0x00, 0x01, 0x87, 0x00, 0x0F, 0x1C, 0x00, 0x3C, 0x70,
    0x00, 0x61, 0xC0, 0x00, 0x00, 0x00, 0x00, 0x00, 0x00, 0x00, 0x00, 0x00, 0x7F, 0xC0, 0x07, 0xFF,
    0x80, 0x3C, 0x07, 0x81, 0xE0, 0x0E, 0x0F, 0x00, 0x1C, 0x3C, 0x00, 0x78, 0xE0, 0x01, 0xE7, 0x80,
    0x03, 0x9E, 0x00, 0x0F, 0x78, 0x00, 0x3D, 0xE0, 0x00, 0xF7, 0x80, 0x03, 0xDE, 0x00, 0x0F, 0x78,
    0x00, 0x3D, 0xE0, 0x00, 0xF7, 0x80, 0x03, 0xDE, 0x00, 0x0E, 0x38, 0x00, 0x78, 0xF0, 0x01, 0xE3,
    0xC0, 0x07, 0x07, 0x80, 0x3C, 0x0F, 0x01, 0xE0, 0x1F, 0xFF, 0x00, 0x1F, 0xF0, 0x00, 0x00, 0x00,
    0x40, 0x09, 0xC0, 0x39, 0xC0, 0xE1, 0xC3, 0x81, 0xCE, 0x01, 0xF8, 0x01, 0xE0, 0x03, 0xC0, 0x0F,
    0xC0, 0x39, 0xC0, 0xE1, 0xC3, 0x81, 0xCE, 0x01, 0xC8, 0x01, 0x00, 0x00, 0x00, 0x00, 0x00, 0x01,
    0x80, 0x1F, 0xF6, 0x01, 0xFF, 0xF0, 0x0F, 0x01, 0xE0, 0x78, 0x07, 0xC3, 0xC0, 0x3F, 0x0F, 0x00,
    0xDE, 0x38, 0x07, 0x79, 0xE0, 0x18, 0xE7, 0x80, 0xC3, 0xDE, 0x03, 0x0F, 0x78, 0x18, 0x3D, 0xE0,
    0x60, 0xF7, 0x83, 0x03, 0xDE, 0x1C, 0x0F, 0x78, 0x60, 0x3D, 0xE3, 0x80, 0xF7, 0x8C, 0x03, 0x8E,
    0x60, 0x1E, 0x3D, 0x80, 0x78, 0xFC, 0x01, 0xC1, 0xF0, 0x0F, 0x03, 0xC0, 0x78, 0x0F, 0xFF, 0xC0,
    0x37, 0xFC, 0x01, 0xC0, 0x00, 0x00, 0x00, 0x00, 0x00, 0xE0, 0x00, 0x00, 0xF0, 0x00, 0x00, 0x70,
    0x00, 0x00, 0x38, 0x00, 0x00, 0x18, 0x00, 0x00, 0x0C, 0x00, 0x00, 0x00, 0x00, 0x00, 0x00, 0x00,
    0xFF, 0xC1, 0xFE, 0x7F, 0xC1, 0xFE, 0x1F, 0x00, 0x38, 0x0E, 0x00, 0x30, 0x0E, 0x00, 0x30, 0x0E,
    0x00, 0x30, 0x0E, 0x00, 0x30, 0x0E, 0x00, 0x30, 0x0E, 0x00, 0x30, 0x0E, 0x00, 0x30, 0x0E, 0x00,
    0x30, 0x0E, 0x00, 0x30, 0x0E, 0x00, 0x30, 0x0E, 0x00, 0x30, 0x0E, 0x00, 0x30, 0x0E, 0x00, 0x30,
    0x0E, 0x00, 0x30, 0x0E, 0x00, 0x30, 0x0E, 0x00, 0x30, 0x0F, 0x00, 0x30, 0x0F, 0x00, 0x70, 0x07,
    0x80, 0xE0, 0x03, 0xFF, 0xC0, 0x01, 0xFF, 0x80, 0x00, 0x00, 0x00, 0x00, 0x03, 0x80, 0x00, 0x07,
    0x80, 0x00, 0x0F, 0x00, 0x00, 0x0E, 0x00, 0x00, 0x1C, 0x00, 0x00, 0x10, 0x00, 0x00, 0x00, 0x00,
    0x00, 0x00, 0x00, 0xFF, 0xC1, 0xFE, 0x7F, 0xC1, 0xFE, 0x1F, 0x00, 0x38, 0x0E, 0x00, 0x30, 0x0E,
    0x00, 0x30, 0x0E, 0x00, 0x30, 0x0E, 0x00, 0x30, 0x0E, 0x00, 0x30, 0x0E, 0x00, 0x30, 0x0E, 0x00,
    0x30, 0x0E, 0x00, 0x30, 0x0E, 0x00, 0x30, 0x0E, 0x00, 0x30, 0x0E, 0x00, 0x30, 0x0E, 0x00, 0x30,
    0x0E, 0x00, 0x30, 0x0E, 0x00, 0x30, 0x0E, 0x00, 0x30, 0x0E, 0x00, 0x30, 0x0F, 0x00, 0x30, 0x0F,
    0x00, 0x70, 0x07, 0x80, 0xE0, 0x03, 0xFF, 0xC0, 0x01, 0xFF, 0x80, 0x00, 0x00, 0x00, 0x00, 0x1C,
    0x00, 0x00, 0x3E, 0x00, 0x00, 0x3F, 0x00, 0x00, 0x77, 0x00, 0x00, 0xE3, 0x80, 0x00, 0xC0, 0x80,
    0x00, 0x00, 0x00, 0x00, 0x00, 0x00, 0xFF, 0xC1, 0xFE, 0x7F, 0xC1, 0xFE, 0x1F, 0x00, 0x38, 0x0E,
    0x00, 0x30, 0x0E, 0x00, 0x30, 0x0E, 0x00, 0x30, 0x0E, 0x00, 0x30, 0x0E, 0x00, 0x30, 0x0E, 0x00,
    0x30, 0x0E, 0x00, 0x30, 0x0E, 0x00, 0x30, 0x0E, 0x00, 0x30, 0x0E, 0x00, 0x30, 0x0E, 0x00, 0x30,
    0x0E, 0x00, 0x30, 0x0E, 0x00, 0x30, 0x0E, 0x00, 0x30, 0x0E, 0x00, 0x30, 0x0E, 0x00, 0x30, 0x0F,
    0x00, 0x30, 0x0F, 0x00, 0x70, 0x07, 0x80, 0xE0, 0x03, 0xFF, 0xC0, 0x01, 0xFF, 0x80, 0x00, 0x00,
    0x00, 0x00, 0xE1, 0x80, 0x00, 0xE3, 0xC0, 0x00, 0xE3, 0xC0, 0x00, 0xE3, 0x80, 0x00, 0x00, 0x00,
    0x00, 0x00, 0x00, 0x00, 0x00, 0x00, 0xFF, 0xC1, 0xFE, 0x7F, 0xC1, 0xFE, 0x1F, 0x00, 0x38, 0x0E,
    0x00, 0x30, 0x0E, 0x00, 0x30, 0x0E, 0x00, 0x30, 0x0E, 0x00, 0x30, 0x0E, 0x00, 0x30, 0x0E, 0x00,
    0x30, 0x0E, 0x00, 0x30, 0x0E, 0x00, 0x30, 0x0E, 0x00, 0x30, 0x0E, 0x00, 0x30, 0x0E, 0x00, 0x30,
    0x0E, 0x00, 0x30, 0x0E, 0x00, 0x30, 0x0E, 0x00, 0x30, 0x0E, 0x00, 0x30, 0x0E, 0x00, 0x30, 0x0F,
    0x00, 0x30, 0x0F, 0x00, 0x70, 0x07, 0x80, 0xE0, 0x03, 0xFF, 0xC0, 0x01, 0xFF, 0x80, 0x00, 0x00,
    0x00, 0x00, 0x07, 0x00, 0x00, 0x1C, 0x00, 0x00, 0xE0, 0x00, 0x07, 0x00, 0x00, 0x18, 0x00, 0x00,
    0xC0, 0x00, 0x00, 0x00, 0x00, 0x00, 0x00, 0x7F, 0xC3, 0xFD, 0xFF, 0x0F, 0xF1, 0xE0, 0x0F, 0x03,
    0xC0, 0x18, 0x0F, 0x00, 0xE0, 0x1E, 0x03, 0x00, 0x78, 0x1C, 0x00, 0xF0, 0x60, 0x03, 0xC3, 0x00,
    0x07, 0x8C, 0x00, 0x0E, 0x60, 0x00, 0x3F, 0x80, 0x00, 0x7C, 0x00, 0x01, 0xF0, 0x00, 0x03, 0x80,
    0x00, 0x0E, 0x00, 0x00, 0x38, 0x00, 0x00, 0xE0, 0x00, 0x03, 0x80, 0x00, 0x0E, 0x00, 0x00, 0x38,
    0x00, 0x01, 0xF0, 0x00, 0x1F, 0xF0, 0x00, 0xFF, 0xE0, 0xFF, 0xC0, 0x3F, 0xF0, 0x01, 0xE0, 0x00,
    0x78, 0x00, 0x1E, 0x00, 0x07, 0xFF, 0x01, 0xFF, 0xF0, 0x78, 0x3E, 0x1E, 0x07, 0x87, 0x80, 0xF1,
    0xE0, 0x3C, 0x78, 0x0F, 0x1E, 0x03, 0xC7, 0x80, 0xF1, 0xE0, 0x38, 0x78, 0x1E, 0x1E, 0x0F, 0x07,
    0xFF, 0x81, 0xFF, 0x80, 0x78, 0x00, 0x1E, 0x00, 0x07, 0x80, 0x07, 0xFC, 0x03, 0xFF, 0x00, 0x00,
    0x30, 0x00, 0x0F, 0xF0, 0x01, 0xE1, 0xE0, 0x0E, 0x07, 0x00, 0xF0, 0x1C, 0x07, 0x00, 0xE0, 0x38,
    0x07, 0x01, 0xC0, 0x38, 0x7E, 0x0F, 0xC3, 0xF0, 0xFE, 0x03, 0x8E, 0x00, 0x1C, 0x70, 0x00, 0xE3,
    0x80, 0x07, 0x1C, 0x00, 0x38, 0xF0, 0x01, 0xC7, 0xE0, 0x0E, 0x1F, 0xC0, 0x70, 0x3F, 0x03, 0x80,
    0x7C, 0x1C, 0x01, 0xE0, 0xE0, 0x07, 0x07, 0x30, 0x38, 0x39, 0xC1, 0xC1, 0xCE, 0x0E, 0x7E, 0x3D,
    0xE3, 0xF0, 0xFE, 0x00, 0x00, 0x00, 0x0E, 0x00, 0x07, 0x80, 0x01, 0xC0, 0x00, 0x70, 0x00, 0x18,
    0x00, 0x06, 0x00, 0x00, 0x00, 0x00, 0x00, 0x0F, 0xF0, 0x1F, 0xFC, 0x0F, 0x0F, 0x07, 0x03, 0x81,
    0x81, 0xC0, 0x00, 0xE0, 0x00, 0x70, 0x00, 0xF8, 0x1F, 0xFC, 0x1F, 0x0E, 0x1E, 0x07, 0x0E, 0x03,
    0x87, 0x01, 0xC3, 0x80, 0xE1, 0xC0, 0xF0, 0xF0, 0xF8, 0x3F, 0xDF, 0x0F, 0xC7, 0x80, 0x00, 0x00,
    0x00, 0x38, 0x00, 0x3C, 0x00, 0x3C, 0x00, 0x1C, 0x00, 0x1C, 0x00, 0x08, 0x00, 0x00, 0x00, 0x00,
    0x00, 0x0F, 0xF0, 0x1F, 0xFC, 0x0F, 0x0F, 0x07, 0x03, 0x81, 0x81, 0xC0, 0x00, 0xE0, 0x00, 0x70,
    0x00, 0xF8, 0x1F, 0xFC, 0x1F, 0x0E, 0x1E, 0x07, 0x0E, 0x03, 0x87, 0x01, 0xC3, 0x80, 0xE1, 0xC0,
    0xF0, 0xF0, 0xF8, 0x3F, 0xDF, 0x0F, 0xC7, 0x80, 0x00, 0x00, 0x01, 0xC0, 0x01, 0xE0, 0x01, 0xF8,
    0x00, 0xEE, 0x00, 0xC3, 0x80, 0xC0, 0xC0, 0x00, 0x00, 0x00, 0x00, 0x0F, 0xF0, 0x1F, 0xFC, 0x0F,
    0x0F, 0x07, 0x03, 0x81, 0x81, 0xC0, 0x00, 0xE0, 0x00, 0x70, 0x00, 0xF8, 0x1F, 0xFC, 0x1F, 0x0E,
    0x1E, 0x07, 0x0E, 0x03, 0x87, 0x01, 0xC3, 0x80, 0xE1, 0xC0, 0xF0, 0xF0, 0xF8, 0x3F, 0xDF, 0x0F,
    0xC7, 0x80, 0x00, 0x00, 0x06, 0x00, 0x0F, 0xC6, 0x07, 0xFF, 0x06, 0x3F, 0x01, 0x07, 0x00, 0x00,
    0x00, 0x00, 0x00, 0x1F, 0xE0, 0x3F, 0xF8, 0x1E, 0x1E, 0x0E, 0x07, 0x03, 0x03, 0x80, 0x01, 0xC0,
    0x00, 0xE0, 0x01, 0xF0, 0x3F, 0xF8, 0x3E, 0x1C, 0x3C, 0x0E, 0x1C, 0x07, 0x0E, 0x03, 0x87, 0x01,
    0xC3, 0x81, 0xE1, 0xE1, 0xF0, 0x7F, 0xBE, 0x1F, 0x8F, 0x00, 0x00, 0x00, 0x0C, 0x30, 0x0F, 0x3C,
    0x07, 0x9E, 0x01, 0x86, 0x00, 0x00, 0x00, 0x00, 0x00, 0x00, 0x00, 0x1F, 0xE0, 0x3F, 0xF8, 0x1E,
    0x1E, 0x0E, 0x07, 0x03, 0x03, 0x80, 0x01, 0xC0, 0x00, 0xE0, 0x01, 0xF0, 0x3F, 0xF8, 0x3E, 0x1C,
    0x3C, 0x0E, 0x1C, 0x07, 0x0E, 0x03, 0x87, 0x01, 0xC3, 0x81, 0xE1, 0xE1, 0xF0, 0x7F, 0xBE, 0x1F,
    0x8F, 0x00, 0x00, 0x00, 0x00, 0x00, 0x01, 0xF0, 0x01, 0xFC, 0x01, 0xC6, 0x00, 0xC3, 0x00, 0x71,
    0x80, 0x1F, 0xC0, 0x07, 0xC0, 0x00, 0x00, 0x00, 0x00, 0x03, 0xFC, 0x07, 0xFF, 0x03, 0xC3, 0xC1,
    0xC0, 0xE0, 0x60, 0x70, 0x00, 0x38, 0x00, 0x1C, 0x00, 0x3E, 0x07, 0xFF, 0x07, 0xC3, 0x87, 0x81,
    0xC3, 0x80, 0xE1, 0xC0, 0x70, 0xE0, 0x38, 0x70, 0x3C, 0x3C, 0x3E, 0x0F, 0xF7, 0xC3, 0xF1, 0xE0,
    0x00, 0x00, 0x00, 0x00, 0x00, 0x03, 0xFC, 0x7F, 0x03, 0xFF, 0xFF, 0xE0, 0xF0, 0xFC, 0x1C, 0x38,
    0x1E, 0x07, 0x86, 0x07, 0x80, 0xE0, 0x01, 0xE0, 0x38, 0x00, 0x78, 0x0E, 0x00, 0x7F, 0xFF, 0x87,
    0xFF, 0xFF, 0xE3, 0xE1, 0xE0, 0x01, 0xE0, 0x70, 0x00, 0x70, 0x1E, 0x00, 0x1C, 0x07, 0x80, 0x07,
    0x01, 0xE0, 0x01, 0xC0, 0xFC, 0x06, 0x78, 0x77, 0x83, 0x8F, 0xF9, 0xFF, 0xC1, 0xFC, 0x1F, 0xE0,
    0x00, 0x00, 0x00, 0x00, 0x00, 0x0F, 0xE0, 0x7F, 0xF1, 0xE1, 0xE3, 0x81, 0xCF, 0x03, 0x9C, 0x00,
    0x38, 0x00, 0x70, 0x00, 0xE0, 0x01, 0xC0, 0x03, 0x80, 0x07, 0x00, 0x0F, 0x00, 0x1E, 0x00, 0x1C,
    0x02, 0x3E, 0x0C, 0x3F, 0xF8, 0x3F, 0xE0, 0x0C, 0x00, 0x1C, 0x00, 0x3E, 0x00, 0x1C, 0x00, 0x38,
    0x00, 0x70, 0x0F, 0xC0, 0x1F, 0x00, 0x0E, 0x00, 0x0F, 0x00, 0x07, 0x00, 0x03, 0x80, 0x01, 0xC0,
    0x00, 0xC0, 0x00, 0x00, 0x00, 0x00, 0x07, 0xF0, 0x1F, 0xF8, 0x3C, 0x3C, 0x38, 0x1E, 0x78, 0x1E,
    0x78, 0x0E, 0x70, 0x0E, 0x7F, 0xFE, 0x7F, 0xFE, 0x70, 0x00, 0x70, 0x00, 0x70, 0x00, 0x78, 0x00,
    0x78, 0x00, 0x38, 0x04, 0x3E, 0x0C, 0x1F, 0xFC, 0x07, 0xF8, 0x00, 0x00, 0x00, 0x38, 0x00, 0x78,
    0x00, 0xF0, 0x00, 0xE0, 0x01, 0xC0, 0x01, 0x80, 0x00, 0x00, 0x00, 0x00, 0x07, 0xF0, 0x1F, 0xF8,
    0x3C, 0x3C, 0x38, 0x1E, 0x78, 0x1E, 0x78, 0x0E, 0x70, 0x0E, 0x7F, 0xFE, 0x7F, 0xFE, 0x70, 0x00,
    0x70, 0x00, 0x70, 0x00, 0x78, 0x00, 0x78, 0x00, 0x38, 0x04, 0x3E, 0x0C, 0x1F, 0xFC, 0x07, 0xF8,
    0x00, 0x00, 0x01, 0xC0, 0x03, 0xC0, 0x07, 0xE0, 0x0E, 0x70, 0x0C, 0x30, 0x18, 0x18, 0x00, 0x00,
    0x00, 0x00, 0x07, 0xF0, 0x1F, 0xF8, 0x3C, 0x3C, 0x38, 0x1E, 0x78, 0x1E, 0x78, 0x0E, 0x70, 0x0E,
    0x7F, 0xFE, 0x7F, 0xFE, 0x70, 0x00, 0x70, 0x00, 0x70, 0x00, 0x78, 0x00, 0x78, 0x00, 0x38, 0x04,
    0x3E, 0x0C, 0x1F, 0xFC, 0x07, 0xF8, 0x00, 0x00, 0x0C, 0x30, 0x1E, 0x78, 0x1E, 0x78, 0x1C, 0x30,
    0x00, 0x00, 0x00, 0x00, 0x00, 0x00, 0x07, 0xF0, 0x1F, 0xF8, 0x3C, 0x3C, 0x38, 0x1E, 0x78, 0x1E,
    0x78, 0x0E, 0x70, 0x0E, 0x7F, 0xFE, 0x7F, 0xFE, 0x70, 0x00, 0x70, 0x00, 0x70, 0x00, 0x78, 0x00,
    0x78, 0x00, 0x38, 0x04, 0x3E, 0x0C, 0x1F, 0xFC, 0x07, 0xF8, 0x00, 0x00, 0x70, 0x0F, 0x00, 0xE0,
    0x0E, 0x00, 0xE0, 0x0C, 0x00, 0x00, 0x00, 0x7E, 0x0F, 0xC0, 0x38, 0x07, 0x00, 0xE0, 0x1C, 0x03,
    0x80, 0x70, 0x0E, 0x01, 0xC0, 0x38, 0x07, 0x00, 0xE0, 0x1C, 0x03, 0x80, 0x70, 0x7F, 0xCF, 0xF8,
    0x01, 0xC0, 0x78, 0x0E, 0x03, 0x80, 0xE0, 0x18, 0x00, 0x00, 0x00, 0x7E, 0x0F, 0xC0, 0x38, 0x07,
    0x00, 0xE0, 0x1C, 0x03, 0x80, 0x70, 0x0E, 0x01, 0xC0, 0x38, 0x07, 0x00, 0xE0, 0x1C, 0x03, 0x80,
    0x70, 0x7F, 0xCF, 0xF8, 0x0E, 0x03, 0xE0, 0xFC, 0x1D, 0xC7, 0x1D, 0x81, 0x80, 0x00, 0x00, 0x7E,
    0x0F, 0xC0, 0x38, 0x07, 0x00, 0xE0, 0x1C, 0x03, 0x80, 0x70, 0x0E, 0x01, 0xC0, 0x38, 0x07, 0x00,
    0xE0, 0x1C, 0x03, 0x80, 0x70, 0x7F, 0xCF, 0xF8, 0x61, 0x9E, 0x3B, 0xC7, 0x30, 0xE0, 0x00, 0x00,
    0x00, 0x03, 0xF0, 0x7E, 0x01, 0xC0, 0x38, 0x07, 0x00, 0xE0, 0x1C, 0x03, 0x80, 0x70, 0x0E, 0x01,
    0xC0, 0x38, 0x07, 0x00, 0xE0, 0x1C, 0x03, 0x83, 0xFE, 0x7F, 0xC0, 0x00, 0x00, 0x07, 0x06, 0x03,
    0xE7, 0x00, 0x7F, 0x00, 0x1F, 0x00, 0x3F, 0xC0, 0x18, 0xE0, 0x08, 0x38, 0x00, 0x0E, 0x03, 0xFF,
    0x03, 0xFF, 0xC7, 0x83, 0xE3, 0x80, 0xF3, 0xC0, 0x79, 0xC0, 0x1C, 0xE0, 0x0E, 0x70, 0x07, 0xB8,
    0x03, 0x9C, 0x01, 0xCE, 0x00, 0xE7, 0x00, 0x73, 0xC0, 0x38, 0xE0, 0x38, 0x78, 0x3C, 0x1F, 0xFC,
    0x07, 0xFC, 0x00, 0x00, 0x00, 0x00, 0x80, 0x00, 0x1F, 0x8C, 0x01, 0xFF, 0xE0, 0x0C, 0x7E, 0x00,
    0x41, 0xE0, 0x00, 0x00, 0x00, 0x00, 0x00, 0x0F, 0xCF, 0xC0, 0x7E, 0xFF, 0x80, 0x7C, 0x3C, 0x03,
    0xC0, 0xF0, 0x1E, 0x07, 0x80, 0xE0, 0x1C, 0x07, 0x00, 0xE0, 0x38, 0x07, 0x01, 0xC0, 0x38, 0x0E,
    0x01, 0xC0, 0x70, 0x0E, 0x03, 0x80, 0x70, 0x1C, 0x03, 0x80, 0xE0, 0x1C, 0x07, 0x00, 0xE0, 0x38,
    0x07, 0x0F, 0xF8, 0x3E, 0x7F, 0xC1, 0xF8, 0x0E, 0x00, 0x07, 0x80, 0x01, 0xE0, 0x00, 0x70, 0x00,
    0x1C, 0x00, 0x06, 0x00, 0x00, 0x00, 0x00, 0x00, 0x07, 0xF0, 0x0F, 0xFE, 0x0F, 0x07, 0x87, 0x01,
    0xC7, 0x80, 0xF3, 0xC0, 0x39, 0xC0, 0x1C, 0xE0, 0x0E, 0x70, 0x07, 0xB8, 0x03, 0xDC, 0x01, 0xCE,
    0x00, 0xE7, 0x00, 0x73, 0xC0, 0x38, 0xE0, 0x3C, 0x78, 0x3C, 0x1F, 0xFC, 0x03, 0xFC, 0x00, 0x00,
    0x00, 0x00, 0x3C, 0x00, 0x1C, 0x00, 0x1C, 0x00, 0x1C, 0x00, 0x0C, 0x00, 0x0C, 0x00, 0x00, 0x00,
    0x00, 0x00, 0x07, 0xF0, 0x0F, 0xFE, 0x0F, 0x07, 0x87, 0x01, 0xC7, 0x80, 0xF3, 0xC0, 0x39, 0xC0,
    0x1C, 0xE0, 0x0E, 0x70, 0x07, 0xB8, 0x03, 0xDC, 0x01, 0xCE, 0x00, 0xE7, 0x00, 0x73, 0xC0, 0x38,
    0xE0, 0x3C, 0x78, 0x3C, 0x1F, 0xFC, 0x03, 0xFC, 0x00, 0x00, 0x00, 0x01, 0xC0, 0x01, 0xF0, 0x00,
    0xF8, 0x00, 0xEE, 0x00, 0xE3, 0x80, 0x60, 0xC0, 0x00, 0x00, 0x00, 0x00, 0x07, 0xF0, 0x0F, 0xFE,
    0x0F, 0x07, 0x87, 0x01, 0xC7, 0x80, 0xF3, 0xC0, 0x39, 0xC0, 0x1C, 0xE0, 0x0E, 0x70, 0x07, 0xB8,
    0x03, 0xDC, 0x01, 0xCE, 0x00, 0xE7, 0x00, 0x73, 0xC0, 0x38, 0xE0, 0x3C, 0x78, 0x3C, 0x1F, 0xFC,
    0x03, 0xFC, 0x00, 0x00, 0x00, 0x06, 0x00, 0x07, 0xC2, 0x07, 0xFF, 0x02, 0x3F, 0x81, 0x07, 0x80,
    0x00, 0x00, 0x00, 0x00, 0x0F, 0xE0, 0x1F, 0xFC, 0x1E, 0x0F, 0x0E, 0x03, 0x8F, 0x01, 0xE7, 0x80,
    0x73, 0x80, 0x39, 0xC0, 0x1C, 0xE0, 0x0F, 0x70, 0x07, 0xB8, 0x03, 0x9C, 0x01, 0xCE, 0x00, 0xE7,
    0x80, 0x71, 0xC0, 0x78, 0xF0, 0x78, 0x3F, 0xF8, 0x07, 0xF8, 0x00, 0x00, 0x00, 0x0C, 0x38, 0x07,
    0x1C, 0x03, 0x8E, 0x01, 0xC7, 0x00, 0x00, 0x00, 0x00, 0x00, 0x00, 0x00, 0x0F, 0xE0, 0x1F, 0xFC,
    0x1E, 0x0F, 0x0E, 0x03, 0x8F, 0x01, 0xE7, 0x80, 0x73, 0x80, 0x39, 0xC0, 0x1C, 0xE0, 0x0F, 0x70,
    0x07, 0xB8, 0x03, 0x9C, 0x01, 0xCE, 0x00, 0xE7, 0x80, 0x71, 0xC0, 0x78, 0xF0, 0x78, 0x3F, 0xF8,
    0x07, 0xF8, 0x00, 0x00, 0x00, 0x00, 0x00, 0x07, 0x00, 0x0E, 0x00, 0x1C, 0x00, 0x30, 0x00, 0x00,
    0x00, 0x00, 0x00, 0x00, 0xFF, 0xFF, 0xFF, 0xFC, 0x00, 0x00, 0x00, 0x00, 0x00, 0x00, 0x20, 0x00,
    0xE0, 0x01, 0xC0, 0x03, 0x80, 0x00, 0x00, 0x00, 0x00, 0x00, 0x03, 0x81, 0xFD, 0x83, 0xFF, 0x83,
    0xC1, 0xE1, 0xC0, 0xF1, 0xE0, 0xFC, 0xF0, 0x6E, 0x70, 0x67, 0x38, 0x33, 0x9C, 0x31, 0xEE, 0x38,
    0xF7, 0x18, 0x73, 0x98, 0x39, 0xDC, 0x1C, 0xFC, 0x0E, 0x3C, 0x0F, 0x1E, 0x0F, 0x07, 0xFF, 0x07,
    0xFF, 0x03, 0x00, 0x00, 0x00, 0x00, 0x07, 0x80, 0x00, 0x1C, 0x00, 0x00, 0xF0, 0x00, 0x03, 0x80,
    0x00, 0x06, 0x00, 0x00, 0x18, 0x00, 0x00, 0x00, 0x00, 0x00, 0x00, 0x7E, 0x0F, 0xC3, 0xF0, 0x7E,
    0x07, 0x80, 0xF0, 0x3C, 0x07, 0x81, 0xE0, 0x3C, 0x0F, 0x01, 0xE0, 0x78, 0x0F, 0x03, 0xC0, 0x78,
    0x1E, 0x03, 0xC0, 0xF0, 0x1E, 0x07, 0x80, 0xF0, 0x3C, 0x07, 0x81, 0xE0, 0x3C, 0x07, 0x01, 0xE0,
    0x38, 0x1F, 0x01, 0xE1, 0xF8, 0x07, 0xFD, 0xF0, 0x1F, 0xCF, 0xC0, 0x00, 0x00, 0x00, 0x0E, 0x00,
    0x00, 0xF0, 0x00, 0x07, 0x00, 0x00, 0x70, 0x00, 0x07, 0x00, 0x00, 0x30, 0x00, 0x00, 0x00, 0x00,
    0x00, 0x00, 0x7E, 0x0F, 0xC3, 0xF0, 0x7E, 0x07, 0x80, 0xF0, 0x3C, 0x07, 0x81, 0xE0, 0x3C, 0x0F,
    0x01, 0xE0, 0x78, 0x0F, 0x03, 0xC0, 0x78, 0x1E, 0x03, 0xC0, 0xF0, 0x1E, 0x07, 0x80, 0xF0, 0x3C,
    0x07, 0x81, 0xE0, 0x3C, 0x07, 0x01, 0xE0, 0x38, 0x1F, 0x01, 0xE1, 0xF8, 0x07, 0xFD, 0xF0, 0x1F,
    0xCF, 0xC0, 0x00, 0x00, 0x00, 0x70, 0x00, 0x07, 0xC0, 0x00, 0x3E, 0x00, 0x03, 0xB8, 0x00, 0x38,
    0xE0, 0x01, 0x83, 0x00, 0x00, 0x00, 0x00, 0x00, 0x00, 0x7E, 0x0F, 0xC3, 0xF0, 0x7E, 0x07, 0x80,
    0xF0, 0x3C, 0x07, 0x81, 0xE0, 0x3C, 0x0F, 0x01, 0xE0, 0x78, 0x0F, 0x03, 0xC0, 0x78, 0x1E, 0x03,
    0xC0, 0xF0, 0x1E, 0x07, 0x80, 0xF0, 0x3C, 0x07, 0x81, 0xE0, 0x3C, 0x07, 0x01, 0xE0, 0x38, 0x1F,
    0x01, 0xE1, 0xF8, 0x07, 0xFD, 0xF0, 0x1F, 0xCF, 0xC0, 0x00, 0x00, 0x03, 0x86, 0x00, 0x1C, 0x70,
    0x00, 0xE3, 0x80, 0x07, 0x1C, 0x00, 0x00, 0x00, 0x00, 0x00, 0x00, 0x00, 0x00, 0x0F, 0xC1, 0xF8,
    0x7E, 0x0F, 0xC0, 0xF0, 0x1E, 0x07, 0x80, 0xF0, 0x3C, 0x07, 0x81, 0xE0, 0x3C, 0x0F, 0x01, 0xE0,
    0x78, 0x0F, 0x03, 0xC0, 0x78, 0x1E, 0x03, 0xC0, 0xF0, 0x1E, 0x07, 0x80, 0xF0, 0x3C, 0x07, 0x80,
    0xE0, 0x3C, 0x07, 0x03, 0xE0, 0x3C, 0x3F, 0x00, 0xFF, 0xBE, 0x03, 0xF9, 0xF8, 0x00, 0x00, 0x00,
    0x00, 0x1C, 0x00, 0x07, 0x80, 0x00, 0xE0, 0x00, 0x38, 0x00, 0x06, 0x00, 0x01, 0x80, 0x00, 0x00,
    0x00, 0x00, 0x00, 0xFF, 0x0F, 0xFF, 0xE1, 0xFC, 0xF0, 0x0E, 0x0E, 0x01, 0xC1, 0xC0, 0x30, 0x3C,
    0x0E, 0x03, 0x81, 0x80, 0x78, 0x30, 0x07, 0x0E, 0x00, 0xF1, 0x80, 0x0E, 0x30, 0x01, 0xCE, 0x00,
    0x3D, 0x80, 0x03, 0xB0, 0x00, 0x7E, 0x00, 0x07, 0x80, 0x00, 0xF0, 0x00, 0x1C, 0x00, 0x03, 0x80,
    0x00, 0x70, 0x00, 0x0C, 0x00, 0x03, 0x80, 0x00, 0xE0, 0x00, 0x3C, 0x00, 0x7F, 0x00, 0x0F, 0x80,
    0x00, 0x00, 0x00, 0x1F, 0xC0, 0x00, 0x78, 0x00, 0x0F, 0x00, 0x01, 0xE0, 0x00, 0x3C, 0x00, 0x07,
    0x80, 0x00, 0xF0, 0x00, 0x1E, 0x7E, 0x03, 0xDF, 0xF0, 0x7E, 0x1E, 0x0F, 0x81, 0xE1, 0xE0, 0x1C,
    0x3C, 0x03, 0x87, 0x80, 0x78, 0xF0, 0x0F, 0x1E, 0x01, 0xE3, 0xC0, 0x3C, 0x78, 0x07, 0x8F, 0x00,
    0xF1, 0xE0, 0x1C, 0x3C, 0x03, 0x87, 0xC0, 0xF0, 0xFC, 0x3C, 0x1F, 0xFF, 0x83, 0xCF, 0xC0, 0x78,
    0x00, 0x0F, 0x00, 0x01, 0xE0, 0x00, 0x3C, 0x00, 0x07, 0x80, 0x00, 0xF0, 0x00, 0x7F, 0x80, 0x1F,
    0xF8, 0x00, 0x03, 0x0C, 0x00, 0xF3, 0xC0, 0x1E, 0x78, 0x03, 0x86, 0x00, 0x00, 0x00, 0x00, 0x00,
    0x00, 0x00, 0x07, 0xF8, 0x7F, 0xFF, 0x0F, 0xE7, 0x80, 0x70, 0x70, 0x0E, 0x0E, 0x01, 0x81, 0xE0,
    0x70, 0x1C, 0x0C, 0x03, 0xC1, 0x80, 0x38, 0x70, 0x07, 0x8C, 0x00, 0x71, 0x80, 0x0E, 0x70, 0x01,
    0xEC, 0x00, 0x1D, 0x80, 0x03, 0xF0, 0x00, 0x3C, 0x00, 0x07, 0x80, 0x00, 0xE0, 0x00, 0x1C, 0x00,
    0x03, 0x80, 0x00, 0x60, 0x00, 0x1C, 0x00, 0x07, 0x00, 0x01, 0xE0, 0x03, 0xF8, 0x00, 0x7C, 0x00,
    0x00, 0x01, 0xFF, 0x00, 0x01, 0xFF, 0x80, 0x01, 0xFF, 0x00, 0x00, 0x00, 0x00, 0x00, 0x00, 0x00,
    0x00, 0x38, 0x00, 0x00, 0x3C, 0x00, 0x00, 0x3C, 0x00, 0x00, 0x7E, 0x00, 0x00, 0x7E, 0x00, 0x00,
    0xEE, 0x00, 0x00, 0xCF, 0x00, 0x00, 0xCF, 0x00, 0x01, 0xC7, 0x00, 0x01, 0x87, 0x80, 0x01, 0x87,
    0x80, 0x03, 0x83, 0x80, 0x03, 0x03, 0xC0, 0x07, 0x03, 0xC0, 0x07, 0xFF, 0xE0, 0x07, 0xFF, 0xE0,
    0x0E, 0x00, 0xE0, 0x0C, 0x00, 0xF0, 0x0C, 0x00, 0xF0, 0x1C, 0x00, 0x70, 0x18, 0x00, 0x78, 0x38,
    0x00, 0x78, 0xFF, 0x01, 0xFE, 0xFF, 0x03, 0xFF, 0x1F, 0xF8, 0x0F, 0xFC, 0x07, 0xFE, 0x00, 0x00,
    0x00, 0x00, 0x00, 0x7F, 0x80, 0xFF, 0xE0, 0x78, 0x78, 0x38, 0x1C, 0x0C, 0x0E, 0x00, 0x07, 0x00,
    0x03, 0x80, 0x07, 0xC0, 0xFF, 0xE0, 0xF8, 0x70, 0xF0, 0x38, 0x70, 0x1C, 0x38, 0x0E, 0x1C, 0x07,
    0x0E, 0x07, 0x87, 0x87, 0xC1, 0xFE, 0xF8, 0x7E, 0x3C, 0x00, 0x00, 0x01, 0x81, 0x00, 0x01, 0x83,
    0x00, 0x01, 0xFF, 0x00, 0x00, 0xFE, 0x00, 0x00, 0x7C, 0x00, 0x00, 0x00, 0x00, 0x00, 0x00, 0x00,
    0x00, 0x38, 0x00, 0x00, 0x3C, 0x00, 0x00, 0x3C, 0x00, 0x00, 0x7E, 0x00, 0x00, 0x7E, 0x00, 0x00,
    0xEE, 0x00, 0x00, 0xCF, 0x00, 0x00, 0xCF, 0x00, 0x01, 0xC7, 0x00, 0x01, 0x87, 0x80, 0x01, 0x87,
    0x80, 0x03, 0x83, 0x80, 0x03, 0x03, 0xC0, 0x07, 0x03, 0xC0, 0x07, 0xFF, 0xE0, 0x07, 0xFF, 0xE0,
    0x0E, 0x00, 0xE0, 0x0C, 0x00, 0xF0, 0x0C, 0x00, 0xF0, 0x1C, 0x00, 0x70, 0x18, 0x00, 0x78, 0x38,
    0x00, 0x78, 0xFF, 0x01, 0xFE, 0xFF, 0x03, 0xFF, 0x08, 0x18, 0x06, 0x0C, 0x03, 0xFC, 0x00, 0xFE,
    0x00, 0x3C, 0x00, 0x00, 0x00, 0x00, 0x00, 0x1F, 0xE0, 0x3F, 0xF8, 0x1E, 0x1E, 0x0E, 0x07, 0x03,
    0x03, 0x80, 0x01, 0xC0, 0x00, 0xE0, 0x01, 0xF0, 0x3F, 0xF8, 0x3E, 0x1C, 0x3C, 0x0E, 0x1C, 0x07,
    0x0E, 0x03, 0x87, 0x01, 0xC3, 0x81, 0xE1, 0xE1, 0xF0, 0x7F, 0xBE, 0x1F, 0x8F, 0x00, 0x00, 0x00,
    0x00, 0x38, 0x00, 0x00, 0x3C, 0x00, 0x00, 0x3C, 0x00, 0x00, 0x7E, 0x00, 0x00, 0x7E, 0x00, 0x00,
    0xEE, 0x00, 0x00, 0xCF, 0x00, 0x00, 0xCF, 0x00, 0x01, 0xC7, 0x00, 0x01, 0x87, 0x80, 0x01, 0x87,
    0x80, 0x03, 0x83, 0x80, 0x03, 0x03, 0xC0, 0x07, 0x03, 0xC0, 0x07, 0xFF, 0xE0, 0x07, 0xFF, 0xE0,
    0x0E, 0x00, 0xE0, 0x0C, 0x00, 0xF0, 0x0C, 0x00, 0xF0, 0x1C, 0x00, 0x70, 0x18, 0x00, 0x78, 0x38,
    0x00, 0x78, 0xFF, 0x01, 0xFE, 0xFF, 0x03, 0xFF, 0x00, 0x00, 0x30, 0x00, 0x00, 0x60, 0x00, 0x00,
    0xE0, 0x00, 0x01, 0xC0, 0x00, 0x01, 0xC0, 0x00, 0x01, 0xE0, 0x00, 0x00, 0xFE, 0x00, 0x00, 0x7C,
    0x00, 0x00, 0x07, 0xF8, 0x0F, 0xFE, 0x07, 0x87, 0x83, 0x81, 0xC0, 0xC0, 0xE0, 0x00, 0x70, 0x00,
    0x38, 0x00, 0x7C, 0x0F, 0xFE, 0x0F, 0x87, 0x0F, 0x03, 0x87, 0x01, 0xC3, 0x80, 0xE1, 0xC0, 0x70,
    0xE0, 0x78, 0x78, 0x7C, 0x1F, 0xEF, 0x87, 0xE3, 0xC0, 0x07, 0x00, 0x07, 0x00, 0x07, 0x00, 0x03,
    0x80, 0x01, 0xC0, 0x00, 0xF0, 0x00, 0x7F, 0x00, 0x0F, 0x80, 0x00, 0x07, 0x00, 0x01, 0xE0, 0x00,
    0x78, 0x00, 0x0E, 0x00, 0x03, 0x80, 0x00, 0x60, 0x00, 0x00, 0x00, 0x00, 0x00, 0x01, 0xFF, 0x00,
    0xFF, 0xF8, 0x3C, 0x0F, 0x0F, 0x00, 0xE1, 0xC0, 0x1C, 0x78, 0x03, 0x0E, 0x00, 0x03, 0xC0, 0x00,
    0x78, 0x00, 0x0F, 0x00, 0x01, 0xE0, 0x00, 0x3C, 0x00, 0x07, 0x80, 0x00, 0xF0, 0x00, 0x1E, 0x00,
    0x03, 0xC0, 0x00, 0x78, 0x00, 0x07, 0x80, 0x00, 0xF0, 0x00, 0x1E, 0x00, 0x21, 0xE0, 0x0C, 0x1F,
    0x03, 0x81, 0xFF, 0xE0, 0x1F, 0xF8, 0x00, 0x00, 0x00, 0x00, 0x38, 0x00, 0xF0, 0x03, 0xC0, 0x07,
    0x00, 0x1C, 0x00, 0x20, 0x00, 0x00, 0x00, 0x00, 0x07, 0xF0, 0x3F, 0xF8, 0xF0, 0xF1, 0xC0, 0xE7,
    0x81, 0xCE, 0x00, 0x1C, 0x00, 0x38, 0x00, 0x70, 0x00, 0xE0, 0x01, 0xC0, 0x03, 0x80, 0x07, 0x80,
    0x0F, 0x00, 0x0E, 0x01, 0x1F, 0x06, 0x1F, 0xFC, 0x1F, 0xF0, 0x00, 0x00, 0x00, 0x38, 0x00, 0x0F,
    0x80, 0x03, 0xF0, 0x00, 0x77, 0x00, 0x1C, 0x70, 0x06, 0x06, 0x00, 0x00, 0x00, 0x00, 0x00, 0x01,
    0xFF, 0x00, 0xFF, 0xF8, 0x3C, 0x0F, 0x0F, 0x00, 0xE1, 0xC0, 0x1C, 0x78, 0x03, 0x0E, 0x00, 0x03,
    0xC0, 0x00, 0x78, 0x00, 0x0F, 0x00, 0x01, 0xE0, 0x00, 0x3C, 0x00, 0x07, 0x80, 0x00, 0xF0, 0x00,
    0x1E, 0x00, 0x03, 0xC0, 0x00, 0x78, 0x00, 0x07, 0x80, 0x00, 0xF0, 0x00, 0x1E, 0x00, 0x21, 0xE0,
    0x0C, 0x1F, 0x03, 0x81, 0xFF, 0xE0, 0x1F, 0xF8, 0x00, 0x00, 0x00, 0x01, 0xC0, 0x07, 0xC0, 0x1F,
    0x80, 0x3B, 0x80, 0xE3, 0x81, 0x03, 0x00, 0x00, 0x00, 0x00, 0x07, 0xF0, 0x3F, 0xF8, 0xF0, 0xF1,
    0xC0, 0xE7, 0x81, 0xCE, 0x00, 0x1C, 0x00, 0x38, 0x00, 0x70, 0x00, 0xE0, 0x01, 0xC0, 0x03, 0x80,
    0x07, 0x80, 0x0F, 0x00, 0x0E, 0x01, 0x1F, 0x06, 0x1F, 0xFC, 0x1F, 0xF0, 0x00, 0x00, 0x00, 0x00,
    0x00, 0x07, 0x00, 0x01, 0xE0, 0x00, 0x1C, 0x00, 0x03, 0x80, 0x00, 0x00, 0x00, 0x00, 0x00, 0x00,
    0x00, 0x01, 0xFF, 0x00, 0xFF, 0xF8, 0x3C, 0x0F, 0x0F, 0x00, 0xE1, 0xC0, 0x1C, 0x78, 0x03, 0x0E,
    0x00, 0x03, 0xC0, 0x00, 0x78, 0x00, 0x0F, 0x00, 0x01, 0xE0, 0x00, 0x3C, 0x00, 0x07, 0x80, 0x00,
    0xF0, 0x00, 0x1E, 0x00, 0x03, 0xC0, 0x00, 0x78, 0x00, 0x07, 0x80, 0x00, 0xF0, 0x00, 0x1E, 0x00,
    0x21, 0xE0, 0x0C, 0x1F, 0x03, 0x81, 0xFF, 0xE0, 0x1F, 0xF8, 0x00, 0x00, 0x00, 0x00, 0x00, 0x03,
    0x80, 0x0F, 0x00, 0x0E, 0x00, 0x1C, 0x00, 0x00, 0x00, 0x00, 0x00, 0x00, 0x07, 0xF0, 0x3F, 0xF8,
    0xF0, 0xF1, 0xC0, 0xE7, 0x81, 0xCE, 0x00, 0x1C, 0x00, 0x38, 0x00, 0x70, 0x00, 0xE0, 0x01, 0xC0,
    0x03, 0x80, 0x07, 0x80, 0x0F, 0x00, 0x0E, 0x01, 0x1F, 0x06, 0x1F, 0xFC, 0x1F, 0xF0, 0x00, 0x00,
    0x03, 0x03, 0x00, 0x70, 0xE0, 0x07, 0x38, 0x00, 0x7E, 0x00, 0x07, 0x80, 0x00, 0xF0, 0x00, 0x00,
    0x00, 0x00, 0x00, 0x01, 0xFF, 0x00, 0xFF, 0xF8, 0x3C, 0x0F, 0x0F, 0x00, 0xE1, 0xC0, 0x1C, 0x78,
    0x03, 0x0E, 0x00, 0x03, 0xC0, 0x00, 0x78, 0x00, 0x0F, 0x00, 0x01, 0xE0, 0x00, 0x3C, 0x00, 0x07,
    0x80, 0x00, 0xF0, 0x00, 0x1E, 0x00, 0x03, 0xC0, 0x00, 0x78, 0x00, 0x07, 0x80, 0x00, 0xF0, 0x00,
    0x1E, 0x00, 0x21, 0xE0, 0x0C, 0x1F, 0x03, 0x81, 0xFF, 0xE0, 0x1F, 0xF8, 0x00, 0x00, 0x00, 0x08,
    0x08, 0x18, 0x70, 0x19, 0xC0, 0x3F, 0x00, 0x3E, 0x00, 0x38, 0x00, 0x00, 0x00, 0x00, 0x07, 0xF0,
    0x3F, 0xF8, 0xF0, 0xF1, 0xC0, 0xE7, 0x81, 0xCE, 0x00, 0x1C, 0x00, 0x38, 0x00, 0x70, 0x00, 0xE0,
    0x01, 0xC0, 0x03, 0x80, 0x07, 0x80, 0x0F, 0x00, 0x0E, 0x01, 0x1F, 0x06, 0x1F, 0xFC, 0x1F, 0xF0,
    0x00, 0x00, 0x06, 0x06, 0x00, 0x1C, 0x38, 0x00, 0x39, 0xC0, 0x00, 0x7E, 0x00, 0x00, 0xF0, 0x00,
    0x03, 0xC0, 0x00, 0x00, 0x00, 0x00, 0x00, 0x00, 0xFF, 0xFC, 0x03, 0xFF, 0xFC, 0x01, 0xE0, 0x7C,
    0x07, 0x80, 0x78, 0x1E, 0x01, 0xF0, 0x78, 0x03, 0xC1, 0xE0, 0x07, 0x87, 0x80, 0x1E, 0x1E, 0x00,
    0x78, 0x78, 0x01, 0xE1, 0xE0, 0x07, 0x87, 0x80, 0x1E, 0x1E, 0x00, 0x78, 0x78, 0x01, 0xE1, 0xE0,
    0x07, 0x87, 0x80, 0x1E, 0x1E, 0x00, 0x78, 0x78, 0x01, 0xE1, 0xE0, 0x0F, 0x07, 0x80, 0x3C, 0x1E,
    0x01, 0xE0, 0x78, 0x1F, 0x07, 0xFF, 0xF8, 0x3F, 0xFF, 0x80, 0x00, 0x00, 0x00, 0x00, 0xFC, 0xE0,
    0x00, 0xF3, 0x80, 0x03, 0xCC, 0x00, 0x07, 0x30, 0x00, 0x1C, 0x80, 0x00, 0x70, 0x00, 0x01, 0xC0,
    0x0F, 0xE7, 0x00, 0x7F, 0xDC, 0x03, 0xC3, 0xF0, 0x0E, 0x07, 0xC0, 0x78, 0x0F, 0x01, 0xE0, 0x3C,
    0x07, 0x00, 0xF0, 0x1C, 0x01, 0xC0, 0x70, 0x07, 0x01, 0xC0, 0x1C, 0x07, 0x00, 0x70, 0x1C, 0x03,
    0xC0, 0x70, 0x0F, 0x01, 0xE0, 0x3C, 0x03, 0x80, 0xF0, 0x0F, 0x07, 0xC0, 0x1F, 0xF7, 0xC0, 0x3F,
    0x9F, 0x80, 0x00, 0x00, 0x00, 0xFF, 0xFC, 0x03, 0xFF, 0xFC, 0x01, 0xE0, 0x7C, 0x07, 0x80, 0x78,
    0x1E, 0x01, 0xF0, 0x78, 0x03, 0xC1, 0xE0, 0x07, 0x87, 0x80, 0x1E, 0x1E, 0x00, 0x78, 0x78, 0x01,
    0xE1, 0xE0, 0x07, 0xBF, 0xFE, 0x1E, 0x7F, 0xF0, 0x78, 0x78, 0x01, 0xE1, 0xE0, 0x07, 0x87, 0x80,
    0x1E, 0x1E, 0x00, 0x78, 0x78, 0x01, 0xE1, 0xE0, 0x0F, 0x07, 0x80, 0x3C, 0x1E, 0x01, 0xE0, 0x78,
    0x1F, 0x07, 0xFF, 0xF8, 0x3F, 0xFF, 0x80, 0x00, 0x00, 0x00, 0x07, 0xE0, 0x00, 0x3C, 0x00, 0x07,
    0x80, 0x00, 0xF0, 0x03, 0xFF, 0xC0, 0x03, 0xC0, 0x00, 0x38, 0x03, 0x87, 0x01, 0xFC, 0xE0, 0x7F,
    0xDC, 0x1E, 0x0F, 0x87, 0x80, 0xF0, 0xF0, 0x1E, 0x1C, 0x03, 0xC3, 0x80, 0x38, 0x70, 0x07, 0x0E,
    0x00, 0xE1, 0xC0, 0x1C, 0x38, 0x07, 0x87, 0x00, 0xF0, 0xF0, 0x1E, 0x0E, 0x03, 0xC1, 0xE0, 0xF8,
    0x1F, 0xF7, 0xC1, 0xFC, 0xFC, 0x00, 0x00, 0x00, 0x07, 0xFC, 0x00, 0xFF, 0xC0, 0x1F, 0xF0, 0x00,
    0x00, 0x00, 0x00, 0x01, 0xFF, 0xFF, 0x3F, 0xFF, 0xE0, 0xF0, 0x1C, 0x1E, 0x01, 0x83, 0xC0, 0x30,
    0x78, 0x06, 0x0F, 0x00, 0x01, 0xE0, 0x00, 0x3C, 0x00, 0x07, 0x80, 0x00, 0xF0, 0x00, 0x1F, 0xFE,
    0x03, 0xFF, 0x80, 0x78, 0x00, 0x0F, 0x00, 0x01, 0xE0, 0x00, 0x3C, 0x00, 0x07, 0x80, 0x00, 0xF0,
    0x02, 0x1E, 0x00, 0xC3, 0xC0, 0x18, 0x78, 0x07, 0x3F, 0xFF, 0xEF, 0xFF, 0xFC, 0x0F, 0xF8, 0x1F,
    0xF8, 0x0F, 0xF8, 0x00, 0x00, 0x00, 0x00, 0x07, 0xF0, 0x1F, 0xF8, 0x3C, 0x3C, 0x38, 0x1E, 0x78,
    0x1E, 0x78, 0x0E, 0x70, 0x0E, 0x7F, 0xFE, 0x7F, 0xFE, 0x70, 0x00, 0x70, 0x00, 0x70, 0x00, 0x78,
    0x00, 0x78, 0x00, 0x38, 0x04, 0x3E, 0x0C, 0x1F, 0xFC, 0x07, 0xF8, 0x00, 0x00, 0x04, 0x0C, 0x00,
    0xC1, 0x80, 0x1F, 0xF0, 0x01, 0xFC, 0x00, 0x1F, 0x00, 0x00, 0x00, 0x00, 0x00, 0x07, 0xFF, 0xFC,
    0xFF, 0xFF, 0x83, 0xC0, 0x70, 0x78, 0x06, 0x0F, 0x00, 0xC1, 0xE0, 0x18, 0x3C, 0x00, 0x07, 0x80,
    0x00, 0xF0, 0x00, 0x1E, 0x00, 0x03, 0xC0, 0x00, 0x7F, 0xF8, 0x0F, 0xFE, 0x01, 0xE0, 0x00, 0x3C,
    0x00, 0x07, 0x80, 0x00, 0xF0, 0x00, 0x1E, 0x00, 0x03, 0xC0, 0x08, 0x78, 0x03, 0x0F, 0x00, 0x61,
    0xE0, 0x1C, 0xFF, 0xFF, 0xBF, 0xFF, 0xF0, 0x08, 0x18, 0x0C, 0x18, 0x0F, 0xF0, 0x07, 0xF0, 0x03,
    0xC0, 0x00, 0x00, 0x00, 0x00, 0x07, 0xF0, 0x1F, 0xF8, 0x3C, 0x3C, 0x38, 0x1E, 0x78, 0x1E, 0x78,
    0x0E, 0x70, 0x0E, 0x7F, 0xFE, 0x7F, 0xFE, 0x70, 0x00, 0x70, 0x00, 0x70, 0x00, 0x78, 0x00, 0x78,
    0x00, 0x38, 0x04, 0x3E, 0x0C, 0x1F, 0xFC, 0x07, 0xF8, 0x00, 0x00, 0x00, 0x00, 0x00, 0x1C, 0x00,
    0x03, 0xC0, 0x00, 0x78, 0x00, 0x0E, 0x00, 0x00, 0x00, 0x00, 0x00, 0x07, 0xFF, 0xFC, 0xFF, 0xFF,
    0x83, 0xC0, 0x70, 0x78, 0x06, 0x0F, 0x00, 0xC1, 0xE0, 0x18, 0x3C, 0x00, 0x07, 0x80, 0x00, 0xF0,
    0x00, 0x1E, 0x00, 0x03, 0xC0, 0x00, 0x7F, 0xF8, 0x0F, 0xFE, 0x01, 0xE0, 0x00, 0x3C, 0x00, 0x07,
    0x80, 0x00, 0xF0, 0x00, 0x1E, 0x00, 0x03, 0xC0, 0x08, 0x78, 0x03, 0x0F, 0x00, 0x61, 0xE0, 0x1C,
    0xFF, 0xFF, 0xBF, 0xFF, 0xF0, 0x00, 0x00, 0x03, 0xC0, 0x03, 0xC0, 0x03, 0xC0, 0x01, 0x80, 0x00,
    0x00, 0x00, 0x00, 0x00, 0x00, 0x07, 0xF0, 0x1F, 0xF8, 0x3C, 0x3C, 0x38, 0x1E, 0x78, 0x1E, 0x78,
    0x0E, 0x70, 0x0E, 0x7F, 0xFE, 0x7F, 0xFE, 0x70, 0x00, 0x70, 0x00, 0x70, 0x00, 0x78, 0x00, 0x78,
    0x00, 0x38, 0x04, 0x3E, 0x0C, 0x1F, 0xFC, 0x07, 0xF8, 0x00, 0x00, 0xFF, 0xFF, 0x9F, 0xFF, 0xF0,
    0x78, 0x0E, 0x0F, 0x00, 0xC1, 0xE0, 0x18, 0x3C, 0x03, 0x07, 0x80, 0x00, 0xF0, 0x00, 0x1E, 0x00,
    0x03, 0xC0, 0x00, 0x78, 0x00, 0x0F, 0xFF, 0x01, 0xFF, 0xC0, 0x3C, 0x00, 0x07, 0x80, 0x00, 0xF0,
    0x00, 0x1E, 0x00, 0x03, 0xC0, 0x00, 0x78, 0x01, 0x0F, 0x00, 0x61, 0xE0, 0x0C, 0x3C, 0x03, 0x9F,
    0xFF, 0xF7, 0xFF, 0xFE, 0x00, 0x07, 0x00, 0x01, 0x80, 0x00, 0x70, 0x00, 0x0C, 0x00, 0x03, 0x80,
    0x00, 0x38, 0x00, 0x07, 0xF0, 0x00, 0x7E, 0x00, 0x00, 0x07, 0xF0, 0x1F, 0xF8, 0x3C, 0x3C, 0x38,
    0x1E, 0x78, 0x1E, 0x78, 0x0E, 0x70, 0x0E, 0x7F, 0xFE, 0x7F, 0xFE, 0x70, 0x00, 0x70, 0x00, 0x70,
    0x00, 0x78, 0x00, 0x78, 0x00, 0x38, 0x04, 0x3E, 0x0C, 0x1F, 0xFC, 0x07, 0xF8, 0x00, 0xE0, 0x01,
    0xC0, 0x01, 0xC0, 0x01, 0xC0, 0x01, 0xC0, 0x01, 0xFC, 0x00, 0xFC, 0x00, 0x30, 0x04, 0x04, 0x00,
    0xC3, 0x80, 0x0C, 0xE0, 0x01, 0xF8, 0x00, 0x1F, 0x00, 0x03, 0xC0, 0x00, 0x00, 0x00, 0x00, 0x00,
    0xFF, 0xFF, 0x9F, 0xFF, 0xF0, 0x78, 0x0E, 0x0F, 0x00, 0xC1, 0xE0, 0x18, 0x3C, 0x03, 0x07, 0x80,
    0x00, 0xF0, 0x00, 0x1E, 0x00, 0x03, 0xC0, 0x00, 0x78, 0x00, 0x0F, 0xFF, 0x01, 0xFF, 0xC0, 0x3C,
    0x00, 0x07, 0x80, 0x00, 0xF0, 0x00, 0x1E, 0x00, 0x03, 0xC0, 0x00, 0x78, 0x01, 0x0F, 0x00, 0x61,
    0xE0, 0x0C, 0x3C, 0x03, 0x9F, 0xFF, 0xF7, 0xFF, 0xFE, 0x18, 0x08, 0x0C, 0x38, 0x0E, 0x70, 0x07,
    0xE0, 0x03, 0xE0, 0x03, 0xC0, 0x00, 0x00, 0x00, 0x00, 0x07, 0xF0, 0x1F, 0xF8, 0x3C, 0x3C, 0x38,
    0x1E, 0x78, 0x1E, 0x78, 0x0E, 0x70, 0x0E, 0x7F, 0xFE, 0x7F, 0xFE, 0x70, 0x00, 0x70, 0x00, 0x70,
    0x00, 0x78, 0x00, 0x78, 0x00, 0x38, 0x04, 0x3E, 0x0C, 0x1F, 0xFC, 0x07, 0xF8, 0x00, 0x00, 0x00,
    0x1C, 0x00, 0x00, 0x78, 0x00, 0x01, 0xF8, 0x00, 0x07, 0xB8, 0x00, 0x0C, 0x30, 0x00, 0x30, 0x30,
    0x00, 0x00, 0x00, 0x00, 0x00, 0x00, 0x00, 0xFF, 0x80, 0x07, 0xFF, 0xC0, 0x1E, 0x07, 0xC0, 0x70,
    0x07, 0x81, 0xC0, 0x0F, 0x07, 0x80, 0x0C, 0x0E, 0x00, 0x00, 0x3C, 0x00, 0x00, 0x78, 0x00, 0x00,
    0xF0, 0x00, 0x01, 0xE0, 0x00, 0x03, 0xC0, 0x00, 0x07, 0x80, 0x00, 0x0F, 0x00, 0xFF, 0x9E, 0x00,
    0xFF, 0x3C, 0x00, 0x78, 0x78, 0x00, 0xF0, 0x70, 0x01, 0xE0, 0xF0, 0x03, 0xC0, 0xE0, 0x07, 0x81,
    0xE0, 0x0F, 0x01, 0xF0, 0x1E, 0x01, 0xFF, 0xFC, 0x00, 0xFF, 0xE0, 0x00, 0x00, 0x00, 0x01, 0xC0,
    0x00, 0xF8, 0x00, 0x3F, 0x00, 0x1D, 0xC0, 0x0E, 0x38, 0x03, 0x03, 0x00, 0x00, 0x00, 0x00, 0x0E,
    0x07, 0xF7, 0xC3, 0xFF, 0xF1, 0xC1, 0xC8, 0x70, 0x70, 0x3C, 0x1E, 0x0F, 0x07, 0x83, 0xC1, 0xE0,
    0xF0, 0x70, 0x1C, 0x1C, 0x07, 0x8F, 0x00, 0xFF, 0x80, 0x3F, 0x00, 0x1C, 0x00, 0x06, 0x00, 0x01,
    0xC0, 0x00, 0x7F, 0xF8, 0x0F, 0xFF, 0x07, 0xFF, 0xC3, 0x80, 0x79, 0xC0, 0x0E, 0x70, 0x03, 0x9C,
    0x00, 0xC7, 0x00, 0x71, 0xE0, 0x38, 0x3F, 0xFC, 0x03, 0xFC, 0x00, 0x01, 0x81, 0x80, 0x01, 0x83,
    0x00, 0x03, 0xFC, 0x00, 0x03, 0xF8, 0x00, 0x03, 0xC0, 0x00, 0x00, 0x00, 0x00, 0x00, 0x00, 0x00,
    0x7F, 0xC0, 0x03, 0xFF, 0xE0, 0x0F, 0x03, 0xE0, 0x38, 0x03, 0xC0, 0xE0, 0x07, 0x83, 0xC0, 0x06,
    0x07, 0x00, 0x00, 0x1E, 0x00, 0x00, 0x3C, 0x00, 0x00, 0x78, 0x00, 0x00, 0xF0, 0x00, 0x01, 0xE0,
    0x00, 0x03, 0xC0, 0x00, 0x07, 0x80, 0x7F, 0xCF, 0x00, 0x7F, 0x9E, 0x00, 0x3C, 0x3C, 0x00, 0x78,
    0x38, 0x00, 0xF0, 0x78, 0x01, 0xE0, 0x70, 0x03, 0xC0, 0xF0, 0x07, 0x80, 0xF8, 0x0F, 0x00, 0xFF,
    0xFE, 0x00, 0x7F, 0xF0, 0x00, 0x00, 0x00, 0x0C, 0x08, 0x03, 0x06, 0x00, 0xFF, 0x80, 0x1F, 0xC0,
    0x03, 0xE0, 0x00, 0x00, 0x00, 0x00, 0x38, 0x1F, 0xDF, 0x0F, 0xFF, 0xC7, 0x07, 0x21, 0xC1, 0xC0,
    0xF0, 0x78, 0x3C, 0x1E, 0x0F, 0x07, 0x83, 0xC1, 0xC0, 0x70, 0x70, 0x1E, 0x3C, 0x03, 0xFE, 0x00,
    0xFC, 0x00, 0x70, 0x00, 0x18, 0x00, 0x07, 0x00, 0x01, 0xFF, 0xE0, 0x3F, 0xFC, 0x1F, 0xFF, 0x0E,
    0x01, 0xE7, 0x00, 0x39, 0xC0, 0x0E, 0x70, 0x03, 0x1C, 0x01, 0xC7, 0x80, 0xE0, 0xFF, 0xF0, 0x0F,
    0xF0, 0x00, 0x00, 0x00, 0x00, 0x00, 0x38, 0x00, 0x00, 0xF0, 0x00, 0x00, 0xE0, 0x00, 0x01, 0xC0,
    0x00, 0x00, 0x00, 0x00, 0x00, 0x00, 0x00, 0x00, 0x00, 0x00, 0xFF, 0x80, 0x07, 0xFF, 0xC0, 0x1E,
    0x07, 0xC0, 0x70, 0x07, 0x81, 0xC0, 0x0F, 0x07, 0x80, 0x0C, 0x0E, 0x00, 0x00, 0x3C, 0x00, 0x00,
    0x78, 0x00, 0x00, 0xF0, 0x00, 0x01, 0xE0, 0x00, 0x03, 0xC0, 0x00, 0x07, 0x80, 0x00, 0x0F, 0x00,
    0xFF, 0x9E, 0x00, 0xFF, 0x3C, 0x00, 0x78, 0x78, 0x00, 0xF0, 0x70, 0x01, 0xE0, 0xF0, 0x03, 0xC0,
    0xE0, 0x07, 0x81, 0xE0, 0x0F, 0x01, 0xF0, 0x1E, 0x01, 0xFF, 0xFC, 0x00, 0xFF, 0xE0, 0x00, 0x00,
    0x00, 0x00, 0x00, 0x00, 0x70, 0x00, 0x1E, 0x00, 0x07, 0x00, 0x01, 0xC0, 0x00, 0x00, 0x00, 0x00,
    0x00, 0x00, 0x0E, 0x07, 0xF7, 0xC3, 0xFF, 0xF1, 0xC1, 0xC8, 0x70, 0x70, 0x3C, 0x1E, 0x0F, 0x07,
    0x83, 0xC1, 0xE0, 0xF0, 0x70, 0x1C, 0x1C, 0x07, 0x8F, 0x00, 0xFF, 0x80, 0x3F, 0x00, 0x1C, 0x00,
    0x06, 0x00, 0x01, 0xC0, 0x00, 0x7F, 0xF8, 0x0F, 0xFF, 0x07, 0xFF, 0xC3, 0x80, 0x79, 0xC0, 0x0E,
    0x70, 0x03, 0x9C, 0x00, 0xC7, 0x00, 0x71, 0xE0, 0x38, 0x3F, 0xFC, 0x03, 0xFC, 0x00, 0x00, 0x00,
    0x00, 0x01, 0xFF, 0x00, 0x0F, 0xFF, 0x80, 0x3C, 0x0F, 0x80, 0xE0, 0x0F, 0x03, 0x80, 0x1E, 0x0F,
    0x00, 0x18, 0x1C, 0x00, 0x00, 0x78, 0x00, 0x00, 0xF0, 0x00, 0x01, 0xE0, 0x00, 0x03, 0xC0, 0x00,
    0x07, 0x80, 0x00, 0x0F, 0x00, 0x00, 0x1E, 0x01, 0xFF, 0x3C, 0x01, 0xFE, 0x78, 0x00, 0xF0, 0xF0,
    0x01, 0xE0, 0xE0, 0x03, 0xC1, 0xE0, 0x07, 0x81, 0xC0, 0x0F, 0x03, 0xC0, 0x1E, 0x03, 0xE0, 0x3C,
    0x03, 0xFF, 0xF8, 0x01, 0xFF, 0xC0, 0x00, 0x00, 0x00, 0x00, 0x00, 0x00, 0x01, 0xE0, 0x00, 0x03,
    0xC0, 0x00, 0x07, 0x00, 0x00, 0x0C, 0x00, 0x00, 0x18, 0x00, 0x00, 0x00, 0x00, 0x00, 0x20, 0x00,
    0x18, 0x00, 0x0E, 0x00, 0x03, 0x80, 0x01, 0xE0, 0x00, 0x70, 0x00, 0x00, 0x00, 0x00, 0x0E, 0x07,
    0xF7, 0xC3, 0xFF, 0xF1, 0xC1, 0xC8, 0x70, 0x70, 0x3C, 0x1E, 0x0F, 0x07, 0x83, 0xC1, 0xE0, 0xF0,
    0x70, 0x1C, 0x1C, 0x07, 0x8F, 0x00, 0xFF, 0x80, 0x3F, 0x00, 0x1C, 0x00, 0x06, 0x00, 0x01, 0xC0,
    0x00, 0x7F, 0xF8, 0x0F, 0xFF, 0x07, 0xFF, 0xC3, 0x80, 0x79, 0xC0, 0x0E, 0x70, 0x03, 0x9C, 0x00,
    0xC7, 0x00, 0x71, 0xE0, 0x38, 0x3F, 0xFC, 0x03, 0xFC, 0x00, 0x00, 0x1C, 0x00, 0x00, 0x1F, 0x00,
    0x00, 0x1F, 0x80, 0x00, 0x0E, 0xE0, 0x00, 0x0E, 0x38, 0x00, 0x0C, 0x0C, 0x00, 0x00, 0x00, 0x00,
    0x00, 0x00, 0x00, 0xFF, 0xC3, 0xFF, 0x7F, 0xE0, 0xFF, 0x87, 0x80, 0x1F, 0x03, 0xC0, 0x0F, 0x01,
    0xE0, 0x07, 0x80, 0xF0, 0x03, 0xC0, 0x78, 0x01, 0xE0, 0x3C, 0x00, 0xF0, 0x1E, 0x00, 0x78, 0x0F,
    0x00, 0x3C, 0x07, 0x80, 0x1E, 0x03, 0xFF, 0xFF, 0x01, 0xFF, 0xFF, 0x80, 0xF0, 0x03, 0xC0, 0x78,
    0x01, 0xE0, 0x3C, 0x00, 0xF0, 0x1E, 0x00, 0x78, 0x0F, 0x00, 0x3C, 0x07, 0x80, 0x1E, 0x03, 0xC0,
    0x0F, 0x01, 0xE0, 0x07, 0x80, 0xF0, 0x03, 0xC1, 0xFF, 0x07, 0xFD, 0xFF, 0x87, 0xFE, 0x00, 0x70,
    0x00, 0x07, 0xC0, 0x00, 0x7E, 0x00, 0x03, 0xB8, 0x00, 0x38, 0xE0, 0x03, 0x03, 0x00, 0x00, 0x00,
    0x1F, 0xC0, 0x00, 0x1E, 0x00, 0x00, 0xF0, 0x00, 0x07, 0x80, 0x00, 0x3C, 0x00, 0x01, 0xE0, 0x00,
    0x0F, 0x00, 0x00, 0x79, 0xF8, 0x03, 0xDF, 0xE0, 0x1F, 0x87, 0x80, 0xF8, 0x1C, 0x07, 0x80, 0xF0,
    0x3C, 0x07, 0x81, 0xE0, 0x3C, 0x0F, 0x01, 0xE0, 0x78, 0x0F, 0x03, 0xC0, 0x78, 0x1E, 0x03, 0xC0,
    0xF0, 0x1E, 0x07, 0x80, 0xF0, 0x3C, 0x07, 0x81, 0xE0, 0x3C, 0x0F, 0x01, 0xE1, 0xFE, 0x0F, 0xDF,
    0xF8, 0x7E, 0xFF, 0xC3, 0xFF, 0x7F, 0xE0, 0xFF, 0x87, 0x80, 0x1F, 0x03, 0xC0, 0x0F, 0x01, 0xE0,
    0x07, 0x80, 0xF0, 0x03, 0xC3, 0xFF, 0xFF, 0xFC, 0xFF, 0xFF, 0xFE, 0x1E, 0x00, 0x78, 0x0F, 0x00,
    0x3C, 0x07, 0x80, 0x1E, 0x03, 0xFF, 0xFF, 0x01, 0xFF, 0xFF, 0x80, 0xF0, 0x03, 0xC0, 0x78, 0x01,
    0xE0, 0x3C, 0x00, 0xF0, 0x1E, 0x00, 0x78, 0x0F, 0x00, 0x3C, 0x07, 0x80, 0x1E, 0x03, 0xC0, 0x0F,
    0x01, 0xE0, 0x07, 0x80, 0xF0, 0x03, 0xC1, 0xFF, 0x07, 0xFD, 0xFF, 0x87, 0xFE, 0x00, 0x00, 0x07,
    0xF0, 0x00, 0x07, 0x80, 0x00, 0x3C, 0x00, 0x01, 0xE0, 0x00, 0x7F, 0xFC, 0x00, 0x78, 0x00, 0x03,
    0xC0, 0x00, 0x1E, 0x38, 0x00, 0xF7, 0xF8, 0x07, 0xFF, 0xE0, 0x3E, 0x0F, 0x01, 0xF0, 0x38, 0x0F,
    0x01, 0xE0, 0x78, 0x0F, 0x03, 0xC0, 0x78, 0x1E, 0x03, 0xC0, 0xF0, 0x1E, 0x07, 0x80, 0xF0, 0x3C,
    0x07, 0x81, 0xE0, 0x3C, 0x0F, 0x01, 0xE0, 0x78, 0x0F, 0x03, 0xC0, 0x78, 0x7F, 0x83, 0xF7, 0xFE,
    0x1F, 0x80, 0x18, 0x03, 0xF1, 0x9F, 0xFD, 0x8F, 0xC8, 0x1C, 0x00, 0x00, 0x00, 0x0F, 0xFC, 0x7F,
    0xE0, 0x78, 0x03, 0xC0, 0x1E, 0x00, 0xF0, 0x07, 0x80, 0x3C, 0x01, 0xE0, 0x0F, 0x00, 0x78, 0x03,
    0xC0, 0x1E, 0x00, 0xF0, 0x07, 0x80, 0x3C, 0x01, 0xE0, 0x0F, 0x00, 0x78, 0x03, 0xC0, 0x1E, 0x00,
    0xF0, 0x1F, 0xF1, 0xFF, 0x80, 0x18, 0x03, 0xF1, 0x9F, 0xFD, 0x8F, 0xC0, 0x1C, 0x00, 0x00, 0x00,
    0x07, 0xE0, 0x3F, 0x00, 0x38, 0x01, 0xC0, 0x0E, 0x00, 0x70, 0x03, 0x80, 0x1C, 0x00, 0xE0, 0x07,
    0x00, 0x38, 0x01, 0xC0, 0x0E, 0x00, 0x70, 0x03, 0x80, 0x1C, 0x07, 0xFC, 0x3F, 0xE0, 0x7F, 0xFF,
    0xF7, 0xFC, 0x00, 0x00, 0x3F, 0xFF, 0xFC, 0x78, 0x1E, 0x07, 0x81, 0xE0, 0x78, 0x1E, 0x07, 0x81,
    0xE0, 0x78, 0x1E, 0x07, 0x81, 0xE0, 0x78, 0x1E, 0x07, 0x81, 0xE0, 0x78, 0x1E, 0x07, 0x81, 0xE1,
    0xFF, 0xFF, 0xC0, 0xFF, 0x9F, 0xFB, 0xFE, 0x00, 0x00, 0x00, 0xFC, 0x1F, 0x80, 0x70, 0x0E, 0x01,
    0xC0, 0x38, 0x07, 0x00, 0xE0, 0x1C, 0x03, 0x80, 0x70, 0x0E, 0x01, 0xC0, 0x38, 0x07, 0x00, 0xE0,
    0xFF, 0x9F, 0xF0, 0xC0, 0xF8, 0x77, 0xF8, 0xFE, 0x1E, 0x00, 0x00, 0x03, 0xFF, 0xFF, 0xC7, 0x81,
    0xE0, 0x78, 0x1E, 0x07, 0x81, 0xE0, 0x78, 0x1E, 0x07, 0x81, 0xE0, 0x78, 0x1E, 0x07, 0x81, 0xE0,
    0x78, 0x1E, 0x07, 0x81, 0xE0, 0x78, 0x1E, 0x1F, 0xFF, 0xFC, 0xC0, 0xDC, 0x39, 0xFE, 0x3F, 0xC1,
    0xE0, 0x00, 0x00, 0x03, 0xF0, 0x7E, 0x01, 0xC0, 0x38, 0x07, 0x00, 0xE0, 0x1C, 0x03, 0x80, 0x70,
    0x0E, 0x01, 0xC0, 0x38, 0x07, 0x00, 0xE0, 0x1C, 0x03, 0x83, 0xFE, 0x7F, 0xC0, 0xFF, 0xFF, 0xF1,
    0xE0, 0x78, 0x1E, 0x07, 0x81, 0xE0, 0x78, 0x1E, 0x07, 0x81, 0xE0, 0x78, 0x1E, 0x07, 0x81, 0xE0,
    0x78, 0x1E, 0x07, 0x81, 0xE0, 0x78, 0x1E, 0x07, 0x87, 0xFF, 0xFF, 0x0E, 0x07, 0x03, 0x80, 0xE0,
    0x38, 0x0F, 0x03, 0xF8, 0x3E, 0x00, 0x01, 0xC0, 0x78, 0x0F, 0x00, 0xE0, 0x00, 0x00, 0x00, 0x00,
    0x7E, 0x0F, 0xC0, 0x38, 0x07, 0x00, 0xE0, 0x1C, 0x03, 0x80, 0x70, 0x0E, 0x01, 0xC0, 0x38, 0x07,
    0x00, 0xE0, 0x1C, 0x03, 0x80, 0x70, 0x7F, 0xCF, 0xF8, 0x18, 0x0E, 0x01, 0x80, 0x70, 0x0E, 0x01,
    0xE0, 0x1F, 0x81, 0xF0, 0x00, 0x07, 0x81, 0xE0, 0x78, 0x0C, 0x00, 0x00, 0x00, 0x00, 0xFF, 0xFF,
    0xF1, 0xE0, 0x78, 0x1E, 0x07, 0x81, 0xE0, 0x78, 0x1E, 0x07, 0x81, 0xE0, 0x78, 0x1E, 0x07, 0x81,
    0xE0, 0x78, 0x1E, 0x07, 0x81, 0xE0, 0x78, 0x1E, 0x07, 0x87, 0xFF, 0xFF, 0x7E, 0x0F, 0xC0, 0x38,
    0x07, 0x00, 0xE0, 0x1C, 0x03, 0x80, 0x70, 0x0E, 0x01, 0xC0, 0x38, 0x07, 0x00, 0xE0, 0x1C, 0x03,
    0x80, 0x70, 0x7F, 0xCF, 0xF8, 0xFF, 0xCF, 0xFB, 0xFF, 0x3F, 0xE1, 0xE0, 0x3E, 0x07, 0x80, 0x70,
    0x1E, 0x01, 0xC0, 0x78, 0x07, 0x01, 0xE0, 0x1C, 0x07, 0x80, 0x70, 0x1E, 0x01, 0xC0, 0x78, 0x07,
    0x01, 0xE0, 0x1C, 0x07, 0x80, 0x70, 0x1E, 0x01, 0xC0, 0x78, 0x07, 0x01, 0xE0, 0x1C, 0x07, 0x80,
    0x70, 0x1E, 0x01, 0xC0, 0x78, 0x07, 0x01, 0xE0, 0x1C, 0x07, 0x80, 0x70, 0x1E, 0x01, 0xC0, 0x78,
    0x07, 0x07, 0xFC, 0x1C, 0x3F, 0xF0, 0x70, 0x00, 0x01, 0xC0, 0x00, 0x07, 0x00, 0x00, 0x3C, 0x00,
    0x00, 0xF0, 0x00, 0x03, 0x80, 0x00, 0x1E, 0x00, 0x03, 0xF0, 0x00, 0x0F, 0x00, 0x00, 0x00, 0x03,
    0x80, 0xE1, 0xE0, 0x3C, 0x78, 0x0F, 0x0E, 0x03, 0x80, 0x00, 0x00, 0x00, 0x00, 0x00, 0x00, 0x7E,
    0x1F, 0x9F, 0x83, 0xF0, 0xE0, 0x3C, 0x38, 0x0F, 0x0E, 0x03, 0xC3, 0x80, 0xF0, 0xE0, 0x3C, 0x38,
    0x0F, 0x0E, 0x03, 0xC3, 0x80, 0xF0, 0xE0, 0x3C, 0x38, 0x0F, 0x0E, 0x03, 0xC3, 0x80, 0xF0, 0xE0,
    0x3C, 0x38, 0x0F, 0x7F, 0xC3, 0xDF, 0xF0, 0xF0, 0x00, 0x3C, 0x00, 0x0E, 0x00, 0x03, 0x80, 0x00,
    0xE0, 0x00, 0x78, 0x00, 0x1C, 0x00, 0x3F, 0x00, 0x0F, 0x00, 0x03, 0x80, 0x78, 0x0F, 0xC1, 0xEE,
    0x18, 0x63, 0x03, 0x00, 0x00, 0x00, 0x3F, 0xF3, 0xFF, 0x07, 0x80, 0x78, 0x07, 0x80, 0x78, 0x07,
    0x80, 0x78, 0x07, 0x80, 0x78, 0x07, 0x80, 0x78, 0x07, 0x80, 0x78, 0x07, 0x80, 0x78, 0x07, 0x80,
    0x78, 0x07, 0x80, 0x78, 0x07, 0x80, 0x78, 0x07, 0x80, 0x78, 0x07, 0x80, 0x78, 0x07, 0x80, 0x70,
    0x07, 0x00, 0xF0, 0x7E, 0x07, 0x80, 0x0E, 0x03, 0xE0, 0x7C, 0x1D, 0xC7, 0x1C, 0xC1, 0x80, 0x00,
    0x00, 0x3F, 0x07, 0xE0, 0x3C, 0x07, 0x80, 0xF0, 0x1E, 0x03, 0xC0, 0x78, 0x0F, 0x01, 0xE0, 0x3C,
    0x07, 0x80, 0xF0, 0x1E, 0x03, 0xC0, 0x78, 0x0F, 0x01, 0xE0, 0x3C, 0x07, 0x80, 0xF0, 0x1E, 0x03,
    0x80, 0xF0, 0x7C, 0x1E, 0x00, 0xFF, 0xC3, 0xF9, 0xFF, 0x87, 0xF0, 0x78, 0x07, 0x80, 0xF0, 0x0E,
    0x01, 0xE0, 0x38, 0x03, 0xC0, 0x60, 0x07, 0x81, 0x80, 0x0F, 0x06, 0x00, 0x1E, 0x1C, 0x00, 0x3C,
    0x70, 0x00, 0x79, 0xC0, 0x00, 0xF7, 0xC0, 0x01, 0xFF, 0xC0, 0x03, 0xF7, 0xC0, 0x07, 0xC7, 0x80,
    0x0F, 0x0F, 0x80, 0x1E, 0x0F, 0x80, 0x3C, 0x0F, 0x00, 0x78, 0x1F, 0x00, 0xF0, 0x1F, 0x01, 0xE0,
    0x1F, 0x03, 0xC0, 0x1E, 0x1F, 0xF0, 0x3F, 0x7F, 0xE0, 0x1F, 0x00, 0x00, 0x00, 0x00, 0x00, 0x00,
    0x00, 0xE0, 0x00, 0x01, 0xC0, 0x00, 0x07, 0x00, 0x00, 0x0E, 0x00, 0x00, 0x18, 0x00, 0x00, 0x00,
    0x00, 0x00, 0x00, 0x0F, 0xE0, 0x00, 0x1E, 0x00, 0x01, 0xE0, 0x00, 0x1E, 0x00, 0x01, 0xE0, 0x00,
    0x1E, 0x00, 0x01, 0xE0, 0x00, 0x1E, 0x1F, 0xC1, 0xE1, 0xFC, 0x1E, 0x0F, 0x01, 0xE0, 0xE0, 0x1E,
    0x1C, 0x01, 0xE3, 0x80, 0x1E, 0x70, 0x01, 0xE7, 0x00, 0x1E, 0xF0, 0x01, 0xFF, 0x80, 0x1F, 0x3C,
    0x01, 0xE3, 0xC0, 0x1E, 0x1E, 0x01, 0xE0, 0xF0, 0x1E, 0x0F, 0x01, 0xE0, 0x78, 0x7F, 0x83, 0xEF,
    0xFC, 0x1F, 0x00, 0x00, 0x00, 0x00, 0x00, 0x00, 0x70, 0x00, 0x07, 0x00, 0x00, 0xE0, 0x00, 0x0E,
    0x00, 0x00, 0xC0, 0x00, 0x00, 0x00, 0x7E, 0x1F, 0xC7, 0xE1, 0xFC, 0x1E, 0x0F, 0x01, 0xE0, 0xE0,
    0x1E, 0x1C, 0x01, 0xE3, 0x80, 0x1E, 0x70, 0x01, 0xE7, 0x00, 0x1E, 0xF0, 0x01, 0xFF, 0x80, 0x1F,
    0x3C, 0x01, 0xE3, 0xC0, 0x1E, 0x1E, 0x01, 0xE0, 0xF0, 0x1E, 0x0F, 0x01, 0xE0, 0x78, 0x7F, 0x83,
    0xEF, 0xFC, 0x1F, 0x01, 0xC0, 0x00, 0x78, 0x00, 0x0E, 0x00, 0x03, 0x80, 0x00, 0xE0, 0x00, 0x18,
    0x00, 0x00, 0x00, 0x00, 0x00, 0x00, 0xFF, 0xC0, 0x1F, 0xF8, 0x00, 0x78, 0x00, 0x0F, 0x00, 0x01,
    0xE0, 0x00, 0x3C, 0x00, 0x07, 0x80, 0x00, 0xF0, 0x00, 0x1E, 0x00, 0x03, 0xC0, 0x00, 0x78, 0x00,
    0x0F, 0x00, 0x01, 0xE0, 0x00, 0x3C, 0x00, 0x07, 0x80, 0x00, 0xF0, 0x00, 0x1E, 0x00, 0x03, 0xC0,
    0x18, 0x78, 0x03, 0x0F, 0x00, 0x61, 0xE0, 0x0C, 0x3C, 0x03, 0x9F, 0xFF, 0xF7, 0xFF, 0xFE, 0x03,
    0xC0, 0xF0, 0x78, 0x1C, 0x0E, 0x02, 0x00, 0x03, 0xF8, 0x1E, 0x07, 0x81, 0xE0, 0x78, 0x1E, 0x07,
    0x81, 0xE0, 0x78, 0x1E, 0x07, 0x81, 0xE0, 0x78, 0x1E, 0x07, 0x81, 0xE0, 0x78, 0x1E, 0x07, 0x81,
    0xE0, 0x78, 0x1E, 0x07, 0x87, 0xFB, 0xFF, 0xFF, 0xC0, 0x1F, 0xF8, 0x00, 0x78, 0x00, 0x0F, 0x00,
    0x01, 0xE0, 0x00, 0x3C, 0x00, 0x07, 0x80, 0x00, 0xF0, 0x00, 0x1E, 0x00, 0x03, 0xC0, 0x00, 0x78,
    0x00, 0x0F, 0x00, 0x01, 0xE0, 0x00, 0x3C, 0x00, 0x07, 0x80, 0x00, 0xF0, 0x00, 0x1E, 0x00, 0x03,
    0xC0, 0x18, 0x78, 0x03, 0x0F, 0x00, 0x61, 0xE0, 0x0C, 0x3C, 0x03, 0x9F, 0xFF, 0xF7, 0xFF, 0xFE,
    0x00, 0x00, 0x00, 0x00, 0x00, 0x03, 0xC0, 0x00, 0x70, 0x00, 0x0E, 0x00, 0x01, 0x80, 0x00, 0x70,
    0x00, 0x00, 0x00, 0x00, 0x3F, 0x81, 0xE0, 0x78, 0x1E, 0x07, 0x81, 0xE0, 0x78, 0x1E, 0x07, 0x81,
    0xE0, 0x78, 0x1E, 0x07, 0x81, 0xE0, 0x78, 0x1E, 0x07, 0x81, 0xE0, 0x78, 0x1E, 0x07, 0x81, 0xE0,
    0x78, 0x7F, 0xBF, 0xF0, 0x00, 0x00, 0x1E, 0x07, 0x01, 0xC0, 0x60, 0x18, 0x00, 0x00, 0xFF, 0xC3,
    0x9F, 0xF8, 0x70, 0x78, 0x0C, 0x0F, 0x03, 0x81, 0xE0, 0x60, 0x3C, 0x08, 0x07, 0x80, 0x00, 0xF0,
    0x00, 0x1E, 0x00, 0x03, 0xC0, 0x00, 0x78, 0x00, 0x0F, 0x00, 0x01, 0xE0, 0x00, 0x3C, 0x00, 0x07,
    0x80, 0x00, 0xF0, 0x00, 0x1E, 0x00, 0x03, 0xC0, 0x18, 0x78, 0x03, 0x0F, 0x00, 0x61, 0xE0, 0x0C,
    0x3C, 0x03, 0x9F, 0xFF, 0xF7, 0xFF, 0xFE, 0x00, 0x07, 0xF3, 0x87, 0x9C, 0x3C, 0xC1, 0xE6, 0x0F,
    0x60, 0x78, 0x03, 0xC0, 0x1E, 0x00, 0xF0, 0x07, 0x80, 0x3C, 0x01, 0xE0, 0x0F, 0x00, 0x78, 0x03,
    0xC0, 0x1E, 0x00, 0xF0, 0x07, 0x80, 0x3C, 0x01, 0xE0, 0x0F, 0x00, 0x78, 0x03, 0xC0, 0x7F, 0x87,
    0xFE, 0x00, 0xFF, 0xC0, 0x1F, 0xF8, 0x00, 0x78, 0x00, 0x0F, 0x00, 0x01, 0xE0, 0x00, 0x3C, 0x00,
    0x07, 0x80, 0x00, 0xF0, 0x00, 0x1E, 0x00, 0x03, 0xC0, 0x70, 0x78, 0x1E, 0x0F, 0x03, 0xC1, 0xE0,
    0x30, 0x3C, 0x00, 0x07, 0x80, 0x00, 0xF0, 0x00, 0x1E, 0x00, 0x03, 0xC0, 0x18, 0x78, 0x03, 0x0F,
    0x00, 0x61, 0xE0, 0x0C, 0x3C, 0x03, 0x9F, 0xFF, 0xF7, 0xFF, 0xFE, 0x00, 0x03, 0xF8, 0x01, 0xE0,
    0x07, 0x80, 0x1E, 0x00, 0x78, 0x01, 0xE0, 0x07, 0x80, 0x1E, 0x00, 0x78, 0x01, 0xE0, 0x07, 0x80,
    0x1E, 0x00, 0x78, 0xE1, 0xE7, 0x87, 0x9E, 0x1E, 0x38, 0x78, 0x01, 0xE0, 0x07, 0x80, 0x1E, 0x00,
    0x78, 0x01, 0xE0, 0x07, 0x80, 0x7F, 0x83, 0xFF, 0x00, 0xFF, 0xC0, 0x1F, 0xF8, 0x00, 0x78, 0x00,
    0x0F, 0x00, 0x01, 0xE0, 0x00, 0x3C, 0x00, 0x07, 0x80, 0x00, 0xF0, 0x00, 0x1E, 0x30, 0x03, 0xCE,
    0x00, 0x7F, 0x80, 0x0F, 0xC0, 0x01, 0xE0, 0x00, 0x7C, 0x00, 0x3F, 0x80, 0x06, 0xF0, 0x00, 0x1E,
    0x00, 0x03, 0xC0, 0x18, 0x78, 0x03, 0x0F, 0x00, 0x61, 0xE0, 0x0C, 0x3C, 0x03, 0x9F, 0xFF, 0xF7,
    0xFF, 0xFE, 0x00, 0x0F, 0xC0, 0x78, 0x07, 0x00, 0xE0, 0x1C, 0x03, 0x80, 0x70, 0x0E, 0x01, 0xC0,
    0x38, 0x07, 0x00, 0xEC, 0x1F, 0x83, 0xC0, 0xF0, 0x7E, 0x0D, 0xC0, 0x38, 0x07, 0x00, 0xE0, 0x1C,
    0x03, 0x80, 0x78, 0x7F, 0xCF, 0xFC, 0x00, 0x07, 0x80, 0x00, 0x07, 0x80, 0x00, 0x0F, 0x00, 0x00,
    0x0E, 0x00, 0x00, 0x1C, 0x00, 0x00, 0x10, 0x00, 0x00, 0x00, 0x00, 0x00, 0x00, 0x00, 0xFE, 0x01,
    0xFF, 0xFE, 0x01, 0xFE, 0x1F, 0x00, 0x38, 0x1F, 0x80, 0x30, 0x1F, 0x80, 0x30, 0x1F, 0xC0, 0x30,
    0x1F, 0xE0, 0x30, 0x1D, 0xE0, 0x30, 0x1C, 0xF0, 0x30, 0x1C, 0xF8, 0x30, 0x1C, 0x78, 0x30, 0x1C,
    0x3C, 0x30, 0x1C, 0x3C, 0x30, 0x1C, 0x1E, 0x30, 0x1C, 0x0F, 0x30, 0x1C, 0x0F, 0x30, 0x1C, 0x07,
    0xB0, 0x1C, 0x03, 0xF0, 0x1C, 0x03, 0xF0, 0x1C, 0x01, 0xF0, 0x1C, 0x00, 0xF0, 0x1C, 0x00, 0xF0,
    0x7F, 0x00, 0x70, 0xFF, 0x80, 0x30, 0x00, 0x0F, 0x00, 0x00, 0x70, 0x00, 0x07, 0x00, 0x00, 0x70,
    0x00, 0x03, 0x00, 0x00, 0x30, 0x00, 0x00, 0x00, 0x00, 0x00, 0x00, 0x7E, 0x7E, 0x03, 0xF7, 0xFC,
    0x03, 0xE1, 0xE0, 0x1E, 0x07, 0x80, 0xF0, 0x3C, 0x07, 0x00, 0xE0, 0x38, 0x07, 0x01, 0xC0, 0x38,
    0x0E, 0x01, 0xC0, 0x70, 0x0E, 0x03, 0x80, 0x70, 0x1C, 0x03, 0x80, 0xE0, 0x1C, 0x07, 0x00, 0xE0,
    0x38, 0x07, 0x01, 0xC0, 0x38, 0x7F, 0xC1, 0xF3, 0xFE, 0x0F, 0xC0, 0xFE, 0x01, 0xFF, 0xFE, 0x01,
    0xFE, 0x1F, 0x00, 0x38, 0x1F, 0x80, 0x30, 0x1F, 0x80, 0x30, 0x1F, 0xC0, 0x30, 0x1F, 0xE0, 0x30,
    0x1D, 0xE0, 0x30, 0x1C, 0xF0, 0x30, 0x1C, 0xF8, 0x30, 0x1C, 0x78, 0x30, 0x1C, 0x3C, 0x30, 0x1C,
    0x3C, 0x30, 0x1C, 0x1E, 0x30, 0x1C, 0x0F, 0x30, 0x1C, 0x0F, 0x30, 0x1C, 0x07, 0xB0, 0x1C, 0x03,
    0xF0, 0x1C, 0x03, 0xF0, 0x1C, 0x01, 0xF0, 0x1C, 0x00, 0xF0, 0x1C, 0x00, 0xF0, 0x7F, 0x00, 0x70,
    0xFF, 0x80, 0x30, 0x00, 0x00, 0x00, 0x00, 0x00, 0x00, 0x00, 0x1C, 0x00, 0x00, 0x1C, 0x00, 0x00,
    0x38, 0x00, 0x00, 0x38, 0x00, 0x00, 0x30, 0x00, 0x00, 0x00, 0x00, 0x00, 0x00, 0x03, 0xF3, 0xF0,
    0x1F, 0xBF, 0xE0, 0x1F, 0x0F, 0x00, 0xF0, 0x3C, 0x07, 0x81, 0xE0, 0x38, 0x07, 0x01, 0xC0, 0x38,
    0x0E, 0x01, 0xC0, 0x70, 0x0E, 0x03, 0x80, 0x70, 0x1C, 0x03, 0x80, 0xE0, 0x1C, 0x07, 0x00, 0xE0,
    0x38, 0x07, 0x01, 0xC0, 0x38, 0x0E, 0x01, 0xC3, 0xFE, 0x0F, 0x9F, 0xF0, 0x7E, 0x00, 0x00, 0x00,
    0x00, 0x00, 0x00, 0x3C, 0x00, 0x01, 0xC0, 0x00, 0x0E, 0x00, 0x00, 0x60, 0x00, 0x03, 0x00, 0x00,
    0x00, 0x00, 0x00, 0x80, 0x80, 0x00, 0xC1, 0x80, 0x00, 0x77, 0x00, 0x00, 0x7F, 0x00, 0x00, 0x3E,
    0x00, 0x00, 0x1C, 0x00, 0x00, 0x00, 0x00, 0x00, 0x00, 0x00, 0xFE, 0x01, 0xFF, 0xFE, 0x01, 0xFE,
    0x1F, 0x00, 0x38, 0x1F, 0x80, 0x30, 0x1F, 0x80, 0x30, 0x1F, 0xC0, 0x30, 0x1F, 0xE0, 0x30, 0x1D,
    0xE0, 0x30, 0x1C, 0xF0, 0x30, 0x1C, 0xF8, 0x30, 0x1C, 0x78, 0x30, 0x1C, 0x3C, 0x30, 0x1C, 0x3C,
    0x30, 0x1C, 0x1E, 0x30, 0x1C, 0x0F, 0x30, 0x1C, 0x0F, 0x30, 0x1C, 0x07, 0xB0, 0x1C, 0x03, 0xF0,
    0x1C, 0x03, 0xF0, 0x1C, 0x01, 0xF0, 0x1C, 0x00, 0xF0, 0x1C, 0x00, 0xF0, 0x7F, 0x00, 0x70, 0xFF,
    0x80, 0x30, 0x03, 0x03, 0x00, 0x1C, 0x38, 0x00, 0x73, 0x80, 0x01, 0xF8, 0x00, 0x07, 0x80, 0x00,
    0x3C, 0x00, 0x00, 0x00, 0x00, 0x00, 0x00, 0x7E, 0x7E, 0x03, 0xF7, 0xFC, 0x03, 0xE1, 0xE0, 0x1E,
    0x07, 0x80, 0xF0, 0x3C, 0x07, 0x00, 0xE0, 0x38, 0x07, 0x01, 0xC0, 0x38, 0x0E, 0x01, 0xC0, 0x70,
    0x0E, 0x03, 0x80, 0x70, 0x1C, 0x03, 0x80, 0xE0, 0x1C, 0x07, 0x00, 0xE0, 0x38, 0x07, 0x01, 0xC0,
    0x38, 0x7F, 0xC1, 0xF3, 0xFE, 0x0F, 0xC0, 0x30, 0x00, 0x00, 0x1E, 0x00, 0x00, 0x07, 0xC0, 0x00,
    0x01, 0xF0, 0x00, 0x00, 0x18, 0x00, 0x00, 0x06, 0x00, 0x00, 0x01, 0xBE, 0x3F, 0x01, 0xCF, 0xBF,
    0xE0, 0xE0, 0xFC, 0x3C, 0x20, 0x3E, 0x07, 0x00, 0x0F, 0x01, 0xC0, 0x03, 0xC0, 0x70, 0x00, 0xF0,
    0x1E, 0x00, 0x3C, 0x07, 0x80, 0x0F, 0x01, 0xE0, 0x03, 0xC0, 0x78, 0x00, 0xF0, 0x1E, 0x00, 0x3C,
    0x07, 0x80, 0x0F, 0x01, 0xE0, 0x03, 0xC0, 0x78, 0x00, 0xF0, 0x1E, 0x00, 0x3C, 0x07, 0x80, 0x3F,
    0xC1, 0xF8, 0x1F, 0xF8, 0x7E, 0xFE, 0x01, 0xFF, 0xFE, 0x01, 0xFE, 0x1F, 0x00, 0x38, 0x1F, 0x80,
    0x30, 0x1F, 0x80, 0x30, 0x1F, 0xC0, 0x30, 0x1F, 0xE0, 0x30, 0x1D, 0xE0, 0x30, 0x1C, 0xF0, 0x30,
    0x1C, 0xF8, 0x30, 0x1C, 0x78, 0x30, 0x1C, 0x3C, 0x30, 0x1C, 0x3E, 0x30, 0x1C, 0x1E, 0x30, 0x1C,
    0x0F, 0x30, 0x1C, 0x0F, 0xB0, 0x1C, 0x07, 0xB0, 0x1C, 0x03, 0xF0, 0x1C, 0x03, 0xF0, 0x1C, 0x01,
    0xF0, 0x1C, 0x00, 0xF0, 0x1C, 0x00, 0xF0, 0x7F, 0x00, 0x70, 0xFF, 0x80, 0x30, 0x00, 0x00, 0x30,
    0x00, 0x00, 0x30, 0x00, 0x00, 0x30, 0x00, 0x00, 0x30, 0x00, 0x00, 0x30, 0x00, 0x00, 0x70, 0x00,
    0x01, 0xE0, 0x00, 0x03, 0xC0, 0x00, 0x00, 0x1F, 0x9F, 0x87, 0xEF, 0xF8, 0x3E, 0x1E, 0x0F, 0x03,
    0xC3, 0xC0, 0xF0, 0xE0, 0x1C, 0x38, 0x07, 0x0E, 0x01, 0xC3, 0x80, 0x70, 0xE0, 0x1C, 0x38, 0x07,
    0x0E, 0x01, 0xC3, 0x80, 0x70, 0xE0, 0x1C, 0x38, 0x07, 0x0E, 0x01, 0xDF, 0xF0, 0x77, 0xFC, 0x1C,
    0x00, 0x07, 0x00, 0x01, 0xC0, 0x00, 0x70, 0x00, 0x3C, 0x00, 0x0E, 0x00, 0x07, 0x80, 0x07, 0xC0,
    0x01, 0xE0, 0x01, 0xFF, 0x00, 0x0F, 0xFC, 0x00, 0x1F, 0xF0, 0x00, 0x00, 0x00, 0x00, 0x00, 0x00,
    0x07, 0xFC, 0x00, 0x7F, 0xF8, 0x03, 0xC0, 0x78, 0x1E, 0x00, 0xE0, 0xF0, 0x01, 0xC3, 0xC0, 0x07,
    0x8E, 0x00, 0x1E, 0x78, 0x00, 0x39, 0xE0, 0x00, 0xF7, 0x80, 0x03, 0xDE, 0x00, 0x0F, 0x78, 0x00,
    0x3D, 0xE0, 0x00, 0xF7, 0x80, 0x03, 0xDE, 0x00, 0x0F, 0x78, 0x00, 0x3D, 0xE0, 0x00, 0xE3, 0x80,
    0x07, 0x8F, 0x00, 0x1E, 0x3C, 0x00, 0x70, 0x78, 0x03, 0xC0, 0xF0, 0x1E, 0x01, 0xFF, 0xF0, 0x01,
    0xFF, 0x00, 0x00, 0x00, 0x00, 0x0F, 0xF8, 0x07, 0xFC, 0x03, 0xFE, 0x00, 0x00, 0x00, 0x00, 0x00,
    0x3F, 0x80, 0x7F, 0xF0, 0x78, 0x3C, 0x38, 0x0E, 0x3C, 0x07, 0x9E, 0x01, 0xCE, 0x00, 0xE7, 0x00,
    0x73, 0x80, 0x3D, 0xC0, 0x1E, 0xE0, 0x0E, 0x70, 0x07, 0x38, 0x03, 0x9E, 0x01, 0xC7, 0x01, 0xE3,
    0xC1, 0xE0, 0xFF, 0xE0, 0x1F, 0xE0, 0x00, 0x00, 0x01, 0x03, 0x00, 0x06, 0x0C, 0x00, 0x1F, 0xF0,
    0x00, 0x3F, 0x80, 0x00, 0x7C, 0x00, 0x00, 0x00, 0x00, 0x00, 0x00, 0x00, 0x7F, 0xC0, 0x07, 0xFF,
    0x80, 0x3C, 0x07, 0x81, 0xE0, 0x0E, 0x0F, 0x00, 0x1C, 0x3C, 0x00, 0x78, 0xE0, 0x01, 0xE7, 0x80,
    0x03, 0x9E, 0x00, 0x0F, 0x78, 0x00, 0x3D, 0xE0, 0x00, 0xF7, 0x80, 0x03, 0xDE, 0x00, 0x0F, 0x78,
    0x00, 0x3D, 0xE0, 0x00, 0xF7, 0x80, 0x03, 0xDE, 0x00, 0x0E, 0x38, 0x00, 0x78, 0xF0, 0x01, 0xE3,
    0xC0, 0x07, 0x07, 0x80, 0x3C, 0x0F, 0x01, 0xE0, 0x1F, 0xFF, 0x00, 0x1F, 0xF0, 0x00, 0x00, 0x00,
    0x0C, 0x08, 0x06, 0x0C, 0x03, 0xFE, 0x00, 0xFE, 0x00, 0x3E, 0x00, 0x00, 0x00, 0x00, 0x00, 0x0F,
    0xE0, 0x1F, 0xFC, 0x1E, 0x0F, 0x0E, 0x03, 0x8F, 0x01, 0xE7, 0x80, 0x73, 0x80, 0x39, 0xC0, 0x1C,
    0xE0, 0x0F, 0x70, 0x07, 0xB8, 0x03, 0x9C, 0x01, 0xCE, 0x00, 0xE7, 0x80, 0x71, 0xC0, 0x78, 0xF0,
    0x78, 0x3F, 0xF8, 0x07, 0xF8, 0x00, 0x00, 0x00, 0x00, 0x71, 0xC0, 0x03, 0xCF, 0x00, 0x0E, 0x38,
    0x00, 0x71, 0xE0, 0x01, 0x87, 0x00, 0x0C, 0x30, 0x00, 0x00, 0x00, 0x00, 0x00, 0x00, 0x01, 0xFF,
    0x00, 0x1F, 0xFE, 0x00, 0xF0, 0x1E, 0x07, 0x80, 0x38, 0x3C, 0x00, 0x70, 0xF0, 0x01, 0xE3, 0x80,
    0x07, 0x9E, 0x00, 0x0E, 0x78, 0x00, 0x3D, 0xE0, 0x00, 0xF7, 0x80, 0x03, 0xDE, 0x00, 0x0F, 0x78,
    0x00, 0x3D, 0xE0, 0x00, 0xF7, 0x80, 0x03, 0xDE, 0x00, 0x0F, 0x78, 0x00, 0x38, 0xE0, 0x01, 0xE3,
    0xC0, 0x07, 0x8F, 0x00, 0x1C, 0x1E, 0x00, 0xF0, 0x3C, 0x07, 0x80, 0x7F, 0xFC, 0x00, 0x7F, 0xC0,
    0x00, 0x00, 0x00, 0x03, 0xCF, 0x01, 0xE7, 0x81, 0xE7, 0x80, 0xE3, 0x80, 0xE3, 0x80, 0x61, 0x80,
    0x00, 0x00, 0x00, 0x00, 0x07, 0xF0, 0x0F, 0xFE, 0x0F, 0x07, 0x87, 0x01, 0xC7, 0x80, 0xF3, 0xC0,
    0x39, 0xC0, 0x1C, 0xE0, 0x0E, 0x70, 0x07, 0xB8, 0x03, 0xDC, 0x01, 0xCE, 0x00, 0xE7, 0x00, 0x73,
    0xC0, 0x38, 0xE0, 0x3C, 0x78, 0x3C, 0x1F, 0xFC, 0x03, 0xFC, 0x00, 0x00, 0x00, 0x00, 0x00, 0x00,
    0x00, 0x07, 0xFF, 0xFF, 0xC0, 0x7F, 0xFF, 0xFF, 0x03, 0xC0, 0xF0, 0x1C, 0x1E, 0x03, 0xC0, 0x30,
    0xF0, 0x0F, 0x00, 0xE3, 0xC0, 0x3C, 0x01, 0x8E, 0x00, 0xF0, 0x00, 0x78, 0x03, 0xC0, 0x01, 0xE0,
    0x0F, 0x00, 0x07, 0x80, 0x3C, 0x00, 0x1E, 0x00, 0xF0, 0x00, 0x78, 0x03, 0xFF, 0xC1, 0xE0, 0x0F,
    0xFF, 0x07, 0x80, 0x3C, 0x00, 0x1E, 0x00, 0xF0, 0x00, 0x78, 0x03, 0xC0, 0x01, 0xE0, 0x0F, 0x00,
    0x03, 0x80, 0x3C, 0x00, 0x0F, 0x00, 0xF0, 0x03, 0x3C, 0x03, 0xC0, 0x1C, 0x78, 0x0F, 0x00, 0x70,
    0xF0, 0x3C, 0x01, 0xC1, 0xFF, 0xFF, 0xFF, 0x01, 0xFF, 0xFF, 0xF8, 0x00, 0x00, 0x00, 0x00, 0x00,
    0x00, 0x00, 0x00, 0x7F, 0x07, 0xF0, 0x1F, 0xFC, 0xFF, 0x83, 0xC1, 0xFC, 0x1C, 0x38, 0x0F, 0xC1,
    0xE7, 0x80, 0xF8, 0x0E, 0x78, 0x07, 0x80, 0xE7, 0x00, 0x78, 0x0F, 0x70, 0x07, 0xFF, 0xF7, 0x00,
    0x7F, 0xFF, 0x70, 0x07, 0x80, 0x07, 0x00, 0x78, 0x00, 0x70, 0x07, 0x80, 0x07, 0x00, 0x78, 0x00,
    0x78, 0x0F, 0x80, 0x03, 0x80, 0xFC, 0x06, 0x3C, 0x1F, 0xE0, 0xE1, 0xFF, 0xCF, 0xFC, 0x07, 0xF0,
    0x7F, 0x80, 0x00, 0x00, 0x00, 0x00, 0x1C, 0x00, 0x00, 0xF0, 0x00, 0x07, 0x80, 0x00, 0x1C, 0x00,
    0x00, 0xE0, 0x00, 0x02, 0x00, 0x00, 0x00, 0x00, 0x00, 0x00, 0x00, 0xFF, 0xF8, 0x03, 0xFF, 0xF8,
    0x01, 0xE0, 0xF8, 0x07, 0x81, 0xE0, 0x1E, 0x03, 0xC0, 0x78, 0x0F, 0x01, 0xE0, 0x3C, 0x07, 0x80,
    0xF0, 0x1E, 0x03, 0xC0, 0x78, 0x0E, 0x01, 0xE0, 0x78, 0x07, 0x87, 0x80, 0x1F, 0xFC, 0x00, 0x7F,
    0xF0, 0x01, 0xE3, 0xC0, 0x07, 0x87, 0x80, 0x1E, 0x1E, 0x00, 0x78, 0x3C, 0x01, 0xE0, 0xF8, 0x07,
    0x81, 0xE0, 0x1E, 0x03, 0xC0, 0x78, 0x0F, 0x87, 0xFC, 0x1F, 0xBF, 0xF0, 0x3E, 0x00, 0xE0, 0x03,
    0xC0, 0x07, 0x00, 0x1C, 0x00, 0x30, 0x00, 0xC0, 0x00, 0x00, 0x00, 0x00, 0xF8, 0xFD, 0xFB, 0xF8,
    0x7C, 0xF0, 0xF0, 0xE1, 0xE1, 0x83, 0xC0, 0x07, 0x00, 0x0E, 0x00, 0x1C, 0x00, 0x38, 0x00, 0x70,
    0x00, 0xE0, 0x01, 0xC0, 0x03, 0x80, 0x07, 0x00, 0x0E, 0x00, 0xFF, 0x81, 0xFF, 0x80, 0xFF, 0xF8,
    0x03, 0xFF, 0xF8, 0x01, 0xE0, 0xF8, 0x07, 0x81, 0xE0, 0x1E, 0x03, 0xC0, 0x78, 0x0F, 0x01, 0xE0,
    0x3C, 0x07, 0x80, 0xF0, 0x1E, 0x03, 0xC0, 0x78, 0x0E, 0x01, 0xE0, 0x78, 0x07, 0x87, 0x80, 0x1F,
    0xFC, 0x00, 0x7F, 0xF0, 0x01, 0xE3, 0xC0, 0x07, 0x87, 0x80, 0x1E, 0x1E, 0x00, 0x78, 0x3C, 0x01,
    0xE0, 0xF8, 0x07, 0x81, 0xE0, 0x1E, 0x03, 0xC0, 0x78, 0x0F, 0x87, 0xFC, 0x1F, 0xBF, 0xF0, 0x3E,
    0x00, 0x00, 0x00, 0x00, 0x00, 0x00, 0x0F, 0x00, 0x00, 0x38, 0x00, 0x00, 0xE0, 0x00, 0x03, 0x00,
    0x00, 0x0C, 0x00, 0x00, 0x00, 0x00, 0x00, 0x01, 0xF1, 0xFB, 0xF7, 0xF0, 0xF9, 0xE1, 0xE1, 0xC3,
    0xC3, 0x07, 0x80, 0x0E, 0x00, 0x1C, 0x00, 0x38, 0x00, 0x70, 0x00, 0xE0, 0x01, 0xC0, 0x03, 0x80,
    0x07, 0x00, 0x0E, 0x00, 0x1C, 0x01, 0xFF, 0x03, 0xFF, 0x00, 0x00, 0x00, 0x00, 0x03, 0x80, 0x0F,
    0x00, 0x1C, 0x00, 0x38, 0x00, 0x60, 0x00, 0x00, 0x00, 0x0C, 0x04, 0x00, 0x18, 0x70, 0x00, 0x73,
    0x80, 0x00, 0xFC, 0x00, 0x01, 0xF0, 0x00, 0x07, 0x80, 0x00, 0x00, 0x00, 0x00, 0x00, 0x00, 0xFF,
    0xF8, 0x03, 0xFF, 0xF8, 0x01, 0xE0, 0xF8, 0x07, 0x81, 0xE0, 0x1E, 0x03, 0xC0, 0x78, 0x0F, 0x01,
    0xE0, 0x3C, 0x07, 0x80, 0xF0, 0x1E, 0x03, 0xC0, 0x78, 0x0E, 0x01, 0xE0, 0x78, 0x07, 0x87, 0x80,
    0x1F, 0xFC, 0x00, 0x7F, 0xF0, 0x01, 0xE3, 0xC0, 0x07, 0x87, 0x80, 0x1E, 0x1E, 0x00, 0x78, 0x3C,
    0x01, 0xE0, 0xF8, 0x07, 0x81, 0xE0, 0x1E, 0x03, 0xC0, 0x78, 0x0F, 0x87, 0xFC, 0x1F, 0xBF, 0xF0,
    0x3E, 0x20, 0x20, 0x61, 0xC0, 0x77, 0x00, 0xFE, 0x00, 0xF8, 0x00, 0xE0, 0x00, 0x00, 0x00, 0x00,
    0xF8, 0xFD, 0xFB, 0xF8, 0x7C, 0xF0, 0xF0, 0xE1, 0xE1, 0x83, 0xC0, 0x07, 0x00, 0x0E, 0x00, 0x1C,
    0x00, 0x38, 0x00, 0x70, 0x00, 0xE0, 0x01, 0xC0, 0x03, 0x80, 0x07, 0x00, 0x0E, 0x00, 0xFF, 0x81,
    0xFF, 0x80, 0x00, 0x78, 0x00, 0x70, 0x00, 0xE0, 0x01, 0xC0, 0x01, 0x80, 0x03, 0x00, 0x00, 0x00,
    0x00, 0x00, 0x0F, 0xF0, 0x1F, 0xFC, 0x38, 0x1C, 0x78, 0x1E, 0x70, 0x0C, 0x70, 0x08, 0x70, 0x00,
    0x78, 0x00, 0x78, 0x00, 0x3E, 0x00, 0x1F, 0x80, 0x0F, 0xE0, 0x07, 0xF8, 0x01, 0xFC, 0x00, 0x7E,
    0x00, 0x1E, 0x00, 0x0E, 0x20, 0x0F, 0x60, 0x0F, 0xF0, 0x0E, 0x70, 0x0E, 0x78, 0x1C, 0x3E, 0x78,
    0x1F, 0xF0, 0x00, 0x00, 0x00, 0xE0, 0x0F, 0x00, 0x70, 0x07, 0x00, 0x70, 0x03, 0x00, 0x00, 0x00,
    0x00, 0x1F, 0xC1, 0xFF, 0x9C, 0x1C, 0xE0, 0xE7, 0x06, 0x38, 0x01, 0xE0, 0x07, 0xE0, 0x1F, 0xC0,
    0x7F, 0x00, 0xFC, 0x01, 0xE0, 0x07, 0xB0, 0x1F, 0x80, 0xFE, 0x0E, 0x79, 0xE1, 0xFE, 0x00, 0x00,
    0x01, 0xC0, 0x03, 0xE0, 0x07, 0xE0, 0x07, 0x70, 0x0E, 0x38, 0x18, 0x18, 0x00, 0x00, 0x00, 0x00,
    0x0F, 0xF0, 0x1F, 0xFC, 0x38, 0x1C, 0x78, 0x1E, 0x70, 0x0C, 0x70, 0x08, 0x70, 0x00, 0x78, 0x00,
    0x78, 0x00, 0x3E, 0x00, 0x1F, 0x80, 0x0F, 0xE0, 0x07, 0xF8, 0x01, 0xFC, 0x00, 0x7E, 0x00, 0x1E,
    0x00, 0x0E, 0x20, 0x0F, 0x60, 0x0F, 0xF0, 0x0E, 0x70, 0x0E, 0x78, 0x1C, 0x3E, 0x78, 0x1F, 0xF0,
    0x00, 0x00, 0x07, 0x00, 0x3C, 0x03, 0xF0, 0x3B, 0xC1, 0x86, 0x18, 0x18, 0x00, 0x00, 0x00, 0x1F,
    0xC1, 0xFF, 0x9C, 0x1C, 0xE0, 0xE7, 0x06, 0x38, 0x01, 0xE0, 0x07, 0xE0, 0x1F, 0xC0, 0x7F, 0x00,
    0xFC, 0x01, 0xE0, 0x07, 0xB0, 0x1F, 0x80, 0xFE, 0x0E, 0x79, 0xE1, 0xFE, 0x00, 0x00, 0x00, 0x00,
    0x0F, 0xF0, 0x1F, 0xFC, 0x38, 0x1C, 0x78, 0x1E, 0x70, 0x0C, 0x70, 0x08, 0x70, 0x00, 0x78, 0x00,
    0x78, 0x00, 0x3E, 0x00, 0x1F, 0x80, 0x0F, 0xE0, 0x07, 0xF8, 0x01, 0xFC, 0x00, 0x7E, 0x00, 0x1E,
    0x00, 0x0E, 0x20, 0x0F, 0x60, 0x0F, 0xF0, 0x0E, 0x70, 0x0E, 0x78, 0x1C, 0x3E, 0x78, 0x1F, 0xF0,
    0x03, 0x80, 0x03, 0xC0, 0x01, 0xE0, 0x00, 0xE0, 0x00, 0xE0, 0x00, 0xE0, 0x0F, 0xE0, 0x0F, 0xC0,
    0x00, 0x00, 0xFE, 0x0F, 0xFC, 0xE0, 0xE7, 0x07, 0x38, 0x31, 0xC0, 0x0F, 0x00, 0x3F, 0x00, 0xFE,
    0x03, 0xF8, 0x07, 0xE0, 0x0F, 0x00, 0x3D, 0x80, 0xFC, 0x07, 0xF0, 0x73, 0xCF, 0x0F, 0xF0, 0x0C,
    0x00, 0x70, 0x03, 0xC0, 0x07, 0x00, 0x38, 0x01, 0xC0, 0xFC, 0x07, 0xC0, 0x18, 0x08, 0x0C, 0x38,
    0x0E, 0x70, 0x07, 0xE0, 0x03, 0xE0, 0x03, 0xC0, 0x00, 0x00, 0x00, 0x00, 0x0F, 0xF0, 0x1F, 0xFC,
    0x38, 0x1C, 0x78, 0x1E, 0x70, 0x0C, 0x70, 0x08, 0x70, 0x00, 0x78, 0x00, 0x78, 0x00, 0x3E, 0x00,
    0x1F, 0x80, 0x0F, 0xE0, 0x07, 0xF8, 0x01, 0xFC, 0x00, 0x7E, 0x00, 0x1E, 0x00, 0x0E, 0x20, 0x0F,
    0x60, 0x0F, 0xF0, 0x0E, 0x70, 0x0E, 0x78, 0x1C, 0x3E, 0x78, 0x1F, 0xF0, 0x00, 0x00, 0x20, 0x21,
    0xC3, 0x07, 0x30, 0x1F, 0x80, 0xF8, 0x03, 0x80, 0x00, 0x00, 0x00, 0x1F, 0xC1, 0xFF, 0x9C, 0x1C,
    0xE0, 0xE7, 0x06, 0x38, 0x01, 0xE0, 0x07, 0xE0, 0x1F, 0xC0, 0x7F, 0x00, 0xFC, 0x01, 0xE0, 0x07,
    0xB0, 0x1F, 0x80, 0xFE, 0x0E, 0x79, 0xE1, 0xFE, 0x00, 0x00, 0x7F, 0xFF, 0xF7, 0xFF, 0xFF, 0x70,
    0xF0, 0x76, 0x0F, 0x07, 0x60, 0xF0, 0x36, 0x0F, 0x03, 0x00, 0xF0, 0x00, 0x0F, 0x00, 0x00, 0xF0,
    0x00, 0x0F, 0x00, 0x00, 0xF0, 0x00, 0x0F, 0x00, 0x00, 0xF0, 0x00, 0x0F, 0x00, 0x00, 0xF0, 0x00,
    0x0F, 0x00, 0x00, 0xF0, 0x00, 0x0F, 0x00, 0x00, 0xF0, 0x00, 0x0F, 0x00, 0x00, 0xF0, 0x00, 0x0F,
    0x00, 0x07, 0xFE, 0x00, 0x7F, 0xE0, 0x00, 0x60, 0x00, 0x07, 0x00, 0x00, 0x7C, 0x00, 0x01, 0xC0,
    0x00, 0x1C, 0x00, 0x01, 0xC0, 0x01, 0xF8, 0x00, 0x1F, 0x00, 0x04, 0x01, 0x80, 0x30, 0x0E, 0x07,
    0xFE, 0xFF, 0xC7, 0x00, 0xE0, 0x1C, 0x03, 0x80, 0x70, 0x0E, 0x01, 0xC0, 0x38, 0x07, 0x00, 0xE0,
    0x1C, 0x03, 0x80, 0x78, 0x0F, 0x00, 0xFE, 0x0F, 0xC0, 0xC0, 0x1C, 0x03, 0xC0, 0x1C, 0x03, 0x80,
    0x70, 0xFC, 0x1F, 0x00, 0x06, 0x02, 0x00, 0x30, 0xE0, 0x03, 0x9C, 0x00, 0x1F, 0x80, 0x00, 0xF8,
    0x00, 0x0F, 0x00, 0x00, 0x00, 0x00, 0x00, 0x00, 0x7F, 0xFF, 0xF7, 0xFF, 0xFF, 0x70, 0xF0, 0x76,
    0x0F, 0x07, 0x60, 0xF0, 0x36, 0x0F, 0x03, 0x00, 0xF0, 0x00, 0x0F, 0x00, 0x00, 0xF0, 0x00, 0x0F,
    0x00, 0x00, 0xF0, 0x00, 0x0F, 0x00, 0x00, 0xF0, 0x00, 0x0F, 0x00, 0x00, 0xF0, 0x00, 0x0F, 0x00,
    0x00, 0xF0, 0x00, 0x0F, 0x00, 0x00, 0xF0, 0x00, 0x0F, 0x00, 0x00, 0xF0, 0x00, 0x0F, 0x00, 0x07,
    0xFE, 0x00, 0x7F, 0xE0, 0x00, 0x00, 0x03, 0x80, 0x1C, 0x00, 0xC0, 0x46, 0x06, 0x20, 0x30, 0x03,
    0x80, 0x7F, 0xE3, 0xFF, 0x07, 0x00, 0x38, 0x01, 0xC0, 0x0E, 0x00, 0x70, 0x03, 0x80, 0x1C, 0x00,
    0xE0, 0x07, 0x00, 0x38, 0x01, 0xC0, 0x0E, 0x00, 0x78, 0x03, 0xC0, 0x0F, 0xE0, 0x3F, 0x00, 0x00,
    0x7F, 0xFF, 0xF7, 0xFF, 0xFF, 0x70, 0xF0, 0x76, 0x0F, 0x07, 0x60, 0xF0, 0x36, 0x0F, 0x03, 0x00,
    0xF0, 0x00, 0x0F, 0x00, 0x00, 0xF0, 0x00, 0x0F, 0x00, 0x00, 0xF0, 0x01, 0xFF, 0xF8, 0x1F, 0xFF,
    0xC0, 0x0F, 0x00, 0x00, 0xF0, 0x00, 0x0F, 0x00, 0x00, 0xF0, 0x00, 0x0F, 0x00, 0x00, 0xF0, 0x00,
    0x0F, 0x00, 0x00, 0xF0, 0x00, 0x0F, 0x00, 0x07, 0xFE, 0x00, 0x7F, 0xE0, 0x04, 0x01, 0x80, 0x30,
    0x0E, 0x07, 0xFE, 0xFF, 0xC7, 0x00, 0xE0, 0x1C, 0x03, 0x80, 0x78, 0x3F, 0xE1, 0xE0, 0x38, 0x07,
    0x00, 0xE0, 0x1C, 0x03, 0x80, 0x78, 0x0F, 0x00, 0xFE, 0x0F, 0xC0, 0x00, 0x00, 0x60, 0x00, 0x01,
    0xF8, 0xC0, 0x01, 0xFF, 0xC0, 0x03, 0x1F, 0xC0, 0x01, 0x07, 0x00, 0x00, 0x00, 0x00, 0x00, 0x00,
    0x00, 0xFF, 0xC1, 0xFE, 0x7F, 0xC1, 0xFE, 0x1F, 0x00, 0x38, 0x0E, 0x00, 0x30, 0x0E, 0x00, 0x30,
    0x0E, 0x00, 0x30, 0x0E, 0x00, 0x30, 0x0E, 0x00, 0x30, 0x0E, 0x00, 0x30, 0x0E, 0x00, 0x30, 0x0E,
    0x00, 0x30, 0x0E, 0x00, 0x30, 0x0E, 0x00, 0x30, 0x0E, 0x00, 0x30, 0x0E, 0x00, 0x30, 0x0E, 0x00,
    0x30, 0x0E, 0x00, 0x30, 0x0E, 0x00, 0x30, 0x0E, 0x00, 0x30, 0x0F, 0x00, 0x30, 0x0F, 0x00, 0x70,
    0x07, 0x80, 0xE0, 0x03, 0xFF, 0xC0, 0x01, 0xFF, 0x80, 0x00, 0x00, 0x00, 0x01, 0x80, 0x00, 0x3F,
    0x18, 0x01, 0xFF, 0xC0, 0x18, 0xFE, 0x00, 0x41, 0xC0, 0x00, 0x00, 0x00, 0x00, 0x00, 0x0F, 0xC1,
    0xF8, 0x7E, 0x0F, 0xC0, 0xF0, 0x1E, 0x07, 0x80, 0xF0, 0x3C, 0x07, 0x81, 0xE0, 0x3C, 0x0F, 0x01,
    0xE0, 0x78, 0x0F, 0x03, 0xC0, 0x78, 0x1E, 0x03, 0xC0, 0xF0, 0x1E, 0x07, 0x80, 0xF0, 0x3C, 0x07,
    0x80, 0xE0, 0x3C, 0x07, 0x03, 0xE0, 0x3C, 0x3F, 0x00, 0xFF, 0xBE, 0x03, 0xF9, 0xF8, 0x00, 0x00,
    0x00, 0x00, 0xFF, 0x80, 0x00, 0xFF, 0xC0, 0x00, 0xFF, 0x80, 0x00, 0x00, 0x00, 0x00, 0x00, 0x00,
    0xFF, 0xC1, 0xFE, 0x7F, 0xC1, 0xFE, 0x1F, 0x00, 0x38, 0x0E, 0x00, 0x30, 0x0E, 0x00, 0x30, 0x0E,
    0x00, 0x30, 0x0E, 0x00, 0x30, 0x0E, 0x00, 0x30, 0x0E, 0x00, 0x30, 0x0E, 0x00, 0x30, 0x0E, 0x00,
    0x30, 0x0E, 0x00, 0x30, 0x0E, 0x00, 0x30, 0x0E, 0x00, 0x30, 0x0E, 0x00, 0x30, 0x0E, 0x00, 0x30,
    0x0E, 0x00, 0x30, 0x0E, 0x00, 0x30, 0x0E, 0x00, 0x30, 0x0F, 0x00, 0x30, 0x0F, 0x00, 0x70, 0x07,
    0x80, 0xE0, 0x03, 0xFF, 0xC0, 0x01, 0xFF, 0x80, 0x00, 0x00, 0x00, 0x03, 0xFE, 0x00, 0x3F, 0xF0,
    0x00, 0xFF, 0x80, 0x00, 0x00, 0x00, 0x00, 0x00, 0x3F, 0x07, 0xE1, 0xF8, 0x3F, 0x03, 0xC0, 0x78,
    0x1E, 0x03, 0xC0, 0xF0, 0x1E, 0x07, 0x80, 0xF0, 0x3C, 0x07, 0x81, 0xE0, 0x3C, 0x0F, 0x01, 0xE0,
    0x78, 0x0F, 0x03, 0xC0, 0x78, 0x1E, 0x03, 0xC0, 0xF0, 0x1E, 0x03, 0x80, 0xF0, 0x1C, 0x0F, 0x80,
    0xF0, 0xFC, 0x03, 0xFE, 0xF8, 0x0F, 0xE7, 0xE0, 0x00, 0x00, 0x00, 0x81, 0x80, 0x00, 0xC1, 0x80,
    0x00, 0xFF, 0x80, 0x00, 0x7F, 0x00, 0x00, 0x3E, 0x00, 0x00, 0x00, 0x00, 0x00, 0x00, 0x00, 0xFF,
    0xC1, 0xFE, 0x7F, 0xC1, 0xFE, 0x1F, 0x00, 0x38, 0x0E, 0x00, 0x30, 0x0E, 0x00, 0x30, 0x0E, 0x00,
    0x30, 0x0E, 0x00, 0x30, 0x0E, 0x00, 0x30, 0x0E, 0x00, 0x30, 0x0E, 0x00, 0x30, 0x0E, 0x00, 0x30,
    0x0E, 0x00, 0x30, 0x0E, 0x00, 0x30, 0x0E, 0x00, 0x30, 0x0E, 0x00, 0x30, 0x0E, 0x00, 0x30, 0x0E,
    0x00, 0x30, 0x0E, 0x00, 0x30, 0x0E, 0x00, 0x30, 0x0F, 0x00, 0x30, 0x0F, 0x00, 0x70, 0x07, 0x80,
    0xE0, 0x03, 0xFF, 0xC0, 0x01, 0xFF, 0x80, 0x00, 0x00, 0x00, 0x02, 0x06, 0x00, 0x18, 0x30, 0x00,
    0xFF, 0x80, 0x03, 0xF8, 0x00, 0x0F, 0x80, 0x00, 0x00, 0x00, 0x00, 0x00, 0x0F, 0xC1, 0xF8, 0x7E,
    0x0F, 0xC0, 0xF0, 0x1E, 0x07, 0x80, 0xF0, 0x3C, 0x07, 0x81, 0xE0, 0x3C, 0x0F, 0x01, 0xE0, 0x78,
    0x0F, 0x03, 0xC0, 0x78, 0x1E, 0x03, 0xC0, 0xF0, 0x1E, 0x07, 0x80, 0xF0, 0x3C, 0x07, 0x80, 0xE0,
    0x3C, 0x07, 0x03, 0xE0, 0x3C, 0x3F, 0x00, 0xFF, 0xBE, 0x03, 0xF9, 0xF8, 0x00, 0x00, 0x00, 0x00,
    0x00, 0x00, 0x00, 0x3E, 0x00, 0x00, 0x7F, 0x00, 0x00, 0xE3, 0x00, 0x00, 0xC3, 0x00, 0x00, 0xE3,
    0x00, 0x00, 0x7F, 0x00, 0x00, 0x3E, 0x00, 0x00, 0x00, 0x00, 0x00, 0x00, 0x00, 0xFF, 0xC1, 0xFE,
    0x7F, 0xC1, 0xFE, 0x1F, 0x00, 0x38, 0x0E, 0x00, 0x30, 0x0E, 0x00, 0x30, 0x0E, 0x00, 0x30, 0x0E,
    0x00, 0x30, 0x0E, 0x00, 0x30, 0x0E, 0x00, 0x30, 0x0E, 0x00, 0x30, 0x0E, 0x00, 0x30, 0x0E, 0x00,
    0x30, 0x0E, 0x00, 0x30, 0x0E, 0x00, 0x30, 0x0E, 0x00, 0x30, 0x0E, 0x00, 0x30, 0x0E, 0x00, 0x30,
    0x0E, 0x00, 0x30, 0x0E, 0x00, 0x30, 0x0F, 0x00, 0x30, 0x0F, 0x00, 0x70, 0x07, 0x80, 0xE0, 0x03,
    0xFF, 0xC0, 0x01, 0xFF, 0x80, 0x00, 0x00, 0x00, 0x00, 0x00, 0x00, 0x07, 0xC0, 0x00, 0x7F, 0x00,
    0x06, 0x18, 0x00, 0x30, 0xC0, 0x01, 0x86, 0x00, 0x07, 0xF0, 0x00, 0x1F, 0x00, 0x00, 0x00, 0x00,
    0x00, 0x00, 0x1F, 0x83, 0xF0, 0xFC, 0x1F, 0x81, 0xE0, 0x3C, 0x0F, 0x01, 0xE0, 0x78, 0x0F, 0x03,
    0xC0, 0x78, 0x1E, 0x03, 0xC0, 0xF0, 0x1E, 0x07, 0x80, 0xF0, 0x3C, 0x07, 0x81, 0xE0, 0x3C, 0x0F,
    0x01, 0xE0, 0x78, 0x0F, 0x01, 0xC0, 0x78, 0x0E, 0x07, 0xC0, 0x78, 0x7E, 0x01, 0xFF, 0x7C, 0x07,
    0xF3, 0xF0, 0x00, 0x00, 0x00, 0x00, 0x3C, 0xF0, 0x00, 0x38, 0xE0, 0x00, 0x79, 0xE0, 0x00, 0xF3,
    0xC0, 0x00, 0xE3, 0x80, 0x01, 0xC7, 0x00, 0x00, 0x00, 0x00, 0x00, 0x00, 0x00, 0xFF, 0xC1, 0xFE,
    0x7F, 0xC1, 0xFE, 0x1F, 0x00, 0x38, 0x0E, 0x00, 0x30, 0x0E, 0x00, 0x30, 0x0E, 0x00, 0x30, 0x0E,
    0x00, 0x30, 0x0E, 0x00, 0x30, 0x0E, 0x00, 0x30, 0x0E, 0x00, 0x30, 0x0E, 0x00, 0x30, 0x0E, 0x00,
    0x30, 0x0E, 0x00, 0x30, 0x0E, 0x00, 0x30, 0x0E, 0x00, 0x30, 0x0E, 0x00, 0x30, 0x0E, 0x00, 0x30,
    0x0E, 0x00, 0x30, 0x0E, 0x00, 0x30, 0x0F, 0x00, 0x30, 0x0F, 0x00, 0x70, 0x07, 0x80, 0xE0, 0x03,
    0xFF, 0xC0, 0x01, 0xFF, 0x80, 0x00, 0x00, 0x00, 0x00, 0xF3, 0xC0, 0x07, 0x9E, 0x00, 0x79, 0xE0,
    0x03, 0x8E, 0x00, 0x38, 0xE0, 0x01, 0x86, 0x00, 0x00, 0x00, 0x00, 0x00, 0x00, 0x7E, 0x0F, 0xC3,
    0xF0, 0x7E, 0x07, 0x80, 0xF0, 0x3C, 0x07, 0x81, 0xE0, 0x3C, 0x0F, 0x01, 0xE0, 0x78, 0x0F, 0x03,
    0xC0, 0x78, 0x1E, 0x03, 0xC0, 0xF0, 0x1E, 0x07, 0x80, 0xF0, 0x3C, 0x07, 0x81, 0xE0, 0x3C, 0x07,
    0x01, 0xE0, 0x38, 0x1F, 0x01, 0xE1, 0xF8, 0x07, 0xFD, 0xF0, 0x1F, 0xCF, 0xC0, 0x00, 0x00, 0x7F,
    0xE1, 0xFF, 0x7F, 0xC1, 0xFF, 0x1F, 0x00, 0x38, 0x0E, 0x00, 0x38, 0x0E, 0x00, 0x38, 0x0E, 0x00,
    0x38, 0x0E, 0x00, 0x38, 0x0E, 0x00, 0x38, 0x0E, 0x00, 0x38, 0x0E, 0x00, 0x38, 0x0E, 0x00, 0x38,
    0x0E, 0x00, 0x38, 0x0E, 0x00, 0x38, 0x0E, 0x00, 0x38, 0x0E, 0x00, 0x38, 0x0E, 0x00, 0x38, 0x0E,
    0x00, 0x38, 0x0E, 0x00, 0x38, 0x0F, 0x00, 0x38, 0x0F, 0x00, 0x30, 0x0F, 0x00, 0x70, 0x07, 0xC0,
    0xE0, 0x03, 0xFF, 0xC0, 0x01, 0xFF, 0x80, 0x00, 0x1C, 0x00, 0x00, 0x38, 0x00, 0x00, 0x70, 0x00,
    0x00, 0x70, 0x00, 0x00, 0x70, 0x00, 0x00, 0x78, 0x00, 0x00, 0x3F, 0x00, 0x00, 0x1F, 0x00, 0x7E,
    0x0F, 0xC3, 0xF0, 0x7E, 0x07, 0x80, 0xF0, 0x3C, 0x07, 0x81, 0xE0, 0x3C, 0x0F, 0x01, 0xE0, 0x78,
    0x0F, 0x03, 0xC0, 0x78, 0x1E, 0x03, 0xC0, 0xF0, 0x1E, 0x07, 0x80, 0xF0, 0x3C, 0x07, 0x81, 0xE0,
    0x3C, 0x07, 0x01, 0xE0, 0x38, 0x1F, 0x01, 0xE1, 0xF8, 0x07, 0xFD, 0xF0, 0x1F, 0xCF, 0xC0, 0x00,
    0xC0, 0x00, 0x1C, 0x00, 0x00, 0xC0, 0x00, 0x0E, 0x00, 0x00, 0x70, 0x00, 0x03, 0xC0, 0x00, 0x0F,
    0xC0, 0x00, 0x3E, 0x00, 0x00, 0x00, 0x70, 0x00, 0x00, 0x00, 0x1E, 0x00, 0x00, 0x00, 0x07, 0xE0,
    0x00, 0x00, 0x01, 0xCE, 0x00, 0x00, 0x00, 0x30, 0xC0, 0x00, 0x00, 0x0C, 0x0C, 0x00, 0x00, 0x00,
    0x00, 0x00, 0x00, 0x00, 0x00, 0x00, 0x00, 0xFF, 0xC0, 0x60, 0x3F, 0xFF, 0xF0, 0x1E, 0x03, 0xF8,
    0x78, 0x03, 0xC0, 0x1C, 0x0F, 0x00, 0x78, 0x03, 0x81, 0xE0, 0x0F, 0x80, 0x60, 0x1C, 0x03, 0xF0,
    0x0C, 0x03, 0xC0, 0x6E, 0x03, 0x80, 0x78, 0x0D, 0xC0, 0x70, 0x0F, 0x03, 0xBC, 0x0C, 0x00, 0xF0,
    0x67, 0x81, 0x80, 0x1E, 0x0C, 0x70, 0x70, 0x03, 0xC1, 0x8F, 0x0C, 0x00, 0x38, 0x71, 0xE1, 0x80,
    0x07, 0x8C, 0x1C, 0x70, 0x00, 0xF1, 0x83, 0x8E, 0x00, 0x0E, 0x70, 0x79, 0x80, 0x01, 0xEC, 0x0F,
    0x30, 0x00, 0x3D, 0x80, 0xEE, 0x00, 0x07, 0xB0, 0x1D, 0x80, 0x00, 0x7E, 0x03, 0xF0, 0x00, 0x0F,
    0x80, 0x3E, 0x00, 0x01, 0xF0, 0x07, 0xC0, 0x00, 0x1E, 0x00, 0xF0, 0x00, 0x03, 0xC0, 0x0E, 0x00,
    0x00, 0x07, 0x00, 0x00, 0x00, 0x3C, 0x00, 0x00, 0x03, 0xF0, 0x00, 0x00, 0x3B, 0x80, 0x00, 0x03,
    0x8E, 0x00, 0x00, 0x18, 0x18, 0x00, 0x00, 0x00, 0x00, 0x00, 0x00, 0x00, 0x00, 0xFF, 0x03, 0x07,
    0xFF, 0xF8, 0x38, 0x1F, 0xCF, 0x01, 0xE0, 0x38, 0x78, 0x0F, 0x01, 0x81, 0xC0, 0xF8, 0x0C, 0x0F,
    0x06, 0xE0, 0xC0, 0x78, 0x77, 0x06, 0x01, 0xC3, 0x38, 0x30, 0x0E, 0x18, 0xE3, 0x80, 0x79, 0xC7,
    0x18, 0x01, 0xCC, 0x38, 0xC0, 0x0E, 0x60, 0xE6, 0x00, 0x76, 0x07, 0x60, 0x03, 0xF0, 0x3B, 0x00,
    0x0F, 0x80, 0xF8, 0x00, 0x78, 0x07, 0x80, 0x03, 0xC0, 0x3C, 0x00, 0x0E, 0x00, 0xE0, 0x00, 0x00,
    0x38, 0x00, 0x01, 0xF0, 0x00, 0x07, 0xC0, 0x00, 0x3B, 0x80, 0x01, 0xC7, 0x00, 0x06, 0x0C, 0x00,
    0x00, 0x00, 0x00, 0x00, 0x00, 0x7F, 0xC3, 0xFD, 0xFF, 0x0F, 0xF1, 0xE0, 0x0F, 0x03, 0xC0, 0x18,
    0x0F, 0x00, 0xE0, 0x1E, 0x03, 0x00, 0x78, 0x1C, 0x00, 0xF0, 0x60, 0x03, 0xC3, 0x00, 0x07, 0x8C,
    0x00, 0x0E, 0x60, 0x00, 0x3F, 0x80, 0x00, 0x7C, 0x00, 0x01, 0xF0, 0x00, 0x03, 0x80, 0x00, 0x0E,
    0x00, 0x00, 0x38, 0x00, 0x00, 0xE0, 0x00, 0x03, 0x80, 0x00, 0x0E, 0x00, 0x00, 0x38, 0x00, 0x01,
    0xF0, 0x00, 0x1F, 0xF0, 0x00, 0xFF, 0xE0, 0x00, 0xE0, 0x00, 0x1E, 0x00, 0x07, 0xE0, 0x01, 0xDC,
    0x00, 0x70, 0xC0, 0x0C, 0x0C, 0x00, 0x00, 0x00, 0x00, 0x00, 0xFF, 0x0F, 0xFF, 0xE1, 0xFC, 0xF0,
    0x0E, 0x0E, 0x01, 0xC1, 0xC0, 0x30, 0x3C, 0x0E, 0x03, 0x81, 0x80, 0x78, 0x30, 0x07, 0x0E, 0x00,
    0xF1, 0x80, 0x0E, 0x30, 0x01, 0xCE, 0x00, 0x3D, 0x80, 0x03, 0xB0, 0x00, 0x7E, 0x00, 0x07, 0x80,
    0x00, 0xF0, 0x00, 0x1C, 0x00, 0x03, 0x80, 0x00, 0x70, 0x00, 0x0C, 0x00, 0x03, 0x80, 0x00, 0xE0,
    0x00, 0x3C, 0x00, 0x7F, 0x00, 0x0F, 0x80, 0x00, 0x01, 0xC3, 0x00, 0x07, 0x1E, 0x00, 0x1C, 0x78,
    0x00, 0x70, 0xC0, 0x00, 0x00, 0x00, 0x00, 0x00, 0x00, 0x00, 0x00, 0x1F, 0xF0, 0xFF, 0x7F, 0xC3,
    0xFC, 0x78, 0x03, 0xC0, 0xF0, 0x06, 0x03, 0xC0, 0x38, 0x07, 0x80, 0xC0, 0x1E, 0x07, 0x00, 0x3C,
    0x18, 0x00, 0xF0, 0xC0, 0x01, 0xE3, 0x00, 0x03, 0x98, 0x00, 0x0F, 0xE0, 0x00, 0x1F, 0x00, 0x00,
    0x7C, 0x00, 0x00, 0xE0, 0x00, 0x03, 0x80, 0x00, 0x0E, 0x00, 0x00, 0x38, 0x00, 0x00, 0xE0, 0x00,
    0x03, 0x80, 0x00, 0x0E, 0x00, 0x00, 0x7C, 0x00, 0x07, 0xFC, 0x00, 0x3F, 0xF8, 0x00, 0x00, 0x38,
    0x00, 0x1E, 0x00, 0x07, 0x00, 0x03, 0x80, 0x00, 0xC0, 0x00, 0x60, 0x00, 0x00, 0x00, 0x00, 0x00,
    0x7F, 0xFF, 0x9F, 0xFF, 0xE7, 0x00, 0xF1, 0x80, 0x3C, 0x60, 0x1E, 0x18, 0x0F, 0x80, 0x03, 0xC0,
    0x01, 0xE0, 0x00, 0x78, 0x00, 0x3C, 0x00, 0x1F, 0x00, 0x07, 0x80, 0x03, 0xC0, 0x00, 0xF0, 0x00,
    0x78, 0x00, 0x3E, 0x00, 0x0F, 0x00, 0x07, 0x80, 0x01, 0xE0, 0x08, 0xF0, 0x06, 0x78, 0x01, 0x9E,
    0x00, 0x6F, 0xFF, 0xFB, 0xFF, 0xFE, 0x00, 0x70, 0x01, 0xE0, 0x03, 0x80, 0x0E, 0x00, 0x38, 0x00,
    0x60, 0x00, 0x00, 0x00, 0x00, 0x7F, 0xFC, 0xFF, 0xF9, 0xC0, 0xE3, 0x03, 0xC4, 0x0F, 0x00, 0x1C,
    0x00, 0x78, 0x01, 0xE0, 0x03, 0x80, 0x0F, 0x00, 0x3C, 0x00, 0x70, 0x01, 0xE0, 0x47, 0x81, 0x8E,
    0x03, 0x3C, 0x06, 0xFF, 0xFD, 0xFF, 0xF8, 0x00, 0x00, 0x00, 0x38, 0x00, 0x1E, 0x00, 0x07, 0x80,
    0x00, 0xE0, 0x00, 0x00, 0x00, 0x00, 0x00, 0x00, 0x00, 0x7F, 0xFF, 0x9F, 0xFF, 0xE7, 0x00, 0xF1,
    0x80, 0x3C, 0x60, 0x1E, 0x18, 0x0F, 0x80, 0x03, 0xC0, 0x01, 0xE0, 0x00, 0x78, 0x00, 0x3C, 0x00,
    0x1F, 0x00, 0x07, 0x80, 0x03, 0xC0, 0x00, 0xF0, 0x00, 0x78, 0x00, 0x3E, 0x00, 0x0F, 0x00, 0x07,
    0x80, 0x01, 0xE0, 0x08, 0xF0, 0x06, 0x78, 0x01, 0x9E, 0x00, 0x6F, 0xFF, 0xFB, 0xFF, 0xFE, 0x00,
    0x00, 0x07, 0x80, 0x0F, 0x00, 0x1E, 0x00, 0x18, 0x00, 0x00, 0x00, 0x00, 0x00, 0x00, 0x7F, 0xFC,
    0xFF, 0xF9, 0xC0, 0xE3, 0x03, 0xC4, 0x0F, 0x00, 0x1C, 0x00, 0x78, 0x01, 0xE0, 0x03, 0x80, 0x0F,
    0x00, 0x3C, 0x00, 0x70, 0x01, 0xE0, 0x47, 0x81, 0x8E, 0x03, 0x3C, 0x06, 0xFF, 0xFD, 0xFF, 0xF8,
    0x0C, 0x04, 0x01, 0x87, 0x00, 0x73, 0x80, 0x0F, 0xC0, 0x01, 0xF0, 0x00, 0x78, 0x00, 0x00, 0x00,
    0x00, 0x00, 0x7F, 0xFF, 0x9F, 0xFF, 0xE7, 0x00, 0xF1, 0x80, 0x3C, 0x60, 0x1E, 0x18, 0x0F, 0x80,
    0x03, 0xC0, 0x01, 0xE0, 0x00, 0x78, 0x00, 0x3C, 0x00, 0x1F, 0x00, 0x07, 0x80, 0x03, 0xC0, 0x00,
    0xF0, 0x00, 0x78, 0x00, 0x3E, 0x00, 0x0F, 0x00, 0x07, 0x80, 0x01, 0xE0, 0x08, 0xF0, 0x06, 0x78,
    0x01, 0x9E, 0x00, 0x6F, 0xFF, 0xFB, 0xFF, 0xFE, 0x18, 0x18, 0x38, 0x70, 0x39, 0xC0, 0x3F, 0x00,
    0x7C, 0x00, 0x78, 0x00, 0x00, 0x00, 0x00, 0x7F, 0xFC, 0xFF, 0xF9, 0xC0, 0xE3, 0x03, 0xC4, 0x0F,
    0x00, 0x1C, 0x00, 0x78, 0x01, 0xE0, 0x03, 0x80, 0x0F, 0x00, 0x3C, 0x00, 0x70, 0x01, 0xE0, 0x47,
    0x81, 0x8E, 0x03, 0x3C, 0x06, 0xFF, 0xFD, 0xFF, 0xF8, 0x01, 0xF0, 0x07, 0xF8, 0x1C, 0x70, 0x70,
    0xE0, 0xE0, 0x81, 0xC0, 0x07, 0x80, 0x0F, 0x00, 0x1E, 0x00, 0x3C, 0x00, 0x78, 0x00, 0xF0, 0x01,
    0xE0, 0x03, 0xC0, 0x07, 0x80, 0x0F, 0x00, 0x1E, 0x00, 0x3C, 0x00, 0x78, 0x00, 0xF0, 0x01, 0xE0,
    0x03, 0xC0, 0x07, 0x80, 0x0F, 0x00, 0x7F, 0xC1, 0xFF, 0xC0, 0x00, 0x1F, 0xF7, 0xFC, 0x00, 0x00,
    0x1F, 0xF7, 0xFC, 0x00, 0x00, 0x00, 0x7F, 0xFF, 0xBF, 0xFF, 0xC0, 0x7F, 0xFF, 0xDF, 0xFF, 0xF0,
    0x00, 0x00, 0x7F, 0xFF, 0xFF, 0xFF, 0xEF, 0xFF, 0xFF, 0xFF, 0xFC, 0x00, 0x00, 0x00, 0x00, 0x00,
    0x7F, 0xFF, 0xFF, 0xFF, 0xEF, 0xFF, 0xFF, 0xFF, 0xFC, 0x00, 0x00, 0x00, 0x00, 0x00, 0x00, 0x63,
    0x63, 0x63, 0x63, 0x63, 0x63, 0x63, 0x63, 0x63, 0x63, 0x63, 0x63, 0x63, 0x63, 0x63, 0x63, 0x63,
    0x63, 0x63, 0x63, 0x63, 0x63, 0x63, 0x63, 0x63, 0x63, 0x63, 0x63, 0x63, 0x63, 0x63, 0x63, 0x63,
    0x00, 0x00, 0xFF, 0xFD, 0xFF, 0xF8, 0x00, 0x00, 0x00, 0x0F, 0xFF, 0xDF, 0xFF, 0x80, 0x04, 0x38,
    0xE1, 0x86, 0x0E, 0x1E, 0x3E, 0x7C, 0x60, 0x31, 0xE7, 0xDF, 0x18, 0x61, 0x9C, 0xE2, 0x00, 0x01,
    0xE7, 0x9F, 0x3C, 0x61, 0x8C, 0xE3, 0x00, 0x00, 0x38, 0xF9, 0xF3, 0xC7, 0x0C, 0x0C, 0x1C, 0x0C,
    0x00, 0x04, 0x08, 0xE1, 0xCE, 0x18, 0x61, 0x86, 0x0C, 0x38, 0x71, 0xE7, 0xCF, 0xBE, 0x7C, 0xF1,
    0x83, 0x00, 0x30, 0xE3, 0xCF, 0x9F, 0x7C, 0xF9, 0xE1, 0x87, 0x0C, 0x18, 0x61, 0x8E, 0x1C, 0xE1,
    0x84, 0x00, 0x00, 0x00, 0x03, 0xC7, 0x1E, 0x7C, 0xFB, 0xE3, 0xCF, 0x0C, 0x18, 0x60, 0xC6, 0x0C,
    0xE1, 0xC6, 0x0C, 0x00, 0x00, 0x38, 0x63, 0xE7, 0x9F, 0x7C, 0xF3, 0xE7, 0x0C, 0x30, 0x60, 0xC3,
    0x07, 0x0E, 0x0C, 0x38, 0x00, 0x40, 0x00, 0x00, 0x38, 0x01, 0xC0, 0x0E, 0x00, 0x70, 0x03, 0x80,
    0x1C, 0x00, 0x40, 0xFF, 0xFF, 0xFF, 0xF1, 0xC6, 0x0E, 0x00, 0x70, 0x07, 0xC0, 0x1C, 0x00, 0xE0,
    0x07, 0x00, 0x38, 0x01, 0xC0, 0x0E, 0x00, 0x70, 0x03, 0x80, 0x1C, 0x00, 0xC0, 0x06, 0x00, 0x10,
    0x00, 0x80, 0x04, 0x00, 0x20, 0x01, 0x00, 0x00, 0x00, 0x38, 0x01, 0xC0, 0x0E, 0x00, 0x70, 0x03,
    0x83, 0xD9, 0xFF, 0xFF, 0xF7, 0x78, 0x38, 0x01, 0xC0, 0x0E, 0x00, 0x70, 0x01, 0x00, 0x08, 0x00,
    0x40, 0x02, 0x00, 0x38, 0x01, 0xC0, 0x0E, 0x00, 0x70, 0x43, 0x87, 0xFF, 0xFF, 0xFF, 0x06, 0x00,
    0x38, 0x01, 0xC0, 0x0E, 0x00, 0x70, 0x03, 0x80, 0x1E, 0x0F, 0xC7, 0xF9, 0xFE, 0x7F, 0xDF, 0xF7,
    0xF9, 0xFE, 0x7F, 0x87, 0x80, 0x00, 0x18, 0x03, 0xC0, 0x7E, 0x0F, 0xF1, 0xFF, 0xBF, 0xF7, 0xFC,
    0xFE, 0x1F, 0x03, 0x80, 0x00, 0x00, 0x07, 0xBD, 0xEF, 0x00, 0x00, 0x03, 0xC0, 0xEF, 0x03, 0xFC,
    0x1F, 0xF0, 0x3C, 0x00, 0x40, 0x00, 0x00, 0x00, 0x78, 0x3C, 0x0F, 0x78, 0x3C, 0x0F, 0x78, 0x3C,
    0x0F, 0x78, 0x1C, 0x0F, 0x00, 0x00, 0x00, 0x07, 0xBD, 0xEF, 0x00, 0x00, 0x7F, 0xB0, 0x18, 0x0C,
    0x06, 0x03, 0x01, 0x80, 0xC0, 0x60, 0x30, 0x18, 0x0C, 0x06, 0x03, 0x01, 0x80, 0xC0, 0x60, 0x30,
    0x18, 0x0C, 0x06, 0x03, 0x01, 0x80, 0xC0, 0x00, 0x00, 0x00, 0x3F, 0xC0, 0x60, 0x30, 0x18, 0x0C,
    0x06, 0x03, 0x01, 0x80, 0xC0, 0x60, 0x30, 0x18, 0x0C, 0x06, 0x03, 0x01, 0x80, 0xC0, 0x60, 0x30,
    0x18, 0x0C, 0x06, 0x03, 0x01, 0x80, 0x00, 0xFF, 0xFF, 0xFF, 0xFF, 0xFF, 0xFF, 0xFF, 0x18, 0x18,
    0x18, 0x18, 0x18, 0x18, 0x18, 0x18, 0x18, 0x18, 0x18, 0x18, 0x18, 0x18, 0x18, 0x18, 0x18, 0x18,
    0x18, 0x18, 0x00, 0xFF, 0xC0, 0xC0, 0xC0, 0xC0, 0xC0, 0xFF, 0x18, 0x18, 0x18, 0x18, 0x18, 0x18,
    0x18, 0x18, 0x18, 0x18, 0x18, 0x18, 0x18, 0x18, 0x18, 0x18, 0x18, 0x18, 0x18, 0x18, 0x00, 0xFF,
    0x03, 0x03, 0x03, 0x03, 0x03, 0xFF, 0x18, 0x18, 0x18, 0x18, 0x18, 0x18, 0x18, 0x18, 0x18, 0x18,
    0x18, 0x18, 0x18, 0x18, 0x18, 0x18, 0x18, 0x18, 0x18, 0x18, 0x00, 0x00, 0x00, 0x00, 0x00, 0x00,
    0x0F, 0xC0, 0x0C, 0x00, 0x00, 0x0E, 0x70, 0x0C, 0x00, 0x00, 0x0E, 0x1C, 0x0E, 0x00, 0x00, 0x07,
    0x0E, 0x06, 0x00, 0x00, 0x03, 0x87, 0x07, 0x00, 0x00, 0x03, 0xC3, 0x83, 0x00, 0x00, 0x01, 0xE1,
    0xE3, 0x80, 0x00, 0x00, 0xF0, 0xF1, 0x80, 0x00, 0x00, 0x78, 0x79, 0xC0, 0x00, 0x00, 0x1C, 0x38,
    0xC1, 0x80, 0x0C, 0x0E, 0x1C, 0xE3, 0xF0, 0x1F, 0x87, 0x0E, 0x63, 0x9C, 0x1C, 0xE1, 0xCE, 0x73,
    0x87, 0x1C, 0x38, 0xFE, 0x31, 0xC3, 0x8E, 0x1C, 0x1E, 0x38, 0xE1, 0xC7, 0x0E, 0x00, 0x18, 0xF0,
    0xE3, 0x87, 0x80, 0x1C, 0x78, 0x73, 0xC3, 0xC0, 0x0C, 0x3C, 0x39, 0xE1, 0xE0, 0x0E, 0x1E, 0x1C,
    0x70, 0xF0, 0x06, 0x07, 0x0E, 0x38, 0x70, 0x07, 0x03, 0x87, 0x1C, 0x38, 0x03, 0x01, 0xC3, 0x8E,
    0x1C, 0x03, 0x80, 0x73, 0x83, 0x9C, 0x01, 0x80, 0x1F, 0x80, 0xFC, 0x00, 0x00, 0x00, 0x00, 0x00,
    0x00, 0x00, 0x00, 0x00, 0x00, 0x00, 0x00, 0x00, 0x7E, 0x00, 0x60, 0x00, 0x00, 0x00, 0x03, 0x9C,
    0x03, 0x00, 0x00, 0x00, 0x00, 0x1C, 0x38, 0x1C, 0x00, 0x00, 0x00, 0x00, 0x70, 0xE0, 0x60, 0x00,
    0x00, 0x00, 0x01, 0xC3, 0x83, 0x80, 0x00, 0x00, 0x00, 0x0F, 0x0E, 0x0C, 0x00, 0x00, 0x00, 0x00,
    0x3C, 0x3C, 0x70, 0x00, 0x00, 0x00, 0x00, 0xF0, 0xF1, 0x80, 0x00, 0x00, 0x00, 0x03, 0xC3, 0xCE,
    0x00, 0x00, 0x00, 0x00, 0x07, 0x0E, 0x30, 0x60, 0x03, 0x00, 0x18, 0x1C, 0x39, 0xC7, 0xE0, 0x3F,
    0x01, 0xFC, 0x70, 0xE6, 0x39, 0xC1, 0xCE, 0x0E, 0x70, 0xE7, 0x39, 0xC3, 0x8E, 0x1C, 0x70, 0xE3,
    0xF8, 0xC7, 0x0E, 0x38, 0x71, 0xC3, 0x83, 0xC7, 0x1C, 0x38, 0xE1, 0xC7, 0x0F, 0x00, 0x18, 0xF0,
    0xE3, 0x87, 0x9C, 0x3C, 0x00, 0xE3, 0xC3, 0x9E, 0x1E, 0x70, 0x70, 0x03, 0x0F, 0x0E, 0x78, 0x79,
    0xC1, 0xC0, 0x1C, 0x3C, 0x38, 0xE1, 0xE7, 0x0F, 0x00, 0x60, 0x70, 0xE3, 0x87, 0x1C, 0x3C, 0x03,
    0x81, 0xC3, 0x8E, 0x1C, 0x70, 0xE0, 0x0C, 0x07, 0x0E, 0x38, 0x70, 0xE3, 0x80, 0x70, 0x0E, 0x70,
    0x73, 0x83, 0x9C, 0x01, 0x80, 0x1F, 0x80, 0xFC, 0x07, 0xE0, 0x00, 0x00, 0x00, 0x00, 0x00, 0x00,
    0x00, 0x38, 0xE3, 0x9C, 0x71, 0x86, 0x18, 0x00, 0x38, 0xF3, 0x8E, 0x38, 0xE7, 0x0E, 0x71, 0xC6,
    0x1C, 0x61, 0x86, 0x18, 0x00, 0x00, 0x38, 0xF3, 0xC7, 0x1C, 0x78, 0xE3, 0x8E, 0x38, 0x71, 0xC7,
    0x1C, 0x30, 0xC3, 0x86, 0x18, 0x61, 0xC3, 0x0C, 0x30, 0x00, 0x00, 0x00, 0x71, 0xE3, 0x8E, 0x38,
    0x61, 0x83, 0x00, 0x71, 0xE7, 0x9E, 0x38, 0xE3, 0x8E, 0x38, 0x61, 0x87, 0x18, 0x30, 0xC3, 0x00,
    0x00, 0x71, 0xE7, 0x8F, 0x3C, 0x70, 0xE3, 0x8E, 0x1C, 0x70, 0xC3, 0x86, 0x1C, 0x30, 0xE3, 0x86,
    0x0C, 0x30, 0x61, 0x86, 0x00, 0x00, 0x00, 0x04, 0x00, 0xC0, 0x38, 0x07, 0x81, 0xB0, 0x37, 0x0E,
    0x61, 0x8E, 0x70, 0xCC, 0x1C, 0x00, 0x1C, 0x30, 0xE3, 0x8E, 0x3C, 0x78, 0x70, 0x70, 0x70, 0x60,
    0xE0, 0x00, 0x00, 0xC1, 0xC1, 0x83, 0x83, 0x87, 0x8F, 0x1C, 0x70, 0xC3, 0x86, 0x00, 0x00, 0x00,
    0x00, 0x00, 0x7F, 0x00, 0x1F, 0xF8, 0x03, 0x83, 0x80, 0x78, 0x18, 0x07, 0x00, 0x00, 0x70, 0x00,
    0x07, 0x00, 0x00, 0xF0, 0x00, 0x0F, 0x1F, 0xFE, 0xF0, 0x70, 0x67, 0x07, 0x06, 0x70, 0x70, 0x67,
    0x87, 0x00, 0x38, 0x70, 0x01, 0xE7, 0x00, 0x0F, 0xFF, 0xC0, 0x07, 0x00, 0x00, 0x70, 0x00, 0x07,
    0x00, 0x00, 0x70, 0x00, 0x07, 0x03, 0x00, 0x70, 0x30, 0x0F, 0xFF, 0x01, 0xFF, 0xF0, 0x00, 0x00,
    0x00, 0x06, 0x40, 0x00, 0xD8, 0x00, 0x3F, 0x00, 0x3F, 0xF8, 0x0F, 0xDF, 0x87, 0x99, 0xF0, 0xE3,
    0x2E, 0x3C, 0x4D, 0xC7, 0x19, 0x91, 0xE3, 0x30, 0x3C, 0x66, 0x07, 0x8C, 0x80, 0xF1, 0x30, 0x1E,
    0x66, 0x03, 0xCC, 0xC0, 0x79, 0x98, 0x0F, 0x32, 0x01, 0xE4, 0xC0, 0x1F, 0x98, 0x03, 0xF3, 0x04,
    0x3E, 0x63, 0x83, 0xFF, 0xF0, 0x3F, 0xF8, 0x07, 0xFC, 0x00, 0xCC, 0x00, 0x19, 0x80, 0x03, 0x30,
    0x00, 0x00, 0x00, 0x00, 0x3F, 0xE0, 0x1F, 0xFF, 0x07, 0x81, 0xE1, 0xE0, 0x1C, 0x38, 0x03, 0x8F,
    0x00, 0x61, 0xC0, 0x00, 0x78, 0x00, 0x0F, 0x00, 0x01, 0xE7, 0x9F, 0x3C, 0xFF, 0xE7, 0x87, 0x9C,
    0xF0, 0xF3, 0x1E, 0x1C, 0x03, 0xC3, 0x80, 0x78, 0x70, 0x0F, 0x0E, 0x00, 0xE1, 0xC0, 0x1E, 0x38,
    0x03, 0xC7, 0x04, 0x3C, 0xE1, 0x83, 0xFC, 0x70, 0x3F, 0xFC, 0x03, 0xFF, 0x00, 0x00, 0x00, 0xFF,
    0xFF, 0x3F, 0xFF, 0x87, 0x81, 0xC3, 0xC0, 0x61, 0xE0, 0x38, 0xF0, 0x0C, 0x78, 0x00, 0x3C, 0x00,
    0x1E, 0x00, 0x0F, 0x00, 0x07, 0x80, 0x03, 0xFF, 0x81, 0xFF, 0xC0, 0xF0, 0x00, 0x78, 0x00, 0x3C,
    0x00, 0x7F, 0xE0, 0x7F, 0xF8, 0x07, 0x80, 0x03, 0xC0, 0x01, 0xE0, 0x00, 0xF0, 0x01, 0xFF, 0x01,
    0xFF, 0xC0, 0x00, 0x00, 0x01, 0xFC, 0x03, 0xFF, 0x03, 0xC3, 0xC1, 0xC0, 0xE1, 0xE0, 0x70, 0xF0,
    0x30, 0x78, 0x00, 0x3C, 0x00, 0x0E, 0x00, 0x07, 0x00, 0x03, 0xC0, 0x07, 0xFF, 0x00, 0x78, 0x00,
    0x1C, 0x00, 0x1E, 0x00, 0x7F, 0xF0, 0x03, 0x80, 0x01, 0xC0, 0x00, 0xC0, 0x00, 0xE0, 0x00, 0xFC,
    0x04, 0xFF, 0xEE, 0xFF, 0xFE, 0x60, 0xFE, 0x00, 0x00, 0x00, 0x00, 0x00, 0x00, 0x00, 0x00, 0x00,
    0x30, 0x00, 0x00, 0x00, 0x60, 0x00, 0x00, 0x01, 0x80, 0x00, 0x00, 0x03, 0x00, 0x0F, 0xCF, 0xC7,
    0xF8, 0x1F, 0xBF, 0xDF, 0xF8, 0x07, 0xC3, 0xF0, 0xF0, 0x0F, 0x03, 0xC0, 0xF0, 0x1E, 0x07, 0x81,
    0xE0, 0x38, 0x0F, 0x01, 0xC0, 0x70, 0x1E, 0x03, 0x80, 0xE0, 0x3C, 0x07, 0x01, 0xC0, 0x78, 0x0E,
    0x03, 0x80, 0xF0, 0x1C, 0x07, 0x03, 0xE0, 0x38, 0x0E, 0x07, 0xC0, 0x70, 0x1C, 0x0F, 0x80, 0xE0,
    0x38, 0x3F, 0x01, 0xC0, 0x70, 0x7E, 0x03, 0x80, 0xE1, 0xBC, 0x07, 0x0F, 0xFB, 0x7E, 0x0F, 0x9F,
    0xFE, 0xFC, 0x1F, 0x80, 0x18, 0x00, 0x00, 0x00, 0x30, 0x00, 0x00, 0x00, 0xC0, 0x00, 0x00, 0x01,
    0x80, 0x00, 0x00, 0x7E, 0x07, 0xF9, 0xFC, 0x1F, 0xE0, 0xF0, 0x0E, 0x03, 0xE0, 0x30, 0x0F, 0x80,
    0xC0, 0x3F, 0x03, 0x00, 0xFC, 0x0C, 0x03, 0x78, 0x30, 0x0D, 0xE0, 0xC3, 0xFF, 0xFF, 0xFF, 0xFF,
    0xFF, 0xC3, 0x1E, 0x30, 0x0C, 0x78, 0xC3, 0xFF, 0xFF, 0xF7, 0xFF, 0xFF, 0xC3, 0x07, 0xB0, 0x0C,
    0x0E, 0xC0, 0x30, 0x3F, 0x00, 0xC0, 0x7C, 0x03, 0x01, 0xF0, 0x0C, 0x03, 0xC0, 0x30, 0x0F, 0x03,
    0xF0, 0x1C, 0x1F, 0xE0, 0x70, 0x7F, 0xF8, 0x00, 0x1F, 0xFF, 0x80, 0x00, 0xF0, 0xF0, 0x00, 0x3C,
    0x1E, 0x00, 0x0F, 0x07, 0x80, 0x03, 0xC0, 0xE0, 0x00, 0xF0, 0x3C, 0x00, 0x3C, 0x0F, 0x10, 0x0F,
    0x03, 0x8C, 0x03, 0xC0, 0xE3, 0x00, 0xF0, 0x78, 0xC0, 0x3C, 0x1C, 0x70, 0x0F, 0x1F, 0x7F, 0xC3,
    0xFF, 0x1F, 0xE0, 0xFF, 0x01, 0xC0, 0x3C, 0x00, 0x70, 0x0F, 0x00, 0x1C, 0x03, 0xC0, 0x07, 0x00,
    0xF0, 0x01, 0xC0, 0x3C, 0x00, 0x70, 0x0F, 0x00, 0x1C, 0x03, 0xC0, 0x07, 0x87, 0xFE, 0x00, 0xFD,
    0xFF, 0x80, 0x3F, 0x00, 0x00, 0x00, 0x00, 0xFF, 0xF0, 0x00, 0x00, 0xFF, 0xFE, 0x00, 0x00, 0x1E,
    0x0F, 0x00, 0x00, 0x1E, 0x07, 0x80, 0x00, 0x1E, 0x07, 0x80, 0x00, 0x1E, 0x07, 0x80, 0x00, 0x1E,
    0x03, 0x83, 0xF8, 0x1E, 0x03, 0x87, 0xFE, 0x1E, 0x07, 0x8E, 0x0E, 0x1E, 0x07, 0x8E, 0x0E, 0x1E,
    0x07, 0x0E, 0x0C, 0x1E, 0x1E, 0x0E, 0x00, 0x1F, 0xF8, 0x0F, 0x00, 0x1F, 0xF8, 0x07, 0xE0, 0x1E,
    0x78, 0x03, 0xF8, 0x1E, 0x3C, 0x01, 0xFC, 0x1E, 0x3C, 0x00, 0x7E, 0x1E, 0x1E, 0x00, 0x1E, 0x1E,
    0x1E, 0x00, 0x0F, 0x1E, 0x0F, 0x0C, 0x07, 0x1E, 0x0F, 0x9C, 0x07, 0x1E, 0x07, 0x9E, 0x0E, 0x7F,
    0xC3, 0xEF, 0x3C, 0xFF, 0xC1, 0xF7, 0xF8, 0x00, 0x00, 0x00, 0x00, 0x7F, 0xE0, 0x30, 0x1F, 0xF7,
    0xFC, 0x07, 0x80, 0xFE, 0x0F, 0x00, 0x78, 0x03, 0x80, 0xF0, 0x07, 0x80, 0x38, 0x0F, 0x00, 0x78,
    0x03, 0x00, 0x70, 0x0F, 0xC0, 0x30, 0x07, 0x80, 0xDC, 0x03, 0x00, 0x78, 0x0D, 0xC0, 0x70, 0x07,
    0x80, 0xDE, 0x06, 0x00, 0x38, 0x19, 0xE0, 0x60, 0x03, 0xC1, 0x8E, 0x0E, 0x07, 0xFF, 0xFF, 0xFF,
    0xFF, 0x7F, 0xFF, 0xFF, 0xFF, 0xF0, 0x1E, 0x30, 0x70, 0xC0, 0x01, 0xE3, 0x07, 0x1C, 0x00, 0x0E,
    0x30, 0x71, 0x80, 0x00, 0xE6, 0x07, 0x98, 0x00, 0x0F, 0x60, 0x39, 0x80, 0x00, 0xF6, 0x03, 0xB0,
    0x00, 0x07, 0x60, 0x3F, 0x00, 0x00, 0x7C, 0x01, 0xF0, 0x00, 0x07, 0xC0, 0x1F, 0x00, 0x00, 0x3C,
    0x01, 0xE0, 0x00, 0x03, 0xC0, 0x0E, 0x00, 0xFF, 0xF8, 0x0E, 0xFF, 0xFE, 0x0E, 0xF0, 0x0F, 0x0E,
    0xF0, 0x07, 0x0E, 0xF0, 0x07, 0x0E, 0xF0, 0x07, 0x8E, 0xF0, 0x07, 0x8E, 0xF1, 0xC7, 0x8E, 0xF1,
    0xC7, 0x8E, 0xF1, 0xC7, 0x8E, 0xF1, 0xC7, 0x8E, 0xF1, 0xC7, 0x8E, 0xF1, 0xC7, 0x8E, 0xF1, 0xC0,
    0x0E, 0xF1, 0xC0, 0x0E, 0xF1, 0xC0, 0x0E, 0xF1, 0xC0, 0x1E, 0xF1, 0xC0, 0x3C, 0xF1, 0xFF, 0xF8,
    0xF1, 0xFF, 0xF0, 0x00, 0x00, 0x00, 0x07, 0xE0, 0x00, 0x3C, 0x00, 0x07, 0x80, 0x00, 0xF0, 0x03,
    0xFF, 0xC0, 0x03, 0xC0, 0x00, 0x38, 0x03, 0x87, 0x01, 0xFC, 0xE0, 0x7F, 0xDC, 0x1E, 0x0F, 0x87,
    0x80, 0xF0, 0xF0, 0x1E, 0x1C, 0x03, 0xC3, 0x80, 0x38, 0x70, 0x07, 0x0E, 0x00, 0xE1, 0xC0, 0x1C,
    0x38, 0x07, 0x87, 0x00, 0xF0, 0xF0, 0x1E, 0x0E, 0x03, 0xC1, 0xE0, 0xF8, 0x1F, 0xF7, 0xC1, 0xFC,
    0xFC, 0x00, 0x00, 0x00, 0x00, 0x00, 0x00, 0x00, 0x7F, 0xFF, 0x8F, 0xFF, 0xF0, 0x00, 0x00, 0x00,
    0x7F, 0x00, 0xFF, 0xC0, 0xE0, 0xF0, 0xF0, 0x78, 0x70, 0x18, 0x78, 0x00, 0x3C, 0x00, 0x1C, 0x00,
    0x0E, 0x00, 0x0F, 0x80, 0x1F, 0xFF, 0x03, 0xC0, 0x00, 0xE0, 0x01, 0xFF, 0x81, 0xFF, 0xE0, 0x1C,
    0x00, 0x0E, 0x00, 0x07, 0x80, 0x03, 0xC0, 0x00, 0xE0, 0x00, 0x78, 0x00, 0x1E, 0x0E, 0x07, 0xFE,
    0x01, 0xFE, 0x00, 0x00, 0x00, 0x7F, 0xE1, 0xFC, 0x7F, 0xE1, 0xFC, 0x0F, 0x00, 0xF0, 0x0F, 0x00,
    0xE0, 0x0F, 0x01, 0xC0, 0x0F, 0x01, 0x80, 0x0F, 0x03, 0x00, 0x0F, 0x06, 0x00, 0x0F, 0x0E, 0x00,
    0x0F, 0x1C, 0x00, 0x0F, 0x3C, 0x00, 0xFF, 0xFF, 0xF0, 0x0F, 0xFE, 0x00, 0x0F, 0xDF, 0x00, 0x0F,
    0x8F, 0x00, 0x0F, 0x0F, 0x80, 0x0F, 0x07, 0xC0, 0x0F, 0x03, 0xC0, 0x0F, 0x03, 0xE0, 0x0F, 0x01,
    0xF0, 0x0F, 0x00, 0xF8, 0x0F, 0x00, 0x78, 0x3F, 0xE0, 0x7E, 0x7F, 0xE0, 0x1F, 0x7F, 0xFF, 0xF7,
    0xFF, 0xFF, 0x70, 0xF0, 0x76, 0x0F, 0x07, 0x60, 0xF0, 0x36, 0x0F, 0x03, 0x00, 0xF0, 0x00, 0x0F,
    0x10, 0x00, 0xF7, 0x00, 0x0F, 0xE0, 0x00, 0xF8, 0x00, 0x3F, 0x00, 0x0F, 0xF1, 0x00, 0xCF, 0x70,
    0x00, 0xFE, 0x00, 0x0F, 0x80, 0x03, 0xF0, 0x00, 0xFF, 0x00, 0x0C, 0xF0, 0x00, 0x0F, 0x00, 0x00,
    0xF0, 0x00, 0x0F, 0x00, 0x07, 0xFE, 0x00, 0x7F, 0xE0, 0x00, 0x00, 0x80, 0x00, 0x00, 0x00, 0xC0,
    0x00, 0x00, 0x00, 0x70, 0x00, 0x00, 0x00, 0x38, 0x00, 0x00, 0x03, 0xFF, 0xC0, 0x00, 0x03, 0x87,
    0x3C, 0x00, 0x00, 0x03, 0x83, 0x00, 0x00, 0x00, 0xE0, 0xE0, 0x00, 0x00, 0x70, 0x1C, 0x00, 0x00,
    0x1C, 0x07, 0x00, 0x00, 0x0F, 0x01, 0xC0, 0x00, 0x03, 0x80, 0x38, 0x00, 0x00, 0xE0, 0x0E, 0x00,
    0x00, 0x38, 0x03, 0x80, 0x00, 0x1E, 0x00, 0xE0, 0x00, 0x07, 0x00, 0x38, 0x00, 0x01, 0xC0, 0x1E,
    0x00, 0x00, 0x70, 0x07, 0x87, 0x00, 0x1C, 0x01, 0xC7, 0xF0, 0x0F, 0x00, 0x73, 0x9C, 0x03, 0x80,
    0x3D, 0xC3, 0x80, 0xE0, 0x0E, 0x70, 0xE7, 0xF8, 0x07, 0x98, 0x39, 0x1E, 0x01, 0xC7, 0x0E, 0x47,
    0xC0, 0xE3, 0xC3, 0x99, 0x9F, 0xF0, 0xF9, 0xC3, 0xC3, 0xF0, 0x3B, 0xE0, 0x00, 0x00, 0x0C, 0x00,
    0x00, 0x00, 0x07, 0x00, 0x00, 0x00, 0x01, 0xC0, 0x00, 0x00, 0x00, 0x70, 0x00, 0x00, 0x00, 0x3C,
    0x00, 0x00, 0x00, 0x0E, 0x00, 0x00, 0x00, 0x03, 0x80, 0x00, 0x00, 0x00, 0x00, 0x0F, 0xC0, 0x07,
    0xF8, 0x01, 0xC6, 0x00, 0xE1, 0xC0, 0x38, 0x30, 0x0E, 0x0C, 0x03, 0x87, 0x00, 0xE1, 0x80, 0x3C,
    0x60, 0x07, 0x18, 0x01, 0xCC, 0x00, 0x7B, 0x00, 0x1F, 0x80, 0x03, 0xE0, 0x00, 0xF0, 0x04, 0x1C,
    0x01, 0x07, 0x80, 0xE3, 0xE0, 0x3D, 0xFC, 0x1F, 0x6F, 0x04, 0xF1, 0xC3, 0x3C, 0x79, 0x86, 0x1E,
    0x61, 0x83, 0x80, 0x00, 0xF0, 0x00, 0x3C, 0x02, 0x07, 0x01, 0x81, 0xC0, 0x60, 0x60, 0x1C, 0x38,
    0x07, 0xFC, 0x00, 0x7E, 0x00, 0x7F, 0xF8, 0x07, 0xFF, 0xF0, 0x0F, 0x0F, 0x80, 0xF0, 0x78, 0x0F,
    0x07, 0xCF, 0xFF, 0xFF, 0x0F, 0x03, 0xC0, 0xF0, 0x3C, 0x7F, 0xFF, 0xFF, 0xFF, 0xFF, 0x0F, 0x03,
    0xC0, 0xF0, 0x78, 0x0F, 0x0F, 0x00, 0xFF, 0xE0, 0x0F, 0xF0, 0x00, 0xF0, 0x00, 0x0F, 0x00, 0x00,
    0xF0, 0x00, 0x0F, 0x00, 0x00, 0xF0, 0x00, 0x0F, 0x00, 0x00, 0xF0, 0x00, 0x3F, 0xE0, 0x07, 0xFF,
    0x00, 0x00, 0x18, 0x00, 0x00, 0x30, 0x00, 0x03, 0xFE, 0x00, 0x1F, 0xFF, 0x00, 0x79, 0x9F, 0x01,
    0xC3, 0x1E, 0x07, 0x06, 0x3C, 0x1E, 0x0C, 0x30, 0x38, 0x18, 0x00, 0xF0, 0x30, 0x01, 0xE0, 0x60,
    0x03, 0xC0, 0xC0, 0x07, 0x81, 0x80, 0x0F, 0x03, 0x00, 0x1E, 0x06, 0x00, 0x3C, 0x0F, 0xFE, 0x78,
    0x1B, 0xFC, 0xF0, 0x31, 0xE1, 0xE0, 0x63, 0xC1, 0xC0, 0xC7, 0x83, 0xC1, 0x8F, 0x03, 0x83, 0x1E,
    0x07, 0x86, 0x3C, 0x07, 0xCC, 0x78, 0x07, 0xFF, 0xF0, 0x03, 0xFF, 0x80, 0x00, 0x60, 0x00, 0x00,
    0xC0, 0x00, 0x01, 0x80, 0x00, 0x00, 0x38, 0x00, 0x00, 0x38, 0x00, 0x00, 0x7C, 0x00, 0x00, 0x7C,
    0x00, 0x00, 0x7C, 0x00, 0x00, 0xDE, 0x00, 0x00, 0xCE, 0x00, 0x00, 0xCF, 0x00, 0x01, 0x8F, 0x00,
    0x01, 0x87, 0x00, 0xFF, 0xFF, 0xFE, 0xFF, 0xFF, 0xFE, 0x03, 0x03, 0x80, 0x07, 0x03, 0xC0, 0xFF,
    0xFF, 0xFE, 0xFF, 0xFF, 0xFE, 0x0E, 0x01, 0xE0, 0x0C, 0x01, 0xE0, 0x0C, 0x00, 0xE0, 0x1C, 0x00,
    0xF0, 0x18, 0x00, 0xF0, 0x38, 0x00, 0xF0, 0xFF, 0x03, 0xFC, 0xFF, 0x03, 0xFE, 0x00, 0x00, 0x01,
    0xFE, 0x01, 0xFF, 0xC0, 0x78, 0x38, 0x3C, 0x0F, 0x06, 0x01, 0xC0, 0x80, 0x70, 0x00, 0x1C, 0x00,
    0x0F, 0x00, 0x03, 0xCF, 0xFF, 0xFC, 0x07, 0xF8, 0x03, 0xF8, 0x03, 0xFC, 0x0F, 0xFF, 0xFC, 0xFC,
    0x00, 0x3C, 0x00, 0x0E, 0x00, 0x03, 0x80, 0x20, 0xE0, 0x0C, 0x38, 0x03, 0x8E, 0x01, 0xE1, 0xC0,
    0xF0, 0x3E, 0xF8, 0x07, 0xFC, 0x00, 0x00, 0x00, 0x00, 0x30, 0x00, 0x06, 0x00, 0x07, 0xFC, 0x03,
    0xFF, 0xE0, 0xF3, 0x3C, 0x3C, 0x63, 0x87, 0x0C, 0x71, 0xE1, 0x8C, 0x38, 0x30, 0x0F, 0x06, 0x01,
    0xE0, 0xC0, 0x3C, 0x18, 0x07, 0x83, 0x00, 0xF0, 0x60, 0x1E, 0x0C, 0x03, 0xC1, 0x80, 0x78, 0x30,
    0x0F, 0x06, 0x01, 0xE0, 0xC0, 0x1E, 0x18, 0x03, 0xC3, 0x00, 0x78, 0x60, 0x87, 0x8C, 0x30, 0x7D,
    0x8E, 0x07, 0xFF, 0x80, 0x7F, 0xE0, 0x00, 0xC0, 0x00, 0x18, 0x00, 0x01, 0x00, 0x1C, 0x38, 0x07,
    0x0E, 0x01, 0xC3, 0x80, 0x70, 0xE0, 0x1C, 0x38, 0x07, 0x0E, 0x0F, 0xFF, 0xFF, 0xFF, 0xFF, 0x1C,
    0x38, 0x07, 0x0E, 0x01, 0xC3, 0x80, 0x70, 0xE0, 0x1C, 0x38, 0x07, 0x0E, 0x01, 0xC3, 0x80, 0x70,
    0xE0, 0x1C, 0x38, 0x07, 0x0E, 0x01, 0xC3, 0x80, 0x70, 0xE0, 0x1C, 0x3C, 0x07, 0x0F, 0x01, 0xC1,
    0xFC, 0x70, 0x3F, 0x00, 0x00, 0x00, 0x00, 0x00, 0x03, 0xFC, 0x03, 0xFF, 0x83, 0x81, 0xE3, 0x80,
    0xF1, 0xC0, 0x38, 0xE0, 0x18, 0x70, 0x00, 0x38, 0x00, 0x1E, 0x00, 0x07, 0xC0, 0x01, 0xF8, 0x00,
    0x7F, 0x00, 0x1F, 0xE0, 0x03, 0xF8, 0x00, 0x3E, 0x00, 0x0F, 0x00, 0x03, 0xC0, 0x01, 0xEF, 0xFE,
    0xF5, 0xDB, 0x72, 0xCD, 0xB9, 0xE6, 0xF8, 0x73, 0x78, 0x1F, 0xF8, 0x0E, 0xD8, 0x06, 0x6C, 0x03,
    0x36, 0x00, 0xFF, 0xFF, 0x7F, 0xFF, 0xC0, 0x00, 0x00, 0x00, 0x0F, 0xFF, 0xF7, 0xFF, 0xFF, 0x87,
    0x0F, 0x83, 0x87, 0xC1, 0xC1, 0xE0, 0xE0, 0xE0, 0x70, 0x40, 0x38, 0x00, 0x1C, 0x00, 0x0E, 0x00,
    0x07, 0x00, 0x03, 0x80, 0x01, 0xC0, 0x00, 0xE0, 0x00, 0x70, 0x00, 0x38, 0x00, 0x1C, 0x00, 0x1E,
    0x00, 0x3F, 0xE0, 0x3F, 0xF8, 0x7F, 0xFF, 0xBF, 0xFF, 0xC0, 0x7C, 0x00, 0x0E, 0x00, 0x07, 0x80,
    0x03, 0xC1, 0xFF, 0xFE, 0xFF, 0xFE, 0x00, 0x78, 0x00, 0x3C, 0x00, 0x3C, 0x00, 0x7C, 0x07, 0xFC,
    0x03, 0xE0, 0x00, 0xF0, 0x00, 0x78, 0x00, 0x1E, 0x00, 0x0F, 0x80, 0x03, 0xC0, 0x00, 0xF0, 0x00,
    0x78, 0x00, 0x1E, 0x00, 0x0F, 0xC0, 0x01, 0xF0, 0x7F, 0xE0, 0x0F, 0xF8, 0x00, 0xF0, 0x00, 0x3C,
    0x00, 0x0F, 0x00, 0x03, 0xC6, 0x00, 0xF7, 0x80, 0x3F, 0x80, 0x1F, 0x00, 0x1F, 0xC2, 0x0E, 0xF7,
    0x80, 0x3F, 0x80, 0x0F, 0x80, 0x1F, 0xC1, 0xCE, 0xF0, 0xF8, 0x3C, 0x1F, 0x0F, 0x01, 0xC3, 0xC0,
    0x70, 0xF0, 0x1C, 0x3C, 0x07, 0x0F, 0x01, 0x83, 0xC0, 0xE3, 0xFF, 0xF1, 0xFF, 0xF0, 0x00, 0x00,
    0x01, 0xF0, 0x00, 0x1F, 0xC0, 0x00, 0xC7, 0x00, 0x06, 0x18, 0x00, 0x30, 0xCF, 0x81, 0xFF, 0xFF,
    0x07, 0xFF, 0xFC, 0x1F, 0x80, 0x70, 0x0C, 0x01, 0x80, 0x60, 0x0C, 0x03, 0x00, 0x60, 0x1B, 0x23,
    0x00, 0xFB, 0x18, 0x07, 0xFD, 0xC0, 0x3B, 0xFC, 0x03, 0x89, 0x80, 0x3C, 0x00, 0x03, 0xE0, 0x00,
    0x19, 0x80, 0x00, 0x0C, 0x02, 0x00, 0x70, 0x38, 0x01, 0xC3, 0xC0, 0x0F, 0xFC, 0x00, 0x1F, 0xC0,
    0x00, 0x00, 0x00, 0x00, 0x60, 0x00, 0x03, 0x00, 0x00, 0x18, 0x00, 0x00, 0xC0, 0x00, 0x0F, 0x00,
    0x03, 0xFF, 0x80, 0x7D, 0xBE, 0x07, 0x8C, 0x78, 0x38, 0x61, 0xE3, 0xC3, 0x07, 0x1C, 0x18, 0x38,
    0xE0, 0xC1, 0xEF, 0x06, 0x07, 0x78, 0x30, 0x3B, 0x81, 0x81, 0xDC, 0x0C, 0x0E, 0xE0, 0x60, 0x77,
    0x03, 0x03, 0xB8, 0x18, 0x1D, 0xC0, 0xC0, 0xEE, 0x06, 0x07, 0x70, 0x30, 0x3B, 0x81, 0x81, 0xC0,
    0xFF, 0xF8, 0x1F, 0xFF, 0x81, 0xE0, 0xF0, 0x78, 0x1E, 0x1E, 0x03, 0x87, 0x80, 0xE1, 0xE0, 0x38,
    0x78, 0x0E, 0x1E, 0x03, 0x87, 0x81, 0xE1, 0xE0, 0x70, 0x78, 0xF8, 0xFF, 0xFC, 0x07, 0x80, 0x01,
    0xE0, 0x00, 0x78, 0x00, 0x7F, 0xE0, 0x3F, 0xFC, 0x01, 0xE0, 0x00, 0x78, 0x00, 0x1E, 0x00, 0x07,
    0x80, 0x07, 0xFC, 0x03, 0xFF, 0x80, 0x00, 0x00, 0x00, 0x0D, 0x80, 0x00, 0xD8, 0x00, 0x0D, 0x80,
    0x03, 0xFE, 0x00, 0xFF, 0xF8, 0x1E, 0xDB, 0xC3, 0xCD, 0x9E, 0x38, 0xD8, 0xE7, 0x8D, 0x8F, 0x70,
    0xD8, 0x77, 0x0D, 0x87, 0x70, 0xD8, 0x67, 0x00, 0x00, 0x70, 0x00, 0x07, 0x00, 0x00, 0x70, 0x00,
    0x07, 0x80, 0x00, 0x38, 0x00, 0x03, 0x80, 0x00, 0x1C, 0x00, 0x00, 0xE0, 0x00, 0x07, 0x00, 0x07,
    0xFF, 0xFC, 0x7F, 0xFF, 0xE7, 0xFF, 0xFE, 0x06, 0x60, 0x03, 0x30, 0x3F, 0xFC, 0x1F, 0xFF, 0x83,
    0xC3, 0xC0, 0xE0, 0xF0, 0x70, 0x38, 0x38, 0x1C, 0x1C, 0x0E, 0x0E, 0x07, 0x07, 0x07, 0x83, 0x83,
    0x81, 0xC7, 0x80, 0xFF, 0x80, 0x7F, 0xF0, 0x38, 0x3C, 0x1C, 0x0F, 0x0E, 0x07, 0x87, 0x03, 0xC3,
    0x81, 0xE1, 0xC0, 0xF0, 0xE0, 0x78, 0x70, 0x3C, 0x78, 0x3C, 0x7F, 0xFC, 0x7F, 0xFC, 0x01, 0x98,
    0x00, 0xCC, 0x00, 0x26, 0x00, 0x00, 0x00, 0x1F, 0xE0, 0x7F, 0xF1, 0xE0, 0xE7, 0x81, 0xCF, 0x03,
    0x9C, 0x00, 0x38, 0x00, 0xF0, 0x01, 0xE0, 0x03, 0xC0, 0x07, 0x80, 0x07, 0x00, 0x0E, 0x00, 0x1E,
    0x00, 0x3C, 0x02, 0x3C, 0x0C, 0x3F, 0xF8, 0x3F, 0xE0, 0x00, 0x00, 0x00, 0x00, 0x00, 0x1F, 0xFF,
    0x3F, 0xFE, 0xFF, 0xFF, 0xFF, 0xFC, 0x00, 0xF0, 0x03, 0xC0, 0x0F, 0x00, 0x3C, 0x00, 0xF0, 0x03,
    0xC0, 0x0F, 0x00, 0x3C, 0x00, 0xF0, 0x03, 0xC0, 0x0F, 0x00, 0x3C, 0x00, 0xF0, 0x03, 0xC0, 0x0F,
    0x00, 0x3C, 0x00, 0xF0, 0x03, 0xC0, 0x0F, 0x00, 0x3F, 0xFF, 0xFF, 0xFF, 0xFF, 0xFF, 0xFF, 0xFC,
    0x00, 0xF0, 0x03, 0xC0, 0x0F, 0x00, 0x3C, 0x00, 0xF0, 0x03, 0xC0, 0x0F, 0x00, 0x3C, 0x00, 0xF0,
    0x03, 0xC0, 0x0F, 0x00, 0x3C, 0x00, 0xF0, 0x03, 0xC0, 0x0F, 0x00, 0x3C, 0x00, 0xF0, 0x03, 0xC0,
    0x0F, 0x00, 0x3F, 0xFF, 0xFF, 0xFF, 0xFF, 0xFF, 0xFF, 0xFC, 0x00, 0xF0, 0x03, 0xC0, 0x0F, 0x00,
    0x3C, 0x00, 0xF0, 0x03, 0xC0, 0x0F, 0x00, 0x3C, 0x00, 0xF0, 0x03, 0xC0, 0x0F, 0x00, 0x3C, 0x00,
    0xF0, 0x03, 0xC0, 0x0F, 0x00, 0x3C, 0x00, 0xF0, 0x03, 0xC0, 0x0F, 0x00, 0x3F, 0xFF, 0xFF, 0xFF,
    0xFF, 0xFF, 0xFF, 0xFC, 0x00, 0xF0, 0x03, 0xC0, 0x0F, 0x00, 0x3C, 0x00, 0xF0, 0x03, 0xC0, 0x0F,
    0x00, 0x3C, 0x00, 0xF0, 0x03, 0xC0, 0x0F, 0x00, 0x3C, 0x00, 0xF0, 0x03, 0xC0, 0x0F, 0x00, 0x3C,
    0x00, 0xF0, 0x03, 0xC0, 0x0F, 0x00, 0x3F, 0xFF, 0xFF, 0xFF, 0xFF, 0xFF, 0xFF, 0xFC, 0x00, 0xF0,
    0x03, 0xC0, 0x0F, 0x00, 0x3C, 0x00, 0xF0, 0x03, 0xC0, 0x0F, 0x00, 0x3C, 0x00, 0xF0, 0x03, 0xC0,
    0x0F, 0x00, 0x3C, 0x00, 0xF0, 0x03, 0xC0, 0x0F, 0x00, 0x3C, 0x00, 0xF0, 0x03, 0xC0, 0x0F, 0x00,
    0x3F, 0xFF, 0xFF, 0xFF, 0xFF, 0xFF, 0xFF, 0xFC, 0x00, 0xF0, 0x03, 0xC0, 0x0F, 0x00, 0x3C, 0x00,
    0xF0, 0x03, 0xC0, 0x0F, 0x00, 0x3C, 0x00, 0xF0, 0x03, 0xC0, 0x0F, 0x00, 0x3C, 0x00, 0xF0, 0x03,
    0xC0, 0x0F, 0x00, 0x3C, 0x00, 0xF0, 0x03, 0xC0, 0x0F, 0x00, 0x3F, 0xFF, 0xFF, 0xFF, 0xFF, 0xFF,
    0xFF, 0xFC, 0x00, 0xF0, 0x03, 0xC0, 0x0F, 0x00, 0x3C, 0x00, 0xF0, 0x03, 0xC0, 0x0F, 0x00, 0x3C,
    0x00, 0xF0, 0x03, 0xC0, 0x0F, 0x00, 0x3C, 0x00, 0xF0, 0x03, 0xC0, 0x0F, 0x00, 0x3C, 0x00, 0xF0,
    0x03, 0xC0, 0x0F, 0x00, 0x3F, 0xFF, 0xFF, 0xFF, 0xFF, 0xFF, 0xFF, 0xFC, 0x00, 0xF0, 0x03, 0xC0,
    0x0F, 0x00, 0x3C, 0x00, 0xF0, 0x03, 0xC0, 0x0F, 0x00, 0x3C, 0x00, 0xF0, 0x03, 0xC0, 0x0F, 0x00,
    0x3C, 0x00, 0xF0, 0x03, 0xC0, 0x0F, 0x00, 0x3C, 0x00, 0xF0, 0x03, 0xC0, 0x0F, 0x00, 0x3F, 0xFF,
    0xFF, 0xFF, 0xFF, 0xFF, 0xFF, 0xFC, 0x00, 0xF0, 0x03, 0xC0, 0x0F, 0x00, 0x3C, 0x00, 0xF0, 0x03,
    0xC0, 0x0F, 0x00, 0x3C, 0x00, 0xF0, 0x03, 0xC0, 0x0F, 0x00, 0x3C, 0x00, 0xF0, 0x03, 0xC0, 0x0F,
    0x00, 0x3C, 0x00, 0xF0, 0x03, 0xC0, 0x0F, 0x00, 0x3F, 0xFF, 0xFF, 0xFF, 0xFF, 0xFF, 0xFF, 0xFC,
    0x00, 0xF0, 0x03, 0xC0, 0x0F, 0x00, 0x3C, 0x00, 0xF0, 0x03, 0xC0, 0x0F, 0x00, 0x3C, 0x00, 0xF0,
    0x03, 0xC0, 0x0F, 0x00, 0x3C, 0x00, 0xF0, 0x03, 0xC0, 0x0F, 0x00, 0x3C, 0x00, 0xF0, 0x03, 0xC0,
    0x0F, 0x00, 0x3F, 0xFF, 0xFF, 0xFF, 0xFF, 0xFF, 0xFF, 0xFC, 0x00, 0xF0, 0x03, 0xC0, 0x0F, 0x00,
    0x3C, 0x00, 0xF0, 0x03, 0xC0, 0x0F, 0x00, 0x3C, 0x00, 0xF0, 0x03, 0xC0, 0x0F, 0x00, 0x3C, 0x00,
    0xF0, 0x03, 0xC0, 0x0F, 0x00, 0x3C, 0x00, 0xF0, 0x03, 0xC0, 0x0F, 0x00, 0x3F, 0xFF, 0xFF, 0xFF,
    0xFF, 0xFF, 0xFF, 0xFC, 0x00, 0xF0, 0x03, 0xC0, 0x0F, 0x00, 0x3C, 0x00, 0xF0, 0x03, 0xC0, 0x0F,
    0x00, 0x3C, 0x00, 0xF0, 0x03, 0xC0, 0x0F, 0x00, 0x3C, 0x00, 0xF0, 0x03, 0xC0, 0x0F, 0x00, 0x3C,
    0x00, 0xF0, 0x03, 0xC0, 0x0F, 0x00, 0x3F, 0xFF, 0xFF, 0xFF, 0xFF, 0xFF, 0xFF, 0xFC, 0x00, 0xF0,
    0x03, 0xC0, 0x0F, 0x00, 0x3C, 0x00, 0xF0, 0x03, 0xC0, 0x0F, 0x00, 0x3C, 0x00, 0xF0, 0x03, 0xC0,
    0x0F, 0x00, 0x3C, 0x00, 0xF0, 0x03, 0xC0, 0x0F, 0x00, 0x3C, 0x00, 0xF0, 0x03, 0xC0, 0x0F, 0x00,
    0x3F, 0xFF, 0xFF, 0xFF, 0xFF, 0xFF, 0xFF, 0xFC, 0x00, 0xF0, 0x03, 0xC0, 0x0F, 0x00, 0x3C, 0x00,
    0xF0, 0x03, 0xC0, 0x0F, 0x00, 0x3C, 0x00, 0xF0, 0x03, 0xC0, 0x0F, 0x00, 0x3C, 0x00, 0xF0, 0x03,
    0xC0, 0x0F, 0x00, 0x3C, 0x00, 0xF0, 0x03, 0xC0, 0x0F, 0x00, 0x3F, 0xFF, 0xFF, 0xFF, 0xFF, 0xFF,
    0xFF, 0xFC, 0x00, 0xF0, 0x03, 0xC0, 0x0F, 0x00, 0x3C, 0x00, 0xF0, 0x03, 0xC0, 0x0F, 0x00, 0x3C,
    0x00, 0xF0, 0x03, 0xC0, 0x0F, 0x00, 0x3C, 0x00, 0xF0, 0x03, 0xC0, 0x0F, 0x00, 0x3C, 0x00, 0xF0,
    0x03, 0xC0, 0x0F, 0x00, 0x3F, 0xFF, 0xFF, 0xFF,
];

pub(crate) static NOTO_SERIF_16_REGULAR: BitmapFont = BitmapFont::new(
    &NOTO_SERIF_CODEPOINTS,
    &NOTO_SERIF_16_REGULAR_GLYPHS,
    &NOTO_SERIF_16_REGULAR_BITMAP,
    45,
);

static NOTO_SERIF_16_BOLD_GLYPHS: [BitmapGlyph; 410] = [
    BitmapGlyph::new(0, 0, 0, 0, 36, 9),
    BitmapGlyph::new(0, 7, 25, 3, 12, 13),
    BitmapGlyph::new(22, 13, 10, 2, 12, 17),
    BitmapGlyph::new(39, 17, 24, 1, 12, 19),
    BitmapGlyph::new(90, 17, 29, 1, 10, 19),
    BitmapGlyph::new(152, 29, 26, 1, 11, 30),
    BitmapGlyph::new(247, 26, 26, 1, 11, 27),
    BitmapGlyph::new(332, 6, 10, 2, 12, 10),
    BitmapGlyph::new(340, 12, 31, 1, 10, 13),
    BitmapGlyph::new(387, 11, 31, 1, 10, 13),
    BitmapGlyph::new(430, 15, 14, 1, 10, 17),
    BitmapGlyph::new(457, 15, 16, 2, 16, 19),
    BitmapGlyph::new(487, 7, 12, 1, 30, 10),
    BitmapGlyph::new(498, 10, 4, 0, 25, 10),
    BitmapGlyph::new(503, 6, 7, 2, 30, 10),
    BitmapGlyph::new(509, 10, 31, 0, 10, 10),
    BitmapGlyph::new(548, 17, 26, 1, 11, 19),
    BitmapGlyph::new(604, 16, 24, 1, 12, 19),
    BitmapGlyph::new(652, 17, 25, 1, 11, 19),
    BitmapGlyph::new(706, 17, 26, 1, 11, 19),
    BitmapGlyph::new(762, 19, 24, 0, 12, 19),
    BitmapGlyph::new(819, 16, 25, 1, 12, 19),
    BitmapGlyph::new(869, 17, 26, 1, 11, 19),
    BitmapGlyph::new(925, 17, 24, 1, 12, 19),
    BitmapGlyph::new(976, 17, 26, 1, 11, 19),
    BitmapGlyph::new(1032, 17, 26, 1, 11, 19),
    BitmapGlyph::new(1088, 6, 20, 2, 17, 10),
    BitmapGlyph::new(1103, 7, 25, 1, 17, 10),
    BitmapGlyph::new(1125, 15, 18, 2, 15, 19),
    BitmapGlyph::new(1159, 15, 10, 2, 19, 19),
    BitmapGlyph::new(1178, 15, 18, 2, 15, 19),
    BitmapGlyph::new(1212, 16, 26, 1, 11, 18),
    BitmapGlyph::new(1264, 29, 29, 1, 12, 31),
    BitmapGlyph::new(1370, 26, 24, 0, 12, 25),
    BitmapGlyph::new(1448, 22, 24, 0, 12, 22),
    BitmapGlyph::new(1514, 20, 26, 1, 11, 22),
    BitmapGlyph::new(1579, 24, 24, 0, 12, 26),
    BitmapGlyph::new(1651, 21, 24, 0, 12, 22),
    BitmapGlyph::new(1714, 20, 24, 0, 12, 21),
    BitmapGlyph::new(1774, 24, 26, 1, 11, 26),
    BitmapGlyph::new(1852, 27, 24, 0, 12, 27),
    BitmapGlyph::new(1933, 13, 24, 0, 12, 13),
    BitmapGlyph::new(1972, 14, 32, -1, 12, 13),
    BitmapGlyph::new(2028, 25, 24, 0, 12, 24),
    BitmapGlyph::new(2103, 21, 24, 0, 12, 22),
    BitmapGlyph::new(2166, 31, 24, 0, 12, 32),
    BitmapGlyph::new(2259, 26, 24, 0, 12, 26),
    BitmapGlyph::new(2337, 24, 26, 1, 11, 26),
    BitmapGlyph::new(2415, 21, 24, 0, 12, 21),
    BitmapGlyph::new(2478, 24, 33, 1, 11, 26),
    BitmapGlyph::new(2577, 24, 24, 0, 12, 24),
    BitmapGlyph::new(2649, 18, 26, 1, 11, 19),
    BitmapGlyph::new(2708, 22, 24, 0, 12, 22),
    BitmapGlyph::new(2774, 25, 25, 0, 12, 25),
    BitmapGlyph::new(2853, 24, 24, 0, 12, 23),
    BitmapGlyph::new(2925, 36, 24, 0, 12, 36),
    BitmapGlyph::new(3033, 25, 24, 0, 12, 24),
    BitmapGlyph::new(3108, 24, 24, 0, 12, 23),
    BitmapGlyph::new(3180, 20, 24, 1, 12, 22),
    BitmapGlyph::new(3240, 10, 31, 3, 10, 14),
    BitmapGlyph::new(3279, 10, 31, 0, 10, 10),
    BitmapGlyph::new(3318, 10, 31, 1, 10, 14),
    BitmapGlyph::new(3357, 17, 16, 1, 12, 19),
    BitmapGlyph::new(3391, 17, 3, -1, 38, 15),
    BitmapGlyph::new(3398, 9, 6, 1, 10, 11),
    BitmapGlyph::new(3405, 18, 20, 1, 17, 20),
    BitmapGlyph::new(3450, 21, 27, 0, 10, 22),
    BitmapGlyph::new(3521, 16, 20, 1, 17, 18),
    BitmapGlyph::new(3561, 21, 27, 1, 10, 22),
    BitmapGlyph::new(3632, 17, 20, 1, 17, 19),
    BitmapGlyph::new(3675, 16, 26, 0, 10, 14),
    BitmapGlyph::new(3727, 19, 28, 0, 16, 19),
    BitmapGlyph::new(3794, 22, 26, 0, 10, 22),
    BitmapGlyph::new(3866, 12, 26, 0, 10, 12),
    BitmapGlyph::new(3905, 10, 34, -1, 10, 12),
    BitmapGlyph::new(3948, 22, 26, 0, 10, 21),
    BitmapGlyph::new(4020, 12, 26, 0, 10, 12),
    BitmapGlyph::new(4059, 33, 19, 0, 17, 33),
    BitmapGlyph::new(4138, 22, 19, 0, 17, 22),
    BitmapGlyph::new(4191, 18, 20, 1, 17, 20),
    BitmapGlyph::new(4236, 20, 27, 0, 17, 22),
    BitmapGlyph::new(4304, 21, 27, 1, 17, 22),
    BitmapGlyph::new(4375, 17, 19, 0, 17, 17),
    BitmapGlyph::new(4416, 14, 20, 1, 17, 16),
    BitmapGlyph::new(4451, 13, 23, 0, 14, 14),
    BitmapGlyph::new(4489, 22, 19, 0, 18, 22),
    BitmapGlyph::new(4542, 21, 18, 0, 18, 20),
    BitmapGlyph::new(4590, 30, 18, -1, 18, 29),
    BitmapGlyph::new(4658, 22, 18, 0, 18, 22),
    BitmapGlyph::new(4708, 20, 26, 0, 18, 19),
    BitmapGlyph::new(4773, 17, 18, 0, 18, 18),
    BitmapGlyph::new(4812, 13, 31, 1, 10, 15),
    BitmapGlyph::new(4863, 3, 34, 8, 10, 19),
    BitmapGlyph::new(4876, 13, 31, 1, 10, 15),
    BitmapGlyph::new(4927, 17, 8, 1, 20, 19),
    BitmapGlyph::new(4944, 0, 0, 0, 36, 9),
    BitmapGlyph::new(4944, 7, 25, 3, 17, 13),
    BitmapGlyph::new(4966, 17, 24, 1, 12, 19),
    BitmapGlyph::new(5017, 18, 26, 0, 11, 19),
    BitmapGlyph::new(5076, 15, 16, 2, 16, 19),
    BitmapGlyph::new(5106, 19, 24, 0, 12, 19),
    BitmapGlyph::new(5163, 3, 34, 8, 10, 19),
    BitmapGlyph::new(5176, 15, 30, 2, 10, 18),
    BitmapGlyph::new(5233, 12, 6, 4, 10, 19),
    BitmapGlyph::new(5242, 26, 26, 1, 11, 28),
    BitmapGlyph::new(5327, 14, 12, 0, 12, 14),
    BitmapGlyph::new(5348, 15, 14, 2, 20, 18),
    BitmapGlyph::new(5375, 15, 10, 2, 22, 19),
    BitmapGlyph::new(5394, 10, 4, 0, 25, 10),
    BitmapGlyph::new(5399, 26, 26, 1, 11, 28),
    BitmapGlyph::new(5484, 17, 3, -1, 8, 15),
    BitmapGlyph::new(5491, 11, 12, 1, 11, 13),
    BitmapGlyph::new(5508, 15, 20, 2, 16, 19),
    BitmapGlyph::new(5546, 11, 16, 1, 8, 13),
    BitmapGlyph::new(5568, 11, 16, 1, 8, 13),
    BitmapGlyph::new(5590, 9, 6, 1, 10, 11),
    BitmapGlyph::new(5597, 20, 26, 2, 18, 22),
    BitmapGlyph::new(5662, 19, 30, 1, 10, 21),
    BitmapGlyph::new(5734, 6, 6, 2, 21, 10),
    BitmapGlyph::new(5739, 9, 9, 1, 35, 11),
    BitmapGlyph::new(5750, 11, 16, 1, 8, 13),
    BitmapGlyph::new(5772, 13, 12, 1, 12, 15),
    BitmapGlyph::new(5792, 15, 14, 2, 20, 18),
    BitmapGlyph::new(5819, 28, 26, 0, 11, 28),
    BitmapGlyph::new(5910, 28, 26, 0, 11, 28),
    BitmapGlyph::new(6001, 27, 26, 1, 11, 28),
    BitmapGlyph::new(6089, 17, 25, 1, 18, 18),
    BitmapGlyph::new(6143, 26, 32, 0, 4, 25),
    BitmapGlyph::new(6247, 26, 32, 0, 4, 25),
    BitmapGlyph::new(6351, 26, 32, 0, 4, 25),
    BitmapGlyph::new(6455, 26, 32, 0, 4, 25),
    BitmapGlyph::new(6559, 26, 32, 0, 4, 25),
    BitmapGlyph::new(6663, 26, 30, 0, 6, 25),
    BitmapGlyph::new(6761, 33, 24, 0, 12, 33),
    BitmapGlyph::new(6860, 20, 33, 1, 11, 22),
    BitmapGlyph::new(6943, 21, 32, 0, 4, 22),
    BitmapGlyph::new(7027, 21, 32, 0, 4, 22),
    BitmapGlyph::new(7111, 21, 32, 0, 4, 22),
    BitmapGlyph::new(7195, 21, 32, 0, 4, 22),
    BitmapGlyph::new(7279, 13, 32, 0, 4, 13),
    BitmapGlyph::new(7331, 13, 32, 0, 4, 13),
    BitmapGlyph::new(7383, 13, 32, 0, 4, 13),
    BitmapGlyph::new(7435, 13, 32, 0, 4, 13),
    BitmapGlyph::new(7487, 24, 24, 0, 12, 26),
    BitmapGlyph::new(7559, 26, 32, 0, 4, 26),
    BitmapGlyph::new(7663, 24, 33, 1, 4, 26),
    BitmapGlyph::new(7762, 24, 33, 1, 4, 26),
    BitmapGlyph::new(7861, 24, 33, 1, 4, 26),
    BitmapGlyph::new(7960, 24, 33, 1, 4, 26),
    BitmapGlyph::new(8059, 24, 33, 1, 4, 26),
    BitmapGlyph::new(8158, 15, 14, 2, 17, 19),
    BitmapGlyph::new(8185, 24, 28, 1, 10, 26),
    BitmapGlyph::new(8269, 25, 33, 0, 4, 25),
    BitmapGlyph::new(8373, 25, 33, 0, 4, 25),
    BitmapGlyph::new(8477, 25, 33, 0, 4, 25),
    BitmapGlyph::new(8581, 25, 33, 0, 4, 25),
    BitmapGlyph::new(8685, 24, 32, 0, 4, 23),
    BitmapGlyph::new(8781, 21, 24, 0, 12, 21),
    BitmapGlyph::new(8844, 23, 27, 0, 10, 24),
    BitmapGlyph::new(8922, 18, 27, 1, 10, 20),
    BitmapGlyph::new(8983, 18, 27, 1, 10, 20),
    BitmapGlyph::new(9044, 18, 27, 1, 10, 20),
    BitmapGlyph::new(9105, 18, 27, 1, 10, 20),
    BitmapGlyph::new(9166, 18, 27, 1, 10, 20),
    BitmapGlyph::new(9227, 18, 29, 1, 8, 20),
    BitmapGlyph::new(9293, 27, 20, 1, 17, 29),
    BitmapGlyph::new(9361, 16, 27, 1, 17, 18),
    BitmapGlyph::new(9415, 17, 27, 1, 10, 19),
    BitmapGlyph::new(9473, 17, 27, 1, 10, 19),
    BitmapGlyph::new(9531, 17, 27, 1, 10, 19),
    BitmapGlyph::new(9589, 17, 27, 1, 10, 19),
    BitmapGlyph::new(9647, 13, 26, -1, 10, 12),
    BitmapGlyph::new(9690, 12, 26, 0, 10, 12),
    BitmapGlyph::new(9729, 13, 26, -1, 10, 12),
    BitmapGlyph::new(9772, 13, 26, -1, 10, 12),
    BitmapGlyph::new(9815, 18, 27, 1, 10, 20),
    BitmapGlyph::new(9876, 22, 26, 0, 10, 22),
    BitmapGlyph::new(9948, 18, 27, 1, 10, 20),
    BitmapGlyph::new(10009, 18, 27, 1, 10, 20),
    BitmapGlyph::new(10070, 18, 27, 1, 10, 20),
    BitmapGlyph::new(10131, 18, 27, 1, 10, 20),
    BitmapGlyph::new(10192, 18, 27, 1, 10, 20),
    BitmapGlyph::new(10253, 15, 18, 2, 15, 19),
    BitmapGlyph::new(10287, 18, 22, 1, 16, 20),
    BitmapGlyph::new(10337, 22, 27, 0, 10, 22),
    BitmapGlyph::new(10412, 22, 27, 0, 10, 22),
    BitmapGlyph::new(10487, 22, 27, 0, 10, 22),
    BitmapGlyph::new(10562, 22, 27, 0, 10, 22),
    BitmapGlyph::new(10637, 20, 34, 0, 10, 19),
    BitmapGlyph::new(10722, 20, 34, 0, 10, 22),
    BitmapGlyph::new(10807, 20, 34, 0, 10, 19),
    BitmapGlyph::new(10892, 26, 29, 0, 7, 25),
    BitmapGlyph::new(10987, 18, 24, 1, 13, 20),
    BitmapGlyph::new(11041, 26, 32, 0, 4, 25),
    BitmapGlyph::new(11145, 18, 27, 1, 10, 20),
    BitmapGlyph::new(11206, 26, 32, 0, 12, 25),
    BitmapGlyph::new(11310, 18, 27, 1, 17, 20),
    BitmapGlyph::new(11371, 20, 33, 1, 4, 22),
    BitmapGlyph::new(11454, 16, 27, 1, 10, 18),
    BitmapGlyph::new(11508, 20, 33, 1, 4, 22),
    BitmapGlyph::new(11591, 16, 27, 1, 10, 18),
    BitmapGlyph::new(11645, 20, 33, 1, 4, 22),
    BitmapGlyph::new(11728, 16, 27, 1, 10, 18),
    BitmapGlyph::new(11782, 20, 33, 1, 4, 22),
    BitmapGlyph::new(11865, 16, 27, 1, 10, 18),
    BitmapGlyph::new(11919, 24, 32, 0, 4, 26),
    BitmapGlyph::new(12015, 25, 27, 1, 10, 22),
    BitmapGlyph::new(12100, 24, 24, 0, 12, 26),
    BitmapGlyph::new(12172, 21, 27, 1, 10, 22),
    BitmapGlyph::new(12243, 21, 29, 0, 7, 22),
    BitmapGlyph::new(12320, 17, 24, 1, 13, 19),
    BitmapGlyph::new(12371, 21, 32, 0, 4, 22),
    BitmapGlyph::new(12455, 17, 27, 1, 10, 19),
    BitmapGlyph::new(12513, 21, 31, 0, 5, 22),
    BitmapGlyph::new(12595, 17, 27, 1, 10, 19),
    BitmapGlyph::new(12653, 21, 32, 0, 12, 22),
    BitmapGlyph::new(12737, 17, 27, 1, 17, 19),
    BitmapGlyph::new(12795, 21, 32, 0, 4, 22),
    BitmapGlyph::new(12879, 17, 27, 1, 10, 19),
    BitmapGlyph::new(12937, 24, 33, 1, 4, 26),
    BitmapGlyph::new(13036, 19, 34, 0, 10, 19),
    BitmapGlyph::new(13117, 24, 33, 1, 4, 26),
    BitmapGlyph::new(13216, 19, 34, 0, 10, 19),
    BitmapGlyph::new(13297, 24, 33, 1, 4, 26),
    BitmapGlyph::new(13396, 19, 34, 0, 10, 19),
    BitmapGlyph::new(13477, 24, 33, 1, 11, 26),
    BitmapGlyph::new(13576, 19, 34, 0, 10, 19),
    BitmapGlyph::new(13657, 27, 32, 0, 4, 27),
    BitmapGlyph::new(13765, 22, 32, 0, 4, 22),
    BitmapGlyph::new(13853, 27, 24, 0, 12, 27),
    BitmapGlyph::new(13934, 22, 26, 0, 10, 22),
    BitmapGlyph::new(14006, 14, 32, 0, 4, 13),
    BitmapGlyph::new(14062, 14, 26, -1, 10, 12),
    BitmapGlyph::new(14108, 13, 29, 0, 7, 13),
    BitmapGlyph::new(14156, 12, 23, 0, 13, 12),
    BitmapGlyph::new(14191, 13, 32, 0, 4, 13),
    BitmapGlyph::new(14243, 12, 26, 0, 10, 12),
    BitmapGlyph::new(14282, 13, 32, 0, 12, 13),
    BitmapGlyph::new(14334, 12, 34, 0, 10, 12),
    BitmapGlyph::new(14385, 13, 32, 0, 4, 13),
    BitmapGlyph::new(14437, 12, 18, 0, 18, 12),
    BitmapGlyph::new(14464, 26, 32, 0, 12, 27),
    BitmapGlyph::new(14568, 21, 34, 0, 10, 23),
    BitmapGlyph::new(14658, 14, 40, -1, 4, 13),
    BitmapGlyph::new(14728, 13, 34, -1, 10, 12),
    BitmapGlyph::new(14784, 25, 32, 0, 12, 24),
    BitmapGlyph::new(14884, 22, 34, 0, 10, 21),
    BitmapGlyph::new(14978, 22, 18, 0, 18, 21),
    BitmapGlyph::new(15028, 21, 32, 0, 4, 22),
    BitmapGlyph::new(15112, 13, 32, 0, 4, 12),
    BitmapGlyph::new(15164, 21, 32, 0, 12, 22),
    BitmapGlyph::new(15248, 12, 34, 0, 10, 12),
    BitmapGlyph::new(15299, 21, 24, 0, 12, 22),
    BitmapGlyph::new(15362, 16, 26, 0, 10, 12),
    BitmapGlyph::new(15414, 21, 24, 0, 12, 22),
    BitmapGlyph::new(15477, 17, 26, 0, 10, 16),
    BitmapGlyph::new(15533, 21, 24, 0, 12, 22),
    BitmapGlyph::new(15596, 12, 26, 0, 10, 12),
    BitmapGlyph::new(15635, 26, 32, 0, 4, 26),
    BitmapGlyph::new(15739, 22, 26, 0, 10, 22),
    BitmapGlyph::new(15811, 26, 32, 0, 12, 26),
    BitmapGlyph::new(15915, 22, 27, 0, 17, 22),
    BitmapGlyph::new(15990, 26, 32, 0, 4, 26),
    BitmapGlyph::new(16094, 22, 26, 0, 10, 22),
    BitmapGlyph::new(16166, 28, 24, 0, 12, 29),
    BitmapGlyph::new(16250, 26, 32, 0, 12, 26),
    BitmapGlyph::new(16354, 20, 27, 0, 17, 22),
    BitmapGlyph::new(16422, 24, 30, 1, 7, 26),
    BitmapGlyph::new(16512, 18, 24, 1, 13, 20),
    BitmapGlyph::new(16566, 24, 33, 1, 4, 26),
    BitmapGlyph::new(16665, 18, 27, 1, 10, 20),
    BitmapGlyph::new(16726, 24, 33, 1, 4, 26),
    BitmapGlyph::new(16825, 18, 27, 1, 10, 20),
    BitmapGlyph::new(16886, 32, 26, 1, 11, 34),
    BitmapGlyph::new(16990, 29, 20, 1, 17, 31),
    BitmapGlyph::new(17063, 24, 32, 0, 4, 24),
    BitmapGlyph::new(17159, 17, 26, 0, 10, 17),
    BitmapGlyph::new(17215, 24, 32, 0, 12, 24),
    BitmapGlyph::new(17311, 17, 27, 0, 17, 17),
    BitmapGlyph::new(17369, 24, 32, 0, 4, 24),
    BitmapGlyph::new(17465, 17, 26, 0, 10, 17),
    BitmapGlyph::new(17521, 18, 33, 1, 4, 19),
    BitmapGlyph::new(17596, 14, 27, 1, 10, 16),
    BitmapGlyph::new(17644, 18, 33, 1, 4, 19),
    BitmapGlyph::new(17719, 14, 27, 1, 10, 16),
    BitmapGlyph::new(17767, 18, 33, 1, 11, 19),
    BitmapGlyph::new(17842, 14, 27, 1, 17, 16),
    BitmapGlyph::new(17890, 18, 33, 1, 4, 19),
    BitmapGlyph::new(17965, 14, 27, 1, 10, 16),
    BitmapGlyph::new(18013, 22, 32, 0, 12, 22),
    BitmapGlyph::new(18101, 13, 30, 0, 14, 14),
    BitmapGlyph::new(18150, 22, 32, 0, 4, 22),
    BitmapGlyph::new(18238, 16, 27, 0, 10, 14),
    BitmapGlyph::new(18292, 22, 24, 0, 12, 22),
    BitmapGlyph::new(18358, 13, 23, 0, 14, 14),
    BitmapGlyph::new(18396, 25, 33, 0, 4, 25),
    BitmapGlyph::new(18500, 22, 27, 0, 10, 22),
    BitmapGlyph::new(18575, 25, 30, 0, 7, 25),
    BitmapGlyph::new(18669, 22, 24, 0, 13, 22),
    BitmapGlyph::new(18735, 25, 33, 0, 4, 25),
    BitmapGlyph::new(18839, 22, 27, 0, 10, 22),
    BitmapGlyph::new(18914, 25, 35, 0, 2, 25),
    BitmapGlyph::new(19024, 22, 29, 0, 8, 22),
    BitmapGlyph::new(19104, 25, 33, 0, 4, 25),
    BitmapGlyph::new(19208, 22, 27, 0, 10, 22),
    BitmapGlyph::new(19283, 25, 32, 0, 12, 25),
    BitmapGlyph::new(19383, 22, 26, 0, 18, 22),
    BitmapGlyph::new(19455, 36, 32, 0, 4, 36),
    BitmapGlyph::new(19599, 30, 26, -1, 10, 29),
    BitmapGlyph::new(19697, 24, 32, 0, 4, 23),
    BitmapGlyph::new(19793, 20, 34, 0, 10, 19),
    BitmapGlyph::new(19878, 24, 32, 0, 4, 23),
    BitmapGlyph::new(19974, 20, 32, 1, 4, 22),
    BitmapGlyph::new(20054, 17, 26, 0, 10, 18),
    BitmapGlyph::new(20110, 20, 32, 1, 4, 22),
    BitmapGlyph::new(20190, 17, 26, 0, 10, 18),
    BitmapGlyph::new(20246, 20, 32, 1, 4, 22),
    BitmapGlyph::new(20326, 17, 26, 0, 10, 18),
    BitmapGlyph::new(20382, 16, 26, 0, 10, 13),
    BitmapGlyph::new(20434, 10, 4, 0, 25, 10),
    BitmapGlyph::new(20439, 10, 4, 0, 25, 10),
    BitmapGlyph::new(20444, 17, 4, 1, 22, 19),
    BitmapGlyph::new(20453, 18, 4, -1, 25, 17),
    BitmapGlyph::new(20462, 35, 4, -1, 25, 33),
    BitmapGlyph::new(20480, 35, 3, -1, 26, 33),
    BitmapGlyph::new(20494, 9, 34, 5, 10, 19),
    BitmapGlyph::new(20533, 15, 7, -1, 36, 14),
    BitmapGlyph::new(20547, 7, 11, 1, 12, 9),
    BitmapGlyph::new(20557, 7, 11, 1, 12, 9),
    BitmapGlyph::new(20567, 7, 12, 1, 30, 10),
    BitmapGlyph::new(20578, 7, 11, 1, 12, 9),
    BitmapGlyph::new(20588, 14, 11, 1, 12, 16),
    BitmapGlyph::new(20608, 14, 11, 1, 12, 16),
    BitmapGlyph::new(20628, 14, 12, 1, 30, 16),
    BitmapGlyph::new(20649, 14, 11, 1, 12, 16),
    BitmapGlyph::new(20669, 14, 30, 1, 10, 16),
    BitmapGlyph::new(20722, 14, 30, 1, 10, 16),
    BitmapGlyph::new(20775, 11, 12, 1, 18, 13),
    BitmapGlyph::new(20792, 11, 12, 3, 18, 17),
    BitmapGlyph::new(20809, 6, 6, 2, 21, 10),
    BitmapGlyph::new(20814, 16, 6, 2, 21, 19),
    BitmapGlyph::new(20826, 27, 7, 2, 30, 30),
    BitmapGlyph::new(20850, 6, 7, 2, 22, 10),
    BitmapGlyph::new(20856, 0, 0, 0, 36, 20),
    BitmapGlyph::new(20856, 0, 0, 0, 36, 20),
    BitmapGlyph::new(20856, 9, 26, -1, 15, 1),
    BitmapGlyph::new(20886, 9, 26, -8, 15, 1),
    BitmapGlyph::new(20916, 8, 28, -4, 13, 1),
    BitmapGlyph::new(20944, 8, 28, -4, 13, 1),
    BitmapGlyph::new(20972, 8, 28, -4, 13, 1),
    BitmapGlyph::new(21000, 0, 0, 0, 36, 6),
    BitmapGlyph::new(21000, 42, 26, 1, 11, 44),
    BitmapGlyph::new(21137, 56, 26, 1, 11, 58),
    BitmapGlyph::new(21319, 8, 9, 0, 12, 8),
    BitmapGlyph::new(21328, 16, 9, 0, 12, 16),
    BitmapGlyph::new(21346, 24, 9, 0, 12, 24),
    BitmapGlyph::new(21373, 8, 9, 0, 12, 8),
    BitmapGlyph::new(21382, 16, 9, 0, 12, 16),
    BitmapGlyph::new(21400, 24, 9, 0, 12, 24),
    BitmapGlyph::new(21427, 13, 10, 1, 34, 15),
    BitmapGlyph::new(21444, 8, 14, 2, 20, 12),
    BitmapGlyph::new(21458, 8, 14, 2, 20, 12),
    BitmapGlyph::new(21472, 24, 25, 1, 11, 26),
    BitmapGlyph::new(21547, 20, 28, 1, 10, 22),
    BitmapGlyph::new(21617, 20, 26, 1, 11, 22),
    BitmapGlyph::new(21682, 17, 24, 1, 12, 19),
    BitmapGlyph::new(21733, 18, 26, 0, 11, 19),
    BitmapGlyph::new(21792, 33, 28, 0, 13, 33),
    BitmapGlyph::new(21908, 26, 24, 0, 12, 26),
    BitmapGlyph::new(21986, 29, 25, 0, 12, 30),
    BitmapGlyph::new(22077, 38, 25, 0, 12, 38),
    BitmapGlyph::new(22196, 37, 24, -1, 12, 36),
    BitmapGlyph::new(22307, 26, 20, 2, 16, 30),
    BitmapGlyph::new(22372, 21, 31, 1, 10, 22),
    BitmapGlyph::new(22454, 19, 26, 0, 11, 19),
    BitmapGlyph::new(22516, 25, 24, 0, 12, 24),
    BitmapGlyph::new(22591, 22, 24, 0, 12, 22),
    BitmapGlyph::new(22657, 37, 35, 0, 8, 37),
    BitmapGlyph::new(22819, 20, 33, 0, 11, 21),
    BitmapGlyph::new(22902, 22, 24, 0, 12, 21),
    BitmapGlyph::new(22968, 24, 29, 1, 10, 26),
    BitmapGlyph::new(23055, 25, 24, 0, 12, 25),
    BitmapGlyph::new(23130, 21, 26, -1, 11, 19),
    BitmapGlyph::new(23199, 20, 29, 1, 10, 22),
    BitmapGlyph::new(23272, 20, 25, 0, 12, 20),
    BitmapGlyph::new(23335, 18, 28, 0, 11, 19),
    BitmapGlyph::new(23398, 19, 24, 0, 12, 19),
    BitmapGlyph::new(23455, 17, 24, 1, 12, 19),
    BitmapGlyph::new(23506, 19, 24, 0, 12, 19),
    BitmapGlyph::new(23563, 21, 26, 0, 11, 22),
    BitmapGlyph::new(23632, 22, 23, 2, 13, 26),
    BitmapGlyph::new(23696, 19, 24, 0, 12, 20),
    BitmapGlyph::new(23753, 21, 26, 1, 10, 23),
    BitmapGlyph::new(23822, 17, 29, 1, 10, 19),
    BitmapGlyph::new(23884, 16, 25, 1, 17, 18),
    BitmapGlyph::new(23934, 15, 24, 2, 12, 19),
    BitmapGlyph::new(23979, 15, 24, 2, 12, 19),
    BitmapGlyph::new(24024, 15, 24, 2, 12, 19),
    BitmapGlyph::new(24069, 15, 24, 2, 12, 19),
    BitmapGlyph::new(24114, 15, 24, 2, 12, 19),
    BitmapGlyph::new(24159, 15, 24, 2, 12, 19),
    BitmapGlyph::new(24204, 15, 24, 2, 12, 19),
    BitmapGlyph::new(24249, 15, 24, 2, 12, 19),
    BitmapGlyph::new(24294, 15, 24, 2, 12, 19),
    BitmapGlyph::new(24339, 15, 24, 2, 12, 19),
    BitmapGlyph::new(24384, 15, 24, 2, 12, 19),
    BitmapGlyph::new(24429, 15, 24, 2, 12, 19),
    BitmapGlyph::new(24474, 15, 24, 2, 12, 19),
    BitmapGlyph::new(24519, 15, 24, 2, 12, 19),
    BitmapGlyph::new(24564, 15, 24, 2, 12, 19),
];

static NOTO_SERIF_16_BOLD_BITMAP: [u8; 24609] = [
    0xFD, 0xF9, 0xF3, 0xE7, 0xCF, 0x9F, 0x3E, 0x7C, 0xF1, 0xE1, 0xC3, 0x87, 0x0E, 0x1C, 0x10, 0x00,
    0x03, 0xC7, 0xCF, 0x9F, 0x3E, 0x00, 0xF8, 0xFF, 0xC7, 0xFE, 0x3C, 0xF1, 0xE7, 0x8F, 0x3C, 0x79,
    0xE3, 0xCE, 0x0E, 0x70, 0x71, 0x01, 0x00, 0x03, 0x8E, 0x01, 0xC7, 0x00, 0xC3, 0x80, 0x61, 0x80,
    0x70, 0xC0, 0x38, 0xE0, 0x1C, 0x70, 0xFF, 0xFF, 0x7F, 0xFF, 0x83, 0x0C, 0x03, 0x8E, 0x01, 0xC7,
    0x00, 0xE3, 0x80, 0x61, 0x80, 0x30, 0xC1, 0xFF, 0xFE, 0xFF, 0xFF, 0x0E, 0x38, 0x06, 0x18, 0x03,
    0x0C, 0x03, 0x8E, 0x01, 0xC7, 0x00, 0xE3, 0x80, 0x61, 0xC0, 0x00, 0x00, 0x00, 0xE0, 0x00, 0x70,
    0x00, 0x7E, 0x00, 0xFF, 0xC0, 0xFF, 0xF0, 0xF7, 0x78, 0x73, 0xBC, 0x7D, 0xCC, 0x3E, 0xE0, 0x0F,
    0xF0, 0x07, 0xF8, 0x01, 0xFF, 0x00, 0x7F, 0xC0, 0x1F, 0xF8, 0x03, 0xFC, 0x01, 0xFF, 0x18, 0xEF,
    0x9C, 0x73, 0xCE, 0x39, 0xE7, 0x9C, 0xF3, 0xCE, 0xF0, 0xFF, 0xF0, 0x3F, 0xF0, 0x07, 0xE0, 0x00,
    0xE0, 0x00, 0x70, 0x00, 0x38, 0x00, 0x08, 0x00, 0x00, 0x00, 0x00, 0x00, 0xFC, 0x01, 0xC0, 0x0F,
    0xF0, 0x0E, 0x00, 0xF3, 0xC0, 0xE0, 0x07, 0x0F, 0x07, 0x00, 0x78, 0x78, 0x70, 0x03, 0xC3, 0xC3,
    0x80, 0x1E, 0x1E, 0x38, 0x00, 0xF0, 0xF1, 0xC0, 0x07, 0x87, 0x9C, 0x00, 0x3C, 0x3C, 0xE1, 0x81,
    0xE1, 0xEE, 0x7F, 0x87, 0x8E, 0x77, 0xDE, 0x3C, 0xF7, 0x3C, 0x70, 0xFF, 0x3B, 0xC3, 0xC1, 0xE3,
    0x9E, 0x1E, 0x00, 0x1C, 0xF0, 0xF0, 0x01, 0xC7, 0x87, 0x80, 0x0E, 0x3C, 0x3C, 0x00, 0x61, 0xE1,
    0xE0, 0x07, 0x0F, 0x0F, 0x00, 0x30, 0x78, 0x78, 0x03, 0x81, 0xE7, 0x80, 0x18, 0x07, 0xFC, 0x01,
    0xC0, 0x1F, 0x80, 0x00, 0x00, 0x00, 0x00, 0x00, 0x00, 0x00, 0x00, 0xFF, 0x00, 0x00, 0x7F, 0xF0,
    0x00, 0x3E, 0x3C, 0x00, 0x0F, 0x07, 0x80, 0x03, 0xC1, 0xE0, 0x00, 0xF0, 0x78, 0x00, 0x3E, 0x1E,
    0x00, 0x0F, 0x8F, 0x00, 0x01, 0xF7, 0x80, 0x00, 0x7F, 0xC0, 0x00, 0x0F, 0xC1, 0xFC, 0x0F, 0xF8,
    0x7F, 0x07, 0xFF, 0x1E, 0x03, 0xE7, 0xE7, 0x01, 0xF0, 0xFD, 0xC0, 0x7C, 0x1F, 0xF0, 0x3F, 0x03,
    0xF8, 0x0F, 0xC0, 0xFE, 0x03, 0xF0, 0x1F, 0xC0, 0x7C, 0x03, 0xF8, 0x1F, 0x80, 0xFF, 0x03, 0xF0,
    0xFF, 0xE0, 0xFF, 0xF9, 0xFE, 0x0F, 0xF8, 0x3F, 0x80, 0x00, 0x00, 0x00, 0xFB, 0xEF, 0x9E, 0x79,
    0xE7, 0x9C, 0x70, 0x80, 0x00, 0x20, 0x0E, 0x01, 0xE0, 0x3C, 0x07, 0x80, 0xF0, 0x1F, 0x03, 0xF0,
    0x3E, 0x03, 0xE0, 0x7E, 0x07, 0xE0, 0x7E, 0x07, 0xC0, 0x7C, 0x07, 0xC0, 0x7C, 0x07, 0xC0, 0x7E,
    0x07, 0xE0, 0x7E, 0x03, 0xE0, 0x3E, 0x01, 0xF0, 0x1F, 0x00, 0xF8, 0x07, 0x80, 0x3C, 0x01, 0xE0,
    0x06, 0x00, 0x00, 0x80, 0x1C, 0x03, 0xE0, 0x3E, 0x03, 0xE0, 0x3E, 0x07, 0xC0, 0x7C, 0x0F, 0x81,
    0xF8, 0x1F, 0x03, 0xE0, 0x7C, 0x0F, 0xC1, 0xF8, 0x3F, 0x07, 0xE0, 0xF8, 0x1F, 0x03, 0xE0, 0x7C,
    0x1F, 0x83, 0xE0, 0x7C, 0x1F, 0x03, 0xE0, 0xF8, 0x3E, 0x0F, 0x01, 0xC0, 0x20, 0x00, 0x00, 0x00,
    0x07, 0x00, 0x0E, 0x03, 0x1C, 0xE7, 0xBB, 0xDF, 0xFF, 0xCF, 0xFE, 0x07, 0xF0, 0x7F, 0xFD, 0xF6,
    0xF9, 0xCE, 0x73, 0x1C, 0x40, 0x38, 0x00, 0x70, 0x00, 0x00, 0x00, 0x07, 0x00, 0x0E, 0x00, 0x1C,
    0x00, 0x38, 0x00, 0x70, 0x00, 0xE0, 0x7F, 0xFF, 0xFF, 0xFE, 0x07, 0x00, 0x0E, 0x00, 0x1C, 0x00,
    0x38, 0x00, 0x70, 0x00, 0xE0, 0x00, 0x80, 0x00, 0x71, 0xF3, 0xE7, 0xE7, 0xC7, 0x0E, 0x38, 0xE3,
    0x80, 0x00, 0x7F, 0xDF, 0xF7, 0xFD, 0xFE, 0x01, 0xEF, 0xFF, 0xFD, 0xE0, 0x00, 0x00, 0x00, 0x70,
    0x18, 0x0E, 0x03, 0x80, 0xE0, 0x30, 0x1C, 0x07, 0x01, 0xC0, 0x60, 0x38, 0x0E, 0x03, 0x80, 0xC0,
    0x70, 0x1C, 0x07, 0x01, 0x80, 0xE0, 0x38, 0x0E, 0x03, 0x01, 0xC0, 0x70, 0x1C, 0x06, 0x03, 0x80,
    0xE0, 0x38, 0x00, 0x00, 0x00, 0x00, 0x03, 0xF8, 0x07, 0xFE, 0x07, 0xC7, 0x83, 0xE3, 0xE3, 0xE0,
    0xF9, 0xF0, 0x7C, 0xF8, 0x3E, 0xFC, 0x1F, 0x7E, 0x0F, 0xBF, 0x07, 0xFF, 0x83, 0xFF, 0xC1, 0xFF,
    0xE0, 0xFF, 0xF0, 0x7F, 0xF8, 0x3F, 0xFC, 0x1F, 0xFE, 0x0F, 0x9F, 0x07, 0xCF, 0x83, 0xE7, 0xC1,
    0xF1, 0xE1, 0xF0, 0xF8, 0xF0, 0x3F, 0xF8, 0x0F, 0xF0, 0x00, 0x00, 0x00, 0x01, 0xF0, 0x03, 0xF0,
    0x0F, 0xF0, 0x1F, 0xF0, 0x7D, 0xF0, 0x79, 0xF0, 0x71, 0xF0, 0x01, 0xF0, 0x01, 0xF0, 0x01, 0xF0,
    0x01, 0xF0, 0x01, 0xF0, 0x01, 0xF0, 0x01, 0xF0, 0x01, 0xF0, 0x01, 0xF0, 0x01, 0xF0, 0x01, 0xF0,
    0x01, 0xF0, 0x01, 0xF0, 0x01, 0xF0, 0x03, 0xF0, 0x3F, 0xFF, 0x3F, 0xFF, 0x00, 0x00, 0x07, 0xF8,
    0x0F, 0xFF, 0x0F, 0x8F, 0xC7, 0xC3, 0xE3, 0xC1, 0xF9, 0xE0, 0xFC, 0xF0, 0x7E, 0x10, 0x3E, 0x00,
    0x1F, 0x00, 0x0F, 0x80, 0x0F, 0x80, 0x07, 0x80, 0x07, 0x80, 0x07, 0x80, 0x07, 0x80, 0x07, 0x80,
    0x07, 0x80, 0x07, 0x80, 0xC7, 0x80, 0x63, 0x80, 0x73, 0xFF, 0xFB, 0xFF, 0xFD, 0xFF, 0xFE, 0xFF,
    0xFF, 0x00, 0x00, 0x00, 0x07, 0xF8, 0x0F, 0xFF, 0x0F, 0x8F, 0xC7, 0x83, 0xE3, 0xC1, 0xF9, 0xE0,
    0xFC, 0x70, 0x7E, 0x00, 0x3E, 0x00, 0x1F, 0x00, 0x1F, 0x00, 0x3E, 0x00, 0xFF, 0x00, 0x7F, 0xE0,
    0x01, 0xF8, 0x00, 0x7E, 0x00, 0x1F, 0x00, 0x0F, 0x88, 0x07, 0xCC, 0x03, 0xEF, 0x01, 0xF7, 0x81,
    0xFB, 0xE1, 0xF8, 0xFF, 0xF8, 0x3F, 0xF0, 0x00, 0x00, 0x00, 0x00, 0x3E, 0x00, 0x0F, 0xC0, 0x03,
    0xF8, 0x00, 0x7F, 0x00, 0x1F, 0xE0, 0x03, 0x7C, 0x00, 0xEF, 0x80, 0x39, 0xF0, 0x06, 0x3E, 0x01,
    0xC7, 0xC0, 0x30, 0xF8, 0x0E, 0x1F, 0x03, 0x83, 0xE0, 0x60, 0x7C, 0x1C, 0x0F, 0x83, 0xFF, 0xFE,
    0xFF, 0xFF, 0xDF, 0xFF, 0xF8, 0x00, 0xF8, 0x00, 0x1F, 0x00, 0x03, 0xE0, 0x00, 0xFC, 0x00, 0xFF,
    0xF0, 0x1F, 0xFE, 0x3F, 0xFE, 0x3F, 0xFE, 0x3F, 0xFE, 0x3F, 0xFE, 0x30, 0x0E, 0x30, 0x06, 0x30,
    0x00, 0x30, 0x00, 0x30, 0x00, 0x73, 0x80, 0x7F, 0xF8, 0x7F, 0xFC, 0x00, 0x7E, 0x00, 0x3E, 0x00,
    0x3F, 0x00, 0x1F, 0x00, 0x1F, 0x00, 0x1F, 0x60, 0x1F, 0xE0, 0x3F, 0xF0, 0x3E, 0x78, 0x7C, 0x7F,
    0xF8, 0x3F, 0xF0, 0x00, 0x00, 0x00, 0x00, 0x01, 0xFE, 0x01, 0xFF, 0x83, 0xE3, 0xE1, 0xE0, 0xF1,
    0xF0, 0x78, 0xF0, 0x38, 0xF8, 0x00, 0x7C, 0x00, 0x3E, 0x00, 0x1F, 0x3C, 0x0F, 0xFF, 0x8F, 0xFF,
    0xE7, 0xE0, 0xFB, 0xE0, 0x7C, 0xF0, 0x1F, 0x7C, 0x0F, 0xBE, 0x07, 0xDF, 0x03, 0xEF, 0x81, 0xE3,
    0xC1, 0xF1, 0xF0, 0xF8, 0x7C, 0xF8, 0x1F, 0xF8, 0x07, 0xF8, 0x00, 0x00, 0x00, 0x7F, 0xFF, 0x3F,
    0xFF, 0x9F, 0xFF, 0xCF, 0xFF, 0xE7, 0x00, 0xE3, 0x00, 0xF1, 0x80, 0x78, 0x00, 0x78, 0x00, 0x3C,
    0x00, 0x3C, 0x00, 0x1E, 0x00, 0x0F, 0x00, 0x0F, 0x00, 0x07, 0x80, 0x07, 0xC0, 0x03, 0xC0, 0x03,
    0xE0, 0x01, 0xE0, 0x00, 0xF0, 0x00, 0xF8, 0x00, 0x78, 0x00, 0x7C, 0x00, 0x3C, 0x00, 0x3E, 0x00,
    0x00, 0x00, 0x07, 0xFC, 0x07, 0xFF, 0x07, 0xC7, 0xC7, 0xC1, 0xF3, 0xE0, 0xF9, 0xF0, 0x7C, 0xF8,
    0x3E, 0x7C, 0x1F, 0x3F, 0x0F, 0x0F, 0xEF, 0x03, 0xFF, 0x00, 0xFF, 0x00, 0x7F, 0xE0, 0xFB, 0xF8,
    0xF8, 0xFE, 0x78, 0x1F, 0x7C, 0x0F, 0xFE, 0x03, 0xFF, 0x01, 0xFF, 0x80, 0xFF, 0xC0, 0xF9, 0xF0,
    0x7C, 0x7F, 0xFC, 0x1F, 0xF8, 0x00, 0x00, 0x00, 0x00, 0x00, 0x07, 0xF0, 0x07, 0xFE, 0x07, 0xCF,
    0x87, 0xC3, 0xE3, 0xE0, 0xF3, 0xE0, 0x7D, 0xF0, 0x3E, 0xF8, 0x1F, 0x7C, 0x0F, 0xBE, 0x07, 0xDF,
    0x83, 0xE7, 0xC3, 0xF1, 0xFF, 0xF8, 0xFF, 0xFC, 0x1F, 0x3E, 0x00, 0x1F, 0x00, 0x0F, 0x80, 0x07,
    0xC0, 0x03, 0xC7, 0x03, 0xE3, 0x81, 0xE1, 0xE1, 0xE0, 0x7F, 0xE0, 0x1F, 0xE0, 0x00, 0x00, 0x00,
    0x01, 0xEF, 0xFF, 0xFD, 0xE0, 0x00, 0x00, 0x00, 0x00, 0x00, 0x07, 0xBF, 0xFF, 0xF7, 0x80, 0x00,
    0x79, 0xFB, 0xF7, 0xE7, 0x80, 0x00, 0x00, 0x00, 0x00, 0x00, 0x00, 0x0F, 0x3E, 0x7E, 0xFC, 0xF8,
    0x71, 0xC7, 0x9E, 0x30, 0x00, 0x00, 0x00, 0x00, 0x0C, 0x00, 0x78, 0x03, 0xE0, 0x1F, 0x00, 0xF8,
    0x07, 0xE0, 0x3F, 0x00, 0xF8, 0x01, 0xF0, 0x01, 0xF0, 0x00, 0xF8, 0x00, 0x7C, 0x00, 0x3E, 0x00,
    0x1F, 0x00, 0x1F, 0x00, 0x0E, 0x00, 0x04, 0xFF, 0xFF, 0xFF, 0xFF, 0xFF, 0xF8, 0x00, 0x00, 0x00,
    0x00, 0x00, 0x00, 0x00, 0x7F, 0xFF, 0xFF, 0xFF, 0xFF, 0xFC, 0x00, 0x01, 0x80, 0x03, 0xC0, 0x03,
    0xE0, 0x01, 0xF0, 0x01, 0xF8, 0x00, 0xF8, 0x00, 0x7C, 0x00, 0x3E, 0x00, 0x7C, 0x03, 0xF0, 0x0F,
    0x80, 0x7C, 0x03, 0xE0, 0x1F, 0x00, 0x78, 0x00, 0xE0, 0x01, 0x00, 0x00, 0x00, 0x00, 0x1F, 0xF0,
    0x7F, 0xF8, 0xFC, 0x7C, 0xF8, 0x3E, 0xF8, 0x3E, 0x78, 0x3F, 0x00, 0x3F, 0x00, 0x3E, 0x00, 0x3E,
    0x00, 0x7E, 0x00, 0xFC, 0x01, 0xF8, 0x07, 0xE0, 0x03, 0x80, 0x03, 0x80, 0x03, 0x80, 0x03, 0x00,
    0x00, 0x00, 0x00, 0x00, 0x07, 0x80, 0x0F, 0xC0, 0x0F, 0xC0, 0x0F, 0xC0, 0x07, 0x80, 0x00, 0x00,
    0x00, 0x07, 0xF0, 0x00, 0x01, 0xFF, 0xF0, 0x00, 0x3F, 0x07, 0xE0, 0x03, 0xC0, 0x07, 0x80, 0x78,
    0x00, 0x1C, 0x03, 0x80, 0x00, 0x70, 0x38, 0x0F, 0x01, 0xC3, 0xC1, 0xFF, 0x8E, 0x1C, 0x3E, 0x3C,
    0x71, 0xC3, 0xE1, 0xE1, 0x8E, 0x1E, 0x0E, 0x0C, 0xF1, 0xE0, 0xF0, 0x67, 0x0F, 0x07, 0x83, 0x38,
    0x78, 0x3C, 0x19, 0xC7, 0xC1, 0xE1, 0xCE, 0x3E, 0x0F, 0x0E, 0x71, 0xF0, 0xF0, 0x63, 0x8F, 0x87,
    0x87, 0x1C, 0x3C, 0x7E, 0x30, 0xE1, 0xFF, 0x7F, 0x87, 0x87, 0xF1, 0xF0, 0x1C, 0x04, 0x02, 0x00,
    0xF0, 0x00, 0x00, 0x03, 0x80, 0x00, 0x00, 0x0E, 0x00, 0x01, 0x00, 0x3C, 0x00, 0x38, 0x00, 0xFC,
    0x1F, 0x80, 0x01, 0xFF, 0xF0, 0x00, 0x01, 0xFC, 0x00, 0x00, 0x00, 0x3E, 0x00, 0x00, 0x0F, 0xC0,
    0x00, 0x07, 0xF0, 0x00, 0x01, 0xFC, 0x00, 0x00, 0x7F, 0x80, 0x00, 0x3B, 0xE0, 0x00, 0x0E, 0xF8,
    0x00, 0x03, 0x3F, 0x00, 0x01, 0xC7, 0xC0, 0x00, 0x71, 0xF0, 0x00, 0x18, 0x7E, 0x00, 0x0E, 0x0F,
    0x80, 0x03, 0x83, 0xF0, 0x01, 0xC0, 0xFC, 0x00, 0x7F, 0xFF, 0x00, 0x1F, 0xFF, 0xE0, 0x0E, 0x01,
    0xF8, 0x03, 0x80, 0x3E, 0x00, 0xE0, 0x0F, 0xC0, 0x70, 0x03, 0xF0, 0x1C, 0x00, 0x7C, 0x0F, 0x00,
    0x1F, 0x8F, 0xF8, 0x3F, 0xFB, 0xFE, 0x0F, 0xFE, 0x7F, 0xFE, 0x01, 0xFF, 0xFF, 0x01, 0xFC, 0xFE,
    0x03, 0xE0, 0xFC, 0x0F, 0x83, 0xF0, 0x3E, 0x0F, 0xC0, 0xF8, 0x3F, 0x03, 0xE0, 0xFC, 0x0F, 0x83,
    0xF0, 0x3E, 0x0F, 0x80, 0xFF, 0xFC, 0x03, 0xFF, 0xE0, 0x0F, 0xFF, 0xE0, 0x3E, 0x0F, 0xC0, 0xF8,
    0x1F, 0x83, 0xE0, 0x7E, 0x0F, 0x81, 0xF8, 0x3E, 0x07, 0xE0, 0xF8, 0x1F, 0x83, 0xE0, 0x7E, 0x0F,
    0x81, 0xF8, 0x3E, 0x0F, 0xC7, 0xFF, 0xFE, 0x1F, 0xFF, 0xE0, 0x00, 0x00, 0x00, 0x0F, 0xF8, 0x03,
    0xFF, 0xE0, 0xFC, 0x3F, 0x1F, 0x81, 0xF1, 0xF0, 0x1F, 0x3E, 0x00, 0xE3, 0xE0, 0x0C, 0x7E, 0x00,
    0x07, 0xE0, 0x00, 0x7E, 0x00, 0x07, 0xE0, 0x00, 0x7E, 0x00, 0x07, 0xE0, 0x00, 0x7E, 0x00, 0x07,
    0xE0, 0x00, 0x7E, 0x00, 0x07, 0xE0, 0x00, 0x3E, 0x00, 0x03, 0xF0, 0x00, 0x3F, 0x00, 0x31, 0xF8,
    0x07, 0x0F, 0xF3, 0xF0, 0x7F, 0xFE, 0x01, 0xFF, 0x80, 0x00, 0x00, 0x7F, 0xFF, 0x00, 0x7F, 0xFF,
    0xE0, 0x1F, 0xC7, 0xF0, 0x0F, 0x81, 0xF8, 0x0F, 0x80, 0xFC, 0x0F, 0x80, 0x7E, 0x0F, 0x80, 0x7E,
    0x0F, 0x80, 0x3E, 0x0F, 0x80, 0x3F, 0x0F, 0x80, 0x3F, 0x0F, 0x80, 0x3F, 0x0F, 0x80, 0x3F, 0x0F,
    0x80, 0x3F, 0x0F, 0x80, 0x3F, 0x0F, 0x80, 0x3F, 0x0F, 0x80, 0x3E, 0x0F, 0x80, 0x7E, 0x0F, 0x80,
    0x7E, 0x0F, 0x80, 0x7C, 0x0F, 0x80, 0xFC, 0x0F, 0x81, 0xF8, 0x0F, 0x87, 0xF0, 0x7F, 0xFF, 0xE0,
    0x7F, 0xFF, 0x00, 0x7F, 0xFF, 0xF3, 0xFF, 0xFF, 0x87, 0xF0, 0x7C, 0x1F, 0x00, 0xE0, 0xF8, 0x07,
    0x07, 0xC0, 0x38, 0x3E, 0x00, 0x01, 0xF0, 0x00, 0x0F, 0x80, 0x00, 0x7C, 0x00, 0x03, 0xFF, 0xE0,
    0x1F, 0xFF, 0x00, 0xFF, 0xF8, 0x07, 0xC0, 0x00, 0x3E, 0x00, 0x01, 0xF0, 0x00, 0x0F, 0x80, 0x00,
    0x7C, 0x00, 0x03, 0xE0, 0x0E, 0x1F, 0x00, 0x70, 0xF8, 0x03, 0x87, 0xC0, 0x3D, 0xFF, 0xFF, 0xEF,
    0xFF, 0xFF, 0x7F, 0xFF, 0xE7, 0xFF, 0xFF, 0x1F, 0xC1, 0xF0, 0xF8, 0x07, 0x0F, 0x80, 0x70, 0xF8,
    0x07, 0x0F, 0x80, 0x00, 0xF8, 0x00, 0x0F, 0x80, 0x00, 0xF8, 0x00, 0x0F, 0x80, 0x00, 0xFF, 0xF8,
    0x0F, 0xFF, 0x80, 0xFC, 0x00, 0x0F, 0x80, 0x00, 0xF8, 0x00, 0x0F, 0x80, 0x00, 0xF8, 0x00, 0x0F,
    0x80, 0x00, 0xF8, 0x00, 0x0F, 0x80, 0x00, 0xFC, 0x00, 0x7F, 0xF8, 0x07, 0xFF, 0x80, 0x00, 0x00,
    0x00, 0x00, 0xFF, 0xE0, 0x03, 0xFF, 0xF0, 0x07, 0xE1, 0xF8, 0x0F, 0x80, 0xFC, 0x1F, 0x00, 0x7C,
    0x3F, 0x00, 0x78, 0x3E, 0x00, 0x60, 0x7E, 0x00, 0x00, 0x7E, 0x00, 0x00, 0x7E, 0x00, 0x00, 0x7E,
    0x00, 0x00, 0x7E, 0x00, 0x00, 0x7E, 0x00, 0x00, 0x7E, 0x07, 0xFF, 0x7E, 0x07, 0xFE, 0x7E, 0x00,
    0xFC, 0x7E, 0x00, 0xF8, 0x3E, 0x00, 0xF8, 0x3F, 0x00, 0xF8, 0x1F, 0x00, 0xF8, 0x1F, 0x80, 0xF8,
    0x0F, 0xE0, 0xF8, 0x03, 0xFF, 0xF8, 0x00, 0xFF, 0xE0, 0x00, 0x00, 0x00, 0x7F, 0xF1, 0xFF, 0xCF,
    0xFE, 0x3F, 0xFC, 0x7F, 0x01, 0xFC, 0x07, 0xC0, 0x1F, 0x00, 0xF8, 0x03, 0xE0, 0x1F, 0x00, 0x7C,
    0x03, 0xE0, 0x0F, 0x80, 0x7C, 0x01, 0xF0, 0x0F, 0x80, 0x3E, 0x01, 0xF0, 0x07, 0xC0, 0x3F, 0xFF,
    0xF8, 0x07, 0xFF, 0xFF, 0x00, 0xFF, 0xFF, 0xE0, 0x1F, 0x00, 0x7C, 0x03, 0xE0, 0x0F, 0x80, 0x7C,
    0x01, 0xF0, 0x0F, 0x80, 0x3E, 0x01, 0xF0, 0x07, 0xC0, 0x3E, 0x00, 0xF8, 0x07, 0xC0, 0x1F, 0x00,
    0xF8, 0x03, 0xE0, 0x1F, 0x80, 0xFE, 0x1F, 0xFC, 0x7F, 0xF3, 0xFF, 0x8F, 0xFF, 0x7F, 0xFB, 0xFF,
    0xC7, 0xF0, 0x1F, 0x00, 0xF8, 0x07, 0xC0, 0x3E, 0x01, 0xF0, 0x0F, 0x80, 0x7C, 0x03, 0xE0, 0x1F,
    0x00, 0xF8, 0x07, 0xC0, 0x3E, 0x01, 0xF0, 0x0F, 0x80, 0x7C, 0x03, 0xE0, 0x1F, 0x00, 0xF8, 0x07,
    0xE1, 0xFF, 0xCF, 0xFF, 0x3F, 0xFC, 0xFF, 0xF0, 0xFE, 0x01, 0xF8, 0x07, 0xE0, 0x1F, 0x80, 0x7E,
    0x01, 0xF8, 0x07, 0xE0, 0x1F, 0x80, 0x7E, 0x01, 0xF8, 0x07, 0xE0, 0x1F, 0x80, 0x7E, 0x01, 0xF8,
    0x07, 0xE0, 0x1F, 0x80, 0x7E, 0x01, 0xF8, 0x07, 0xE0, 0x1F, 0x80, 0x7E, 0x01, 0xF8, 0x07, 0xE0,
    0x1F, 0x00, 0x7C, 0x03, 0xF0, 0x0F, 0x80, 0x7E, 0x0F, 0xF0, 0x3F, 0x00, 0x7F, 0xF3, 0xFF, 0x3F,
    0xFD, 0xFF, 0x87, 0xF0, 0x3F, 0x01, 0xF0, 0x1E, 0x00, 0xF8, 0x0E, 0x00, 0x7C, 0x0E, 0x00, 0x3E,
    0x0E, 0x00, 0x1F, 0x0E, 0x00, 0x0F, 0x8F, 0x00, 0x07, 0xCF, 0x00, 0x03, 0xEF, 0x80, 0x01, 0xFF,
    0xE0, 0x00, 0xFF, 0xF0, 0x00, 0x7F, 0xFC, 0x00, 0x3F, 0x7E, 0x00, 0x1F, 0x1F, 0x80, 0x0F, 0x87,
    0xE0, 0x07, 0xC3, 0xF0, 0x03, 0xE0, 0xFC, 0x01, 0xF0, 0x7F, 0x00, 0xF8, 0x1F, 0x80, 0x7E, 0x07,
    0xE1, 0xFF, 0xC3, 0xFC, 0xFF, 0xF0, 0x7F, 0x7F, 0xF8, 0x03, 0xFF, 0xC0, 0x07, 0xF0, 0x00, 0x1F,
    0x00, 0x00, 0xF8, 0x00, 0x07, 0xC0, 0x00, 0x3E, 0x00, 0x01, 0xF0, 0x00, 0x0F, 0x80, 0x00, 0x7C,
    0x00, 0x03, 0xE0, 0x00, 0x1F, 0x00, 0x00, 0xF8, 0x00, 0x07, 0xC0, 0x00, 0x3E, 0x00, 0x01, 0xF0,
    0x00, 0x0F, 0x80, 0x10, 0x7C, 0x00, 0xC3, 0xE0, 0x0E, 0x1F, 0x00, 0x70, 0xF8, 0x03, 0x87, 0xC0,
    0x3D, 0xFF, 0xFF, 0xEF, 0xFF, 0xFF, 0x7F, 0xE0, 0x07, 0xFE, 0xFF, 0xC0, 0x0F, 0xFC, 0x7F, 0x80,
    0x3F, 0xC0, 0x7F, 0x80, 0x7F, 0x80, 0xFF, 0x00, 0xFF, 0x01, 0xFE, 0x03, 0xFE, 0x03, 0xFE, 0x07,
    0xFC, 0x07, 0x7C, 0x0D, 0xF8, 0x0E, 0xFC, 0x3B, 0xF0, 0x1D, 0xF8, 0x77, 0xE0, 0x39, 0xF0, 0xCF,
    0xC0, 0x73, 0xF1, 0x9F, 0x80, 0xE7, 0xE7, 0x3F, 0x01, 0xC7, 0xCC, 0x7E, 0x03, 0x8F, 0xD8, 0xFC,
    0x07, 0x0F, 0xF1, 0xF8, 0x0E, 0x1F, 0xC3, 0xF0, 0x1C, 0x3F, 0x87, 0xE0, 0x38, 0x3F, 0x0F, 0xC0,
    0x70, 0x7C, 0x1F, 0x80, 0xE0, 0xF8, 0x3F, 0x01, 0xC0, 0xF0, 0x7E, 0x1F, 0xE1, 0xC3, 0xFF, 0xBF,
    0xC3, 0x87, 0xFF, 0x7F, 0x80, 0x7F, 0xDF, 0xE0, 0x1F, 0xF1, 0xFC, 0x01, 0xE0, 0x3F, 0x80, 0x38,
    0x0F, 0xF0, 0x0E, 0x03, 0xFC, 0x03, 0x80, 0xFF, 0x80, 0xE0, 0x3B, 0xF0, 0x38, 0x0E, 0xFC, 0x0E,
    0x03, 0x9F, 0x83, 0x80, 0xE3, 0xF0, 0xE0, 0x38, 0x7C, 0x38, 0x0E, 0x1F, 0x8E, 0x03, 0x83, 0xF3,
    0x80, 0xE0, 0x7E, 0xE0, 0x38, 0x1F, 0xB8, 0x0E, 0x03, 0xFE, 0x03, 0x80, 0x7F, 0x80, 0xE0, 0x0F,
    0xE0, 0x38, 0x03, 0xF8, 0x0E, 0x00, 0x7E, 0x03, 0x80, 0x0F, 0x87, 0xFC, 0x03, 0xE1, 0xFF, 0x00,
    0x78, 0x00, 0x00, 0x00, 0x01, 0xFF, 0x80, 0x07, 0xFF, 0xE0, 0x0F, 0xC3, 0xF0, 0x1F, 0x80, 0xF8,
    0x1F, 0x00, 0xFC, 0x3F, 0x00, 0x7C, 0x3E, 0x00, 0x7E, 0x7E, 0x00, 0x7E, 0x7E, 0x00, 0x7E, 0x7E,
    0x00, 0x3E, 0x7E, 0x00, 0x3E, 0x7E, 0x00, 0x3F, 0x7E, 0x00, 0x3F, 0x7E, 0x00, 0x3E, 0x7E, 0x00,
    0x3E, 0x7E, 0x00, 0x7E, 0x7E, 0x00, 0x7E, 0x3E, 0x00, 0x7E, 0x3E, 0x00, 0x7C, 0x3F, 0x00, 0xFC,
    0x1F, 0x80, 0xF8, 0x0F, 0xC1, 0xF0, 0x07, 0xFF, 0xE0, 0x01, 0xFF, 0x80, 0x00, 0x00, 0x00, 0x7F,
    0xFE, 0x03, 0xFF, 0xFE, 0x07, 0xF3, 0xF8, 0x1F, 0x07, 0xE0, 0xF8, 0x1F, 0x07, 0xC0, 0xFC, 0x3E,
    0x07, 0xE1, 0xF0, 0x3F, 0x0F, 0x81, 0xF8, 0x7C, 0x0F, 0x83, 0xE0, 0x7C, 0x1F, 0x07, 0xE0, 0xF8,
    0x7E, 0x07, 0xFF, 0xC0, 0x3F, 0xF8, 0x01, 0xF0, 0x00, 0x0F, 0x80, 0x00, 0x7C, 0x00, 0x03, 0xE0,
    0x00, 0x1F, 0x00, 0x00, 0xF8, 0x00, 0x07, 0xE0, 0x01, 0xFF, 0xE0, 0x0F, 0xFF, 0x00, 0x00, 0x00,
    0x00, 0x01, 0xFF, 0x80, 0x07, 0xFF, 0xE0, 0x0F, 0xC3, 0xF0, 0x1F, 0x80, 0xF8, 0x1F, 0x00, 0xFC,
    0x3E, 0x00, 0x7C, 0x3E, 0x00, 0x7E, 0x7E, 0x00, 0x7E, 0x7E, 0x00, 0x7E, 0x7E, 0x00, 0x3E, 0x7E,
    0x00, 0x3E, 0x7E, 0x00, 0x3F, 0x7E, 0x00, 0x3F, 0x7E, 0x00, 0x3E, 0x7E, 0x00, 0x3E, 0x7E, 0x00,
    0x7E, 0x7E, 0x00, 0x7E, 0x3E, 0x00, 0x7E, 0x3E, 0x00, 0x7C, 0x3F, 0x00, 0xFC, 0x1F, 0x80, 0xF8,
    0x0F, 0xC1, 0xF0, 0x07, 0xFF, 0xE0, 0x01, 0xFF, 0x80, 0x00, 0x3E, 0x00, 0x00, 0x3F, 0x00, 0x00,
    0x3F, 0x00, 0x00, 0x3F, 0x00, 0x00, 0x1F, 0x80, 0x00, 0x0F, 0xC0, 0x00, 0x07, 0xF8, 0x00, 0x01,
    0xF8, 0x7F, 0xFF, 0x00, 0x7F, 0xFF, 0xE0, 0x1F, 0xC7, 0xF0, 0x0F, 0x83, 0xF0, 0x0F, 0x81, 0xF8,
    0x0F, 0x81, 0xF8, 0x0F, 0x81, 0xF8, 0x0F, 0x81, 0xF8, 0x0F, 0x81, 0xF8, 0x0F, 0x81, 0xF8, 0x0F,
    0x83, 0xF0, 0x0F, 0xCF, 0xE0, 0x0F, 0xFF, 0x80, 0x0F, 0xFF, 0x80, 0x0F, 0x8F, 0xC0, 0x0F, 0x8F,
    0xC0, 0x0F, 0x87, 0xE0, 0x0F, 0x87, 0xE0, 0x0F, 0x83, 0xF0, 0x0F, 0x81, 0xF8, 0x0F, 0x81, 0xF8,
    0x0F, 0xC0, 0xFC, 0x7F, 0xF0, 0xFF, 0x7F, 0xF0, 0x3F, 0x00, 0x00, 0x01, 0xFE, 0x01, 0xFF, 0xE0,
    0xF8, 0xFC, 0x7C, 0x1F, 0x1E, 0x03, 0xC7, 0x80, 0xF1, 0xF0, 0x30, 0x7C, 0x00, 0x1F, 0xC0, 0x07,
    0xFC, 0x00, 0xFF, 0xC0, 0x1F, 0xFC, 0x03, 0xFF, 0x80, 0x3F, 0xF0, 0x03, 0xFE, 0x00, 0x3F, 0x80,
    0x03, 0xE7, 0x00, 0xFB, 0xC0, 0x3E, 0xF0, 0x0F, 0xBE, 0x03, 0xC7, 0xC1, 0xF1, 0xFF, 0xF8, 0x1F,
    0xF8, 0x00, 0x00, 0x00, 0xFF, 0xFF, 0xFB, 0xFF, 0xFF, 0xEF, 0x0F, 0xC7, 0xB8, 0x3F, 0x06, 0xE0,
    0xFC, 0x1F, 0x83, 0xF0, 0x7E, 0x0F, 0xC1, 0x80, 0x3F, 0x00, 0x00, 0xFC, 0x00, 0x03, 0xF0, 0x00,
    0x0F, 0xC0, 0x00, 0x3F, 0x00, 0x00, 0xFC, 0x00, 0x03, 0xF0, 0x00, 0x0F, 0xC0, 0x00, 0x3F, 0x00,
    0x00, 0xFC, 0x00, 0x03, 0xF0, 0x00, 0x0F, 0xC0, 0x00, 0x3F, 0x00, 0x00, 0xFC, 0x00, 0x03, 0xF0,
    0x00, 0x7F, 0xF8, 0x01, 0xFF, 0xE0, 0xFF, 0xF0, 0xFF, 0x7F, 0xF8, 0x7F, 0xC7, 0xF0, 0x0F, 0x03,
    0xF0, 0x03, 0x00, 0xF8, 0x01, 0x80, 0x7C, 0x00, 0xC0, 0x3E, 0x00, 0x60, 0x1F, 0x00, 0x30, 0x0F,
    0x80, 0x18, 0x07, 0xC0, 0x0C, 0x03, 0xE0, 0x06, 0x01, 0xF0, 0x03, 0x00, 0xF8, 0x01, 0x80, 0x7C,
    0x00, 0xC0, 0x3E, 0x00, 0x60, 0x1F, 0x00, 0x30, 0x0F, 0x80, 0x18, 0x07, 0xC0, 0x0C, 0x03, 0xE0,
    0x0E, 0x01, 0xF0, 0x07, 0x00, 0xFC, 0x07, 0x80, 0x3F, 0x87, 0x80, 0x0F, 0xFF, 0x80, 0x01, 0xFF,
    0x80, 0x00, 0x00, 0x00, 0x00, 0xFF, 0xE1, 0xFE, 0xFF, 0xE1, 0xFE, 0x3F, 0x80, 0x78, 0x1F, 0x00,
    0x38, 0x1F, 0x80, 0x70, 0x1F, 0x80, 0x70, 0x0F, 0x80, 0x60, 0x0F, 0xC0, 0xE0, 0x0F, 0xC0, 0xE0,
    0x07, 0xC0, 0xC0, 0x07, 0xE1, 0xC0, 0x07, 0xE1, 0xC0, 0x03, 0xE1, 0x80, 0x03, 0xF3, 0x80, 0x01,
    0xF3, 0x80, 0x01, 0xF3, 0x00, 0x01, 0xF7, 0x00, 0x00, 0xFF, 0x00, 0x00, 0xFE, 0x00, 0x00, 0xFE,
    0x00, 0x00, 0x7E, 0x00, 0x00, 0x7C, 0x00, 0x00, 0x7C, 0x00, 0x00, 0x3C, 0x00, 0xFF, 0xE0, 0x30,
    0x1F, 0xFF, 0xFE, 0x07, 0x81, 0xFF, 0x3F, 0x80, 0x78, 0x07, 0xC1, 0xF8, 0x07, 0x80, 0x38, 0x1F,
    0x80, 0xFC, 0x03, 0x81, 0xF8, 0x0F, 0xC0, 0x70, 0x0F, 0x80, 0xFC, 0x07, 0x00, 0xF8, 0x1F, 0xE0,
    0x70, 0x0F, 0xC1, 0xFE, 0x06, 0x00, 0xFC, 0x1F, 0xF0, 0xE0, 0x07, 0xC3, 0xBF, 0x0E, 0x00, 0x7E,
    0x39, 0xF0, 0xE0, 0x07, 0xE3, 0x9F, 0x8C, 0x00, 0x3E, 0x30, 0xF9, 0xC0, 0x03, 0xE7, 0x0F, 0x9C,
    0x00, 0x3F, 0x70, 0xFD, 0xC0, 0x01, 0xF6, 0x07, 0xD8, 0x00, 0x1F, 0xE0, 0x7F, 0x80, 0x01, 0xFE,
    0x07, 0xF8, 0x00, 0x1F, 0xE0, 0x3F, 0x80, 0x00, 0xFC, 0x03, 0xF0, 0x00, 0x0F, 0xC0, 0x3F, 0x00,
    0x00, 0xFC, 0x01, 0xF0, 0x00, 0x07, 0x80, 0x1E, 0x00, 0x7F, 0xF1, 0xFE, 0x3F, 0xF8, 0xFF, 0x07,
    0xF0, 0x1F, 0x01, 0xF8, 0x0E, 0x00, 0x7E, 0x07, 0x00, 0x3F, 0x07, 0x00, 0x0F, 0xC7, 0x00, 0x03,
    0xF3, 0x00, 0x01, 0xFB, 0x80, 0x00, 0x7F, 0x80, 0x00, 0x1F, 0x80, 0x00, 0x0F, 0xC0, 0x00, 0x07,
    0xF0, 0x00, 0x03, 0xFC, 0x00, 0x03, 0xFE, 0x00, 0x03, 0x9F, 0x80, 0x03, 0x8F, 0xE0, 0x01, 0xC3,
    0xF0, 0x01, 0xC0, 0xFC, 0x01, 0xC0, 0x7E, 0x01, 0xE0, 0x1F, 0x81, 0xF0, 0x0F, 0xE3, 0xFE, 0x1F,
    0xFD, 0xFF, 0x0F, 0xFE, 0xFF, 0xE3, 0xFE, 0xFF, 0xE3, 0xFE, 0x3F, 0x80, 0x7C, 0x1F, 0x80, 0x78,
    0x1F, 0x80, 0x70, 0x0F, 0x80, 0x70, 0x0F, 0xC0, 0xE0, 0x07, 0xC0, 0xE0, 0x07, 0xE1, 0xC0, 0x03,
    0xE1, 0xC0, 0x03, 0xF3, 0x80, 0x01, 0xF3, 0x00, 0x01, 0xFF, 0x00, 0x00, 0xFE, 0x00, 0x00, 0xFE,
    0x00, 0x00, 0x7C, 0x00, 0x00, 0x7C, 0x00, 0x00, 0x7C, 0x00, 0x00, 0x7C, 0x00, 0x00, 0x7C, 0x00,
    0x00, 0x7C, 0x00, 0x00, 0xFE, 0x00, 0x07, 0xFF, 0xC0, 0x07, 0xFF, 0xC0, 0x7F, 0xFF, 0xE7, 0xFF,
    0xFE, 0x78, 0x0F, 0xE7, 0x00, 0xFC, 0x70, 0x1F, 0xC7, 0x01, 0xF8, 0x70, 0x3F, 0x00, 0x07, 0xF0,
    0x00, 0x7E, 0x00, 0x0F, 0xC0, 0x00, 0xFC, 0x00, 0x1F, 0x80, 0x03, 0xF8, 0x00, 0x3F, 0x00, 0x07,
    0xE0, 0x00, 0x7E, 0x00, 0x0F, 0xC0, 0x01, 0xF8, 0x07, 0x1F, 0x80, 0x73, 0xF0, 0x07, 0x7F, 0x00,
    0xF7, 0xE0, 0x1F, 0xFF, 0xFF, 0xFF, 0xFF, 0xFF, 0x00, 0x3F, 0xFF, 0xFB, 0xF0, 0xFC, 0x3F, 0x0F,
    0xC3, 0xF0, 0xFC, 0x3F, 0x0F, 0xC3, 0xF0, 0xFC, 0x3F, 0x0F, 0xC3, 0xF0, 0xFC, 0x3F, 0x0F, 0xC3,
    0xF0, 0xFC, 0x3F, 0x0F, 0xC3, 0xF0, 0xFC, 0x3F, 0x0F, 0xC3, 0xF0, 0xFF, 0xBF, 0xF0, 0x00, 0x00,
    0x38, 0x0E, 0x01, 0x80, 0x60, 0x1C, 0x07, 0x00, 0xC0, 0x30, 0x0E, 0x03, 0x80, 0x60, 0x18, 0x07,
    0x01, 0xC0, 0x30, 0x0C, 0x03, 0x80, 0xE0, 0x38, 0x06, 0x01, 0xC0, 0x70, 0x1C, 0x03, 0x00, 0xE0,
    0x38, 0x0E, 0x01, 0x80, 0x70, 0x00, 0x00, 0x3F, 0xF7, 0xFC, 0x3F, 0x0F, 0xC3, 0xF0, 0xFC, 0x3F,
    0x0F, 0xC3, 0xF0, 0xFC, 0x3F, 0x0F, 0xC3, 0xF0, 0xFC, 0x3F, 0x0F, 0xC3, 0xF0, 0xFC, 0x3F, 0x0F,
    0xC3, 0xF0, 0xFC, 0x3F, 0x0F, 0xC3, 0xF0, 0xFC, 0x3F, 0xFF, 0xFF, 0xF0, 0x00, 0x01, 0x80, 0x00,
    0xE0, 0x00, 0xF0, 0x00, 0x7C, 0x00, 0x7E, 0x00, 0x3B, 0x80, 0x39, 0xC0, 0x1C, 0x70, 0x0C, 0x38,
    0x0E, 0x0C, 0x06, 0x07, 0x07, 0x01, 0x83, 0x00, 0xE3, 0x80, 0x31, 0xC0, 0x1C, 0x00, 0x00, 0x00,
    0x00, 0x3F, 0xFF, 0xDF, 0xFF, 0xC0, 0x7C, 0x3E, 0x0F, 0x83, 0xE0, 0xF0, 0x1C, 0x00, 0x00, 0x03,
    0xFE, 0x03, 0xFF, 0xE0, 0xF8, 0xF8, 0x3C, 0x3F, 0x0F, 0x07, 0xC0, 0x01, 0xF0, 0x00, 0x7C, 0x03,
    0xFF, 0x07, 0xFF, 0xC3, 0xF3, 0xF1, 0xF0, 0x7C, 0x7C, 0x1F, 0x3F, 0x07, 0xCF, 0xC3, 0xF1, 0xF0,
    0xFC, 0x7E, 0x7F, 0x1F, 0xF7, 0xF1, 0xF9, 0xFC, 0x00, 0x00, 0x00, 0x00, 0x07, 0xFC, 0x00, 0x1F,
    0xE0, 0x00, 0x3F, 0x00, 0x01, 0xF8, 0x00, 0x0F, 0xC0, 0x00, 0x7E, 0x00, 0x03, 0xF0, 0x00, 0x1F,
    0x3F, 0x80, 0xFB, 0xFE, 0x07, 0xF9, 0xF8, 0x3F, 0x07, 0xC1, 0xF8, 0x3F, 0x0F, 0xC0, 0xF8, 0x7E,
    0x07, 0xC3, 0xF0, 0x3E, 0x1F, 0x81, 0xF0, 0xFC, 0x0F, 0x87, 0xE0, 0x7C, 0x3F, 0x03, 0xE1, 0xF8,
    0x1F, 0x0F, 0xC1, 0xF8, 0x7F, 0x0F, 0x83, 0xFC, 0xFC, 0x7F, 0x7F, 0xC7, 0xF1, 0xFC, 0x00, 0x00,
    0x00, 0x00, 0x00, 0x07, 0xF8, 0x1F, 0xFE, 0x3E, 0x3E, 0x3E, 0x1E, 0x7C, 0x1E, 0x7C, 0x1C, 0x7C,
    0x00, 0x7C, 0x00, 0xFC, 0x00, 0xFC, 0x00, 0xFC, 0x00, 0x7C, 0x00, 0x7C, 0x00, 0x7C, 0x02, 0x7E,
    0x06, 0x3F, 0x1E, 0x1F, 0xFE, 0x0F, 0xF8, 0x00, 0x00, 0x00, 0x00, 0x00, 0x03, 0xFC, 0x00, 0x0F,
    0xE0, 0x00, 0x1F, 0x00, 0x00, 0xF8, 0x00, 0x07, 0xC0, 0x00, 0x3E, 0x00, 0x01, 0xF0, 0x0F, 0xEF,
    0x80, 0xFF, 0xFC, 0x0F, 0xCF, 0xE0, 0xFC, 0x3F, 0x07, 0xC0, 0xF8, 0x3E, 0x07, 0xC1, 0xF0, 0x3E,
    0x1F, 0x81, 0xF0, 0xFC, 0x0F, 0x87, 0xE0, 0x7C, 0x3F, 0x03, 0xE0, 0xF8, 0x1F, 0x07, 0xC0, 0xF8,
    0x3E, 0x07, 0xC1, 0xF8, 0x7E, 0x07, 0xE7, 0xF8, 0x3F, 0xF7, 0xF0, 0x7F, 0x3F, 0x80, 0x00, 0x00,
    0x00, 0x00, 0x03, 0xFC, 0x07, 0xFF, 0x07, 0xC7, 0xC3, 0xE1, 0xF3, 0xE0, 0xF9, 0xF0, 0x7E, 0xF8,
    0x3F, 0x7F, 0xFF, 0xFF, 0xFF, 0xFF, 0xFF, 0xDF, 0x80, 0x07, 0xC0, 0x03, 0xE0, 0x01, 0xF8, 0x0C,
    0x7C, 0x06, 0x3F, 0x8F, 0x0F, 0xFF, 0x01, 0xFF, 0x00, 0x00, 0x00, 0x00, 0xF8, 0x03, 0xFE, 0x07,
    0xDF, 0x0F, 0x8F, 0x0F, 0x8E, 0x0F, 0x80, 0x0F, 0x80, 0x0F, 0x80, 0x7F, 0xF8, 0x7F, 0xFC, 0x7F,
    0xF8, 0x0F, 0x80, 0x0F, 0x80, 0x0F, 0x80, 0x0F, 0x80, 0x0F, 0x80, 0x0F, 0x80, 0x0F, 0x80, 0x0F,
    0x80, 0x0F, 0x80, 0x0F, 0x80, 0x0F, 0x80, 0x0F, 0x80, 0x1F, 0x80, 0x7F, 0xF8, 0x7F, 0xF8, 0x00,
    0x00, 0x00, 0x00, 0x78, 0x3F, 0xFF, 0x8F, 0xFF, 0xF3, 0xE3, 0xEC, 0x78, 0x3C, 0x1F, 0x07, 0xC3,
    0xE0, 0xF8, 0x7C, 0x1F, 0x07, 0x83, 0xE0, 0xF8, 0xF8, 0x0F, 0xBF, 0x00, 0xFF, 0xC0, 0x1F, 0xC0,
    0x07, 0x00, 0x01, 0xE0, 0x00, 0x3F, 0xFC, 0x07, 0xFF, 0xE0, 0x7F, 0xFE, 0x0F, 0xFF, 0xC7, 0xFF,
    0xFD, 0xF0, 0x0F, 0xBC, 0x01, 0xF7, 0x80, 0x3C, 0xF8, 0x07, 0x8F, 0x87, 0xE0, 0xFF, 0xF8, 0x07,
    0xF8, 0x00, 0x00, 0x00, 0x03, 0xFE, 0x00, 0x07, 0xF8, 0x00, 0x07, 0xE0, 0x00, 0x1F, 0x80, 0x00,
    0x7E, 0x00, 0x01, 0xF8, 0x00, 0x07, 0xE0, 0x00, 0x1F, 0x3F, 0x80, 0x7D, 0xFF, 0x01, 0xFF, 0xFE,
    0x07, 0xF1, 0xF8, 0x1F, 0x83, 0xE0, 0x7E, 0x0F, 0x81, 0xF8, 0x3E, 0x07, 0xE0, 0xF8, 0x1F, 0x83,
    0xE0, 0x7E, 0x0F, 0x81, 0xF8, 0x3E, 0x07, 0xE0, 0xF8, 0x1F, 0x83, 0xE0, 0x7E, 0x0F, 0x81, 0xF8,
    0x3E, 0x07, 0xE0, 0xFC, 0x7F, 0xE3, 0xF9, 0xFF, 0x8F, 0xE0, 0x0E, 0x01, 0xF0, 0x1F, 0x81, 0xF8,
    0x0F, 0x00, 0x00, 0x00, 0x00, 0x00, 0xFF, 0x0F, 0xF8, 0x1F, 0x81, 0xF8, 0x1F, 0x81, 0xF8, 0x1F,
    0x81, 0xF8, 0x1F, 0x81, 0xF8, 0x1F, 0x81, 0xF8, 0x1F, 0x81, 0xF8, 0x1F, 0x81, 0xF8, 0x7F, 0xEF,
    0xFE, 0x07, 0x03, 0xE0, 0xFC, 0x3F, 0x07, 0x80, 0x00, 0x00, 0x00, 0x7F, 0x9F, 0xF0, 0xFC, 0x3F,
    0x0F, 0xC3, 0xF0, 0xFC, 0x3F, 0x0F, 0xC3, 0xF0, 0xFC, 0x3F, 0x0F, 0xC3, 0xF0, 0xFC, 0x3F, 0x0F,
    0xC3, 0xF0, 0xFC, 0x3E, 0x0F, 0x83, 0xE1, 0xF8, 0xFC, 0xFE, 0x3E, 0x00, 0x00, 0x00, 0x03, 0xFE,
    0x00, 0x07, 0xF8, 0x00, 0x07, 0xE0, 0x00, 0x1F, 0x80, 0x00, 0x7E, 0x00, 0x01, 0xF8, 0x00, 0x07,
    0xE0, 0x00, 0x1F, 0x8F, 0xF0, 0x7E, 0x3F, 0xC1, 0xF8, 0x7C, 0x07, 0xE1, 0xE0, 0x1F, 0x8F, 0x00,
    0x7E, 0x78, 0x01, 0xFB, 0xC0, 0x07, 0xDF, 0x00, 0x1F, 0xFE, 0x00, 0x7F, 0xF8, 0x01, 0xFF, 0xF0,
    0x07, 0xE7, 0xE0, 0x1F, 0x9F, 0x80, 0x7E, 0x3F, 0x01, 0xF8, 0x7E, 0x07, 0xE1, 0xFC, 0x7F, 0xE3,
    0xFB, 0xFF, 0x83, 0xE0, 0x00, 0x0F, 0xF8, 0x7F, 0x81, 0xF8, 0x1F, 0x81, 0xF8, 0x1F, 0x81, 0xF8,
    0x1F, 0x81, 0xF8, 0x1F, 0x81, 0xF8, 0x1F, 0x81, 0xF8, 0x1F, 0x81, 0xF8, 0x1F, 0x81, 0xF8, 0x1F,
    0x81, 0xF8, 0x1F, 0x81, 0xF8, 0x1F, 0x81, 0xF8, 0x7F, 0xEF, 0xFE, 0x00, 0x00, 0x00, 0x00, 0x3F,
    0x9F, 0xC3, 0xF0, 0x1F, 0xDF, 0xF7, 0xFE, 0x03, 0xFF, 0xFF, 0xFF, 0x01, 0xFC, 0x7F, 0x0F, 0x80,
    0xFC, 0x1F, 0x87, 0xE0, 0x7E, 0x0F, 0x83, 0xF0, 0x3F, 0x07, 0xC1, 0xF8, 0x1F, 0x83, 0xE0, 0xFC,
    0x0F, 0xC1, 0xF0, 0x7E, 0x07, 0xE0, 0xF8, 0x3F, 0x03, 0xF0, 0x7C, 0x1F, 0x81, 0xF8, 0x3E, 0x0F,
    0xC0, 0xFC, 0x1F, 0x07, 0xE0, 0x7E, 0x0F, 0x83, 0xF0, 0x3F, 0x07, 0xC1, 0xF8, 0x1F, 0x83, 0xF0,
    0xFC, 0x3F, 0xF1, 0xFC, 0x7F, 0x9F, 0xF8, 0xFE, 0x3F, 0xC0, 0x00, 0x00, 0x01, 0xFC, 0xFE, 0x07,
    0xF7, 0xFC, 0x07, 0xFF, 0xF8, 0x1F, 0xC7, 0xE0, 0x7E, 0x0F, 0x81, 0xF8, 0x3E, 0x07, 0xE0, 0xF8,
    0x1F, 0x83, 0xE0, 0x7E, 0x0F, 0x81, 0xF8, 0x3E, 0x07, 0xE0, 0xF8, 0x1F, 0x83, 0xE0, 0x7E, 0x0F,
    0x81, 0xF8, 0x3E, 0x07, 0xE0, 0xF8, 0x1F, 0x83, 0xF1, 0xFF, 0x8F, 0xE7, 0xFE, 0x3F, 0x80, 0x00,
    0x00, 0x01, 0xFF, 0x01, 0xFF, 0xE0, 0xF8, 0x7C, 0x3E, 0x0F, 0x9F, 0x03, 0xE7, 0xC0, 0xFD, 0xF0,
    0x3F, 0x7C, 0x07, 0xFF, 0x01, 0xFF, 0xC0, 0x7D, 0xF0, 0x1F, 0x7C, 0x0F, 0xDF, 0x03, 0xF7, 0xC0,
    0xF8, 0xF8, 0x3E, 0x3E, 0x1F, 0x07, 0xFF, 0x80, 0x7F, 0xC0, 0x00, 0x00, 0x00, 0x00, 0x07, 0xE3,
    0xF8, 0x7F, 0x7F, 0xC1, 0xFE, 0xFE, 0x1F, 0x83, 0xE1, 0xF8, 0x3E, 0x1F, 0x83, 0xF1, 0xF8, 0x1F,
    0x1F, 0x01, 0xF1, 0xF0, 0x1F, 0x1F, 0x01, 0xF1, 0xF0, 0x1F, 0x1F, 0x01, 0xF1, 0xF8, 0x3F, 0x1F,
    0x83, 0xF1, 0xF8, 0x3E, 0x1F, 0xC7, 0xE1, 0xFF, 0xFC, 0x1F, 0x3F, 0x81, 0xF0, 0xC0, 0x1F, 0x00,
    0x01, 0xF0, 0x00, 0x1F, 0x00, 0x01, 0xF8, 0x00, 0x3F, 0x80, 0x0F, 0xFE, 0x00, 0x7F, 0xE0, 0x00,
    0x00, 0x00, 0x00, 0x7F, 0x3F, 0x87, 0xFD, 0xFC, 0x7E, 0xFF, 0x87, 0xE1, 0xF8, 0x3E, 0x07, 0xC1,
    0xF0, 0x3E, 0x0F, 0x81, 0xF0, 0xFC, 0x0F, 0x87, 0xE0, 0x7C, 0x3F, 0x03, 0xE1, 0xF8, 0x1F, 0x07,
    0xC0, 0xF8, 0x3E, 0x07, 0xC1, 0xF0, 0x3E, 0x0F, 0xC3, 0xF0, 0x3F, 0x3F, 0x80, 0xFF, 0xFC, 0x03,
    0xFB, 0xE0, 0x00, 0x1F, 0x00, 0x00, 0xF8, 0x00, 0x07, 0xC0, 0x00, 0x3E, 0x00, 0x01, 0xF0, 0x00,
    0x1F, 0xC0, 0x07, 0xFF, 0x80, 0x1F, 0xFC, 0x00, 0x00, 0x3F, 0x9F, 0x9F, 0xDF, 0xE3, 0xEF, 0xF1,
    0xFC, 0xF8, 0xFC, 0x38, 0x7E, 0x18, 0x3F, 0x00, 0x1F, 0x80, 0x0F, 0xC0, 0x07, 0xE0, 0x03, 0xF0,
    0x01, 0xF8, 0x00, 0xFC, 0x00, 0x7E, 0x00, 0x3F, 0x00, 0x1F, 0x80, 0x3F, 0xF8, 0x1F, 0xFC, 0x00,
    0x00, 0x00, 0x7F, 0xC3, 0xFF, 0x9E, 0x1E, 0xF0, 0x3B, 0xE0, 0xEF, 0x80, 0x3F, 0xC0, 0x7F, 0xC1,
    0xFF, 0xC1, 0xFF, 0x81, 0xFF, 0x01, 0xFD, 0x81, 0xFE, 0x03, 0xFC, 0x0F, 0xF0, 0x79, 0xFF, 0xC3,
    0xFE, 0x00, 0x00, 0x07, 0x00, 0x38, 0x03, 0xC0, 0x1E, 0x03, 0xFF, 0xBF, 0xFD, 0xFF, 0xC3, 0xE0,
    0x1F, 0x00, 0xF8, 0x07, 0xC0, 0x3E, 0x01, 0xF0, 0x0F, 0x80, 0x7C, 0x03, 0xE0, 0x1F, 0x00, 0xF8,
    0x07, 0xE0, 0x3F, 0xB0, 0xFF, 0x83, 0xFC, 0x00, 0x00, 0x7F, 0x1F, 0xE1, 0xFC, 0x7F, 0x81, 0xF0,
    0x7E, 0x07, 0xC0, 0xF8, 0x1F, 0x03, 0xE0, 0x7C, 0x0F, 0x81, 0xF0, 0x3E, 0x07, 0xC0, 0xF8, 0x1F,
    0x03, 0xE0, 0x7C, 0x0F, 0x81, 0xF0, 0x3E, 0x07, 0xC0, 0xF8, 0x1F, 0x83, 0xE0, 0x7E, 0x1F, 0x81,
    0xF8, 0x7E, 0x03, 0xFF, 0xF8, 0x0F, 0xFB, 0xF8, 0x1F, 0xCF, 0xF0, 0x00, 0x00, 0x00, 0xFF, 0xC7,
    0xF7, 0xFE, 0x3F, 0x8F, 0xC0, 0x70, 0x3E, 0x03, 0x81, 0xF0, 0x18, 0x0F, 0xC1, 0xC0, 0x3E, 0x0E,
    0x01, 0xF0, 0x60, 0x0F, 0xC7, 0x00, 0x3E, 0x38, 0x01, 0xF1, 0x80, 0x0F, 0xDC, 0x00, 0x3E, 0xE0,
    0x01, 0xFE, 0x00, 0x07, 0xF0, 0x00, 0x3F, 0x80, 0x01, 0xF8, 0x00, 0x07, 0xC0, 0x00, 0x7F, 0xE1,
    0xC3, 0xFD, 0xFF, 0x87, 0x0F, 0xF1, 0xF8, 0x3C, 0x0F, 0x07, 0xC0, 0xF8, 0x38, 0x1F, 0x83, 0xE0,
    0xE0, 0x3E, 0x1F, 0x83, 0x00, 0xF8, 0x7F, 0x0C, 0x03, 0xE1, 0xFC, 0x70, 0x07, 0xCF, 0xF1, 0x80,
    0x1F, 0x33, 0xE6, 0x00, 0x7C, 0xCF, 0xB8, 0x00, 0xF7, 0x3E, 0xE0, 0x03, 0xF8, 0x7F, 0x00, 0x0F,
    0xE1, 0xFC, 0x00, 0x3F, 0x87, 0xF0, 0x00, 0x7C, 0x0F, 0x80, 0x01, 0xF0, 0x3E, 0x00, 0x07, 0xC0,
    0xF8, 0x00, 0x7F, 0xE7, 0xF1, 0xFF, 0x9F, 0xC1, 0xFC, 0x3C, 0x03, 0xF0, 0xE0, 0x07, 0xC3, 0x80,
    0x0F, 0x9C, 0x00, 0x3F, 0xE0, 0x00, 0x7F, 0x00, 0x00, 0xFC, 0x00, 0x03, 0xF0, 0x00, 0x1F, 0xE0,
    0x00, 0xEF, 0xC0, 0x07, 0x1F, 0x80, 0x1C, 0x3F, 0x00, 0xE0, 0x7C, 0x07, 0x81, 0xF8, 0xFF, 0x9F,
    0xFB, 0xFE, 0x7F, 0xE0, 0xFF, 0xCF, 0xEF, 0xFC, 0xFE, 0x3F, 0x03, 0xC3, 0xF0, 0x38, 0x1F, 0x03,
    0x81, 0xF0, 0x30, 0x1F, 0x87, 0x00, 0xF8, 0x70, 0x0F, 0x86, 0x00, 0x7C, 0xE0, 0x07, 0xCC, 0x00,
    0x7C, 0xC0, 0x03, 0xFC, 0x00, 0x3F, 0x80, 0x01, 0xF8, 0x00, 0x1F, 0x80, 0x01, 0xF0, 0x00, 0x0F,
    0x00, 0x00, 0xF0, 0x00, 0x0E, 0x00, 0x01, 0xE0, 0x00, 0x3C, 0x00, 0x07, 0xC0, 0x03, 0xF8, 0x00,
    0x7F, 0x00, 0x07, 0x80, 0x00, 0x3F, 0xFF, 0x1F, 0xFF, 0x8F, 0xFF, 0xCE, 0x07, 0xC7, 0x07, 0xC1,
    0x07, 0xE0, 0x07, 0xE0, 0x03, 0xE0, 0x03, 0xF0, 0x03, 0xF0, 0x01, 0xF0, 0x01, 0xF0, 0x01, 0xF8,
    0x38, 0xF8, 0x1C, 0xF8, 0x0E, 0xFC, 0x0F, 0x7F, 0xFF, 0xFF, 0xFF, 0xC0, 0x00, 0x00, 0x1F, 0xC1,
    0xFC, 0x1F, 0x80, 0xF8, 0x07, 0xC0, 0x3E, 0x01, 0xF0, 0x0F, 0x80, 0x7C, 0x03, 0xE0, 0x1F, 0x00,
    0xF8, 0x0F, 0xC3, 0xF8, 0x1F, 0x80, 0xFF, 0x00, 0xFC, 0x03, 0xE0, 0x1F, 0x00, 0xF8, 0x07, 0xC0,
    0x3E, 0x01, 0xF0, 0x0F, 0x80, 0x7C, 0x03, 0xE0, 0x1F, 0x80, 0x7F, 0x81, 0xFC, 0x00, 0x00, 0x1F,
    0xFF, 0xFF, 0xFF, 0xFF, 0xFF, 0xFF, 0xFF, 0xFF, 0xFF, 0xFF, 0xFF, 0xFC, 0x00, 0x07, 0xF0, 0x3F,
    0xC0, 0x3F, 0x01, 0xF8, 0x07, 0xC0, 0x3E, 0x01, 0xF0, 0x0F, 0x80, 0x7C, 0x03, 0xE0, 0x1F, 0x00,
    0xF8, 0x07, 0xE0, 0x1F, 0xE0, 0x3F, 0x07, 0xF0, 0x7E, 0x03, 0xE0, 0x1F, 0x00, 0xF8, 0x07, 0xC0,
    0x3E, 0x01, 0xF0, 0x0F, 0x80, 0x7C, 0x07, 0xE0, 0x3F, 0x0F, 0xF0, 0x7F, 0x00, 0x00, 0x00, 0x00,
    0x00, 0x0F, 0x01, 0x8F, 0xE0, 0xCF, 0xF8, 0xE6, 0x1E, 0x77, 0x07, 0xF3, 0x81, 0xF8, 0x00, 0x00,
    0x00, 0xF1, 0xF7, 0xE7, 0xCF, 0x80, 0x00, 0x00, 0x70, 0xE1, 0xC3, 0x87, 0x1E, 0x3C, 0x78, 0xF9,
    0xF3, 0xE7, 0xCF, 0x9F, 0x3E, 0xFC, 0x00, 0xE0, 0x00, 0x70, 0x00, 0x38, 0x00, 0xFF, 0xC1, 0xFF,
    0xF0, 0xFF, 0xF8, 0xFB, 0xBE, 0xFD, 0xDE, 0x7C, 0xEE, 0x3E, 0x70, 0x1F, 0x38, 0x0F, 0x9C, 0x07,
    0xCE, 0x03, 0xE7, 0x01, 0xF3, 0x80, 0xFD, 0xC0, 0x7E, 0xE1, 0x1F, 0x71, 0x87, 0xFB, 0xC3, 0xFF,
    0xC0, 0x7F, 0xC0, 0x07, 0x00, 0x03, 0x80, 0x01, 0xC0, 0x00, 0x00, 0x00, 0xFF, 0x80, 0x7F, 0xF0,
    0x3E, 0x7E, 0x1F, 0x0F, 0x87, 0x83, 0xE1, 0xE0, 0xF0, 0x78, 0x10, 0x1F, 0x00, 0x07, 0xC0, 0x01,
    0xF0, 0x01, 0xFF, 0xF0, 0x7F, 0xFC, 0x1F, 0xFF, 0x00, 0x78, 0x00, 0x1F, 0x00, 0x07, 0xC0, 0x01,
    0xE0, 0x00, 0x78, 0x00, 0x1C, 0x00, 0x0F, 0x80, 0x47, 0xFE, 0x77, 0xFF, 0xFD, 0xFF, 0xFE, 0x70,
    0x7F, 0x80, 0x00, 0x00, 0x00, 0x00, 0xC0, 0x11, 0xDF, 0x73, 0xFF, 0xE3, 0xCF, 0x87, 0x07, 0x1C,
    0x06, 0x38, 0x0E, 0x70, 0x1C, 0xE0, 0x30, 0xE0, 0xE1, 0xE3, 0xC7, 0xFF, 0xDF, 0xFF, 0x98, 0x03,
    0x00, 0x00, 0xFF, 0xCF, 0xFF, 0xF9, 0xFD, 0xFC, 0x1E, 0x1F, 0x81, 0xC1, 0xF0, 0x30, 0x3E, 0x0E,
    0x03, 0xE1, 0x80, 0x7C, 0x70, 0x0F, 0xCC, 0x00, 0xF9, 0x80, 0x1F, 0x60, 0x01, 0xFC, 0x00, 0x3F,
    0x80, 0x7F, 0xFF, 0x07, 0xFF, 0xE0, 0x0F, 0x80, 0x01, 0xF8, 0x07, 0xFF, 0xF0, 0x7F, 0xFE, 0x00,
    0xF8, 0x00, 0x1F, 0x00, 0x07, 0xF0, 0x03, 0xFF, 0x80, 0x7F, 0xF0, 0x1F, 0xFF, 0xFF, 0xFF, 0xFF,
    0xC0, 0x00, 0x01, 0xFF, 0xFF, 0xFF, 0xFF, 0xFC, 0x00, 0x00, 0x3F, 0xE0, 0xFF, 0xE3, 0xC3, 0xC7,
    0x83, 0xCE, 0x07, 0x1C, 0x0C, 0x3C, 0x00, 0x7C, 0x00, 0x7E, 0x01, 0xFF, 0x03, 0xFF, 0x8E, 0x3F,
    0x9C, 0x1F, 0xBC, 0x0F, 0xFC, 0x0F, 0x7E, 0x1E, 0x7F, 0x3C, 0x7F, 0xF0, 0x3F, 0xE0, 0x1F, 0x80,
    0x1F, 0x80, 0x0F, 0x18, 0x0E, 0x70, 0x1C, 0xE0, 0x39, 0xE0, 0xE3, 0xE3, 0xC3, 0xFF, 0x01, 0xF8,
    0x00, 0x00, 0x0F, 0x1E, 0xF1, 0xEF, 0x1E, 0xF1, 0xE0, 0x00, 0x00, 0x00, 0x00, 0x00, 0x3F, 0xF0,
    0x00, 0x3F, 0xFF, 0x00, 0x1F, 0x01, 0xE0, 0x0E, 0x00, 0x1C, 0x07, 0x03, 0xC3, 0x83, 0x87, 0xFC,
    0x70, 0xE3, 0xC7, 0x0C, 0x71, 0xE0, 0xC3, 0x9C, 0x70, 0x20, 0xE6, 0x1C, 0x00, 0x19, 0x8F, 0x00,
    0x06, 0x63, 0xC0, 0x01, 0x98, 0xF0, 0x00, 0x66, 0x3C, 0x00, 0x19, 0x8F, 0x00, 0x06, 0x71, 0xC0,
    0x01, 0x9C, 0x78, 0x10, 0xE3, 0x0F, 0x0C, 0x30, 0xE1, 0xFF, 0x1C, 0x1C, 0x1F, 0x0E, 0x03, 0x80,
    0x07, 0x00, 0x78, 0x07, 0x80, 0x0F, 0xFF, 0xC0, 0x00, 0xFF, 0xC0, 0x00, 0x00, 0x00, 0x00, 0x1F,
    0xC0, 0xFF, 0x83, 0x8F, 0x06, 0x3C, 0x07, 0xF0, 0xFF, 0xC7, 0x8F, 0x1E, 0x3C, 0x78, 0xF1, 0xFF,
    0xE3, 0xE7, 0x80, 0x00, 0x06, 0x0C, 0x1C, 0x38, 0x78, 0xE1, 0xE3, 0xC7, 0xCF, 0x0F, 0x3E, 0x3E,
    0x78, 0x7C, 0xF0, 0x79, 0xF0, 0xF9, 0xE0, 0xF1, 0xE0, 0xF1, 0xC0, 0xE1, 0xC0, 0xC1, 0x80, 0x00,
    0x01, 0xFF, 0xFF, 0xFF, 0xF8, 0x00, 0x70, 0x00, 0xE0, 0x01, 0xC0, 0x03, 0x80, 0x07, 0x00, 0x0E,
    0x00, 0x08, 0x7F, 0xDF, 0xF7, 0xFD, 0xFE, 0x00, 0x00, 0x00, 0x00, 0x3F, 0xF0, 0x00, 0x3F, 0xFF,
    0x00, 0x1E, 0x01, 0xE0, 0x0E, 0x00, 0x1C, 0x07, 0x00, 0x03, 0x83, 0x9F, 0xF8, 0x70, 0xC3, 0xFF,
    0x0C, 0x70, 0x61, 0xE3, 0x9C, 0x18, 0x38, 0x66, 0x06, 0x0E, 0x19, 0x81, 0x87, 0x06, 0x60, 0x77,
    0xC1, 0x98, 0x1F, 0xC0, 0x66, 0x07, 0x70, 0x19, 0x81, 0x8E, 0x06, 0x70, 0x63, 0xC1, 0x9C, 0x18,
    0x70, 0xE3, 0x0F, 0x1E, 0x30, 0xE7, 0xF3, 0xDC, 0x1C, 0x00, 0x0E, 0x03, 0x80, 0x07, 0x00, 0x78,
    0x07, 0x80, 0x0F, 0xFF, 0xC0, 0x00, 0xFF, 0xC0, 0x00, 0x00, 0x00, 0x00, 0x00, 0x00, 0x3F, 0xFF,
    0xDF, 0xFF, 0xC0, 0x00, 0x03, 0xF1, 0xFF, 0x3C, 0xFF, 0x0F, 0xC1, 0xF8, 0x3F, 0x07, 0x79, 0xEF,
    0xF8, 0xFE, 0x00, 0x00, 0x00, 0x00, 0x07, 0x00, 0x0E, 0x00, 0x1C, 0x00, 0x38, 0x00, 0x70, 0x00,
    0xE0, 0x7F, 0xFF, 0xFF, 0xFE, 0x07, 0x00, 0x0E, 0x00, 0x1C, 0x00, 0x38, 0x00, 0x70, 0x00, 0xE0,
    0x00, 0x80, 0x00, 0x00, 0x00, 0x03, 0xFF, 0xFF, 0xFF, 0xF0, 0x0E, 0x0F, 0xF1, 0xCF, 0x78, 0xE7,
    0x1C, 0x03, 0x80, 0xF0, 0x1C, 0x07, 0x01, 0xC0, 0x70, 0x98, 0x3F, 0xFF, 0xFF, 0xFF, 0xF8, 0x00,
    0x0E, 0x07, 0xF1, 0xCF, 0x78, 0xE7, 0x1C, 0x07, 0x81, 0xE0, 0xF8, 0x1F, 0xC0, 0x3C, 0x07, 0xE0,
    0xFC, 0x1F, 0xFF, 0x9F, 0xE0, 0x00, 0x0F, 0x8F, 0x8F, 0x87, 0x87, 0x87, 0x00, 0x7C, 0x0F, 0x87,
    0xC0, 0xF8, 0x7C, 0x0F, 0x87, 0xC0, 0xF8, 0x7C, 0x0F, 0x87, 0xC0, 0xF8, 0x7C, 0x0F, 0x87, 0xC0,
    0xF8, 0x7C, 0x0F, 0x87, 0xC0, 0xF8, 0x7C, 0x0F, 0x87, 0xC0, 0xF8, 0x7C, 0x1F, 0x87, 0xE1, 0xF8,
    0x7E, 0x3F, 0x87, 0xFF, 0xF8, 0x7F, 0xE7, 0xE6, 0xFC, 0x3E, 0x70, 0x00, 0x07, 0x00, 0x00, 0x70,
    0x00, 0x07, 0x00, 0x00, 0x78, 0x00, 0x07, 0xE0, 0x00, 0x7E, 0x00, 0x03, 0xC0, 0x00, 0x00, 0x00,
    0x07, 0xFF, 0xFD, 0xFF, 0xFF, 0x3F, 0xE3, 0x8F, 0xFC, 0x71, 0xFF, 0x8E, 0x3F, 0xF1, 0xC7, 0xFE,
    0x38, 0xFF, 0xC7, 0x0F, 0xF8, 0xE1, 0xFF, 0x1C, 0x1F, 0xE3, 0x81, 0xFC, 0x70, 0x01, 0x8E, 0x00,
    0x31, 0xC0, 0x06, 0x38, 0x00, 0xC7, 0x00, 0x18, 0xE0, 0x03, 0x1C, 0x00, 0x63, 0x80, 0x0C, 0x70,
    0x01, 0x8E, 0x00, 0x31, 0xC0, 0x06, 0x38, 0x00, 0xC7, 0x00, 0x18, 0xE0, 0x03, 0x1C, 0x00, 0xE3,
    0x80, 0xFC, 0x7E, 0x0F, 0x8F, 0xC0, 0x33, 0xEF, 0xFF, 0xF9, 0xE0, 0x00, 0x0C, 0x07, 0x83, 0xE0,
    0x70, 0x38, 0x3C, 0xFE, 0x7C, 0x00, 0x00, 0x01, 0xE0, 0xFC, 0x3F, 0x86, 0xF0, 0x1E, 0x03, 0xC0,
    0x78, 0x0F, 0x01, 0xE0, 0x3C, 0x07, 0x80, 0xF0, 0x3F, 0x1F, 0xF8, 0x00, 0x1F, 0x81, 0xFF, 0x1E,
    0x3D, 0xE1, 0xEF, 0x0F, 0x78, 0x7F, 0xC3, 0xDE, 0x1E, 0x78, 0xF3, 0xEF, 0x0F, 0xF0, 0x00, 0x00,
    0xE1, 0x80, 0xE3, 0x81, 0xE3, 0x81, 0xC7, 0x83, 0xC7, 0x83, 0xCF, 0x87, 0xCF, 0x0F, 0x9E, 0x1E,
    0x7C, 0x78, 0xF0, 0xE3, 0xC3, 0xC7, 0x07, 0x1C, 0x1C, 0x30, 0x00, 0x00, 0x00, 0x00, 0x01, 0xE0,
    0x03, 0x80, 0x3E, 0x00, 0x38, 0x0F, 0xE0, 0x07, 0x00, 0xCE, 0x00, 0x70, 0x00, 0xE0, 0x0E, 0x00,
    0x0E, 0x00, 0xE0, 0x00, 0xE0, 0x1C, 0x00, 0x0E, 0x01, 0xC0, 0x00, 0xE0, 0x38, 0x00, 0x0E, 0x03,
    0x80, 0x00, 0xE0, 0x70, 0x78, 0x0E, 0x07, 0x0F, 0x83, 0xF8, 0xE0, 0xF8, 0x7F, 0xCE, 0x1F, 0x80,
    0x01, 0xC3, 0x78, 0x00, 0x1C, 0x77, 0x80, 0x03, 0x86, 0x78, 0x00, 0x38, 0xC7, 0x80, 0x07, 0x1F,
    0xFE, 0x00, 0x71, 0xFF, 0xE0, 0x0E, 0x00, 0x78, 0x00, 0xE0, 0x07, 0x80, 0x1C, 0x00, 0xFC, 0x01,
    0xC0, 0x1F, 0xE0, 0x00, 0x00, 0x00, 0x00, 0x00, 0x00, 0x00, 0xF0, 0x03, 0x80, 0x3F, 0x00, 0x70,
    0x0F, 0xF0, 0x07, 0x00, 0x6F, 0x00, 0xE0, 0x00, 0xF0, 0x0E, 0x00, 0x0F, 0x01, 0xC0, 0x00, 0xF0,
    0x1C, 0x00, 0x0F, 0x03, 0x80, 0x00, 0xF0, 0x38, 0x00, 0x0F, 0x07, 0x0E, 0x00, 0xF0, 0x73, 0xFC,
    0x0F, 0x0E, 0x7B, 0xC1, 0xF8, 0xE7, 0x1E, 0x7F, 0xDC, 0x71, 0xE0, 0x01, 0xC0, 0x1E, 0x00, 0x38,
    0x01, 0xC0, 0x03, 0x80, 0x38, 0x00, 0x70, 0x07, 0x00, 0x07, 0x00, 0xE0, 0x00, 0xE0, 0x1C, 0x20,
    0x0E, 0x03, 0x82, 0x01, 0xC0, 0x7F, 0xE0, 0x1C, 0x0F, 0xFE, 0x03, 0x80, 0xFF, 0xE0, 0x00, 0x00,
    0x00, 0x0E, 0x00, 0x00, 0x07, 0xF0, 0x07, 0x01, 0xCF, 0x00, 0xC0, 0x78, 0xE0, 0x38, 0x07, 0x1C,
    0x06, 0x00, 0x07, 0x81, 0xC0, 0x01, 0xE0, 0x30, 0x00, 0xF8, 0x0E, 0x00, 0x1F, 0xC1, 0x80, 0x00,
    0x3C, 0x70, 0x00, 0x07, 0x8C, 0x00, 0x60, 0xF3, 0x87, 0x8C, 0x1E, 0x61, 0xF1, 0xFF, 0x9C, 0x3E,
    0x1F, 0xE3, 0x0F, 0xC0, 0x00, 0xE3, 0x78, 0x00, 0x18, 0xEF, 0x00, 0x07, 0x19, 0xE0, 0x00, 0xC6,
    0x3C, 0x00, 0x39, 0xFF, 0xE0, 0x06, 0x3F, 0xFC, 0x01, 0xC0, 0x1E, 0x00, 0x30, 0x03, 0xC0, 0x0E,
    0x00, 0xFC, 0x01, 0x80, 0x3F, 0xC0, 0x00, 0x00, 0x00, 0x01, 0xE0, 0x00, 0xF8, 0x00, 0xFC, 0x00,
    0x7E, 0x00, 0x1F, 0x00, 0x00, 0x00, 0x00, 0x00, 0x00, 0x00, 0x00, 0xE0, 0x00, 0x70, 0x00, 0x78,
    0x00, 0x7C, 0x00, 0xFC, 0x00, 0xF8, 0x00, 0xFC, 0x00, 0xFC, 0x00, 0x7E, 0x00, 0x3E, 0x00, 0x1F,
    0x07, 0x0F, 0x83, 0xE7, 0xC1, 0xF1, 0xF1, 0xF8, 0x7F, 0xF8, 0x1F, 0xF8, 0x00, 0xC0, 0x00, 0x03,
    0xE0, 0x00, 0x00, 0x7C, 0x00, 0x00, 0x0F, 0x80, 0x00, 0x01, 0xE0, 0x00, 0x00, 0x3C, 0x00, 0x00,
    0x03, 0x80, 0x00, 0x00, 0x00, 0x00, 0x00, 0x00, 0x00, 0x00, 0x3E, 0x00, 0x00, 0x0F, 0xC0, 0x00,
    0x07, 0xF0, 0x00, 0x01, 0xFC, 0x00, 0x00, 0x7F, 0x80, 0x00, 0x3B, 0xE0, 0x00, 0x0E, 0xF8, 0x00,
    0x03, 0x3F, 0x00, 0x01, 0xC7, 0xC0, 0x00, 0x71, 0xF0, 0x00, 0x18, 0x7E, 0x00, 0x0E, 0x0F, 0x80,
    0x03, 0x83, 0xF0, 0x01, 0xC0, 0xFC, 0x00, 0x7F, 0xFF, 0x00, 0x1F, 0xFF, 0xE0, 0x0E, 0x01, 0xF8,
    0x03, 0x80, 0x3E, 0x00, 0xE0, 0x0F, 0xC0, 0x70, 0x03, 0xF0, 0x1C, 0x00, 0x7C, 0x0F, 0x00, 0x1F,
    0x8F, 0xF8, 0x3F, 0xFB, 0xFE, 0x0F, 0xFE, 0x00, 0x03, 0xE0, 0x00, 0x01, 0xF0, 0x00, 0x00, 0xF8,
    0x00, 0x00, 0x3C, 0x00, 0x00, 0x1E, 0x00, 0x00, 0x0E, 0x00, 0x00, 0x00, 0x00, 0x00, 0x00, 0x00,
    0x00, 0x00, 0x3E, 0x00, 0x00, 0x0F, 0xC0, 0x00, 0x07, 0xF0, 0x00, 0x01, 0xFC, 0x00, 0x00, 0x7F,
    0x80, 0x00, 0x3B, 0xE0, 0x00, 0x0E, 0xF8, 0x00, 0x03, 0x3F, 0x00, 0x01, 0xC7, 0xC0, 0x00, 0x71,
    0xF0, 0x00, 0x18, 0x7E, 0x00, 0x0E, 0x0F, 0x80, 0x03, 0x83, 0xF0, 0x01, 0xC0, 0xFC, 0x00, 0x7F,
    0xFF, 0x00, 0x1F, 0xFF, 0xE0, 0x0E, 0x01, 0xF8, 0x03, 0x80, 0x3E, 0x00, 0xE0, 0x0F, 0xC0, 0x70,
    0x03, 0xF0, 0x1C, 0x00, 0x7C, 0x0F, 0x00, 0x1F, 0x8F, 0xF8, 0x3F, 0xFB, 0xFE, 0x0F, 0xFE, 0x00,
    0x1E, 0x00, 0x00, 0x0F, 0xC0, 0x00, 0x07, 0xF0, 0x00, 0x03, 0xDE, 0x00, 0x01, 0xE1, 0xC0, 0x00,
    0x70, 0x38, 0x00, 0x00, 0x00, 0x00, 0x00, 0x00, 0x00, 0x00, 0x3E, 0x00, 0x00, 0x0F, 0xC0, 0x00,
    0x07, 0xF0, 0x00, 0x01, 0xFC, 0x00, 0x00, 0x7F, 0x80, 0x00, 0x3B, 0xE0, 0x00, 0x0E, 0xF8, 0x00,
    0x03, 0x3F, 0x00, 0x01, 0xC7, 0xC0, 0x00, 0x71, 0xF0, 0x00, 0x18, 0x7E, 0x00, 0x0E, 0x0F, 0x80,
    0x03, 0x83, 0xF0, 0x01, 0xC0, 0xFC, 0x00, 0x7F, 0xFF, 0x00, 0x1F, 0xFF, 0xE0, 0x0E, 0x01, 0xF8,
    0x03, 0x80, 0x3E, 0x00, 0xE0, 0x0F, 0xC0, 0x70, 0x03, 0xF0, 0x1C, 0x00, 0x7C, 0x0F, 0x00, 0x1F,
    0x8F, 0xF8, 0x3F, 0xFB, 0xFE, 0x0F, 0xFE, 0x00, 0x60, 0x00, 0x00, 0x3E, 0x18, 0x00, 0x1F, 0xFE,
    0x00, 0x0F, 0xFF, 0x80, 0x03, 0x9F, 0xC0, 0x00, 0xC1, 0xE0, 0x00, 0x00, 0x00, 0x00, 0x00, 0x00,
    0x00, 0x00, 0x3E, 0x00, 0x00, 0x0F, 0xC0, 0x00, 0x07, 0xF0, 0x00, 0x01, 0xFC, 0x00, 0x00, 0x7F,
    0x80, 0x00, 0x3B, 0xE0, 0x00, 0x0E, 0xF8, 0x00, 0x03, 0x3F, 0x00, 0x01, 0xC7, 0xC0, 0x00, 0x71,
    0xF0, 0x00, 0x18, 0x7E, 0x00, 0x0E, 0x0F, 0x80, 0x03, 0x83, 0xF0, 0x01, 0xC0, 0xFC, 0x00, 0x7F,
    0xFF, 0x00, 0x1F, 0xFF, 0xE0, 0x0E, 0x01, 0xF8, 0x03, 0x80, 0x3E, 0x00, 0xE0, 0x0F, 0xC0, 0x70,
    0x03, 0xF0, 0x1C, 0x00, 0x7C, 0x0F, 0x00, 0x1F, 0x8F, 0xF8, 0x3F, 0xFB, 0xFE, 0x0F, 0xFE, 0x00,
    0x00, 0x00, 0x00, 0x78, 0xF0, 0x00, 0x1E, 0x3C, 0x00, 0x07, 0x8F, 0x00, 0x01, 0xE3, 0xC0, 0x00,
    0x00, 0x00, 0x00, 0x00, 0x00, 0x00, 0x00, 0x00, 0x00, 0x00, 0x3E, 0x00, 0x00, 0x0F, 0xC0, 0x00,
    0x07, 0xF0, 0x00, 0x01, 0xFC, 0x00, 0x00, 0x7F, 0x80, 0x00, 0x3B, 0xE0, 0x00, 0x0E, 0xF8, 0x00,
    0x03, 0x3F, 0x00, 0x01, 0xC7, 0xC0, 0x00, 0x71, 0xF0, 0x00, 0x18, 0x7E, 0x00, 0x0E, 0x0F, 0x80,
    0x03, 0x83, 0xF0, 0x01, 0xC0, 0xFC, 0x00, 0x7F, 0xFF, 0x00, 0x1F, 0xFF, 0xE0, 0x0E, 0x01, 0xF8,
    0x03, 0x80, 0x3E, 0x00, 0xE0, 0x0F, 0xC0, 0x70, 0x03, 0xF0, 0x1C, 0x00, 0x7C, 0x0F, 0x00, 0x1F,
    0x8F, 0xF8, 0x3F, 0xFB, 0xFE, 0x0F, 0xFE, 0x00, 0x00, 0x00, 0x00, 0x0F, 0x80, 0x00, 0x07, 0xF0,
    0x00, 0x01, 0x8E, 0x00, 0x00, 0x63, 0x80, 0x00, 0x18, 0xE0, 0x00, 0x07, 0xF0, 0x00, 0x00, 0xFC,
    0x00, 0x00, 0x7F, 0x00, 0x00, 0x1F, 0xC0, 0x00, 0x07, 0xF8, 0x00, 0x03, 0xBE, 0x00, 0x00, 0xEF,
    0x80, 0x00, 0x33, 0xF0, 0x00, 0x1C, 0x7C, 0x00, 0x07, 0x1F, 0x00, 0x03, 0x87, 0xE0, 0x00, 0xE0,
    0xF8, 0x00, 0x38, 0x3E, 0x00, 0x1C, 0x0F, 0xC0, 0x07, 0xFF, 0xF0, 0x01, 0xFF, 0xFE, 0x00, 0xE0,
    0x1F, 0x80, 0x38, 0x03, 0xE0, 0x0E, 0x00, 0xFC, 0x07, 0x00, 0x3F, 0x01, 0xC0, 0x07, 0xC0, 0xF0,
    0x01, 0xF8, 0xFF, 0x83, 0xFF, 0xBF, 0xE0, 0xFF, 0xE0, 0x00, 0x3F, 0xFF, 0xFE, 0x00, 0x1F, 0xFF,
    0xFF, 0x00, 0x03, 0xFE, 0x07, 0x80, 0x01, 0xFF, 0x01, 0xC0, 0x01, 0xDF, 0x80, 0xE0, 0x00, 0xCF,
    0xC0, 0x70, 0x00, 0xE7, 0xE0, 0x00, 0x00, 0x63, 0xF0, 0x00, 0x00, 0x71, 0xF8, 0x00, 0x00, 0x30,
    0xFC, 0x00, 0x00, 0x38, 0x7F, 0xFC, 0x00, 0x18, 0x3F, 0xFF, 0x00, 0x1C, 0x1F, 0xFF, 0x00, 0x0C,
    0x0F, 0xC0, 0x00, 0x0F, 0xFF, 0xE0, 0x00, 0x0F, 0xFF, 0xF0, 0x00, 0x07, 0xFF, 0xF8, 0x00, 0x07,
    0x00, 0xFC, 0x00, 0x03, 0x80, 0x7E, 0x00, 0xC3, 0x80, 0x3F, 0x00, 0xE1, 0xC0, 0x1F, 0x80, 0x71,
    0xE0, 0x0F, 0xC0, 0x7B, 0xFC, 0x3F, 0xFF, 0xFD, 0xFE, 0x1F, 0xFF, 0xFE, 0x00, 0x00, 0x00, 0x0F,
    0xF8, 0x03, 0xFF, 0xE0, 0xFC, 0x3F, 0x1F, 0x81, 0xF1, 0xF0, 0x1F, 0x3E, 0x00, 0xE3, 0xE0, 0x0C,
    0x7E, 0x00, 0x07, 0xE0, 0x00, 0x7E, 0x00, 0x07, 0xE0, 0x00, 0x7E, 0x00, 0x07, 0xE0, 0x00, 0x7E,
    0x00, 0x07, 0xE0, 0x00, 0x7E, 0x00, 0x07, 0xE0, 0x00, 0x3E, 0x00, 0x03, 0xF0, 0x00, 0x3F, 0x00,
    0x31, 0xF8, 0x07, 0x0F, 0xF3, 0xF0, 0x7F, 0xFE, 0x01, 0xFF, 0x80, 0x03, 0x80, 0x00, 0x3C, 0x00,
    0x03, 0xE0, 0x00, 0x0F, 0x00, 0x00, 0xF0, 0x00, 0x0F, 0x00, 0x0F, 0xE0, 0x00, 0xFC, 0x00, 0x07,
    0xC0, 0x00, 0x3F, 0x00, 0x00, 0x7C, 0x00, 0x01, 0xE0, 0x00, 0x07, 0x80, 0x00, 0x0C, 0x00, 0x00,
    0x00, 0x00, 0x00, 0x00, 0x7F, 0xFF, 0xF3, 0xFF, 0xFF, 0x87, 0xF0, 0x7C, 0x1F, 0x00, 0xE0, 0xF8,
    0x07, 0x07, 0xC0, 0x38, 0x3E, 0x00, 0x01, 0xF0, 0x00, 0x0F, 0x80, 0x00, 0x7C, 0x00, 0x03, 0xFF,
    0xE0, 0x1F, 0xFF, 0x00, 0xFF, 0xF8, 0x07, 0xC0, 0x00, 0x3E, 0x00, 0x01, 0xF0, 0x00, 0x0F, 0x80,
    0x00, 0x7C, 0x00, 0x03, 0xE0, 0x0E, 0x1F, 0x00, 0x70, 0xF8, 0x03, 0x87, 0xC0, 0x3D, 0xFF, 0xFF,
    0xEF, 0xFF, 0xFF, 0x00, 0x0F, 0x80, 0x00, 0xFC, 0x00, 0x0F, 0x80, 0x00, 0x78, 0x00, 0x07, 0x80,
    0x00, 0x30, 0x00, 0x00, 0x00, 0x00, 0x00, 0x00, 0x7F, 0xFF, 0xF3, 0xFF, 0xFF, 0x87, 0xF0, 0x7C,
    0x1F, 0x00, 0xE0, 0xF8, 0x07, 0x07, 0xC0, 0x38, 0x3E, 0x00, 0x01, 0xF0, 0x00, 0x0F, 0x80, 0x00,
    0x7C, 0x00, 0x03, 0xFF, 0xE0, 0x1F, 0xFF, 0x00, 0xFF, 0xF8, 0x07, 0xC0, 0x00, 0x3E, 0x00, 0x01,
    0xF0, 0x00, 0x0F, 0x80, 0x00, 0x7C, 0x00, 0x03, 0xE0, 0x0E, 0x1F, 0x00, 0x70, 0xF8, 0x03, 0x87,
    0xC0, 0x3D, 0xFF, 0xFF, 0xEF, 0xFF, 0xFF, 0x00, 0xF8, 0x00, 0x07, 0xE0, 0x00, 0x7F, 0x00, 0x07,
    0xBC, 0x00, 0x78, 0xF0, 0x03, 0x81, 0x80, 0x00, 0x00, 0x00, 0x00, 0x00, 0x7F, 0xFF, 0xF3, 0xFF,
    0xFF, 0x87, 0xF0, 0x7C, 0x1F, 0x00, 0xE0, 0xF8, 0x07, 0x07, 0xC0, 0x38, 0x3E, 0x00, 0x01, 0xF0,
    0x00, 0x0F, 0x80, 0x00, 0x7C, 0x00, 0x03, 0xFF, 0xE0, 0x1F, 0xFF, 0x00, 0xFF, 0xF8, 0x07, 0xC0,
    0x00, 0x3E, 0x00, 0x01, 0xF0, 0x00, 0x0F, 0x80, 0x00, 0x7C, 0x00, 0x03, 0xE0, 0x0E, 0x1F, 0x00,
    0x70, 0xF8, 0x03, 0x87, 0xC0, 0x3D, 0xFF, 0xFF, 0xEF, 0xFF, 0xFF, 0x00, 0x00, 0x00, 0x1C, 0x38,
    0x00, 0xF3, 0xE0, 0x07, 0x9F, 0x00, 0x3C, 0x70, 0x00, 0x00, 0x00, 0x00, 0x00, 0x00, 0x00, 0x00,
    0x7F, 0xFF, 0xF3, 0xFF, 0xFF, 0x87, 0xF0, 0x7C, 0x1F, 0x00, 0xE0, 0xF8, 0x07, 0x07, 0xC0, 0x38,
    0x3E, 0x00, 0x01, 0xF0, 0x00, 0x0F, 0x80, 0x00, 0x7C, 0x00, 0x03, 0xFF, 0xE0, 0x1F, 0xFF, 0x00,
    0xFF, 0xF8, 0x07, 0xC0, 0x00, 0x3E, 0x00, 0x01, 0xF0, 0x00, 0x0F, 0x80, 0x00, 0x7C, 0x00, 0x03,
    0xE0, 0x0E, 0x1F, 0x00, 0x70, 0xF8, 0x03, 0x87, 0xC0, 0x3D, 0xFF, 0xFF, 0xEF, 0xFF, 0xFF, 0x7C,
    0x03, 0xF0, 0x0F, 0x80, 0x3E, 0x00, 0x78, 0x01, 0xC0, 0x00, 0x00, 0x00, 0x7F, 0xFB, 0xFF, 0xC7,
    0xF0, 0x1F, 0x00, 0xF8, 0x07, 0xC0, 0x3E, 0x01, 0xF0, 0x0F, 0x80, 0x7C, 0x03, 0xE0, 0x1F, 0x00,
    0xF8, 0x07, 0xC0, 0x3E, 0x01, 0xF0, 0x0F, 0x80, 0x7C, 0x03, 0xE0, 0x1F, 0x00, 0xF8, 0x07, 0xE1,
    0xFF, 0xCF, 0xFF, 0x01, 0xF0, 0x0F, 0x80, 0xF8, 0x0F, 0x80, 0x78, 0x07, 0x00, 0x00, 0x00, 0x00,
    0x7F, 0xFB, 0xFF, 0xC7, 0xF0, 0x1F, 0x00, 0xF8, 0x07, 0xC0, 0x3E, 0x01, 0xF0, 0x0F, 0x80, 0x7C,
    0x03, 0xE0, 0x1F, 0x00, 0xF8, 0x07, 0xC0, 0x3E, 0x01, 0xF0, 0x0F, 0x80, 0x7C, 0x03, 0xE0, 0x1F,
    0x00, 0xF8, 0x07, 0xE1, 0xFF, 0xCF, 0xFF, 0x07, 0x80, 0x7E, 0x07, 0xF0, 0x7B, 0xC7, 0x87, 0x38,
    0x1C, 0x00, 0x00, 0x00, 0x7F, 0xFB, 0xFF, 0xC7, 0xF0, 0x1F, 0x00, 0xF8, 0x07, 0xC0, 0x3E, 0x01,
    0xF0, 0x0F, 0x80, 0x7C, 0x03, 0xE0, 0x1F, 0x00, 0xF8, 0x07, 0xC0, 0x3E, 0x01, 0xF0, 0x0F, 0x80,
    0x7C, 0x03, 0xE0, 0x1F, 0x00, 0xF8, 0x07, 0xE1, 0xFF, 0xCF, 0xFF, 0x00, 0x01, 0xC7, 0x9E, 0x3C,
    0xF1, 0xE7, 0x8F, 0x00, 0x00, 0x00, 0x00, 0x00, 0x7F, 0xFB, 0xFF, 0xC7, 0xF0, 0x1F, 0x00, 0xF8,
    0x07, 0xC0, 0x3E, 0x01, 0xF0, 0x0F, 0x80, 0x7C, 0x03, 0xE0, 0x1F, 0x00, 0xF8, 0x07, 0xC0, 0x3E,
    0x01, 0xF0, 0x0F, 0x80, 0x7C, 0x03, 0xE0, 0x1F, 0x00, 0xF8, 0x07, 0xE1, 0xFF, 0xCF, 0xFF, 0x7F,
    0xFF, 0x00, 0x7F, 0xFF, 0xE0, 0x1F, 0xC7, 0xF0, 0x0F, 0x81, 0xF8, 0x0F, 0x80, 0xFC, 0x0F, 0x80,
    0x7E, 0x0F, 0x80, 0x7E, 0x0F, 0x80, 0x3E, 0x0F, 0x80, 0x3F, 0x0F, 0x80, 0x3F, 0x3F, 0xF8, 0x3F,
    0x7F, 0xFC, 0x3F, 0x7F, 0xF8, 0x3F, 0x0F, 0x80, 0x3F, 0x0F, 0x80, 0x3F, 0x0F, 0x80, 0x3E, 0x0F,
    0x80, 0x7E, 0x0F, 0x80, 0x7E, 0x0F, 0x80, 0x7C, 0x0F, 0x80, 0xFC, 0x0F, 0x81, 0xF8, 0x0F, 0x87,
    0xF0, 0x7F, 0xFF, 0xE0, 0x7F, 0xFF, 0x00, 0x00, 0x30, 0x00, 0x00, 0x3F, 0x0C, 0x00, 0x0F, 0xFF,
    0x00, 0x07, 0xFF, 0x80, 0x01, 0x8F, 0xE0, 0x00, 0x60, 0xF0, 0x00, 0x00, 0x00, 0x00, 0x00, 0x00,
    0x00, 0x7F, 0x80, 0x7F, 0xDF, 0xE0, 0x1F, 0xF1, 0xFC, 0x01, 0xE0, 0x3F, 0x80, 0x38, 0x0F, 0xF0,
    0x0E, 0x03, 0xFC, 0x03, 0x80, 0xFF, 0x80, 0xE0, 0x3B, 0xF0, 0x38, 0x0E, 0xFC, 0x0E, 0x03, 0x9F,
    0x83, 0x80, 0xE3, 0xF0, 0xE0, 0x38, 0x7C, 0x38, 0x0E, 0x1F, 0x8E, 0x03, 0x83, 0xF3, 0x80, 0xE0,
    0x7E, 0xE0, 0x38, 0x1F, 0xB8, 0x0E, 0x03, 0xFE, 0x03, 0x80, 0x7F, 0x80, 0xE0, 0x0F, 0xE0, 0x38,
    0x03, 0xF8, 0x0E, 0x00, 0x7E, 0x03, 0x80, 0x0F, 0x87, 0xFC, 0x03, 0xE1, 0xFF, 0x00, 0x78, 0x03,
    0xE0, 0x00, 0x01, 0xF0, 0x00, 0x00, 0xF8, 0x00, 0x00, 0x78, 0x00, 0x00, 0x3C, 0x00, 0x00, 0x0C,
    0x00, 0x00, 0x00, 0x00, 0x00, 0x00, 0x00, 0x01, 0xFF, 0x80, 0x07, 0xFF, 0xE0, 0x0F, 0xC3, 0xF0,
    0x1F, 0x80, 0xF8, 0x1F, 0x00, 0xFC, 0x3F, 0x00, 0x7C, 0x3E, 0x00, 0x7E, 0x7E, 0x00, 0x7E, 0x7E,
    0x00, 0x7E, 0x7E, 0x00, 0x3E, 0x7E, 0x00, 0x3E, 0x7E, 0x00, 0x3F, 0x7E, 0x00, 0x3F, 0x7E, 0x00,
    0x3E, 0x7E, 0x00, 0x3E, 0x7E, 0x00, 0x7E, 0x7E, 0x00, 0x7E, 0x3E, 0x00, 0x7E, 0x3E, 0x00, 0x7C,
    0x3F, 0x00, 0xFC, 0x1F, 0x80, 0xF8, 0x0F, 0xC1, 0xF0, 0x07, 0xFF, 0xE0, 0x01, 0xFF, 0x80, 0x00,
    0x00, 0x00, 0x00, 0x07, 0xC0, 0x00, 0x0F, 0xC0, 0x00, 0x0F, 0x80, 0x00, 0x1F, 0x00, 0x00, 0x3C,
    0x00, 0x00, 0x38, 0x00, 0x00, 0x00, 0x00, 0x00, 0x00, 0x00, 0x01, 0xFF, 0x80, 0x07, 0xFF, 0xE0,
    0x0F, 0xC3, 0xF0, 0x1F, 0x80, 0xF8, 0x1F, 0x00, 0xFC, 0x3F, 0x00, 0x7C, 0x3E, 0x00, 0x7E, 0x7E,
    0x00, 0x7E, 0x7E, 0x00, 0x7E, 0x7E, 0x00, 0x3E, 0x7E, 0x00, 0x3E, 0x7E, 0x00, 0x3F, 0x7E, 0x00,
    0x3F, 0x7E, 0x00, 0x3E, 0x7E, 0x00, 0x3E, 0x7E, 0x00, 0x7E, 0x7E, 0x00, 0x7E, 0x3E, 0x00, 0x7E,
    0x3E, 0x00, 0x7C, 0x3F, 0x00, 0xFC, 0x1F, 0x80, 0xF8, 0x0F, 0xC1, 0xF0, 0x07, 0xFF, 0xE0, 0x01,
    0xFF, 0x80, 0x00, 0x00, 0x00, 0x00, 0x3C, 0x00, 0x00, 0x7E, 0x00, 0x00, 0xFF, 0x00, 0x00, 0xE7,
    0x80, 0x01, 0xC3, 0x80, 0x03, 0x81, 0xC0, 0x00, 0x00, 0x00, 0x00, 0x00, 0x00, 0x01, 0xFF, 0x80,
    0x07, 0xFF, 0xE0, 0x0F, 0xC3, 0xF0, 0x1F, 0x80, 0xF8, 0x1F, 0x00, 0xFC, 0x3F, 0x00, 0x7C, 0x3E,
    0x00, 0x7E, 0x7E, 0x00, 0x7E, 0x7E, 0x00, 0x7E, 0x7E, 0x00, 0x3E, 0x7E, 0x00, 0x3E, 0x7E, 0x00,
    0x3F, 0x7E, 0x00, 0x3F, 0x7E, 0x00, 0x3E, 0x7E, 0x00, 0x3E, 0x7E, 0x00, 0x7E, 0x7E, 0x00, 0x7E,
    0x3E, 0x00, 0x7E, 0x3E, 0x00, 0x7C, 0x3F, 0x00, 0xFC, 0x1F, 0x80, 0xF8, 0x0F, 0xC1, 0xF0, 0x07,
    0xFF, 0xE0, 0x01, 0xFF, 0x80, 0x00, 0x00, 0x00, 0x00, 0x60, 0x00, 0x01, 0xF8, 0xE0, 0x03, 0xFF,
    0xC0, 0x03, 0xFF, 0xC0, 0x07, 0x1F, 0x80, 0x02, 0x07, 0x00, 0x00, 0x00, 0x00, 0x00, 0x00, 0x00,
    0x01, 0xFF, 0x80, 0x07, 0xFF, 0xE0, 0x0F, 0xC3, 0xF0, 0x1F, 0x80, 0xF8, 0x1F, 0x00, 0xFC, 0x3F,
    0x00, 0x7C, 0x3E, 0x00, 0x7E, 0x7E, 0x00, 0x7E, 0x7E, 0x00, 0x7E, 0x7E, 0x00, 0x3E, 0x7E, 0x00,
    0x3E, 0x7E, 0x00, 0x3F, 0x7E, 0x00, 0x3F, 0x7E, 0x00, 0x3E, 0x7E, 0x00, 0x3E, 0x7E, 0x00, 0x7E,
    0x7E, 0x00, 0x7E, 0x3E, 0x00, 0x7E, 0x3E, 0x00, 0x7C, 0x3F, 0x00, 0xFC, 0x1F, 0x80, 0xF8, 0x0F,
    0xC1, 0xF0, 0x07, 0xFF, 0xE0, 0x01, 0xFF, 0x80, 0x00, 0x00, 0x00, 0x00, 0x00, 0x00, 0x01, 0xC3,
    0x80, 0x03, 0xE7, 0xC0, 0x03, 0xE7, 0xC0, 0x01, 0xC3, 0x80, 0x00, 0x00, 0x00, 0x00, 0x00, 0x00,
    0x00, 0x00, 0x00, 0x01, 0xFF, 0x80, 0x07, 0xFF, 0xE0, 0x0F, 0xC3, 0xF0, 0x1F, 0x80, 0xF8, 0x1F,
    0x00, 0xFC, 0x3F, 0x00, 0x7C, 0x3E, 0x00, 0x7E, 0x7E, 0x00, 0x7E, 0x7E, 0x00, 0x7E, 0x7E, 0x00,
    0x3E, 0x7E, 0x00, 0x3E, 0x7E, 0x00, 0x3F, 0x7E, 0x00, 0x3F, 0x7E, 0x00, 0x3E, 0x7E, 0x00, 0x3E,
    0x7E, 0x00, 0x7E, 0x7E, 0x00, 0x7E, 0x3E, 0x00, 0x7E, 0x3E, 0x00, 0x7C, 0x3F, 0x00, 0xFC, 0x1F,
    0x80, 0xF8, 0x0F, 0xC1, 0xF0, 0x07, 0xFF, 0xE0, 0x01, 0xFF, 0x80, 0x00, 0x00, 0x00, 0x20, 0x08,
    0xE0, 0x39, 0xE0, 0xF1, 0xE3, 0xC1, 0xEF, 0x01, 0xFC, 0x01, 0xF0, 0x03, 0xE0, 0x0F, 0xE0, 0x3D,
    0xE0, 0xF1, 0xE3, 0xC1, 0xE7, 0x01, 0xC4, 0x01, 0x00, 0x00, 0x00, 0x00, 0x00, 0x00, 0x30, 0x01,
    0xFF, 0xF0, 0x07, 0xFF, 0xE0, 0x0F, 0xC3, 0xF0, 0x1F, 0x81, 0xF8, 0x1F, 0x01, 0xFC, 0x3F, 0x03,
    0xFC, 0x3E, 0x03, 0x7E, 0x7E, 0x07, 0x7E, 0x7E, 0x06, 0x7E, 0x7E, 0x0E, 0x3E, 0x7E, 0x0C, 0x3E,
    0x7E, 0x1C, 0x3F, 0x7E, 0x18, 0x3F, 0x7E, 0x38, 0x3E, 0x7E, 0x30, 0x3E, 0x7E, 0x70, 0x7E, 0x7E,
    0xE0, 0x7E, 0x3E, 0xE0, 0x7E, 0x3F, 0xC0, 0x7C, 0x3F, 0x80, 0xFC, 0x1F, 0x80, 0xF8, 0x0F, 0xC1,
    0xF0, 0x07, 0xFF, 0xE0, 0x07, 0xFF, 0x80, 0x0E, 0x00, 0x00, 0x00, 0x00, 0x00, 0x01, 0xF0, 0x00,
    0x00, 0x7C, 0x00, 0x00, 0x1F, 0x00, 0x00, 0x07, 0x80, 0x00, 0x01, 0xE0, 0x00, 0x00, 0x30, 0x00,
    0x00, 0x00, 0x00, 0x00, 0x00, 0x00, 0xFF, 0xF0, 0xFF, 0x7F, 0xF8, 0x7F, 0xC7, 0xF0, 0x0F, 0x03,
    0xF0, 0x03, 0x00, 0xF8, 0x01, 0x80, 0x7C, 0x00, 0xC0, 0x3E, 0x00, 0x60, 0x1F, 0x00, 0x30, 0x0F,
    0x80, 0x18, 0x07, 0xC0, 0x0C, 0x03, 0xE0, 0x06, 0x01, 0xF0, 0x03, 0x00, 0xF8, 0x01, 0x80, 0x7C,
    0x00, 0xC0, 0x3E, 0x00, 0x60, 0x1F, 0x00, 0x30, 0x0F, 0x80, 0x18, 0x07, 0xC0, 0x0C, 0x03, 0xE0,
    0x0E, 0x01, 0xF0, 0x07, 0x00, 0xFC, 0x07, 0x80, 0x3F, 0x87, 0x80, 0x0F, 0xFF, 0x80, 0x01, 0xFF,
    0x80, 0x00, 0x00, 0x00, 0x00, 0x00, 0x03, 0xE0, 0x00, 0x03, 0xE0, 0x00, 0x03, 0xE0, 0x00, 0x01,
    0xE0, 0x00, 0x01, 0xE0, 0x00, 0x01, 0xC0, 0x00, 0x00, 0x00, 0x00, 0x00, 0x00, 0x00, 0xFF, 0xF0,
    0xFF, 0x7F, 0xF8, 0x7F, 0xC7, 0xF0, 0x0F, 0x03, 0xF0, 0x03, 0x00, 0xF8, 0x01, 0x80, 0x7C, 0x00,
    0xC0, 0x3E, 0x00, 0x60, 0x1F, 0x00, 0x30, 0x0F, 0x80, 0x18, 0x07, 0xC0, 0x0C, 0x03, 0xE0, 0x06,
    0x01, 0xF0, 0x03, 0x00, 0xF8, 0x01, 0x80, 0x7C, 0x00, 0xC0, 0x3E, 0x00, 0x60, 0x1F, 0x00, 0x30,
    0x0F, 0x80, 0x18, 0x07, 0xC0, 0x0C, 0x03, 0xE0, 0x0E, 0x01, 0xF0, 0x07, 0x00, 0xFC, 0x07, 0x80,
    0x3F, 0x87, 0x80, 0x0F, 0xFF, 0x80, 0x01, 0xFF, 0x80, 0x00, 0x00, 0x00, 0x00, 0x00, 0x1F, 0x00,
    0x00, 0x1F, 0x80, 0x00, 0x0F, 0xE0, 0x00, 0x0F, 0x78, 0x00, 0x0E, 0x1E, 0x00, 0x0E, 0x07, 0x00,
    0x00, 0x00, 0x00, 0x00, 0x00, 0x00, 0xFF, 0xF0, 0xFF, 0x7F, 0xF8, 0x7F, 0xC7, 0xF0, 0x0F, 0x03,
    0xF0, 0x03, 0x00, 0xF8, 0x01, 0x80, 0x7C, 0x00, 0xC0, 0x3E, 0x00, 0x60, 0x1F, 0x00, 0x30, 0x0F,
    0x80, 0x18, 0x07, 0xC0, 0x0C, 0x03, 0xE0, 0x06, 0x01, 0xF0, 0x03, 0x00, 0xF8, 0x01, 0x80, 0x7C,
    0x00, 0xC0, 0x3E, 0x00, 0x60, 0x1F, 0x00, 0x30, 0x0F, 0x80, 0x18, 0x07, 0xC0, 0x0C, 0x03, 0xE0,
    0x0E, 0x01, 0xF0, 0x07, 0x00, 0xFC, 0x07, 0x80, 0x3F, 0x87, 0x80, 0x0F, 0xFF, 0x80, 0x01, 0xFF,
    0x80, 0x00, 0x00, 0x00, 0x00, 0x00, 0x00, 0x00, 0x00, 0x78, 0xF0, 0x00, 0x3C, 0x78, 0x00, 0x1E,
    0x3C, 0x00, 0x0F, 0x1E, 0x00, 0x00, 0x00, 0x00, 0x00, 0x00, 0x00, 0x00, 0x00, 0x00, 0xFF, 0xF0,
    0xFF, 0x7F, 0xF8, 0x7F, 0xC7, 0xF0, 0x0F, 0x03, 0xF0, 0x03, 0x00, 0xF8, 0x01, 0x80, 0x7C, 0x00,
    0xC0, 0x3E, 0x00, 0x60, 0x1F, 0x00, 0x30, 0x0F, 0x80, 0x18, 0x07, 0xC0, 0x0C, 0x03, 0xE0, 0x06,
    0x01, 0xF0, 0x03, 0x00, 0xF8, 0x01, 0x80, 0x7C, 0x00, 0xC0, 0x3E, 0x00, 0x60, 0x1F, 0x00, 0x30,
    0x0F, 0x80, 0x18, 0x07, 0xC0, 0x0C, 0x03, 0xE0, 0x0E, 0x01, 0xF0, 0x07, 0x00, 0xFC, 0x07, 0x80,
    0x3F, 0x87, 0x80, 0x0F, 0xFF, 0x80, 0x01, 0xFF, 0x80, 0x00, 0x00, 0x00, 0x00, 0x00, 0x07, 0xC0,
    0x00, 0x0F, 0xC0, 0x00, 0x0F, 0x80, 0x00, 0x1F, 0x00, 0x00, 0x3C, 0x00, 0x00, 0x38, 0x00, 0x00,
    0x00, 0x00, 0x00, 0x00, 0x00, 0xFF, 0xE3, 0xFE, 0xFF, 0xE3, 0xFE, 0x3F, 0x80, 0x7C, 0x1F, 0x80,
    0x78, 0x1F, 0x80, 0x70, 0x0F, 0x80, 0x70, 0x0F, 0xC0, 0xE0, 0x07, 0xC0, 0xE0, 0x07, 0xE1, 0xC0,
    0x03, 0xE1, 0xC0, 0x03, 0xF3, 0x80, 0x01, 0xF3, 0x00, 0x01, 0xFF, 0x00, 0x00, 0xFE, 0x00, 0x00,
    0xFE, 0x00, 0x00, 0x7C, 0x00, 0x00, 0x7C, 0x00, 0x00, 0x7C, 0x00, 0x00, 0x7C, 0x00, 0x00, 0x7C,
    0x00, 0x00, 0x7C, 0x00, 0x00, 0xFE, 0x00, 0x07, 0xFF, 0xC0, 0x07, 0xFF, 0xC0, 0x7F, 0xF8, 0x03,
    0xFF, 0xC0, 0x07, 0xF0, 0x00, 0x1F, 0x00, 0x00, 0xFF, 0x80, 0x07, 0xFF, 0xC0, 0x3F, 0xFF, 0x01,
    0xF0, 0xFC, 0x0F, 0x83, 0xF0, 0x7C, 0x1F, 0x83, 0xE0, 0xFC, 0x1F, 0x03, 0xE0, 0xF8, 0x1F, 0x07,
    0xC1, 0xF8, 0x3E, 0x0F, 0xC1, 0xF0, 0x7C, 0x0F, 0x87, 0xE0, 0x7F, 0xFE, 0x03, 0xFF, 0xC0, 0x1F,
    0x80, 0x00, 0xF8, 0x00, 0x07, 0xE0, 0x01, 0xFF, 0xE0, 0x0F, 0xFF, 0x00, 0x00, 0x7E, 0x00, 0x07,
    0xFF, 0x00, 0x1F, 0x9F, 0x80, 0x7C, 0x0F, 0x00, 0xF8, 0x1F, 0x03, 0xF0, 0x3E, 0x07, 0xE0, 0x3C,
    0x0F, 0x80, 0x7C, 0x7F, 0x07, 0xF8, 0xFE, 0x1F, 0xE1, 0xFC, 0x7C, 0x00, 0xF9, 0xF0, 0x01, 0xF3,
    0xE0, 0x03, 0xE7, 0xC0, 0x07, 0xCF, 0xE0, 0x0F, 0x8F, 0xE0, 0x1F, 0x0F, 0xF0, 0x3E, 0x0F, 0xF0,
    0x7C, 0x07, 0xF0, 0xF8, 0x07, 0xE1, 0xF1, 0x07, 0xC3, 0xE7, 0x07, 0x87, 0xCE, 0x0F, 0x0F, 0x9E,
    0x3E, 0xFF, 0x3F, 0xF9, 0xFE, 0x1F, 0xE0, 0x00, 0x00, 0x00, 0x1F, 0x00, 0x07, 0xE0, 0x00, 0xF8,
    0x00, 0x0F, 0x00, 0x01, 0xE0, 0x00, 0x38, 0x00, 0x00, 0x00, 0x00, 0x00, 0x0F, 0xF8, 0x0F, 0xFF,
    0x83, 0xE3, 0xE0, 0xF0, 0xFC, 0x3C, 0x1F, 0x00, 0x07, 0xC0, 0x01, 0xF0, 0x0F, 0xFC, 0x1F, 0xFF,
    0x0F, 0xCF, 0xC7, 0xC1, 0xF1, 0xF0, 0x7C, 0xFC, 0x1F, 0x3F, 0x0F, 0xC7, 0xC3, 0xF1, 0xF9, 0xFC,
    0x7F, 0xDF, 0xC7, 0xE7, 0xF0, 0x00, 0x00, 0x00, 0x3E, 0x00, 0x1F, 0x80, 0x07, 0xC0, 0x03, 0xC0,
    0x01, 0xE0, 0x00, 0x70, 0x00, 0x00, 0x00, 0x00, 0x00, 0x0F, 0xF8, 0x0F, 0xFF, 0x83, 0xE3, 0xE0,
    0xF0, 0xFC, 0x3C, 0x1F, 0x00, 0x07, 0xC0, 0x01, 0xF0, 0x0F, 0xFC, 0x1F, 0xFF, 0x0F, 0xCF, 0xC7,
    0xC1, 0xF1, 0xF0, 0x7C, 0xFC, 0x1F, 0x3F, 0x0F, 0xC7, 0xC3, 0xF1, 0xF9, 0xFC, 0x7F, 0xDF, 0xC7,
    0xE7, 0xF0, 0x00, 0x00, 0x01, 0xE0, 0x00, 0xFC, 0x00, 0x7F, 0x80, 0x1C, 0xF0, 0x0E, 0x1C, 0x07,
    0x03, 0x80, 0x00, 0x00, 0x00, 0x00, 0x0F, 0xF8, 0x0F, 0xFF, 0x83, 0xE3, 0xE0, 0xF0, 0xFC, 0x3C,
    0x1F, 0x00, 0x07, 0xC0, 0x01, 0xF0, 0x0F, 0xFC, 0x1F, 0xFF, 0x0F, 0xCF, 0xC7, 0xC1, 0xF1, 0xF0,
    0x7C, 0xFC, 0x1F, 0x3F, 0x0F, 0xC7, 0xC3, 0xF1, 0xF9, 0xFC, 0x7F, 0xDF, 0xC7, 0xE7, 0xF0, 0x00,
    0x00, 0x02, 0x00, 0x03, 0xF1, 0xC1, 0xFF, 0xE0, 0x7F, 0xF8, 0x38, 0xFC, 0x04, 0x0E, 0x00, 0x00,
    0x00, 0x00, 0x00, 0x0F, 0xF8, 0x0F, 0xFF, 0x83, 0xE3, 0xE0, 0xF0, 0xFC, 0x3C, 0x1F, 0x00, 0x07,
    0xC0, 0x01, 0xF0, 0x0F, 0xFC, 0x1F, 0xFF, 0x0F, 0xCF, 0xC7, 0xC1, 0xF1, 0xF0, 0x7C, 0xFC, 0x1F,
    0x3F, 0x0F, 0xC7, 0xC3, 0xF1, 0xF9, 0xFC, 0x7F, 0xDF, 0xC7, 0xE7, 0xF0, 0x00, 0x00, 0x00, 0x00,
    0x03, 0x87, 0x01, 0xF3, 0xE0, 0x7C, 0xF8, 0x0E, 0x1C, 0x00, 0x00, 0x00, 0x00, 0x00, 0x00, 0x00,
    0x0F, 0xF8, 0x0F, 0xFF, 0x83, 0xE3, 0xE0, 0xF0, 0xFC, 0x3C, 0x1F, 0x00, 0x07, 0xC0, 0x01, 0xF0,
    0x0F, 0xFC, 0x1F, 0xFF, 0x0F, 0xCF, 0xC7, 0xC1, 0xF1, 0xF0, 0x7C, 0xFC, 0x1F, 0x3F, 0x0F, 0xC7,
    0xC3, 0xF1, 0xF9, 0xFC, 0x7F, 0xDF, 0xC7, 0xE7, 0xF0, 0x00, 0x00, 0x00, 0x00, 0x00, 0x7C, 0x00,
    0x7F, 0x80, 0x1C, 0x60, 0x06, 0x18, 0x01, 0xC6, 0x00, 0x7F, 0x80, 0x0F, 0xC0, 0x00, 0x00, 0x00,
    0x00, 0x00, 0xFF, 0x80, 0xFF, 0xF8, 0x3E, 0x3E, 0x0F, 0x0F, 0xC3, 0xC1, 0xF0, 0x00, 0x7C, 0x00,
    0x1F, 0x00, 0xFF, 0xC1, 0xFF, 0xF0, 0xFC, 0xFC, 0x7C, 0x1F, 0x1F, 0x07, 0xCF, 0xC1, 0xF3, 0xF0,
    0xFC, 0x7C, 0x3F, 0x1F, 0x9F, 0xC7, 0xFD, 0xFC, 0x7E, 0x7F, 0x00, 0x00, 0x00, 0x00, 0x00, 0x00,
    0x01, 0xFF, 0x3F, 0xC0, 0xFF, 0xFF, 0xFE, 0x1F, 0x1F, 0xE7, 0xC3, 0xC3, 0xF8, 0x7C, 0x78, 0x3E,
    0x0F, 0x80, 0x07, 0xC1, 0xF8, 0x00, 0xF8, 0x1F, 0x03, 0xFF, 0xFF, 0xE3, 0xFF, 0xFF, 0xFC, 0xFC,
    0xFF, 0xFF, 0x3E, 0x0F, 0x80, 0x07, 0xC1, 0xF0, 0x01, 0xF8, 0x3E, 0x00, 0x3F, 0x0F, 0xE0, 0x13,
    0xE1, 0xFC, 0x06, 0x7E, 0x7F, 0xE3, 0xCF, 0xFC, 0xFF, 0xF0, 0x7F, 0x07, 0xFC, 0x00, 0x00, 0x00,
    0x00, 0x00, 0x00, 0x07, 0xF8, 0x1F, 0xFE, 0x3E, 0x3E, 0x3E, 0x1E, 0x7C, 0x1E, 0x7C, 0x1C, 0x7C,
    0x00, 0x7C, 0x00, 0xFC, 0x00, 0xFC, 0x00, 0xFC, 0x00, 0x7C, 0x00, 0x7C, 0x00, 0x7C, 0x02, 0x7E,
    0x06, 0x3F, 0x1E, 0x1F, 0xFE, 0x0F, 0xF8, 0x01, 0xC0, 0x01, 0xE0, 0x01, 0xF0, 0x00, 0x78, 0x00,
    0x78, 0x00, 0x78, 0x07, 0xF0, 0x07, 0xE0, 0x1F, 0x00, 0x07, 0xC0, 0x01, 0xF0, 0x00, 0x78, 0x00,
    0x1E, 0x00, 0x03, 0x80, 0x00, 0x00, 0x00, 0x00, 0x07, 0xF8, 0x0F, 0xFE, 0x0F, 0x8F, 0x87, 0xC3,
    0xE7, 0xC1, 0xF3, 0xE0, 0xFD, 0xF0, 0x7E, 0xFF, 0xFF, 0xFF, 0xFF, 0xFF, 0xFF, 0xBF, 0x00, 0x0F,
    0x80, 0x07, 0xC0, 0x03, 0xF0, 0x18, 0xF8, 0x0C, 0x7F, 0x1E, 0x1F, 0xFE, 0x03, 0xFE, 0x00, 0x00,
    0x00, 0x00, 0x3E, 0x00, 0x3F, 0x00, 0x1F, 0x00, 0x1E, 0x00, 0x1E, 0x00, 0x0E, 0x00, 0x00, 0x00,
    0x00, 0x00, 0x07, 0xF8, 0x0F, 0xFE, 0x0F, 0x8F, 0x87, 0xC3, 0xE7, 0xC1, 0xF3, 0xE0, 0xFD, 0xF0,
    0x7E, 0xFF, 0xFF, 0xFF, 0xFF, 0xFF, 0xFF, 0xBF, 0x00, 0x0F, 0x80, 0x07, 0xC0, 0x03, 0xF0, 0x18,
    0xF8, 0x0C, 0x7F, 0x1E, 0x1F, 0xFE, 0x03, 0xFE, 0x00, 0x00, 0x00, 0x01, 0xE0, 0x01, 0xF8, 0x01,
    0xFE, 0x00, 0xE7, 0x80, 0xE1, 0xC0, 0xE0, 0x70, 0x00, 0x00, 0x00, 0x00, 0x07, 0xF8, 0x0F, 0xFE,
    0x0F, 0x8F, 0x87, 0xC3, 0xE7, 0xC1, 0xF3, 0xE0, 0xFD, 0xF0, 0x7E, 0xFF, 0xFF, 0xFF, 0xFF, 0xFF,
    0xFF, 0xBF, 0x00, 0x0F, 0x80, 0x07, 0xC0, 0x03, 0xF0, 0x18, 0xF8, 0x0C, 0x7F, 0x1E, 0x1F, 0xFE,
    0x03, 0xFE, 0x00, 0x00, 0x00, 0x00, 0x00, 0x07, 0x0E, 0x07, 0xCF, 0x83, 0xE7, 0xC0, 0xE1, 0xC0,
    0x00, 0x00, 0x00, 0x00, 0x00, 0x00, 0x07, 0xF8, 0x0F, 0xFE, 0x0F, 0x8F, 0x87, 0xC3, 0xE7, 0xC1,
    0xF3, 0xE0, 0xFD, 0xF0, 0x7E, 0xFF, 0xFF, 0xFF, 0xFF, 0xFF, 0xFF, 0xBF, 0x00, 0x0F, 0x80, 0x07,
    0xC0, 0x03, 0xF0, 0x18, 0xF8, 0x0C, 0x7F, 0x1E, 0x1F, 0xFE, 0x03, 0xFE, 0x00, 0x00, 0x00, 0x7C,
    0x03, 0xF0, 0x0F, 0x80, 0x1E, 0x00, 0x78, 0x01, 0xC0, 0x00, 0x00, 0x00, 0x7F, 0x83, 0xFE, 0x03,
    0xF0, 0x1F, 0x80, 0xFC, 0x07, 0xE0, 0x3F, 0x01, 0xF8, 0x0F, 0xC0, 0x7E, 0x03, 0xF0, 0x1F, 0x80,
    0xFC, 0x07, 0xE0, 0x3F, 0x01, 0xF8, 0x3F, 0xF3, 0xFF, 0x80, 0x01, 0xF0, 0x3E, 0x07, 0xC0, 0x78,
    0x0F, 0x01, 0xC0, 0x00, 0x00, 0x00, 0xFF, 0x0F, 0xF8, 0x1F, 0x81, 0xF8, 0x1F, 0x81, 0xF8, 0x1F,
    0x81, 0xF8, 0x1F, 0x81, 0xF8, 0x1F, 0x81, 0xF8, 0x1F, 0x81, 0xF8, 0x1F, 0x81, 0xF8, 0x7F, 0xEF,
    0xFE, 0x0F, 0x80, 0xFC, 0x07, 0xF0, 0x7B, 0xC7, 0x8F, 0x30, 0x38, 0x00, 0x00, 0x00, 0x7F, 0x83,
    0xFE, 0x03, 0xF0, 0x1F, 0x80, 0xFC, 0x07, 0xE0, 0x3F, 0x01, 0xF8, 0x0F, 0xC0, 0x7E, 0x03, 0xF0,
    0x1F, 0x80, 0xFC, 0x07, 0xE0, 0x3F, 0x01, 0xF8, 0x3F, 0xF3, 0xFF, 0x80, 0x00, 0x03, 0xC7, 0x9E,
    0x3C, 0xF1, 0xE7, 0x8F, 0x00, 0x00, 0x00, 0x00, 0x00, 0x7F, 0x83, 0xFE, 0x03, 0xF0, 0x1F, 0x80,
    0xFC, 0x07, 0xE0, 0x3F, 0x01, 0xF8, 0x0F, 0xC0, 0x7E, 0x03, 0xF0, 0x1F, 0x80, 0xFC, 0x07, 0xE0,
    0x3F, 0x01, 0xF8, 0x3F, 0xF3, 0xFF, 0x80, 0x00, 0x00, 0x03, 0xC3, 0x80, 0xFF, 0xE0, 0x0F, 0xE0,
    0x01, 0xF8, 0x01, 0xFF, 0x00, 0x63, 0xE0, 0x00, 0x7C, 0x00, 0x0F, 0x03, 0xFF, 0xE1, 0xFF, 0xF8,
    0xF8, 0x7E, 0x7E, 0x0F, 0xDF, 0x03, 0xF7, 0xC0, 0xFD, 0xF0, 0x1F, 0xFC, 0x07, 0xFF, 0x01, 0xFF,
    0xC0, 0x7D, 0xF0, 0x1F, 0x7C, 0x0F, 0x9F, 0x03, 0xE3, 0xE0, 0xF8, 0xF8, 0x7C, 0x1F, 0xFE, 0x01,
    0xFF, 0x00, 0x00, 0x00, 0x00, 0x80, 0x00, 0x0F, 0xC7, 0x00, 0x7F, 0xF8, 0x01, 0xFF, 0xE0, 0x0E,
    0x3F, 0x00, 0x10, 0x78, 0x00, 0x00, 0x00, 0x00, 0x00, 0x00, 0x7F, 0x3F, 0x81, 0xFD, 0xFF, 0x01,
    0xFF, 0xFE, 0x07, 0xF1, 0xF8, 0x1F, 0x83, 0xE0, 0x7E, 0x0F, 0x81, 0xF8, 0x3E, 0x07, 0xE0, 0xF8,
    0x1F, 0x83, 0xE0, 0x7E, 0x0F, 0x81, 0xF8, 0x3E, 0x07, 0xE0, 0xF8, 0x1F, 0x83, 0xE0, 0x7E, 0x0F,
    0x81, 0xF8, 0x3E, 0x07, 0xE0, 0xFC, 0x7F, 0xE3, 0xF9, 0xFF, 0x8F, 0xE0, 0x1F, 0x00, 0x07, 0xE0,
    0x00, 0xF8, 0x00, 0x0F, 0x00, 0x01, 0xE0, 0x00, 0x38, 0x00, 0x00, 0x00, 0x00, 0x00, 0x07, 0xFC,
    0x07, 0xFF, 0x83, 0xE1, 0xF0, 0xF8, 0x3E, 0x7C, 0x0F, 0x9F, 0x03, 0xF7, 0xC0, 0xFD, 0xF0, 0x1F,
    0xFC, 0x07, 0xFF, 0x01, 0xF7, 0xC0, 0x7D, 0xF0, 0x3F, 0x7C, 0x0F, 0xDF, 0x03, 0xE3, 0xE0, 0xF8,
    0xF8, 0x7C, 0x1F, 0xFE, 0x01, 0xFF, 0x00, 0x00, 0x00, 0x00, 0x3E, 0x00, 0x0F, 0x80, 0x07, 0xC0,
    0x03, 0xE0, 0x00, 0xF0, 0x00, 0x70, 0x00, 0x00, 0x00, 0x00, 0x00, 0x07, 0xFC, 0x07, 0xFF, 0x83,
    0xE1, 0xF0, 0xF8, 0x3E, 0x7C, 0x0F, 0x9F, 0x03, 0xF7, 0xC0, 0xFD, 0xF0, 0x1F, 0xFC, 0x07, 0xFF,
    0x01, 0xF7, 0xC0, 0x7D, 0xF0, 0x3F, 0x7C, 0x0F, 0xDF, 0x03, 0xE3, 0xE0, 0xF8, 0xF8, 0x7C, 0x1F,
    0xFE, 0x01, 0xFF, 0x00, 0x00, 0x00, 0x01, 0xE0, 0x00, 0xFC, 0x00, 0x7F, 0x80, 0x1E, 0xF0, 0x0E,
    0x1E, 0x07, 0x03, 0x80, 0x00, 0x00, 0x00, 0x00, 0x07, 0xFC, 0x07, 0xFF, 0x83, 0xE1, 0xF0, 0xF8,
    0x3E, 0x7C, 0x0F, 0x9F, 0x03, 0xF7, 0xC0, 0xFD, 0xF0, 0x1F, 0xFC, 0x07, 0xFF, 0x01, 0xF7, 0xC0,
    0x7D, 0xF0, 0x3F, 0x7C, 0x0F, 0xDF, 0x03, 0xE3, 0xE0, 0xF8, 0xF8, 0x7C, 0x1F, 0xFE, 0x01, 0xFF,
    0x00, 0x00, 0x00, 0x03, 0x00, 0x03, 0xF1, 0xC1, 0xFF, 0xF0, 0x7F, 0xF8, 0x18, 0xFC, 0x04, 0x0E,
    0x00, 0x00, 0x00, 0x00, 0x00, 0x07, 0xFC, 0x07, 0xFF, 0x83, 0xE1, 0xF0, 0xF8, 0x3E, 0x7C, 0x0F,
    0x9F, 0x03, 0xF7, 0xC0, 0xFD, 0xF0, 0x1F, 0xFC, 0x07, 0xFF, 0x01, 0xF7, 0xC0, 0x7D, 0xF0, 0x3F,
    0x7C, 0x0F, 0xDF, 0x03, 0xE3, 0xE0, 0xF8, 0xF8, 0x7C, 0x1F, 0xFE, 0x01, 0xFF, 0x00, 0x00, 0x00,
    0x00, 0x00, 0x03, 0x87, 0x00, 0xF3, 0xE0, 0x3C, 0xF8, 0x0F, 0x1C, 0x00, 0x00, 0x00, 0x00, 0x00,
    0x00, 0x00, 0x07, 0xFC, 0x07, 0xFF, 0x83, 0xE1, 0xF0, 0xF8, 0x3E, 0x7C, 0x0F, 0x9F, 0x03, 0xF7,
    0xC0, 0xFD, 0xF0, 0x1F, 0xFC, 0x07, 0xFF, 0x01, 0xF7, 0xC0, 0x7D, 0xF0, 0x3F, 0x7C, 0x0F, 0xDF,
    0x03, 0xE3, 0xE0, 0xF8, 0xF8, 0x7C, 0x1F, 0xFE, 0x01, 0xFF, 0x00, 0x00, 0x00, 0x01, 0x00, 0x07,
    0x00, 0x1E, 0x00, 0x1C, 0x00, 0x30, 0x00, 0x00, 0x00, 0x00, 0x00, 0x00, 0xFF, 0xFF, 0xFF, 0xFC,
    0x00, 0x00, 0x00, 0x00, 0x00, 0x00, 0x20, 0x00, 0xE0, 0x03, 0xC0, 0x03, 0x80, 0x06, 0x00, 0x00,
    0x00, 0x00, 0x00, 0xC0, 0x7F, 0xF0, 0x7F, 0xF8, 0x3E, 0x1F, 0x0F, 0x87, 0xE7, 0xC1, 0xF9, 0xF0,
    0xFF, 0x7C, 0x3F, 0xDF, 0x1D, 0xFF, 0xCE, 0x7F, 0xF3, 0x1F, 0x7D, 0xC7, 0xDF, 0x63, 0xF7, 0xF0,
    0xFD, 0xFC, 0x3E, 0x3E, 0x0F, 0x8F, 0x87, 0xC1, 0xFF, 0xE0, 0x7F, 0xF0, 0x38, 0x00, 0x00, 0x00,
    0x00, 0x0F, 0x80, 0x00, 0x1F, 0x00, 0x00, 0x3E, 0x00, 0x00, 0x78, 0x00, 0x00, 0xF0, 0x00, 0x00,
    0xE0, 0x00, 0x00, 0x00, 0x00, 0x00, 0x00, 0x7F, 0x1F, 0xE1, 0xFC, 0x7F, 0x81, 0xF0, 0x7E, 0x07,
    0xC0, 0xF8, 0x1F, 0x03, 0xE0, 0x7C, 0x0F, 0x81, 0xF0, 0x3E, 0x07, 0xC0, 0xF8, 0x1F, 0x03, 0xE0,
    0x7C, 0x0F, 0x81, 0xF0, 0x3E, 0x07, 0xC0, 0xF8, 0x1F, 0x83, 0xE0, 0x7E, 0x1F, 0x81, 0xF8, 0x7E,
    0x03, 0xFF, 0xF8, 0x0F, 0xFB, 0xF8, 0x1F, 0xCF, 0xF0, 0x00, 0x00, 0x00, 0x00, 0x0F, 0x80, 0x00,
    0x7E, 0x00, 0x03, 0xF0, 0x00, 0x0F, 0x00, 0x00, 0x78, 0x00, 0x01, 0xC0, 0x00, 0x00, 0x00, 0x00,
    0x00, 0x00, 0x7F, 0x1F, 0xE1, 0xFC, 0x7F, 0x81, 0xF0, 0x7E, 0x07, 0xC0, 0xF8, 0x1F, 0x03, 0xE0,
    0x7C, 0x0F, 0x81, 0xF0, 0x3E, 0x07, 0xC0, 0xF8, 0x1F, 0x03, 0xE0, 0x7C, 0x0F, 0x81, 0xF0, 0x3E,
    0x07, 0xC0, 0xF8, 0x1F, 0x83, 0xE0, 0x7E, 0x1F, 0x81, 0xF8, 0x7E, 0x03, 0xFF, 0xF8, 0x0F, 0xFB,
    0xF8, 0x1F, 0xCF, 0xF0, 0x00, 0x00, 0x00, 0x00, 0x78, 0x00, 0x03, 0xF0, 0x00, 0x1F, 0xC0, 0x00,
    0xF7, 0x80, 0x07, 0x87, 0x00, 0x1C, 0x0E, 0x00, 0x00, 0x00, 0x00, 0x00, 0x00, 0x7F, 0x1F, 0xE1,
    0xFC, 0x7F, 0x81, 0xF0, 0x7E, 0x07, 0xC0, 0xF8, 0x1F, 0x03, 0xE0, 0x7C, 0x0F, 0x81, 0xF0, 0x3E,
    0x07, 0xC0, 0xF8, 0x1F, 0x03, 0xE0, 0x7C, 0x0F, 0x81, 0xF0, 0x3E, 0x07, 0xC0, 0xF8, 0x1F, 0x83,
    0xE0, 0x7E, 0x1F, 0x81, 0xF8, 0x7E, 0x03, 0xFF, 0xF8, 0x0F, 0xFB, 0xF8, 0x1F, 0xCF, 0xF0, 0x00,
    0x00, 0x00, 0x00, 0x00, 0x00, 0x0E, 0x3C, 0x00, 0x7C, 0xF0, 0x01, 0xF3, 0xC0, 0x03, 0x8F, 0x00,
    0x00, 0x00, 0x00, 0x00, 0x00, 0x00, 0x00, 0x00, 0x7F, 0x1F, 0xE1, 0xFC, 0x7F, 0x81, 0xF0, 0x7E,
    0x07, 0xC0, 0xF8, 0x1F, 0x03, 0xE0, 0x7C, 0x0F, 0x81, 0xF0, 0x3E, 0x07, 0xC0, 0xF8, 0x1F, 0x03,
    0xE0, 0x7C, 0x0F, 0x81, 0xF0, 0x3E, 0x07, 0xC0, 0xF8, 0x1F, 0x83, 0xE0, 0x7E, 0x1F, 0x81, 0xF8,
    0x7E, 0x03, 0xFF, 0xF8, 0x0F, 0xFB, 0xF8, 0x1F, 0xCF, 0xF0, 0x00, 0x00, 0x00, 0x00, 0x1F, 0x00,
    0x03, 0xF0, 0x00, 0x7C, 0x00, 0x07, 0x80, 0x00, 0xF0, 0x00, 0x0C, 0x00, 0x00, 0x00, 0x00, 0x00,
    0x00, 0xFF, 0xCF, 0xEF, 0xFC, 0xFE, 0x3F, 0x03, 0xC3, 0xF0, 0x38, 0x1F, 0x03, 0x81, 0xF0, 0x30,
    0x1F, 0x87, 0x00, 0xF8, 0x70, 0x0F, 0x86, 0x00, 0x7C, 0xE0, 0x07, 0xCC, 0x00, 0x7C, 0xC0, 0x03,
    0xFC, 0x00, 0x3F, 0x80, 0x01, 0xF8, 0x00, 0x1F, 0x80, 0x01, 0xF0, 0x00, 0x0F, 0x00, 0x00, 0xF0,
    0x00, 0x0E, 0x00, 0x01, 0xE0, 0x00, 0x3C, 0x00, 0x07, 0xC0, 0x03, 0xF8, 0x00, 0x7F, 0x00, 0x07,
    0x80, 0x00, 0x00, 0x00, 0x07, 0xF0, 0x00, 0x7F, 0x00, 0x01, 0xF0, 0x00, 0x1F, 0x00, 0x01, 0xF0,
    0x00, 0x1F, 0x00, 0x01, 0xF0, 0x00, 0x1F, 0x3F, 0x81, 0xF7, 0xFC, 0x1F, 0xEF, 0xE1, 0xF8, 0x3E,
    0x1F, 0x83, 0xE1, 0xF8, 0x3F, 0x1F, 0x81, 0xF1, 0xF0, 0x1F, 0x1F, 0x01, 0xF1, 0xF0, 0x1F, 0x1F,
    0x01, 0xF1, 0xF0, 0x1F, 0x1F, 0x83, 0xF1, 0xF8, 0x3F, 0x1F, 0x83, 0xE1, 0xFC, 0x7E, 0x1F, 0xFF,
    0xC1, 0xF3, 0xF8, 0x1F, 0x04, 0x01, 0xF0, 0x00, 0x1F, 0x00, 0x01, 0xF0, 0x00, 0x1F, 0x00, 0x01,
    0xF8, 0x00, 0xFF, 0xE0, 0x0F, 0xFE, 0x00, 0x00, 0x00, 0x00, 0x78, 0xE0, 0x07, 0x9F, 0x00, 0x79,
    0xF0, 0x07, 0x8F, 0x00, 0x00, 0x00, 0x00, 0x00, 0x00, 0x00, 0x00, 0xFF, 0xCF, 0xEF, 0xFC, 0xFE,
    0x3F, 0x03, 0xC3, 0xF0, 0x38, 0x1F, 0x03, 0x81, 0xF0, 0x30, 0x1F, 0x87, 0x00, 0xF8, 0x70, 0x0F,
    0x86, 0x00, 0x7C, 0xE0, 0x07, 0xCC, 0x00, 0x7C, 0xC0, 0x03, 0xFC, 0x00, 0x3F, 0x80, 0x01, 0xF8,
    0x00, 0x1F, 0x80, 0x01, 0xF0, 0x00, 0x0F, 0x00, 0x00, 0xF0, 0x00, 0x0E, 0x00, 0x01, 0xE0, 0x00,
    0x3C, 0x00, 0x07, 0xC0, 0x03, 0xF8, 0x00, 0x7F, 0x00, 0x07, 0x80, 0x00, 0x00, 0xFF, 0x80, 0x00,
    0x3F, 0xE0, 0x00, 0x0F, 0xF8, 0x00, 0x00, 0x00, 0x00, 0x00, 0x00, 0x00, 0x00, 0x0F, 0x80, 0x00,
    0x03, 0xF0, 0x00, 0x01, 0xFC, 0x00, 0x00, 0x7F, 0x00, 0x00, 0x1F, 0xE0, 0x00, 0x0E, 0xF8, 0x00,
    0x03, 0xBE, 0x00, 0x00, 0xCF, 0xC0, 0x00, 0x71, 0xF0, 0x00, 0x1C, 0x7C, 0x00, 0x06, 0x1F, 0x80,
    0x03, 0x83, 0xE0, 0x00, 0xE0, 0xFC, 0x00, 0x70, 0x3F, 0x00, 0x1F, 0xFF, 0xC0, 0x07, 0xFF, 0xF8,
    0x03, 0x80, 0x7E, 0x00, 0xE0, 0x0F, 0x80, 0x38, 0x03, 0xF0, 0x1C, 0x00, 0xFC, 0x07, 0x00, 0x1F,
    0x03, 0xC0, 0x07, 0xE3, 0xFE, 0x0F, 0xFE, 0xFF, 0x83, 0xFF, 0x80, 0x0F, 0xFC, 0x03, 0xFF, 0x00,
    0xFF, 0xC0, 0x00, 0x00, 0x00, 0x00, 0x03, 0xFE, 0x03, 0xFF, 0xE0, 0xF8, 0xF8, 0x3C, 0x3F, 0x0F,
    0x07, 0xC0, 0x01, 0xF0, 0x00, 0x7C, 0x03, 0xFF, 0x07, 0xFF, 0xC3, 0xF3, 0xF1, 0xF0, 0x7C, 0x7C,
    0x1F, 0x3F, 0x07, 0xCF, 0xC3, 0xF1, 0xF0, 0xFC, 0x7E, 0x7F, 0x1F, 0xF7, 0xF1, 0xF9, 0xFC, 0x00,
    0x00, 0x00, 0x80, 0xC0, 0x00, 0x70, 0x70, 0x00, 0x0E, 0x3C, 0x00, 0x03, 0xFE, 0x00, 0x00, 0x7F,
    0x00, 0x00, 0x0F, 0x80, 0x00, 0x00, 0x00, 0x00, 0x00, 0x00, 0x00, 0x00, 0x3E, 0x00, 0x00, 0x0F,
    0xC0, 0x00, 0x07, 0xF0, 0x00, 0x01, 0xFC, 0x00, 0x00, 0x7F, 0x80, 0x00, 0x3B, 0xE0, 0x00, 0x0E,
    0xF8, 0x00, 0x03, 0x3F, 0x00, 0x01, 0xC7, 0xC0, 0x00, 0x71, 0xF0, 0x00, 0x18, 0x7E, 0x00, 0x0E,
    0x0F, 0x80, 0x03, 0x83, 0xF0, 0x01, 0xC0, 0xFC, 0x00, 0x7F, 0xFF, 0x00, 0x1F, 0xFF, 0xE0, 0x0E,
    0x01, 0xF8, 0x03, 0x80, 0x3E, 0x00, 0xE0, 0x0F, 0xC0, 0x70, 0x03, 0xF0, 0x1C, 0x00, 0x7C, 0x0F,
    0x00, 0x1F, 0x8F, 0xF8, 0x3F, 0xFB, 0xFE, 0x0F, 0xFE, 0x08, 0x08, 0x07, 0x07, 0x01, 0xE3, 0xC0,
    0x3F, 0xE0, 0x07, 0xF0, 0x00, 0xF8, 0x00, 0x00, 0x00, 0x00, 0x00, 0x0F, 0xF8, 0x0F, 0xFF, 0x83,
    0xE3, 0xE0, 0xF0, 0xFC, 0x3C, 0x1F, 0x00, 0x07, 0xC0, 0x01, 0xF0, 0x0F, 0xFC, 0x1F, 0xFF, 0x0F,
    0xCF, 0xC7, 0xC1, 0xF1, 0xF0, 0x7C, 0xFC, 0x1F, 0x3F, 0x0F, 0xC7, 0xC3, 0xF1, 0xF9, 0xFC, 0x7F,
    0xDF, 0xC7, 0xE7, 0xF0, 0x00, 0x00, 0x00, 0x3E, 0x00, 0x00, 0x0F, 0xC0, 0x00, 0x07, 0xF0, 0x00,
    0x01, 0xFC, 0x00, 0x00, 0x7F, 0x80, 0x00, 0x3B, 0xE0, 0x00, 0x0E, 0xF8, 0x00, 0x03, 0x3F, 0x00,
    0x01, 0xC7, 0xC0, 0x00, 0x71, 0xF0, 0x00, 0x18, 0x7E, 0x00, 0x0E, 0x0F, 0x80, 0x03, 0x83, 0xF0,
    0x01, 0xC0, 0xFC, 0x00, 0x7F, 0xFF, 0x00, 0x1F, 0xFF, 0xE0, 0x0E, 0x01, 0xF8, 0x03, 0x80, 0x3E,
    0x00, 0xE0, 0x0F, 0xC0, 0x70, 0x03, 0xF0, 0x1C, 0x00, 0x7C, 0x0F, 0x00, 0x1F, 0x8F, 0xF8, 0x3F,
    0xFB, 0xFE, 0x0F, 0xFE, 0x00, 0x00, 0x3C, 0x00, 0x00, 0x1C, 0x00, 0x00, 0x0F, 0x00, 0x00, 0x03,
    0xC0, 0x00, 0x00, 0xF0, 0x00, 0x00, 0x3F, 0xC0, 0x00, 0x07, 0xF0, 0x00, 0x00, 0xFC, 0x00, 0x00,
    0x03, 0xFE, 0x03, 0xFF, 0xE0, 0xF8, 0xF8, 0x3C, 0x3F, 0x0F, 0x07, 0xC0, 0x01, 0xF0, 0x00, 0x7C,
    0x03, 0xFF, 0x07, 0xFF, 0xC3, 0xF3, 0xF1, 0xF0, 0x7C, 0x7C, 0x1F, 0x3F, 0x07, 0xCF, 0xC3, 0xF1,
    0xF0, 0xFC, 0x7E, 0x7F, 0x1F, 0xF7, 0xF1, 0xF9, 0xFC, 0x00, 0xE0, 0x00, 0x70, 0x00, 0x3C, 0x00,
    0x0E, 0x00, 0x03, 0x80, 0x00, 0xFE, 0x00, 0x3F, 0xC0, 0x07, 0xE0, 0x00, 0x07, 0xC0, 0x00, 0xFC,
    0x00, 0x0F, 0x80, 0x01, 0xF0, 0x00, 0x3C, 0x00, 0x03, 0x80, 0x00, 0x00, 0x00, 0x00, 0x00, 0x00,
    0xFF, 0x80, 0x3F, 0xFE, 0x0F, 0xC3, 0xF1, 0xF8, 0x1F, 0x1F, 0x01, 0xF3, 0xE0, 0x0E, 0x3E, 0x00,
    0xC7, 0xE0, 0x00, 0x7E, 0x00, 0x07, 0xE0, 0x00, 0x7E, 0x00, 0x07, 0xE0, 0x00, 0x7E, 0x00, 0x07,
    0xE0, 0x00, 0x7E, 0x00, 0x07, 0xE0, 0x00, 0x7E, 0x00, 0x03, 0xE0, 0x00, 0x3F, 0x00, 0x03, 0xF0,
    0x03, 0x1F, 0x80, 0x70, 0xFF, 0x3F, 0x07, 0xFF, 0xE0, 0x1F, 0xF8, 0x00, 0x00, 0x00, 0x00, 0x3E,
    0x00, 0x7C, 0x00, 0xF8, 0x00, 0xF0, 0x01, 0xE0, 0x03, 0x80, 0x00, 0x00, 0x00, 0x00, 0x07, 0xF8,
    0x1F, 0xFE, 0x3E, 0x3E, 0x3E, 0x1E, 0x7C, 0x1E, 0x7C, 0x1C, 0x7C, 0x00, 0x7C, 0x00, 0xFC, 0x00,
    0xFC, 0x00, 0xFC, 0x00, 0x7C, 0x00, 0x7C, 0x00, 0x7C, 0x02, 0x7E, 0x06, 0x3F, 0x1E, 0x1F, 0xFE,
    0x0F, 0xF8, 0x00, 0x00, 0x00, 0x7C, 0x00, 0x07, 0xE0, 0x00, 0xFE, 0x00, 0x1E, 0xF0, 0x03, 0xC7,
    0x80, 0x38, 0x1C, 0x00, 0x00, 0x00, 0x00, 0x00, 0x00, 0xFF, 0x80, 0x3F, 0xFE, 0x0F, 0xC3, 0xF1,
    0xF8, 0x1F, 0x1F, 0x01, 0xF3, 0xE0, 0x0E, 0x3E, 0x00, 0xC7, 0xE0, 0x00, 0x7E, 0x00, 0x07, 0xE0,
    0x00, 0x7E, 0x00, 0x07, 0xE0, 0x00, 0x7E, 0x00, 0x07, 0xE0, 0x00, 0x7E, 0x00, 0x07, 0xE0, 0x00,
    0x7E, 0x00, 0x03, 0xE0, 0x00, 0x3F, 0x00, 0x03, 0xF0, 0x03, 0x1F, 0x80, 0x70, 0xFF, 0x3F, 0x07,
    0xFF, 0xE0, 0x1F, 0xF8, 0x00, 0x00, 0x00, 0x03, 0xE0, 0x03, 0xF0, 0x07, 0xF0, 0x0F, 0x78, 0x1E,
    0x3C, 0x1C, 0x0C, 0x00, 0x00, 0x00, 0x00, 0x07, 0xF8, 0x1F, 0xFE, 0x3E, 0x3E, 0x3E, 0x1E, 0x7C,
    0x1E, 0x7C, 0x1C, 0x7C, 0x00, 0x7C, 0x00, 0xFC, 0x00, 0xFC, 0x00, 0xFC, 0x00, 0x7C, 0x00, 0x7C,
    0x00, 0x7C, 0x02, 0x7E, 0x06, 0x3F, 0x1E, 0x1F, 0xFE, 0x0F, 0xF8, 0x00, 0x00, 0x00, 0x38, 0x00,
    0x07, 0xE0, 0x00, 0x7E, 0x00, 0x07, 0xE0, 0x00, 0x3C, 0x00, 0x00, 0x00, 0x00, 0x00, 0x00, 0x00,
    0x00, 0x00, 0xFF, 0x80, 0x3F, 0xFE, 0x0F, 0xC3, 0xF1, 0xF8, 0x1F, 0x1F, 0x01, 0xF3, 0xE0, 0x0E,
    0x3E, 0x00, 0xC7, 0xE0, 0x00, 0x7E, 0x00, 0x07, 0xE0, 0x00, 0x7E, 0x00, 0x07, 0xE0, 0x00, 0x7E,
    0x00, 0x07, 0xE0, 0x00, 0x7E, 0x00, 0x07, 0xE0, 0x00, 0x7E, 0x00, 0x03, 0xE0, 0x00, 0x3F, 0x00,
    0x03, 0xF0, 0x03, 0x1F, 0x80, 0x70, 0xFF, 0x3F, 0x07, 0xFF, 0xE0, 0x1F, 0xF8, 0x00, 0x00, 0x00,
    0x01, 0xC0, 0x03, 0xE0, 0x03, 0xF0, 0x03, 0xE0, 0x03, 0xE0, 0x00, 0x00, 0x00, 0x00, 0x00, 0x00,
    0x07, 0xF8, 0x1F, 0xFE, 0x3E, 0x3E, 0x3E, 0x1E, 0x7C, 0x1E, 0x7C, 0x1C, 0x7C, 0x00, 0x7C, 0x00,
    0xFC, 0x00, 0xFC, 0x00, 0xFC, 0x00, 0x7C, 0x00, 0x7C, 0x00, 0x7C, 0x02, 0x7E, 0x06, 0x3F, 0x1E,
    0x1F, 0xFE, 0x0F, 0xF8, 0x00, 0x00, 0x03, 0x01, 0x80, 0x38, 0x38, 0x01, 0xE7, 0x00, 0x0F, 0xF0,
    0x00, 0x7E, 0x00, 0x07, 0xC0, 0x00, 0x00, 0x00, 0x00, 0x00, 0x00, 0xFF, 0x80, 0x3F, 0xFE, 0x0F,
    0xC3, 0xF1, 0xF8, 0x1F, 0x1F, 0x01, 0xF3, 0xE0, 0x0E, 0x3E, 0x00, 0xC7, 0xE0, 0x00, 0x7E, 0x00,
    0x07, 0xE0, 0x00, 0x7E, 0x00, 0x07, 0xE0, 0x00, 0x7E, 0x00, 0x07, 0xE0, 0x00, 0x7E, 0x00, 0x07,
    0xE0, 0x00, 0x7E, 0x00, 0x03, 0xE0, 0x00, 0x3F, 0x00, 0x03, 0xF0, 0x03, 0x1F, 0x80, 0x70, 0xFF,
    0x3F, 0x07, 0xFF, 0xE0, 0x1F, 0xF8, 0x00, 0x00, 0x00, 0x18, 0x0C, 0x1C, 0x1C, 0x0F, 0x38, 0x07,
    0xF8, 0x03, 0xF0, 0x03, 0xE0, 0x00, 0x00, 0x00, 0x00, 0x07, 0xF8, 0x1F, 0xFE, 0x3E, 0x3E, 0x3E,
    0x1E, 0x7C, 0x1E, 0x7C, 0x1C, 0x7C, 0x00, 0x7C, 0x00, 0xFC, 0x00, 0xFC, 0x00, 0xFC, 0x00, 0x7C,
    0x00, 0x7C, 0x00, 0x7C, 0x02, 0x7E, 0x06, 0x3F, 0x1E, 0x1F, 0xFE, 0x0F, 0xF8, 0x00, 0x00, 0x01,
    0x80, 0xC0, 0x01, 0xC3, 0xC0, 0x00, 0xE7, 0x80, 0x00, 0xFF, 0x00, 0x00, 0x7E, 0x00, 0x00, 0x3E,
    0x00, 0x00, 0x00, 0x00, 0x00, 0x00, 0x00, 0x7F, 0xFF, 0x00, 0x7F, 0xFF, 0xE0, 0x1F, 0xC7, 0xF0,
    0x0F, 0x81, 0xF8, 0x0F, 0x80, 0xFC, 0x0F, 0x80, 0x7E, 0x0F, 0x80, 0x7E, 0x0F, 0x80, 0x3E, 0x0F,
    0x80, 0x3F, 0x0F, 0x80, 0x3F, 0x0F, 0x80, 0x3F, 0x0F, 0x80, 0x3F, 0x0F, 0x80, 0x3F, 0x0F, 0x80,
    0x3F, 0x0F, 0x80, 0x3F, 0x0F, 0x80, 0x3E, 0x0F, 0x80, 0x7E, 0x0F, 0x80, 0x7E, 0x0F, 0x80, 0x7C,
    0x0F, 0x80, 0xFC, 0x0F, 0x81, 0xF8, 0x0F, 0x87, 0xF0, 0x7F, 0xFF, 0xE0, 0x7F, 0xFF, 0x00, 0x00,
    0x00, 0x00, 0x00, 0x3F, 0xC7, 0x80, 0x0F, 0xE3, 0xC0, 0x01, 0xF1, 0xC0, 0x00, 0xF9, 0xC0, 0x00,
    0x7C, 0xE0, 0x00, 0x3E, 0x00, 0x00, 0x1F, 0x00, 0x0F, 0xEF, 0x80, 0x0F, 0xFF, 0xC0, 0x0F, 0xCF,
    0xE0, 0x0F, 0xC3, 0xF0, 0x07, 0xC0, 0xF8, 0x03, 0xE0, 0x7C, 0x01, 0xF0, 0x3E, 0x01, 0xF8, 0x1F,
    0x00, 0xFC, 0x0F, 0x80, 0x7E, 0x07, 0xC0, 0x3F, 0x03, 0xE0, 0x0F, 0x81, 0xF0, 0x07, 0xC0, 0xF8,
    0x03, 0xE0, 0x7C, 0x01, 0xF8, 0x7E, 0x00, 0x7E, 0x7F, 0x80, 0x3F, 0xF7, 0xF0, 0x07, 0xF3, 0xF8,
    0x00, 0x00, 0x00, 0x00, 0x7F, 0xFF, 0x00, 0x7F, 0xFF, 0xE0, 0x1F, 0xC7, 0xF0, 0x0F, 0x81, 0xF8,
    0x0F, 0x80, 0xFC, 0x0F, 0x80, 0x7E, 0x0F, 0x80, 0x7E, 0x0F, 0x80, 0x3E, 0x0F, 0x80, 0x3F, 0x0F,
    0x80, 0x3F, 0x3F, 0xF8, 0x3F, 0x7F, 0xFC, 0x3F, 0x7F, 0xF8, 0x3F, 0x0F, 0x80, 0x3F, 0x0F, 0x80,
    0x3F, 0x0F, 0x80, 0x3E, 0x0F, 0x80, 0x7E, 0x0F, 0x80, 0x7E, 0x0F, 0x80, 0x7C, 0x0F, 0x80, 0xFC,
    0x0F, 0x81, 0xF8, 0x0F, 0x87, 0xF0, 0x7F, 0xFF, 0xE0, 0x7F, 0xFF, 0x00, 0x00, 0x00, 0x00, 0x03,
    0xFC, 0x00, 0x0F, 0xE0, 0x00, 0x1F, 0x00, 0x00, 0xF8, 0x00, 0xFF, 0xF8, 0x07, 0xFF, 0xC0, 0x01,
    0xF0, 0x00, 0x0F, 0x80, 0x7E, 0x7C, 0x07, 0xFF, 0xE0, 0x7E, 0x7F, 0x07, 0xE1, 0xF8, 0x3E, 0x07,
    0xC1, 0xF0, 0x3E, 0x0F, 0x81, 0xF0, 0xFC, 0x0F, 0x87, 0xE0, 0x7C, 0x3F, 0x03, 0xE0, 0xF8, 0x1F,
    0x07, 0xC0, 0xF8, 0x3E, 0x07, 0xC1, 0xF8, 0x7E, 0x07, 0xE7, 0xF8, 0x3F, 0xF7, 0xF0, 0x7F, 0x3F,
    0x80, 0x00, 0x00, 0x03, 0xFF, 0x00, 0x1F, 0xF8, 0x00, 0xFF, 0xC0, 0x00, 0x00, 0x00, 0x00, 0x00,
    0x3F, 0xFF, 0xF9, 0xFF, 0xFF, 0xC3, 0xF8, 0x3E, 0x0F, 0x80, 0x70, 0x7C, 0x03, 0x83, 0xE0, 0x1C,
    0x1F, 0x00, 0x00, 0xF8, 0x00, 0x07, 0xC0, 0x00, 0x3E, 0x00, 0x01, 0xFF, 0xF0, 0x0F, 0xFF, 0x80,
    0x7F, 0xFC, 0x03, 0xE0, 0x00, 0x1F, 0x00, 0x00, 0xF8, 0x00, 0x07, 0xC0, 0x00, 0x3E, 0x00, 0x01,
    0xF0, 0x07, 0x0F, 0x80, 0x38, 0x7C, 0x01, 0xC3, 0xE0, 0x1E, 0xFF, 0xFF, 0xF7, 0xFF, 0xFF, 0x80,
    0x0F, 0xFC, 0x07, 0xFE, 0x03, 0xFF, 0x00, 0x00, 0x00, 0x00, 0x00, 0x3F, 0xC0, 0x7F, 0xF0, 0x7C,
    0x7C, 0x3E, 0x1F, 0x3E, 0x0F, 0x9F, 0x07, 0xEF, 0x83, 0xF7, 0xFF, 0xFF, 0xFF, 0xFF, 0xFF, 0xFD,
    0xF8, 0x00, 0x7C, 0x00, 0x3E, 0x00, 0x1F, 0x80, 0xC7, 0xC0, 0x63, 0xF8, 0xF0, 0xFF, 0xF0, 0x1F,
    0xF0, 0x00, 0x00, 0x03, 0x01, 0x00, 0x1C, 0x18, 0x00, 0xF3, 0xC0, 0x03, 0xFE, 0x00, 0x1F, 0xE0,
    0x00, 0x3C, 0x00, 0x00, 0x00, 0x00, 0x00, 0x00, 0x7F, 0xFF, 0xF3, 0xFF, 0xFF, 0x87, 0xF0, 0x7C,
    0x1F, 0x00, 0xE0, 0xF8, 0x07, 0x07, 0xC0, 0x38, 0x3E, 0x00, 0x01, 0xF0, 0x00, 0x0F, 0x80, 0x00,
    0x7C, 0x00, 0x03, 0xFF, 0xE0, 0x1F, 0xFF, 0x00, 0xFF, 0xF8, 0x07, 0xC0, 0x00, 0x3E, 0x00, 0x01,
    0xF0, 0x00, 0x0F, 0x80, 0x00, 0x7C, 0x00, 0x03, 0xE0, 0x0E, 0x1F, 0x00, 0x70, 0xF8, 0x03, 0x87,
    0xC0, 0x3D, 0xFF, 0xFF, 0xEF, 0xFF, 0xFF, 0x08, 0x0C, 0x0E, 0x0E, 0x03, 0xCF, 0x01, 0xFF, 0x00,
    0x7F, 0x80, 0x0F, 0x00, 0x00, 0x00, 0x00, 0x00, 0x07, 0xF8, 0x0F, 0xFE, 0x0F, 0x8F, 0x87, 0xC3,
    0xE7, 0xC1, 0xF3, 0xE0, 0xFD, 0xF0, 0x7E, 0xFF, 0xFF, 0xFF, 0xFF, 0xFF, 0xFF, 0xBF, 0x00, 0x0F,
    0x80, 0x07, 0xC0, 0x03, 0xF0, 0x18, 0xF8, 0x0C, 0x7F, 0x1E, 0x1F, 0xFE, 0x03, 0xFE, 0x00, 0x00,
    0x00, 0x00, 0x30, 0x00, 0x07, 0xE0, 0x00, 0x3F, 0x00, 0x01, 0xF8, 0x00, 0x07, 0x80, 0x00, 0x00,
    0x00, 0x00, 0x00, 0x0F, 0xFF, 0xFE, 0x7F, 0xFF, 0xF0, 0xFE, 0x0F, 0x83, 0xE0, 0x1C, 0x1F, 0x00,
    0xE0, 0xF8, 0x07, 0x07, 0xC0, 0x00, 0x3E, 0x00, 0x01, 0xF0, 0x00, 0x0F, 0x80, 0x00, 0x7F, 0xFC,
    0x03, 0xFF, 0xE0, 0x1F, 0xFF, 0x00, 0xF8, 0x00, 0x07, 0xC0, 0x00, 0x3E, 0x00, 0x01, 0xF0, 0x00,
    0x0F, 0x80, 0x00, 0x7C, 0x01, 0xC3, 0xE0, 0x0E, 0x1F, 0x00, 0x70, 0xF8, 0x07, 0xBF, 0xFF, 0xFD,
    0xFF, 0xFF, 0xE0, 0x01, 0xC0, 0x01, 0xF8, 0x00, 0xFC, 0x00, 0x7E, 0x00, 0x1E, 0x00, 0x00, 0x00,
    0x00, 0x00, 0x00, 0x00, 0x07, 0xF8, 0x0F, 0xFE, 0x0F, 0x8F, 0x87, 0xC3, 0xE7, 0xC1, 0xF3, 0xE0,
    0xFD, 0xF0, 0x7E, 0xFF, 0xFF, 0xFF, 0xFF, 0xFF, 0xFF, 0xBF, 0x00, 0x0F, 0x80, 0x07, 0xC0, 0x03,
    0xF0, 0x18, 0xF8, 0x0C, 0x7F, 0x1E, 0x1F, 0xFE, 0x03, 0xFE, 0x00, 0x00, 0x00, 0x7F, 0xFF, 0xF3,
    0xFF, 0xFF, 0x87, 0xF0, 0x7C, 0x1F, 0x00, 0xE0, 0xF8, 0x07, 0x07, 0xC0, 0x38, 0x3E, 0x00, 0x01,
    0xF0, 0x00, 0x0F, 0x80, 0x00, 0x7C, 0x00, 0x03, 0xFF, 0xE0, 0x1F, 0xFF, 0x00, 0xFF, 0xF8, 0x07,
    0xC0, 0x00, 0x3E, 0x00, 0x01, 0xF0, 0x00, 0x0F, 0x80, 0x00, 0x7C, 0x00, 0x03, 0xE0, 0x0E, 0x1F,
    0x00, 0x70, 0xF8, 0x03, 0x87, 0xC0, 0x3D, 0xFF, 0xFF, 0xEF, 0xFF, 0xFF, 0x00, 0x03, 0xC0, 0x00,
    0x38, 0x00, 0x03, 0xC0, 0x00, 0x1E, 0x00, 0x00, 0xF0, 0x00, 0x07, 0xF8, 0x00, 0x1F, 0xC0, 0x00,
    0x7E, 0x00, 0x00, 0x03, 0xFC, 0x07, 0xFF, 0x07, 0xC7, 0xC3, 0xE1, 0xF3, 0xE0, 0xF9, 0xF0, 0x7E,
    0xF8, 0x3F, 0x7F, 0xFF, 0xFF, 0xFF, 0xFF, 0xFF, 0xDF, 0x80, 0x07, 0xC0, 0x03, 0xE0, 0x01, 0xF8,
    0x00, 0x7C, 0x06, 0x3F, 0x8F, 0x0F, 0xFF, 0x01, 0xFF, 0x00, 0x1E, 0x00, 0x0E, 0x00, 0x0E, 0x00,
    0x07, 0x00, 0x03, 0x80, 0x01, 0xFC, 0x00, 0xFF, 0x00, 0x3F, 0x00, 0x07, 0x03, 0x80, 0x3C, 0x3C,
    0x00, 0xF3, 0xC0, 0x03, 0xFC, 0x00, 0x0F, 0xC0, 0x00, 0x3C, 0x00, 0x00, 0x00, 0x00, 0x00, 0x00,
    0x7F, 0xFF, 0xF3, 0xFF, 0xFF, 0x87, 0xF0, 0x7C, 0x1F, 0x00, 0xE0, 0xF8, 0x07, 0x07, 0xC0, 0x38,
    0x3E, 0x00, 0x01, 0xF0, 0x00, 0x0F, 0x80, 0x00, 0x7C, 0x00, 0x03, 0xFF, 0xE0, 0x1F, 0xFF, 0x00,
    0xFF, 0xF8, 0x07, 0xC0, 0x00, 0x3E, 0x00, 0x01, 0xF0, 0x00, 0x0F, 0x80, 0x00, 0x7C, 0x00, 0x03,
    0xE0, 0x0E, 0x1F, 0x00, 0x70, 0xF8, 0x03, 0x87, 0xC0, 0x3D, 0xFF, 0xFF, 0xEF, 0xFF, 0xFF, 0x18,
    0x0C, 0x0F, 0x0E, 0x03, 0xCE, 0x00, 0xFF, 0x00, 0x3F, 0x00, 0x1F, 0x00, 0x00, 0x00, 0x00, 0x00,
    0x07, 0xF8, 0x0F, 0xFE, 0x0F, 0x8F, 0x87, 0xC3, 0xE7, 0xC1, 0xF3, 0xE0, 0xFD, 0xF0, 0x7E, 0xFF,
    0xFF, 0xFF, 0xFF, 0xFF, 0xFF, 0xBF, 0x00, 0x0F, 0x80, 0x07, 0xC0, 0x03, 0xF0, 0x18, 0xF8, 0x0C,
    0x7F, 0x1E, 0x1F, 0xFE, 0x03, 0xFE, 0x00, 0x00, 0x00, 0x00, 0x3E, 0x00, 0x00, 0x3F, 0x00, 0x00,
    0x7F, 0x00, 0x00, 0xF7, 0x80, 0x01, 0xE3, 0xC0, 0x01, 0xC0, 0xE0, 0x00, 0x00, 0x00, 0x00, 0x00,
    0x00, 0x00, 0xFF, 0xE0, 0x03, 0xFF, 0xF0, 0x07, 0xE1, 0xF8, 0x0F, 0x80, 0xFC, 0x1F, 0x00, 0x7C,
    0x3F, 0x00, 0x78, 0x3E, 0x00, 0x60, 0x7E, 0x00, 0x00, 0x7E, 0x00, 0x00, 0x7E, 0x00, 0x00, 0x7E,
    0x00, 0x00, 0x7E, 0x00, 0x00, 0x7E, 0x00, 0x00, 0x7E, 0x07, 0xFF, 0x7E, 0x07, 0xFE, 0x7E, 0x00,
    0xFC, 0x7E, 0x00, 0xF8, 0x3E, 0x00, 0xF8, 0x3F, 0x00, 0xF8, 0x1F, 0x00, 0xF8, 0x1F, 0x80, 0xF8,
    0x0F, 0xE0, 0xF8, 0x03, 0xFF, 0xF8, 0x00, 0xFF, 0xE0, 0x00, 0x00, 0x00, 0x03, 0xE0, 0x00, 0x7E,
    0x00, 0x1F, 0xC0, 0x07, 0xBC, 0x01, 0xE3, 0xC0, 0x38, 0x1C, 0x00, 0x00, 0x00, 0x00, 0x1E, 0x0F,
    0xFF, 0xE3, 0xFF, 0xFC, 0xF8, 0xFB, 0x1E, 0x0F, 0x07, 0xC1, 0xF0, 0xF8, 0x3E, 0x1F, 0x07, 0xC1,
    0xE0, 0xF8, 0x3E, 0x3E, 0x03, 0xEF, 0xC0, 0x3F, 0xF0, 0x07, 0xF0, 0x01, 0xC0, 0x00, 0x78, 0x00,
    0x0F, 0xFF, 0x01, 0xFF, 0xF8, 0x1F, 0xFF, 0x83, 0xFF, 0xF1, 0xFF, 0xFF, 0x7C, 0x03, 0xEF, 0x00,
    0x7D, 0xE0, 0x0F, 0x3E, 0x01, 0xE3, 0xE1, 0xF8, 0x3F, 0xFE, 0x01, 0xFE, 0x00, 0x00, 0x80, 0xC0,
    0x01, 0xC1, 0xC0, 0x00, 0xE3, 0xC0, 0x00, 0xFF, 0x80, 0x00, 0x7F, 0x00, 0x00, 0x3E, 0x00, 0x00,
    0x00, 0x00, 0x00, 0x00, 0x00, 0x00, 0xFF, 0xE0, 0x03, 0xFF, 0xF0, 0x07, 0xE1, 0xF8, 0x0F, 0x80,
    0xFC, 0x1F, 0x00, 0x7C, 0x3F, 0x00, 0x78, 0x3E, 0x00, 0x60, 0x7E, 0x00, 0x00, 0x7E, 0x00, 0x00,
    0x7E, 0x00, 0x00, 0x7E, 0x00, 0x00, 0x7E, 0x00, 0x00, 0x7E, 0x00, 0x00, 0x7E, 0x07, 0xFF, 0x7E,
    0x07, 0xFE, 0x7E, 0x00, 0xFC, 0x7E, 0x00, 0xF8, 0x3E, 0x00, 0xF8, 0x3F, 0x00, 0xF8, 0x1F, 0x00,
    0xF8, 0x1F, 0x80, 0xF8, 0x0F, 0xE0, 0xF8, 0x03, 0xFF, 0xF8, 0x00, 0xFF, 0xE0, 0x00, 0x00, 0x00,
    0x08, 0x08, 0x03, 0x83, 0x80, 0x78, 0xF0, 0x07, 0xFC, 0x00, 0x7F, 0x00, 0x07, 0xC0, 0x00, 0x00,
    0x00, 0x00, 0x1E, 0x0F, 0xFF, 0xE3, 0xFF, 0xFC, 0xF8, 0xFB, 0x1E, 0x0F, 0x07, 0xC1, 0xF0, 0xF8,
    0x3E, 0x1F, 0x07, 0xC1, 0xE0, 0xF8, 0x3E, 0x3E, 0x03, 0xEF, 0xC0, 0x3F, 0xF0, 0x07, 0xF0, 0x01,
    0xC0, 0x00, 0x78, 0x00, 0x0F, 0xFF, 0x01, 0xFF, 0xF8, 0x1F, 0xFF, 0x83, 0xFF, 0xF1, 0xFF, 0xFF,
    0x7C, 0x03, 0xEF, 0x00, 0x7D, 0xE0, 0x0F, 0x3E, 0x01, 0xE3, 0xE1, 0xF8, 0x3F, 0xFE, 0x01, 0xFE,
    0x00, 0x00, 0x1C, 0x00, 0x00, 0x3E, 0x00, 0x00, 0x3F, 0x00, 0x00, 0x3E, 0x00, 0x00, 0x3E, 0x00,
    0x00, 0x00, 0x00, 0x00, 0x00, 0x00, 0x00, 0x00, 0x00, 0x00, 0xFF, 0xE0, 0x03, 0xFF, 0xF0, 0x07,
    0xE1, 0xF8, 0x0F, 0x80, 0xFC, 0x1F, 0x00, 0x7C, 0x3F, 0x00, 0x78, 0x3E, 0x00, 0x60, 0x7E, 0x00,
    0x00, 0x7E, 0x00, 0x00, 0x7E, 0x00, 0x00, 0x7E, 0x00, 0x00, 0x7E, 0x00, 0x00, 0x7E, 0x00, 0x00,
    0x7E, 0x07, 0xFF, 0x7E, 0x07, 0xFE, 0x7E, 0x00, 0xFC, 0x7E, 0x00, 0xF8, 0x3E, 0x00, 0xF8, 0x3F,
    0x00, 0xF8, 0x1F, 0x00, 0xF8, 0x1F, 0x80, 0xF8, 0x0F, 0xE0, 0xF8, 0x03, 0xFF, 0xF8, 0x00, 0xFF,
    0xE0, 0x00, 0x00, 0x00, 0x01, 0xC0, 0x00, 0x7C, 0x00, 0x0F, 0x80, 0x01, 0xF0, 0x00, 0x3E, 0x00,
    0x00, 0x00, 0x00, 0x00, 0x00, 0x00, 0x1E, 0x0F, 0xFF, 0xE3, 0xFF, 0xFC, 0xF8, 0xFB, 0x1E, 0x0F,
    0x07, 0xC1, 0xF0, 0xF8, 0x3E, 0x1F, 0x07, 0xC1, 0xE0, 0xF8, 0x3E, 0x3E, 0x03, 0xEF, 0xC0, 0x3F,
    0xF0, 0x07, 0xF0, 0x01, 0xC0, 0x00, 0x78, 0x00, 0x0F, 0xFF, 0x01, 0xFF, 0xF8, 0x1F, 0xFF, 0x83,
    0xFF, 0xF1, 0xFF, 0xFF, 0x7C, 0x03, 0xEF, 0x00, 0x7D, 0xE0, 0x0F, 0x3E, 0x01, 0xE3, 0xE1, 0xF8,
    0x3F, 0xFE, 0x01, 0xFE, 0x00, 0x00, 0x00, 0x00, 0x00, 0xFF, 0xE0, 0x03, 0xFF, 0xF0, 0x07, 0xE1,
    0xF8, 0x0F, 0x80, 0xFC, 0x1F, 0x00, 0x7C, 0x3F, 0x00, 0x78, 0x3E, 0x00, 0x60, 0x7E, 0x00, 0x00,
    0x7E, 0x00, 0x00, 0x7E, 0x00, 0x00, 0x7E, 0x00, 0x00, 0x7E, 0x00, 0x00, 0x7E, 0x00, 0x00, 0x7E,
    0x07, 0xFF, 0x7E, 0x07, 0xFE, 0x7E, 0x00, 0xFC, 0x7E, 0x00, 0xF8, 0x3E, 0x00, 0xF8, 0x3F, 0x00,
    0xF8, 0x1F, 0x00, 0xF8, 0x1F, 0x80, 0xF8, 0x0F, 0xE0, 0xF8, 0x03, 0xFF, 0xF8, 0x00, 0xFF, 0xE0,
    0x00, 0x00, 0x00, 0x00, 0x00, 0x00, 0x00, 0x3C, 0x00, 0x00, 0x3C, 0x00, 0x00, 0x38, 0x00, 0x00,
    0x38, 0x00, 0x00, 0x70, 0x00, 0x00, 0x00, 0x00, 0x00, 0x30, 0x00, 0x0E, 0x00, 0x03, 0xC0, 0x00,
    0x70, 0x00, 0x1E, 0x00, 0x03, 0xC0, 0x00, 0x00, 0x00, 0x00, 0x1E, 0x0F, 0xFF, 0xE3, 0xFF, 0xFC,
    0xF8, 0xFB, 0x1E, 0x0F, 0x07, 0xC1, 0xF0, 0xF8, 0x3E, 0x1F, 0x07, 0xC1, 0xE0, 0xF8, 0x3E, 0x3E,
    0x03, 0xEF, 0xC0, 0x3F, 0xF0, 0x07, 0xF0, 0x01, 0xC0, 0x00, 0x78, 0x00, 0x0F, 0xFF, 0x01, 0xFF,
    0xF8, 0x1F, 0xFF, 0x83, 0xFF, 0xF1, 0xFF, 0xFF, 0x7C, 0x03, 0xEF, 0x00, 0x7D, 0xE0, 0x0F, 0x3E,
    0x01, 0xE3, 0xE1, 0xF8, 0x3F, 0xFE, 0x01, 0xFE, 0x00, 0x00, 0x0F, 0x00, 0x00, 0x03, 0xF0, 0x00,
    0x00, 0xFE, 0x00, 0x00, 0x3D, 0xE0, 0x00, 0x0F, 0x0E, 0x00, 0x01, 0xC0, 0xE0, 0x00, 0x00, 0x00,
    0x00, 0x00, 0x00, 0x00, 0x7F, 0xF1, 0xFF, 0xCF, 0xFE, 0x3F, 0xFC, 0x7F, 0x01, 0xFC, 0x07, 0xC0,
    0x1F, 0x00, 0xF8, 0x03, 0xE0, 0x1F, 0x00, 0x7C, 0x03, 0xE0, 0x0F, 0x80, 0x7C, 0x01, 0xF0, 0x0F,
    0x80, 0x3E, 0x01, 0xF0, 0x07, 0xC0, 0x3F, 0xFF, 0xF8, 0x07, 0xFF, 0xFF, 0x00, 0xFF, 0xFF, 0xE0,
    0x1F, 0x00, 0x7C, 0x03, 0xE0, 0x0F, 0x80, 0x7C, 0x01, 0xF0, 0x0F, 0x80, 0x3E, 0x01, 0xF0, 0x07,
    0xC0, 0x3E, 0x00, 0xF8, 0x07, 0xC0, 0x1F, 0x00, 0xF8, 0x03, 0xE0, 0x1F, 0x80, 0xFE, 0x1F, 0xFC,
    0x7F, 0xF3, 0xFF, 0x8F, 0xFF, 0x07, 0xC0, 0x00, 0x1F, 0x80, 0x00, 0xFE, 0x00, 0x07, 0xBC, 0x00,
    0x3C, 0x78, 0x00, 0xE0, 0x60, 0x00, 0x00, 0x00, 0x3F, 0xE0, 0x00, 0x7F, 0x80, 0x00, 0x7E, 0x00,
    0x01, 0xF8, 0x00, 0x07, 0xE0, 0x00, 0x1F, 0x80, 0x00, 0x7E, 0x00, 0x01, 0xF3, 0xF8, 0x07, 0xDF,
    0xF0, 0x1F, 0xFF, 0xE0, 0x7F, 0x1F, 0x81, 0xF8, 0x3E, 0x07, 0xE0, 0xF8, 0x1F, 0x83, 0xE0, 0x7E,
    0x0F, 0x81, 0xF8, 0x3E, 0x07, 0xE0, 0xF8, 0x1F, 0x83, 0xE0, 0x7E, 0x0F, 0x81, 0xF8, 0x3E, 0x07,
    0xE0, 0xF8, 0x1F, 0x83, 0xE0, 0x7E, 0x0F, 0xC7, 0xFE, 0x3F, 0x9F, 0xF8, 0xFE, 0x7F, 0xF1, 0xFF,
    0xCF, 0xFE, 0x3F, 0xFC, 0x7F, 0x01, 0xFC, 0x07, 0xC0, 0x1F, 0x00, 0xF8, 0x03, 0xE0, 0xFF, 0xFF,
    0xFF, 0xBF, 0xFF, 0xFF, 0xFB, 0xFF, 0xFF, 0xFE, 0x0F, 0x80, 0x3E, 0x01, 0xF0, 0x07, 0xC0, 0x3F,
    0xFF, 0xF8, 0x07, 0xFF, 0xFF, 0x00, 0xFF, 0xFF, 0xE0, 0x1F, 0x00, 0x7C, 0x03, 0xE0, 0x0F, 0x80,
    0x7C, 0x01, 0xF0, 0x0F, 0x80, 0x3E, 0x01, 0xF0, 0x07, 0xC0, 0x3E, 0x00, 0xF8, 0x07, 0xC0, 0x1F,
    0x00, 0xF8, 0x03, 0xE0, 0x1F, 0x80, 0xFE, 0x1F, 0xFC, 0x7F, 0xF3, 0xFF, 0x8F, 0xFF, 0x00, 0x00,
    0x03, 0xFE, 0x00, 0x07, 0xF8, 0x00, 0x07, 0xE0, 0x00, 0x1F, 0x80, 0x03, 0xFF, 0xF0, 0x0F, 0xFF,
    0xC0, 0x07, 0xE0, 0x00, 0x1F, 0x80, 0x00, 0x7E, 0xFE, 0x01, 0xF7, 0xFC, 0x07, 0xFF, 0xF8, 0x1F,
    0xC7, 0xE0, 0x7E, 0x1F, 0x81, 0xF8, 0x3E, 0x07, 0xE0, 0xF8, 0x1F, 0x83, 0xE0, 0x7E, 0x0F, 0x81,
    0xF8, 0x3E, 0x07, 0xE0, 0xF8, 0x1F, 0x83, 0xE0, 0x7E, 0x0F, 0x81, 0xF8, 0x3E, 0x07, 0xE0, 0xFC,
    0x7F, 0xE3, 0xF9, 0xFF, 0x8F, 0xE0, 0x18, 0x00, 0xF8, 0x67, 0xFF, 0xBF, 0xFE, 0xE7, 0xF3, 0x07,
    0x80, 0x00, 0x00, 0x00, 0x7F, 0xF9, 0xFF, 0xE1, 0xFC, 0x03, 0xE0, 0x0F, 0x80, 0x3E, 0x00, 0xF8,
    0x03, 0xE0, 0x0F, 0x80, 0x3E, 0x00, 0xF8, 0x03, 0xE0, 0x0F, 0x80, 0x3E, 0x00, 0xF8, 0x03, 0xE0,
    0x0F, 0x80, 0x3E, 0x00, 0xF8, 0x03, 0xE0, 0x0F, 0x80, 0x3F, 0x07, 0xFF, 0x1F, 0xFE, 0x08, 0x00,
    0xF8, 0x67, 0xFF, 0xBF, 0xFE, 0xE3, 0xF3, 0x07, 0x80, 0x00, 0x00, 0x00, 0x7F, 0x81, 0xFF, 0x00,
    0xFC, 0x03, 0xF0, 0x0F, 0xC0, 0x3F, 0x00, 0xFC, 0x03, 0xF0, 0x0F, 0xC0, 0x3F, 0x00, 0xFC, 0x03,
    0xF0, 0x0F, 0xC0, 0x3F, 0x00, 0xFC, 0x03, 0xF0, 0x3F, 0xF1, 0xFF, 0xC0, 0x3F, 0xF1, 0xFF, 0x8F,
    0xFC, 0x00, 0x00, 0x00, 0x3F, 0xFD, 0xFF, 0xE3, 0xF8, 0x0F, 0x80, 0x7C, 0x03, 0xE0, 0x1F, 0x00,
    0xF8, 0x07, 0xC0, 0x3E, 0x01, 0xF0, 0x0F, 0x80, 0x7C, 0x03, 0xE0, 0x1F, 0x00, 0xF8, 0x07, 0xC0,
    0x3E, 0x01, 0xF0, 0x0F, 0x80, 0x7C, 0x03, 0xF0, 0xFF, 0xE7, 0xFF, 0x80, 0xFF, 0xCF, 0xFC, 0xFF,
    0xC0, 0x00, 0x00, 0x0F, 0xF0, 0xFF, 0x81, 0xF8, 0x1F, 0x81, 0xF8, 0x1F, 0x81, 0xF8, 0x1F, 0x81,
    0xF8, 0x1F, 0x81, 0xF8, 0x1F, 0x81, 0xF8, 0x1F, 0x81, 0xF8, 0x1F, 0x87, 0xFE, 0xFF, 0xE0, 0x20,
    0x33, 0x83, 0x8E, 0x3C, 0x7F, 0xC1, 0xFC, 0x07, 0xC0, 0x00, 0x00, 0x00, 0x7F, 0xFB, 0xFF, 0xC7,
    0xF0, 0x1F, 0x00, 0xF8, 0x07, 0xC0, 0x3E, 0x01, 0xF0, 0x0F, 0x80, 0x7C, 0x03, 0xE0, 0x1F, 0x00,
    0xF8, 0x07, 0xC0, 0x3E, 0x01, 0xF0, 0x0F, 0x80, 0x7C, 0x03, 0xE0, 0x1F, 0x00, 0xF8, 0x07, 0xE1,
    0xFF, 0xCF, 0xFF, 0x40, 0x6E, 0x0E, 0x71, 0xE7, 0xFC, 0x3F, 0x81, 0xF0, 0x00, 0x00, 0x00, 0xFF,
    0x0F, 0xF8, 0x1F, 0x81, 0xF8, 0x1F, 0x81, 0xF8, 0x1F, 0x81, 0xF8, 0x1F, 0x81, 0xF8, 0x1F, 0x81,
    0xF8, 0x1F, 0x81, 0xF8, 0x1F, 0x81, 0xF8, 0x7F, 0xEF, 0xFE, 0x7F, 0xFB, 0xFF, 0xC7, 0xF0, 0x1F,
    0x00, 0xF8, 0x07, 0xC0, 0x3E, 0x01, 0xF0, 0x0F, 0x80, 0x7C, 0x03, 0xE0, 0x1F, 0x00, 0xF8, 0x07,
    0xC0, 0x3E, 0x01, 0xF0, 0x0F, 0x80, 0x7C, 0x03, 0xE0, 0x1F, 0x00, 0xF8, 0x07, 0xE1, 0xFF, 0xCF,
    0xFF, 0x03, 0x80, 0x38, 0x03, 0x80, 0x3C, 0x01, 0xE0, 0x0F, 0xF0, 0x3F, 0x80, 0xFC, 0x0E, 0x01,
    0xF0, 0x1F, 0x81, 0xF8, 0x0F, 0x00, 0x00, 0x00, 0x00, 0x00, 0xFF, 0x0F, 0xF8, 0x1F, 0x81, 0xF8,
    0x1F, 0x81, 0xF8, 0x1F, 0x81, 0xF8, 0x1F, 0x81, 0xF8, 0x1F, 0x81, 0xF8, 0x1F, 0x81, 0xF8, 0x1F,
    0x81, 0xF8, 0x7F, 0xEF, 0xFE, 0x07, 0x00, 0xE0, 0x1C, 0x03, 0xC0, 0x3C, 0x03, 0xFC, 0x1F, 0xC0,
    0xFC, 0x07, 0x00, 0x7C, 0x03, 0xF0, 0x1F, 0x00, 0xF8, 0x00, 0x00, 0x00, 0x00, 0x00, 0x7F, 0xFB,
    0xFF, 0xC7, 0xF0, 0x1F, 0x00, 0xF8, 0x07, 0xC0, 0x3E, 0x01, 0xF0, 0x0F, 0x80, 0x7C, 0x03, 0xE0,
    0x1F, 0x00, 0xF8, 0x07, 0xC0, 0x3E, 0x01, 0xF0, 0x0F, 0x80, 0x7C, 0x03, 0xE0, 0x1F, 0x00, 0xF8,
    0x07, 0xE1, 0xFF, 0xCF, 0xFF, 0xFF, 0x0F, 0xF8, 0x1F, 0x81, 0xF8, 0x1F, 0x81, 0xF8, 0x1F, 0x81,
    0xF8, 0x1F, 0x81, 0xF8, 0x1F, 0x81, 0xF8, 0x1F, 0x81, 0xF8, 0x1F, 0x81, 0xF8, 0x7F, 0xEF, 0xFE,
    0x7F, 0xFB, 0xFF, 0xDF, 0xFE, 0xFF, 0xF1, 0xFC, 0x07, 0xF0, 0x3E, 0x01, 0xF8, 0x0F, 0x80, 0x7E,
    0x03, 0xE0, 0x1F, 0x80, 0xF8, 0x07, 0xE0, 0x3E, 0x01, 0xF8, 0x0F, 0x80, 0x7E, 0x03, 0xE0, 0x1F,
    0x80, 0xF8, 0x07, 0xE0, 0x3E, 0x01, 0xF8, 0x0F, 0x80, 0x7E, 0x03, 0xE0, 0x1F, 0x80, 0xF8, 0x07,
    0xE0, 0x3E, 0x01, 0xF8, 0x0F, 0x80, 0x7E, 0x03, 0xE0, 0x1F, 0x80, 0xF8, 0x07, 0xE0, 0x3E, 0x01,
    0xF8, 0x0F, 0x80, 0x7E, 0x03, 0xF0, 0x1F, 0x87, 0xFF, 0x07, 0xE1, 0xFF, 0xE1, 0xF8, 0x00, 0x00,
    0x7E, 0x00, 0x00, 0x1F, 0x80, 0x00, 0x07, 0xE0, 0x00, 0x01, 0xF0, 0x00, 0x00, 0xFC, 0x00, 0x00,
    0x7E, 0x00, 0x00, 0x7F, 0x00, 0x00, 0x1F, 0x00, 0x0E, 0x00, 0xE0, 0xF8, 0x0F, 0x87, 0xE0, 0x7C,
    0x3F, 0x03, 0xE0, 0xF0, 0x1F, 0x00, 0x00, 0x00, 0x00, 0x00, 0x00, 0x00, 0x00, 0xFF, 0x0F, 0xF7,
    0xFC, 0x7F, 0x87, 0xE0, 0xFC, 0x3F, 0x03, 0xE1, 0xF8, 0x1F, 0x0F, 0xC0, 0xF8, 0x7E, 0x07, 0xC3,
    0xF0, 0x3E, 0x1F, 0x81, 0xF0, 0xFC, 0x0F, 0x87, 0xE0, 0x7C, 0x3F, 0x03, 0xE1, 0xF8, 0x1F, 0x0F,
    0xC0, 0xF8, 0x7E, 0x07, 0xC3, 0xF0, 0x3E, 0x7F, 0xE1, 0xF7, 0xFF, 0x0F, 0x80, 0x00, 0x7C, 0x00,
    0x03, 0xE0, 0x00, 0x1F, 0x00, 0x01, 0xF8, 0x00, 0x0F, 0x80, 0x00, 0xFC, 0x00, 0x1F, 0xC0, 0x00,
    0xF8, 0x00, 0x03, 0xC0, 0x1F, 0x80, 0xFE, 0x07, 0xBC, 0x3C, 0x38, 0xE0, 0x70, 0x00, 0x00, 0x00,
    0x3F, 0xFC, 0xFF, 0xF0, 0xFE, 0x01, 0xF8, 0x07, 0xE0, 0x1F, 0x80, 0x7E, 0x01, 0xF8, 0x07, 0xE0,
    0x1F, 0x80, 0x7E, 0x01, 0xF8, 0x07, 0xE0, 0x1F, 0x80, 0x7E, 0x01, 0xF8, 0x07, 0xE0, 0x1F, 0x80,
    0x7E, 0x01, 0xF8, 0x07, 0xE0, 0x1F, 0x80, 0x7E, 0x01, 0xF8, 0x07, 0xE0, 0x1F, 0x00, 0x7C, 0x03,
    0xF0, 0x0F, 0x80, 0x7E, 0x0F, 0xF0, 0x3F, 0x00, 0x0F, 0x00, 0xFC, 0x07, 0xF0, 0x7B, 0xC7, 0x0F,
    0x70, 0x38, 0x00, 0x00, 0x00, 0x7F, 0x83, 0xFE, 0x03, 0xF0, 0x1F, 0x80, 0xFC, 0x07, 0xE0, 0x3F,
    0x01, 0xF8, 0x0F, 0xC0, 0x7E, 0x03, 0xF0, 0x1F, 0x80, 0xFC, 0x07, 0xE0, 0x3F, 0x01, 0xF8, 0x0F,
    0xC0, 0x7E, 0x03, 0xF0, 0x1F, 0x00, 0xF8, 0x07, 0xC0, 0x7E, 0x07, 0xE0, 0xFE, 0x07, 0xC0, 0x00,
    0x7F, 0xF3, 0xFF, 0x3F, 0xFD, 0xFF, 0x87, 0xF0, 0x3F, 0x01, 0xF0, 0x1E, 0x00, 0xF8, 0x0E, 0x00,
    0x7C, 0x0E, 0x00, 0x3E, 0x0E, 0x00, 0x1F, 0x0E, 0x00, 0x0F, 0x8F, 0x00, 0x07, 0xCF, 0x00, 0x03,
    0xEF, 0x80, 0x01, 0xFF, 0xE0, 0x00, 0xFF, 0xF0, 0x00, 0x7F, 0xFC, 0x00, 0x3F, 0x7E, 0x00, 0x1F,
    0x1F, 0x80, 0x0F, 0x87, 0xE0, 0x07, 0xC3, 0xF0, 0x03, 0xE0, 0xFC, 0x01, 0xF0, 0x7F, 0x00, 0xF8,
    0x1F, 0x80, 0x7E, 0x07, 0xE1, 0xFF, 0xC3, 0xFC, 0xFF, 0xF0, 0x7F, 0x00, 0x00, 0x00, 0x00, 0x00,
    0x00, 0x00, 0x07, 0xC0, 0x00, 0x03, 0xC0, 0x00, 0x01, 0xC0, 0x00, 0x00, 0xE0, 0x00, 0x00, 0xE0,
    0x00, 0x00, 0x00, 0x00, 0x00, 0x00, 0x03, 0xFE, 0x00, 0x07, 0xF8, 0x00, 0x07, 0xE0, 0x00, 0x1F,
    0x80, 0x00, 0x7E, 0x00, 0x01, 0xF8, 0x00, 0x07, 0xE0, 0x00, 0x1F, 0x8F, 0xF0, 0x7E, 0x3F, 0xC1,
    0xF8, 0x7C, 0x07, 0xE1, 0xE0, 0x1F, 0x8F, 0x00, 0x7E, 0x78, 0x01, 0xFB, 0xC0, 0x07, 0xDF, 0x00,
    0x1F, 0xFE, 0x00, 0x7F, 0xF8, 0x01, 0xFF, 0xF0, 0x07, 0xE7, 0xE0, 0x1F, 0x9F, 0x80, 0x7E, 0x3F,
    0x01, 0xF8, 0x7E, 0x07, 0xE1, 0xFC, 0x7F, 0xE3, 0xFB, 0xFF, 0x83, 0xE0, 0x00, 0x00, 0x00, 0x00,
    0x00, 0x00, 0x3C, 0x00, 0x01, 0xE0, 0x00, 0x07, 0x80, 0x00, 0x1C, 0x00, 0x00, 0x60, 0x00, 0x00,
    0x00, 0x00, 0xFF, 0x0F, 0xF3, 0xFE, 0x3F, 0xC1, 0xF8, 0x7C, 0x07, 0xE1, 0xE0, 0x1F, 0x8F, 0x00,
    0x7E, 0x78, 0x01, 0xFB, 0xC0, 0x07, 0xDF, 0x00, 0x1F, 0xFC, 0x00, 0x7F, 0xF8, 0x01, 0xFF, 0xF0,
    0x07, 0xEF, 0xC0, 0x1F, 0x9F, 0x80, 0x7E, 0x3F, 0x01, 0xF8, 0xFC, 0x07, 0xE1, 0xF8, 0x7F, 0xE3,
    0xFB, 0xFF, 0x87, 0xE0, 0x00, 0x7C, 0x00, 0x07, 0xE0, 0x00, 0x3E, 0x00, 0x03, 0xC0, 0x00, 0x3C,
    0x00, 0x01, 0xC0, 0x00, 0x00, 0x00, 0x00, 0x00, 0x00, 0x7F, 0xF8, 0x03, 0xFF, 0xC0, 0x07, 0xF0,
    0x00, 0x1F, 0x00, 0x00, 0xF8, 0x00, 0x07, 0xC0, 0x00, 0x3E, 0x00, 0x01, 0xF0, 0x00, 0x0F, 0x80,
    0x00, 0x7C, 0x00, 0x03, 0xE0, 0x00, 0x1F, 0x00, 0x00, 0xF8, 0x00, 0x07, 0xC0, 0x00, 0x3E, 0x00,
    0x01, 0xF0, 0x00, 0x0F, 0x80, 0x10, 0x7C, 0x00, 0xC3, 0xE0, 0x0E, 0x1F, 0x00, 0x70, 0xF8, 0x03,
    0x87, 0xC0, 0x3D, 0xFF, 0xFF, 0xEF, 0xFF, 0xFF, 0x01, 0xF0, 0x1F, 0x80, 0xF8, 0x0F, 0x00, 0xF0,
    0x07, 0x00, 0x00, 0x1F, 0xF0, 0x7F, 0x80, 0xFC, 0x07, 0xE0, 0x3F, 0x01, 0xF8, 0x0F, 0xC0, 0x7E,
    0x03, 0xF0, 0x1F, 0x80, 0xFC, 0x07, 0xE0, 0x3F, 0x01, 0xF8, 0x0F, 0xC0, 0x7E, 0x03, 0xF0, 0x1F,
    0x80, 0xFC, 0x07, 0xE0, 0x3F, 0x01, 0xF8, 0x0F, 0xC1, 0xFF, 0x9F, 0xFC, 0x7F, 0xF8, 0x03, 0xFF,
    0xC0, 0x07, 0xF0, 0x00, 0x1F, 0x00, 0x00, 0xF8, 0x00, 0x07, 0xC0, 0x00, 0x3E, 0x00, 0x01, 0xF0,
    0x00, 0x0F, 0x80, 0x00, 0x7C, 0x00, 0x03, 0xE0, 0x00, 0x1F, 0x00, 0x00, 0xF8, 0x00, 0x07, 0xC0,
    0x00, 0x3E, 0x00, 0x01, 0xF0, 0x00, 0x0F, 0x80, 0x10, 0x7C, 0x00, 0xC3, 0xE0, 0x0E, 0x1F, 0x00,
    0x70, 0xF8, 0x03, 0x87, 0xC0, 0x3D, 0xFF, 0xFF, 0xEF, 0xFF, 0xFF, 0x00, 0x00, 0x00, 0x00, 0x00,
    0x00, 0x1E, 0x00, 0x00, 0xF0, 0x00, 0x07, 0x00, 0x00, 0x78, 0x00, 0x03, 0x80, 0x00, 0x00, 0x00,
    0x00, 0x0F, 0xF8, 0x7F, 0x81, 0xF8, 0x1F, 0x81, 0xF8, 0x1F, 0x81, 0xF8, 0x1F, 0x81, 0xF8, 0x1F,
    0x81, 0xF8, 0x1F, 0x81, 0xF8, 0x1F, 0x81, 0xF8, 0x1F, 0x81, 0xF8, 0x1F, 0x81, 0xF8, 0x1F, 0x81,
    0xF8, 0x1F, 0x81, 0xF8, 0x7F, 0xEF, 0xFE, 0x00, 0x00, 0x00, 0x0F, 0x00, 0xE0, 0x1E, 0x01, 0xC0,
    0x18, 0x00, 0x00, 0x7F, 0xF8, 0xF3, 0xFF, 0xC7, 0x87, 0xF0, 0x38, 0x1F, 0x03, 0xC0, 0xF8, 0x1C,
    0x07, 0xC0, 0xC0, 0x3E, 0x00, 0x01, 0xF0, 0x00, 0x0F, 0x80, 0x00, 0x7C, 0x00, 0x03, 0xE0, 0x00,
    0x1F, 0x00, 0x00, 0xF8, 0x00, 0x07, 0xC0, 0x00, 0x3E, 0x00, 0x01, 0xF0, 0x00, 0x0F, 0x80, 0x10,
    0x7C, 0x00, 0xC3, 0xE0, 0x0E, 0x1F, 0x00, 0x70, 0xF8, 0x03, 0x87, 0xC0, 0x3D, 0xFF, 0xFF, 0xEF,
    0xFF, 0xFF, 0x00, 0x00, 0xFF, 0x9E, 0x7F, 0x9E, 0x1F, 0x9C, 0x1F, 0xB8, 0x1F, 0xB8, 0x1F, 0x80,
    0x1F, 0x80, 0x1F, 0x80, 0x1F, 0x80, 0x1F, 0x80, 0x1F, 0x80, 0x1F, 0x80, 0x1F, 0x80, 0x1F, 0x80,
    0x1F, 0x80, 0x1F, 0x80, 0x1F, 0x80, 0x1F, 0x80, 0x1F, 0x80, 0x1F, 0x80, 0x1F, 0x80, 0x1F, 0x80,
    0x1F, 0x80, 0x7F, 0xE0, 0xFF, 0xE0, 0x7F, 0xF8, 0x03, 0xFF, 0xC0, 0x07, 0xF0, 0x00, 0x1F, 0x00,
    0x00, 0xF8, 0x00, 0x07, 0xC0, 0x00, 0x3E, 0x00, 0x01, 0xF0, 0x00, 0x0F, 0x80, 0x00, 0x7C, 0x07,
    0x03, 0xE0, 0x7C, 0x1F, 0x07, 0xE0, 0xF8, 0x3F, 0x07, 0xC0, 0xF0, 0x3E, 0x00, 0x01, 0xF0, 0x00,
    0x0F, 0x80, 0x10, 0x7C, 0x00, 0xC3, 0xE0, 0x0E, 0x1F, 0x00, 0x70, 0xF8, 0x03, 0x87, 0xC0, 0x3D,
    0xFF, 0xFF, 0xEF, 0xFF, 0xFF, 0x00, 0x00, 0x7F, 0xC0, 0x1F, 0xE0, 0x03, 0xF0, 0x01, 0xF8, 0x00,
    0xFC, 0x00, 0x7E, 0x00, 0x3F, 0x00, 0x1F, 0x80, 0x0F, 0xC0, 0x07, 0xE0, 0x03, 0xF0, 0x01, 0xF8,
    0xE0, 0xFC, 0xF8, 0x7E, 0x7C, 0x3F, 0x3E, 0x1F, 0x9F, 0x0F, 0xC0, 0x07, 0xE0, 0x03, 0xF0, 0x01,
    0xF8, 0x00, 0xFC, 0x00, 0x7E, 0x00, 0x3F, 0x00, 0x7F, 0xE0, 0x7F, 0xF0, 0x00, 0x7F, 0xF8, 0x03,
    0xFF, 0xC0, 0x07, 0xF0, 0x00, 0x1F, 0x00, 0x00, 0xF8, 0x00, 0x07, 0xC0, 0x00, 0x3E, 0x00, 0x01,
    0xF1, 0x80, 0x0F, 0x9C, 0x00, 0x7F, 0xC0, 0x03, 0xFC, 0x00, 0x1F, 0x80, 0x00, 0xF8, 0x00, 0x1F,
    0xC0, 0x01, 0xFE, 0x00, 0x0D, 0xF0, 0x00, 0x0F, 0x80, 0x10, 0x7C, 0x00, 0xC3, 0xE0, 0x0E, 0x1F,
    0x00, 0x70, 0xF8, 0x03, 0x87, 0xC0, 0x3D, 0xFF, 0xFF, 0xEF, 0xFF, 0xFF, 0x00, 0x0F, 0xF8, 0x7F,
    0x81, 0xF8, 0x1F, 0x81, 0xF8, 0x1F, 0x81, 0xF8, 0x1F, 0x81, 0xF8, 0x1F, 0x81, 0xFE, 0x1F, 0xE1,
    0xFC, 0x1F, 0x83, 0xF8, 0x7F, 0x87, 0xF8, 0x1F, 0x81, 0xF8, 0x1F, 0x81, 0xF8, 0x1F, 0x81, 0xF8,
    0x7F, 0xEF, 0xFE, 0x00, 0x01, 0xF0, 0x00, 0x00, 0xFC, 0x00, 0x00, 0x3E, 0x00, 0x00, 0x1E, 0x00,
    0x00, 0x0F, 0x00, 0x00, 0x03, 0x80, 0x00, 0x00, 0x00, 0x00, 0x00, 0x00, 0x00, 0x7F, 0x80, 0x7F,
    0xDF, 0xE0, 0x1F, 0xF1, 0xFC, 0x01, 0xE0, 0x3F, 0x80, 0x38, 0x0F, 0xF0, 0x0E, 0x03, 0xFC, 0x03,
    0x80, 0xFF, 0x80, 0xE0, 0x3B, 0xF0, 0x38, 0x0E, 0xFC, 0x0E, 0x03, 0x9F, 0x83, 0x80, 0xE3, 0xF0,
    0xE0, 0x38, 0x7C, 0x38, 0x0E, 0x1F, 0x8E, 0x03, 0x83, 0xF3, 0x80, 0xE0, 0x7E, 0xE0, 0x38, 0x1F,
    0xB8, 0x0E, 0x03, 0xFE, 0x03, 0x80, 0x7F, 0x80, 0xE0, 0x0F, 0xE0, 0x38, 0x03, 0xF8, 0x0E, 0x00,
    0x7E, 0x03, 0x80, 0x0F, 0x87, 0xFC, 0x03, 0xE1, 0xFF, 0x00, 0x78, 0x00, 0x0F, 0x80, 0x00, 0x3E,
    0x00, 0x01, 0xF0, 0x00, 0x0F, 0x80, 0x00, 0x38, 0x00, 0x01, 0xC0, 0x00, 0x00, 0x00, 0x00, 0x00,
    0x00, 0x7F, 0x3F, 0x81, 0xFD, 0xFF, 0x01, 0xFF, 0xFE, 0x07, 0xF1, 0xF8, 0x1F, 0x83, 0xE0, 0x7E,
    0x0F, 0x81, 0xF8, 0x3E, 0x07, 0xE0, 0xF8, 0x1F, 0x83, 0xE0, 0x7E, 0x0F, 0x81, 0xF8, 0x3E, 0x07,
    0xE0, 0xF8, 0x1F, 0x83, 0xE0, 0x7E, 0x0F, 0x81, 0xF8, 0x3E, 0x07, 0xE0, 0xFC, 0x7F, 0xE3, 0xF9,
    0xFF, 0x8F, 0xE0, 0x7F, 0x80, 0x7F, 0xDF, 0xE0, 0x1F, 0xF1, 0xFC, 0x01, 0xE0, 0x3F, 0x80, 0x38,
    0x0F, 0xF0, 0x0E, 0x03, 0xFC, 0x03, 0x80, 0xFF, 0x80, 0xE0, 0x3B, 0xF0, 0x38, 0x0E, 0xFC, 0x0E,
    0x03, 0x9F, 0x83, 0x80, 0xE3, 0xF0, 0xE0, 0x38, 0x7C, 0x38, 0x0E, 0x1F, 0x8E, 0x03, 0x83, 0xF3,
    0x80, 0xE0, 0x7E, 0xE0, 0x38, 0x1F, 0xB8, 0x0E, 0x03, 0xFE, 0x03, 0x80, 0x7F, 0x80, 0xE0, 0x0F,
    0xE0, 0x38, 0x03, 0xF8, 0x0E, 0x00, 0x7E, 0x03, 0x80, 0x0F, 0x87, 0xFC, 0x03, 0xE1, 0xFF, 0x00,
    0x78, 0x00, 0x00, 0x00, 0x00, 0x00, 0x00, 0x00, 0x00, 0xF0, 0x00, 0x00, 0x78, 0x00, 0x00, 0x1E,
    0x00, 0x00, 0x07, 0x00, 0x00, 0x01, 0x80, 0x00, 0x00, 0x00, 0x00, 0x00, 0x00, 0x01, 0xFC, 0xFE,
    0x07, 0xF7, 0xFC, 0x07, 0xFF, 0xF8, 0x1F, 0xC7, 0xE0, 0x7E, 0x0F, 0x81, 0xF8, 0x3E, 0x07, 0xE0,
    0xF8, 0x1F, 0x83, 0xE0, 0x7E, 0x0F, 0x81, 0xF8, 0x3E, 0x07, 0xE0, 0xF8, 0x1F, 0x83, 0xE0, 0x7E,
    0x0F, 0x81, 0xF8, 0x3E, 0x07, 0xE0, 0xF8, 0x1F, 0x83, 0xF1, 0xFF, 0x8F, 0xE7, 0xFE, 0x3F, 0x80,
    0x00, 0x00, 0x00, 0x00, 0x00, 0x01, 0xE0, 0x00, 0x07, 0x80, 0x00, 0x1C, 0x00, 0x00, 0x70, 0x00,
    0x03, 0x80, 0x00, 0x00, 0x00, 0x00, 0x00, 0xC0, 0x70, 0x00, 0x3C, 0x38, 0x00, 0x07, 0x9E, 0x00,
    0x00, 0xFF, 0x00, 0x00, 0x1F, 0x80, 0x00, 0x07, 0xC0, 0x00, 0x00, 0x00, 0x00, 0x00, 0x00, 0x00,
    0x7F, 0x80, 0x7F, 0xDF, 0xE0, 0x1F, 0xF1, 0xFC, 0x01, 0xE0, 0x3F, 0x80, 0x38, 0x0F, 0xF0, 0x0E,
    0x03, 0xFC, 0x03, 0x80, 0xFF, 0x80, 0xE0, 0x3B, 0xF0, 0x38, 0x0E, 0xFC, 0x0E, 0x03, 0x9F, 0x83,
    0x80, 0xE3, 0xF0, 0xE0, 0x38, 0x7C, 0x38, 0x0E, 0x1F, 0x8E, 0x03, 0x83, 0xF3, 0x80, 0xE0, 0x7E,
    0xE0, 0x38, 0x1F, 0xB8, 0x0E, 0x03, 0xFE, 0x03, 0x80, 0x7F, 0x80, 0xE0, 0x0F, 0xE0, 0x38, 0x03,
    0xF8, 0x0E, 0x00, 0x7E, 0x03, 0x80, 0x0F, 0x87, 0xFC, 0x03, 0xE1, 0xFF, 0x00, 0x78, 0x03, 0x01,
    0x80, 0x0E, 0x1E, 0x00, 0x1C, 0xF0, 0x00, 0x7F, 0x80, 0x00, 0xFC, 0x00, 0x01, 0xF0, 0x00, 0x00,
    0x00, 0x00, 0x00, 0x00, 0x7F, 0x3F, 0x81, 0xFD, 0xFF, 0x01, 0xFF, 0xFE, 0x07, 0xF1, 0xF8, 0x1F,
    0x83, 0xE0, 0x7E, 0x0F, 0x81, 0xF8, 0x3E, 0x07, 0xE0, 0xF8, 0x1F, 0x83, 0xE0, 0x7E, 0x0F, 0x81,
    0xF8, 0x3E, 0x07, 0xE0, 0xF8, 0x1F, 0x83, 0xE0, 0x7E, 0x0F, 0x81, 0xF8, 0x3E, 0x07, 0xE0, 0xFC,
    0x7F, 0xE3, 0xF9, 0xFF, 0x8F, 0xE0, 0x38, 0x00, 0x00, 0x07, 0xC0, 0x00, 0x00, 0x7C, 0x00, 0x00,
    0x07, 0xE0, 0x00, 0x00, 0x3E, 0x00, 0x00, 0x01, 0xC0, 0x00, 0x00, 0x1D, 0xFC, 0xFE, 0x01, 0x9F,
    0xFF, 0xF0, 0x78, 0x7F, 0xFF, 0x8E, 0x07, 0xF1, 0xF8, 0x00, 0x7E, 0x0F, 0x80, 0x07, 0xE0, 0xF8,
    0x00, 0x7E, 0x0F, 0x80, 0x07, 0xE0, 0xF8, 0x00, 0x7E, 0x0F, 0x80, 0x07, 0xE0, 0xF8, 0x00, 0x7E,
    0x0F, 0x80, 0x07, 0xE0, 0xF8, 0x00, 0x7E, 0x0F, 0x80, 0x07, 0xE0, 0xF8, 0x00, 0x7E, 0x0F, 0x80,
    0x07, 0xE0, 0xFC, 0x01, 0xFF, 0x8F, 0xF0, 0x1F, 0xF8, 0xFF, 0x7F, 0x80, 0x7F, 0xDF, 0xE0, 0x1F,
    0xF1, 0xFC, 0x01, 0xE0, 0x3F, 0x80, 0x38, 0x0F, 0xF0, 0x0E, 0x03, 0xFC, 0x03, 0x80, 0xFF, 0x80,
    0xE0, 0x3B, 0xF0, 0x38, 0x0E, 0x7C, 0x0E, 0x03, 0x9F, 0x83, 0x80, 0xE3, 0xF0, 0xE0, 0x38, 0x7E,
    0x38, 0x0E, 0x1F, 0x8E, 0x03, 0x83, 0xF3, 0x80, 0xE0, 0x7E, 0xE0, 0x38, 0x0F, 0xB8, 0x0E, 0x03,
    0xFE, 0x03, 0x80, 0x7F, 0x80, 0xE0, 0x0F, 0xE0, 0x38, 0x01, 0xF8, 0x0E, 0x00, 0x7E, 0x03, 0x80,
    0x0F, 0x87, 0xFC, 0x01, 0xE1, 0xFF, 0x00, 0x38, 0x00, 0x00, 0x0E, 0x00, 0x00, 0x03, 0x80, 0x00,
    0x00, 0xE0, 0x00, 0x00, 0x30, 0x00, 0x00, 0x1C, 0x00, 0x00, 0x0F, 0x00, 0x00, 0x0F, 0x80, 0x00,
    0x03, 0xC0, 0x00, 0x00, 0x07, 0xF3, 0xF8, 0x7F, 0x7F, 0xC1, 0xFF, 0xFE, 0x1F, 0xC7, 0xE1, 0xF8,
    0x3E, 0x1F, 0x83, 0xE1, 0xF8, 0x3E, 0x1F, 0x83, 0xE1, 0xF8, 0x3E, 0x1F, 0x83, 0xE1, 0xF8, 0x3E,
    0x1F, 0x83, 0xE1, 0xF8, 0x3E, 0x1F, 0x83, 0xE1, 0xF8, 0x3E, 0x1F, 0x83, 0xE7, 0xFE, 0x3E, 0x7F,
    0xE3, 0xE0, 0x00, 0x3E, 0x00, 0x03, 0xE0, 0x00, 0x3E, 0x00, 0x07, 0xE0, 0x00, 0x7C, 0x00, 0x0F,
    0xC0, 0x03, 0xF8, 0x00, 0x3E, 0x00, 0x01, 0xFF, 0x80, 0x01, 0xFF, 0x80, 0x01, 0xFF, 0x80, 0x00,
    0x00, 0x00, 0x00, 0x00, 0x00, 0x01, 0xFF, 0x80, 0x07, 0xFF, 0xE0, 0x0F, 0xC3, 0xF0, 0x1F, 0x80,
    0xF8, 0x1F, 0x00, 0xFC, 0x3F, 0x00, 0x7C, 0x3E, 0x00, 0x7E, 0x7E, 0x00, 0x7E, 0x7E, 0x00, 0x7E,
    0x7E, 0x00, 0x3E, 0x7E, 0x00, 0x3E, 0x7E, 0x00, 0x3F, 0x7E, 0x00, 0x3F, 0x7E, 0x00, 0x3E, 0x7E,
    0x00, 0x3E, 0x7E, 0x00, 0x7E, 0x7E, 0x00, 0x7E, 0x3E, 0x00, 0x7E, 0x3E, 0x00, 0x7C, 0x3F, 0x00,
    0xFC, 0x1F, 0x80, 0xF8, 0x0F, 0xC1, 0xF0, 0x07, 0xFF, 0xE0, 0x01, 0xFF, 0x80, 0x00, 0x00, 0x00,
    0x0F, 0xFC, 0x03, 0xFF, 0x00, 0xFF, 0xC0, 0x00, 0x00, 0x00, 0x00, 0x01, 0xFF, 0x01, 0xFF, 0xE0,
    0xF8, 0x7C, 0x3E, 0x0F, 0x9F, 0x03, 0xE7, 0xC0, 0xFD, 0xF0, 0x3F, 0x7C, 0x07, 0xFF, 0x01, 0xFF,
    0xC0, 0x7D, 0xF0, 0x1F, 0x7C, 0x0F, 0xDF, 0x03, 0xF7, 0xC0, 0xF8, 0xF8, 0x3E, 0x3E, 0x1F, 0x07,
    0xFF, 0x80, 0x7F, 0xC0, 0x00, 0x00, 0x01, 0x81, 0x80, 0x01, 0x81, 0x80, 0x01, 0xE7, 0x80, 0x01,
    0xFF, 0x80, 0x00, 0xFF, 0x00, 0x00, 0x3C, 0x00, 0x00, 0x00, 0x00, 0x00, 0x00, 0x00, 0x01, 0xFF,
    0x80, 0x07, 0xFF, 0xE0, 0x0F, 0xC3, 0xF0, 0x1F, 0x80, 0xF8, 0x1F, 0x00, 0xFC, 0x3F, 0x00, 0x7C,
    0x3E, 0x00, 0x7E, 0x7E, 0x00, 0x7E, 0x7E, 0x00, 0x7E, 0x7E, 0x00, 0x3E, 0x7E, 0x00, 0x3E, 0x7E,
    0x00, 0x3F, 0x7E, 0x00, 0x3F, 0x7E, 0x00, 0x3E, 0x7E, 0x00, 0x3E, 0x7E, 0x00, 0x7E, 0x7E, 0x00,
    0x7E, 0x3E, 0x00, 0x7E, 0x3E, 0x00, 0x7C, 0x3F, 0x00, 0xFC, 0x1F, 0x80, 0xF8, 0x0F, 0xC1, 0xF0,
    0x07, 0xFF, 0xE0, 0x01, 0xFF, 0x80, 0x00, 0x00, 0x00, 0x0C, 0x04, 0x03, 0x83, 0x00, 0xF3, 0xC0,
    0x1F, 0xF0, 0x07, 0xF8, 0x00, 0x78, 0x00, 0x00, 0x00, 0x00, 0x00, 0x07, 0xFC, 0x07, 0xFF, 0x83,
    0xE1, 0xF0, 0xF8, 0x3E, 0x7C, 0x0F, 0x9F, 0x03, 0xF7, 0xC0, 0xFD, 0xF0, 0x1F, 0xFC, 0x07, 0xFF,
    0x01, 0xF7, 0xC0, 0x7D, 0xF0, 0x3F, 0x7C, 0x0F, 0xDF, 0x03, 0xE3, 0xE0, 0xF8, 0xF8, 0x7C, 0x1F,
    0xFE, 0x01, 0xFF, 0x00, 0x00, 0x00, 0x00, 0x3C, 0xF0, 0x00, 0x79, 0xF0, 0x00, 0xF9, 0xE0, 0x00,
    0xF3, 0xC0, 0x01, 0xE7, 0x80, 0x01, 0xC7, 0x00, 0x00, 0x00, 0x00, 0x00, 0x00, 0x00, 0x01, 0xFF,
    0x80, 0x07, 0xFF, 0xE0, 0x0F, 0xC3, 0xF0, 0x1F, 0x80, 0xF8, 0x1F, 0x00, 0xFC, 0x3F, 0x00, 0x7C,
    0x3E, 0x00, 0x7E, 0x7E, 0x00, 0x7E, 0x7E, 0x00, 0x7E, 0x7E, 0x00, 0x3E, 0x7E, 0x00, 0x3E, 0x7E,
    0x00, 0x3F, 0x7E, 0x00, 0x3F, 0x7E, 0x00, 0x3E, 0x7E, 0x00, 0x3E, 0x7E, 0x00, 0x7E, 0x7E, 0x00,
    0x7E, 0x3E, 0x00, 0x7E, 0x3E, 0x00, 0x7C, 0x3F, 0x00, 0xFC, 0x1F, 0x80, 0xF8, 0x0F, 0xC1, 0xF0,
    0x07, 0xFF, 0xE0, 0x01, 0xFF, 0x80, 0x00, 0x00, 0x00, 0x01, 0xE7, 0x80, 0xF3, 0xE0, 0x7C, 0xF0,
    0x1E, 0x78, 0x0F, 0x1C, 0x03, 0x8E, 0x00, 0x00, 0x00, 0x00, 0x00, 0x07, 0xFC, 0x07, 0xFF, 0x83,
    0xE1, 0xF0, 0xF8, 0x3E, 0x7C, 0x0F, 0x9F, 0x03, 0xF7, 0xC0, 0xFD, 0xF0, 0x1F, 0xFC, 0x07, 0xFF,
    0x01, 0xF7, 0xC0, 0x7D, 0xF0, 0x3F, 0x7C, 0x0F, 0xDF, 0x03, 0xE3, 0xE0, 0xF8, 0xF8, 0x7C, 0x1F,
    0xFE, 0x01, 0xFF, 0x00, 0x00, 0x00, 0x00, 0x00, 0x00, 0x00, 0x01, 0xFF, 0xFF, 0xFE, 0x07, 0xFF,
    0xFF, 0xFE, 0x0F, 0xC3, 0xF8, 0x1E, 0x1F, 0x81, 0xF8, 0x0E, 0x1F, 0x01, 0xF8, 0x0E, 0x3F, 0x01,
    0xF8, 0x0E, 0x3E, 0x01, 0xF8, 0x00, 0x7E, 0x01, 0xF8, 0x00, 0x7E, 0x01, 0xF8, 0x00, 0x7E, 0x01,
    0xF8, 0x00, 0x7E, 0x01, 0xFF, 0xF0, 0x7E, 0x01, 0xFF, 0xF8, 0x7E, 0x01, 0xFF, 0xF0, 0x7E, 0x01,
    0xF8, 0x00, 0x7E, 0x01, 0xF8, 0x00, 0x7E, 0x01, 0xF8, 0x00, 0x7E, 0x01, 0xF8, 0x00, 0x3E, 0x01,
    0xF8, 0x00, 0x3E, 0x01, 0xF8, 0x07, 0x3F, 0x01, 0xF8, 0x07, 0x1F, 0x81, 0xF8, 0x07, 0x0F, 0xC1,
    0xF8, 0x0F, 0x07, 0xFF, 0xFF, 0xFF, 0x01, 0xFF, 0xFF, 0xFF, 0x00, 0x00, 0x00, 0x00, 0x00, 0x00,
    0x00, 0x00, 0x3F, 0xC3, 0xFC, 0x07, 0xFF, 0xBF, 0xF8, 0x7C, 0x3F, 0xE7, 0xC3, 0xE0, 0xFE, 0x1F,
    0x3E, 0x07, 0xE0, 0xF9, 0xF0, 0x3F, 0x07, 0xEF, 0x81, 0xF8, 0x1F, 0x7C, 0x07, 0xFF, 0xFF, 0xE0,
    0x3F, 0xFF, 0xFF, 0x01, 0xFF, 0xFC, 0xF8, 0x0F, 0x80, 0x07, 0xC0, 0xFC, 0x00, 0x3E, 0x07, 0xE0,
    0x01, 0xF0, 0x3F, 0x80, 0x47, 0xC1, 0xFC, 0x06, 0x3E, 0x1F, 0xF8, 0xF0, 0xFF, 0xF7, 0xFF, 0x01,
    0xFE, 0x1F, 0xF0, 0x00, 0x00, 0x00, 0x00, 0x00, 0x0F, 0x80, 0x00, 0x1F, 0x80, 0x00, 0x1F, 0x00,
    0x00, 0x3E, 0x00, 0x00, 0x78, 0x00, 0x00, 0x70, 0x00, 0x00, 0x00, 0x00, 0x00, 0x00, 0x00, 0x7F,
    0xFF, 0x00, 0x7F, 0xFF, 0xE0, 0x1F, 0xC7, 0xF0, 0x0F, 0x83, 0xF0, 0x0F, 0x81, 0xF8, 0x0F, 0x81,
    0xF8, 0x0F, 0x81, 0xF8, 0x0F, 0x81, 0xF8, 0x0F, 0x81, 0xF8, 0x0F, 0x81, 0xF8, 0x0F, 0x83, 0xF0,
    0x0F, 0xCF, 0xE0, 0x0F, 0xFF, 0x80, 0x0F, 0xFF, 0x80, 0x0F, 0x8F, 0xC0, 0x0F, 0x8F, 0xC0, 0x0F,
    0x87, 0xE0, 0x0F, 0x87, 0xE0, 0x0F, 0x83, 0xF0, 0x0F, 0x81, 0xF8, 0x0F, 0x81, 0xF8, 0x0F, 0xC0,
    0xFC, 0x7F, 0xF0, 0xFF, 0x7F, 0xF0, 0x3F, 0x00, 0x7C, 0x00, 0x3E, 0x00, 0x3E, 0x00, 0x3E, 0x00,
    0x1C, 0x00, 0x1C, 0x00, 0x00, 0x00, 0x00, 0x00, 0x7F, 0x3F, 0x3F, 0xBF, 0xC7, 0xDF, 0xE3, 0xF9,
    0xF1, 0xF8, 0x70, 0xFC, 0x30, 0x7E, 0x00, 0x3F, 0x00, 0x1F, 0x80, 0x0F, 0xC0, 0x07, 0xE0, 0x03,
    0xF0, 0x01, 0xF8, 0x00, 0xFC, 0x00, 0x7E, 0x00, 0x3F, 0x00, 0x7F, 0xF0, 0x3F, 0xF8, 0x00, 0x7F,
    0xFF, 0x00, 0x7F, 0xFF, 0xE0, 0x1F, 0xC7, 0xF0, 0x0F, 0x83, 0xF0, 0x0F, 0x81, 0xF8, 0x0F, 0x81,
    0xF8, 0x0F, 0x81, 0xF8, 0x0F, 0x81, 0xF8, 0x0F, 0x81, 0xF8, 0x0F, 0x81, 0xF8, 0x0F, 0x83, 0xF0,
    0x0F, 0xCF, 0xE0, 0x0F, 0xFF, 0x80, 0x0F, 0xFF, 0x80, 0x0F, 0x8F, 0xC0, 0x0F, 0x8F, 0xC0, 0x0F,
    0x87, 0xE0, 0x0F, 0x87, 0xE0, 0x0F, 0x83, 0xF0, 0x0F, 0x81, 0xF8, 0x0F, 0x81, 0xF8, 0x0F, 0xC0,
    0xFC, 0x7F, 0xF0, 0xFF, 0x7F, 0xF0, 0x3F, 0x00, 0x00, 0x00, 0x00, 0x00, 0x00, 0x00, 0x3C, 0x00,
    0x00, 0x3C, 0x00, 0x00, 0x38, 0x00, 0x00, 0x70, 0x00, 0x00, 0x70, 0x00, 0x00, 0x00, 0x00, 0x00,
    0x00, 0x3F, 0x9F, 0x9F, 0xDF, 0xE3, 0xEF, 0xF1, 0xFC, 0xF8, 0xFC, 0x38, 0x7E, 0x18, 0x3F, 0x00,
    0x1F, 0x80, 0x0F, 0xC0, 0x07, 0xE0, 0x03, 0xF0, 0x01, 0xF8, 0x00, 0xFC, 0x00, 0x7E, 0x00, 0x3F,
    0x00, 0x1F, 0x80, 0x3F, 0xF8, 0x1F, 0xFC, 0x00, 0x00, 0x00, 0x00, 0x00, 0x78, 0x00, 0x3C, 0x00,
    0x1C, 0x00, 0x1C, 0x00, 0x0E, 0x00, 0x00, 0x00, 0x00, 0x06, 0x03, 0x80, 0x07, 0x87, 0x00, 0x03,
    0xCF, 0x00, 0x01, 0xFE, 0x00, 0x00, 0xFC, 0x00, 0x00, 0xF8, 0x00, 0x00, 0x00, 0x00, 0x00, 0x00,
    0x00, 0x7F, 0xFF, 0x00, 0x7F, 0xFF, 0xE0, 0x1F, 0xC7, 0xF0, 0x0F, 0x83, 0xF0, 0x0F, 0x81, 0xF8,
    0x0F, 0x81, 0xF8, 0x0F, 0x81, 0xF8, 0x0F, 0x81, 0xF8, 0x0F, 0x81, 0xF8, 0x0F, 0x81, 0xF8, 0x0F,
    0x83, 0xF0, 0x0F, 0xCF, 0xE0, 0x0F, 0xFF, 0x80, 0x0F, 0xFF, 0x80, 0x0F, 0x8F, 0xC0, 0x0F, 0x8F,
    0xC0, 0x0F, 0x87, 0xE0, 0x0F, 0x87, 0xE0, 0x0F, 0x83, 0xF0, 0x0F, 0x81, 0xF8, 0x0F, 0x81, 0xF8,
    0x0F, 0xC0, 0xFC, 0x7F, 0xF0, 0xFF, 0x7F, 0xF0, 0x3F, 0x18, 0x0E, 0x0F, 0x0E, 0x03, 0xCF, 0x00,
    0xFF, 0x00, 0x3F, 0x00, 0x1F, 0x00, 0x00, 0x00, 0x00, 0x00, 0x7F, 0x3F, 0x3F, 0xBF, 0xC7, 0xDF,
    0xE3, 0xF9, 0xF1, 0xF8, 0x70, 0xFC, 0x30, 0x7E, 0x00, 0x3F, 0x00, 0x1F, 0x80, 0x0F, 0xC0, 0x07,
    0xE0, 0x03, 0xF0, 0x01, 0xF8, 0x00, 0xFC, 0x00, 0x7E, 0x00, 0x3F, 0x00, 0x7F, 0xF0, 0x3F, 0xF8,
    0x00, 0x00, 0x3E, 0x00, 0x0F, 0x80, 0x07, 0xC0, 0x03, 0xE0, 0x00, 0xF0, 0x00, 0x70, 0x00, 0x00,
    0x00, 0x00, 0x00, 0x07, 0xF8, 0x07, 0xFF, 0x83, 0xE3, 0xF1, 0xF0, 0x7C, 0x78, 0x0F, 0x1E, 0x03,
    0xC7, 0xC0, 0xC1, 0xF0, 0x00, 0x7F, 0x00, 0x1F, 0xF0, 0x03, 0xFF, 0x00, 0x7F, 0xF0, 0x0F, 0xFE,
    0x00, 0xFF, 0xC0, 0x0F, 0xF8, 0x00, 0xFE, 0x00, 0x0F, 0x9C, 0x03, 0xEF, 0x00, 0xFB, 0xC0, 0x3E,
    0xF8, 0x0F, 0x1F, 0x07, 0xC7, 0xFF, 0xE0, 0x7F, 0xE0, 0x00, 0x00, 0x00, 0x00, 0x7C, 0x03, 0xE0,
    0x1F, 0x00, 0x78, 0x03, 0xC0, 0x1C, 0x00, 0x00, 0x00, 0x00, 0x1F, 0xF0, 0xFF, 0xE7, 0x87, 0xBC,
    0x0E, 0xF8, 0x3B, 0xE0, 0x0F, 0xF0, 0x1F, 0xF0, 0x7F, 0xF0, 0x7F, 0xE0, 0x7F, 0xC0, 0x7F, 0x60,
    0x7F, 0x80, 0xFF, 0x03, 0xFC, 0x1E, 0x7F, 0xF0, 0xFF, 0x80, 0x00, 0x00, 0x01, 0xE0, 0x00, 0xFC,
    0x00, 0x7F, 0x80, 0x3C, 0xE0, 0x0E, 0x1C, 0x07, 0x03, 0x80, 0x00, 0x00, 0x00, 0x00, 0x07, 0xF8,
    0x07, 0xFF, 0x83, 0xE3, 0xF1, 0xF0, 0x7C, 0x78, 0x0F, 0x1E, 0x03, 0xC7, 0xC0, 0xC1, 0xF0, 0x00,
    0x7F, 0x00, 0x1F, 0xF0, 0x03, 0xFF, 0x00, 0x7F, 0xF0, 0x0F, 0xFE, 0x00, 0xFF, 0xC0, 0x0F, 0xF8,
    0x00, 0xFE, 0x00, 0x0F, 0x9C, 0x03, 0xEF, 0x00, 0xFB, 0xC0, 0x3E, 0xF8, 0x0F, 0x1F, 0x07, 0xC7,
    0xFF, 0xE0, 0x7F, 0xE0, 0x00, 0x00, 0x00, 0x07, 0x80, 0x3F, 0x01, 0xFE, 0x07, 0x3C, 0x38, 0x71,
    0xC0, 0xE0, 0x00, 0x00, 0x00, 0x1F, 0xF0, 0xFF, 0xE7, 0x87, 0xBC, 0x0E, 0xF8, 0x3B, 0xE0, 0x0F,
    0xF0, 0x1F, 0xF0, 0x7F, 0xF0, 0x7F, 0xE0, 0x7F, 0xC0, 0x7F, 0x60, 0x7F, 0x80, 0xFF, 0x03, 0xFC,
    0x1E, 0x7F, 0xF0, 0xFF, 0x80, 0x00, 0x00, 0x00, 0x00, 0x01, 0xFE, 0x01, 0xFF, 0xE0, 0xF8, 0xFC,
    0x7C, 0x1F, 0x1E, 0x03, 0xC7, 0x80, 0xF1, 0xF0, 0x30, 0x7C, 0x00, 0x1F, 0xC0, 0x07, 0xFC, 0x00,
    0xFF, 0xC0, 0x1F, 0xFC, 0x03, 0xFF, 0x80, 0x3F, 0xF0, 0x03, 0xFE, 0x00, 0x3F, 0x80, 0x03, 0xE7,
    0x00, 0xFB, 0xC0, 0x3E, 0xF0, 0x0F, 0xBE, 0x03, 0xC7, 0xC1, 0xF1, 0xFF, 0xF8, 0x1F, 0xF8, 0x00,
    0x60, 0x00, 0x1E, 0x00, 0x07, 0xC0, 0x00, 0x70, 0x00, 0x1C, 0x00, 0x0F, 0x00, 0x1F, 0xC0, 0x07,
    0xC0, 0x00, 0x00, 0x00, 0x7F, 0xC3, 0xFF, 0x9E, 0x1E, 0xF0, 0x3B, 0xE0, 0xEF, 0x80, 0x3F, 0xC0,
    0x7F, 0xC1, 0xFF, 0xC1, 0xFF, 0x81, 0xFF, 0x01, 0xFD, 0x81, 0xFE, 0x03, 0xFC, 0x0F, 0xF0, 0x79,
    0xFF, 0xC3, 0xFE, 0x01, 0xC0, 0x07, 0x80, 0x1F, 0x00, 0x1E, 0x00, 0x78, 0x01, 0xE0, 0x7F, 0x01,
    0xF8, 0x00, 0x18, 0x0E, 0x07, 0x87, 0x00, 0xF3, 0xC0, 0x1F, 0xE0, 0x03, 0xF0, 0x00, 0xF8, 0x00,
    0x00, 0x00, 0x00, 0x00, 0x07, 0xF8, 0x07, 0xFF, 0x83, 0xE3, 0xF1, 0xF0, 0x7C, 0x78, 0x0F, 0x1E,
    0x03, 0xC7, 0xC0, 0xC1, 0xF0, 0x00, 0x7F, 0x00, 0x1F, 0xF0, 0x03, 0xFF, 0x00, 0x7F, 0xF0, 0x0F,
    0xFE, 0x00, 0xFF, 0xC0, 0x0F, 0xF8, 0x00, 0xFE, 0x00, 0x0F, 0x9C, 0x03, 0xEF, 0x00, 0xFB, 0xC0,
    0x3E, 0xF8, 0x0F, 0x1F, 0x07, 0xC7, 0xFF, 0xE0, 0x7F, 0xE0, 0x00, 0x00, 0x00, 0x70, 0x18, 0xE1,
    0xE3, 0xCF, 0x07, 0xF8, 0x0F, 0xC0, 0x1F, 0x00, 0x00, 0x00, 0x00, 0x1F, 0xF0, 0xFF, 0xE7, 0x87,
    0xBC, 0x0E, 0xF8, 0x3B, 0xE0, 0x0F, 0xF0, 0x1F, 0xF0, 0x7F, 0xF0, 0x7F, 0xE0, 0x7F, 0xC0, 0x7F,
    0x60, 0x7F, 0x80, 0xFF, 0x03, 0xFC, 0x1E, 0x7F, 0xF0, 0xFF, 0x80, 0x00, 0x00, 0xFF, 0xFF, 0xFB,
    0xFF, 0xFF, 0xEF, 0x0F, 0xC7, 0xB8, 0x3F, 0x06, 0xE0, 0xFC, 0x1F, 0x83, 0xF0, 0x7E, 0x0F, 0xC1,
    0x80, 0x3F, 0x00, 0x00, 0xFC, 0x00, 0x03, 0xF0, 0x00, 0x0F, 0xC0, 0x00, 0x3F, 0x00, 0x00, 0xFC,
    0x00, 0x03, 0xF0, 0x00, 0x0F, 0xC0, 0x00, 0x3F, 0x00, 0x00, 0xFC, 0x00, 0x03, 0xF0, 0x00, 0x0F,
    0xC0, 0x00, 0x3F, 0x00, 0x00, 0xFC, 0x00, 0x03, 0xF0, 0x00, 0x7F, 0xF8, 0x01, 0xFF, 0xE0, 0x00,
    0x70, 0x00, 0x01, 0xE0, 0x00, 0x07, 0xC0, 0x00, 0x07, 0x80, 0x00, 0x1E, 0x00, 0x00, 0x78, 0x00,
    0x1F, 0xC0, 0x00, 0x7E, 0x00, 0x07, 0x00, 0x38, 0x03, 0xC0, 0x1E, 0x03, 0xFF, 0xBF, 0xFD, 0xFF,
    0xC3, 0xE0, 0x1F, 0x00, 0xF8, 0x07, 0xC0, 0x3E, 0x01, 0xF0, 0x0F, 0x80, 0x7C, 0x03, 0xE0, 0x1F,
    0x00, 0xF8, 0x07, 0xE0, 0x3F, 0xB0, 0xFF, 0x83, 0xFC, 0x0E, 0x00, 0x78, 0x03, 0xE0, 0x07, 0x80,
    0x3C, 0x01, 0xE0, 0xFE, 0x07, 0xE0, 0x06, 0x03, 0x80, 0x1E, 0x1C, 0x00, 0x3C, 0xF0, 0x00, 0x7F,
    0x80, 0x00, 0xFC, 0x00, 0x03, 0xE0, 0x00, 0x00, 0x00, 0x00, 0x00, 0x00, 0xFF, 0xFF, 0xFB, 0xFF,
    0xFF, 0xEF, 0x0F, 0xC7, 0xB8, 0x3F, 0x06, 0xE0, 0xFC, 0x1F, 0x83, 0xF0, 0x7E, 0x0F, 0xC1, 0x80,
    0x3F, 0x00, 0x00, 0xFC, 0x00, 0x03, 0xF0, 0x00, 0x0F, 0xC0, 0x00, 0x3F, 0x00, 0x00, 0xFC, 0x00,
    0x03, 0xF0, 0x00, 0x0F, 0xC0, 0x00, 0x3F, 0x00, 0x00, 0xFC, 0x00, 0x03, 0xF0, 0x00, 0x0F, 0xC0,
    0x00, 0x3F, 0x00, 0x00, 0xFC, 0x00, 0x03, 0xF0, 0x00, 0x7F, 0xF8, 0x01, 0xFF, 0xE0, 0x00, 0x00,
    0x00, 0x1E, 0x00, 0x1E, 0x00, 0x1C, 0x07, 0x1C, 0x07, 0x38, 0x07, 0x00, 0x0F, 0x00, 0x3F, 0xF8,
    0x7F, 0xF8, 0x7F, 0xF0, 0x1F, 0x00, 0x1F, 0x00, 0x1F, 0x00, 0x1F, 0x00, 0x1F, 0x00, 0x1F, 0x00,
    0x1F, 0x00, 0x1F, 0x00, 0x1F, 0x00, 0x1F, 0x00, 0x1F, 0x80, 0x1F, 0x80, 0x1F, 0xF8, 0x0F, 0xF8,
    0x07, 0xF8, 0x00, 0x00, 0xFF, 0xFF, 0xFB, 0xFF, 0xFF, 0xEF, 0x0F, 0xC7, 0xB8, 0x3F, 0x06, 0xE0,
    0xFC, 0x1F, 0x83, 0xF0, 0x7E, 0x0F, 0xC1, 0x80, 0x3F, 0x00, 0x00, 0xFC, 0x00, 0x03, 0xF0, 0x00,
    0x0F, 0xC0, 0x07, 0xFF, 0xF0, 0x1F, 0xFF, 0xC0, 0x03, 0xF0, 0x00, 0x0F, 0xC0, 0x00, 0x3F, 0x00,
    0x00, 0xFC, 0x00, 0x03, 0xF0, 0x00, 0x0F, 0xC0, 0x00, 0x3F, 0x00, 0x00, 0xFC, 0x00, 0x03, 0xF0,
    0x00, 0x7F, 0xF8, 0x01, 0xFF, 0xE0, 0x07, 0x00, 0x38, 0x03, 0xC0, 0x1E, 0x03, 0xFF, 0xBF, 0xFD,
    0xFF, 0xC3, 0xE0, 0x1F, 0x00, 0xF8, 0x07, 0xC0, 0xFF, 0xE7, 0xFF, 0x0F, 0x80, 0x7C, 0x03, 0xE0,
    0x1F, 0x00, 0xF8, 0x07, 0xE0, 0x3F, 0xB0, 0xFF, 0x83, 0xFC, 0x00, 0x00, 0x00, 0x30, 0x00, 0x00,
    0x7E, 0x38, 0x00, 0x3F, 0xFC, 0x00, 0x3F, 0xFC, 0x00, 0x18, 0xFE, 0x00, 0x0C, 0x1C, 0x00, 0x00,
    0x00, 0x00, 0x00, 0x00, 0x00, 0xFF, 0xF0, 0xFF, 0x7F, 0xF8, 0x7F, 0xC7, 0xF0, 0x0F, 0x03, 0xF0,
    0x03, 0x00, 0xF8, 0x01, 0x80, 0x7C, 0x00, 0xC0, 0x3E, 0x00, 0x60, 0x1F, 0x00, 0x30, 0x0F, 0x80,
    0x18, 0x07, 0xC0, 0x0C, 0x03, 0xE0, 0x06, 0x01, 0xF0, 0x03, 0x00, 0xF8, 0x01, 0x80, 0x7C, 0x00,
    0xC0, 0x3E, 0x00, 0x60, 0x1F, 0x00, 0x30, 0x0F, 0x80, 0x18, 0x07, 0xC0, 0x0C, 0x03, 0xE0, 0x0E,
    0x01, 0xF0, 0x07, 0x00, 0xFC, 0x07, 0x80, 0x3F, 0x87, 0x80, 0x0F, 0xFF, 0x80, 0x01, 0xFF, 0x80,
    0x00, 0x00, 0x00, 0x00, 0x00, 0x80, 0x00, 0x0F, 0xC7, 0x00, 0x7F, 0xF8, 0x01, 0xFF, 0xE0, 0x0E,
    0x3F, 0x00, 0x10, 0x38, 0x00, 0x00, 0x00, 0x00, 0x00, 0x00, 0x7F, 0x1F, 0xE1, 0xFC, 0x7F, 0x81,
    0xF0, 0x7E, 0x07, 0xC0, 0xF8, 0x1F, 0x03, 0xE0, 0x7C, 0x0F, 0x81, 0xF0, 0x3E, 0x07, 0xC0, 0xF8,
    0x1F, 0x03, 0xE0, 0x7C, 0x0F, 0x81, 0xF0, 0x3E, 0x07, 0xC0, 0xF8, 0x1F, 0x83, 0xE0, 0x7E, 0x1F,
    0x81, 0xF8, 0x7E, 0x03, 0xFF, 0xF8, 0x0F, 0xFB, 0xF8, 0x1F, 0xCF, 0xF0, 0x00, 0x00, 0x00, 0x00,
    0x7F, 0xC0, 0x00, 0x7F, 0xE0, 0x00, 0x1F, 0xF0, 0x00, 0x00, 0x00, 0x00, 0x00, 0x00, 0x07, 0xFF,
    0x87, 0xFB, 0xFF, 0xC3, 0xFE, 0x3F, 0x80, 0x78, 0x1F, 0x80, 0x18, 0x07, 0xC0, 0x0C, 0x03, 0xE0,
    0x06, 0x01, 0xF0, 0x03, 0x00, 0xF8, 0x01, 0x80, 0x7C, 0x00, 0xC0, 0x3E, 0x00, 0x60, 0x1F, 0x00,
    0x30, 0x0F, 0x80, 0x18, 0x07, 0xC0, 0x0C, 0x03, 0xE0, 0x06, 0x01, 0xF0, 0x03, 0x00, 0xF8, 0x01,
    0x80, 0x7C, 0x00, 0xC0, 0x3E, 0x00, 0x60, 0x1F, 0x00, 0x70, 0x0F, 0x80, 0x38, 0x07, 0xE0, 0x3C,
    0x01, 0xFC, 0x3C, 0x00, 0x7F, 0xFC, 0x00, 0x0F, 0xFC, 0x00, 0x00, 0x00, 0x00, 0x03, 0xFF, 0x00,
    0x0F, 0xFC, 0x00, 0x3F, 0xF0, 0x00, 0x00, 0x00, 0x00, 0x00, 0x01, 0xFC, 0x7F, 0x87, 0xF1, 0xFE,
    0x07, 0xC1, 0xF8, 0x1F, 0x03, 0xE0, 0x7C, 0x0F, 0x81, 0xF0, 0x3E, 0x07, 0xC0, 0xF8, 0x1F, 0x03,
    0xE0, 0x7C, 0x0F, 0x81, 0xF0, 0x3E, 0x07, 0xC0, 0xF8, 0x1F, 0x03, 0xE0, 0x7E, 0x0F, 0x81, 0xF8,
    0x7E, 0x07, 0xE1, 0xF8, 0x0F, 0xFF, 0xE0, 0x3F, 0xEF, 0xE0, 0x7F, 0x3F, 0xC0, 0x00, 0x00, 0x00,
    0xC0, 0x40, 0x00, 0x70, 0x60, 0x00, 0x3C, 0xF0, 0x00, 0x0F, 0xF8, 0x00, 0x07, 0xF8, 0x00, 0x00,
    0xF0, 0x00, 0x00, 0x00, 0x00, 0x00, 0x00, 0x00, 0xFF, 0xF0, 0xFF, 0x7F, 0xF8, 0x7F, 0xC7, 0xF0,
    0x0F, 0x03, 0xF0, 0x03, 0x00, 0xF8, 0x01, 0x80, 0x7C, 0x00, 0xC0, 0x3E, 0x00, 0x60, 0x1F, 0x00,
    0x30, 0x0F, 0x80, 0x18, 0x07, 0xC0, 0x0C, 0x03, 0xE0, 0x06, 0x01, 0xF0, 0x03, 0x00, 0xF8, 0x01,
    0x80, 0x7C, 0x00, 0xC0, 0x3E, 0x00, 0x60, 0x1F, 0x00, 0x30, 0x0F, 0x80, 0x18, 0x07, 0xC0, 0x0C,
    0x03, 0xE0, 0x0E, 0x01, 0xF0, 0x07, 0x00, 0xFC, 0x07, 0x80, 0x3F, 0x87, 0x80, 0x0F, 0xFF, 0x80,
    0x01, 0xFF, 0x80, 0x00, 0x00, 0x00, 0x00, 0x02, 0x03, 0x00, 0x0C, 0x0C, 0x00, 0x3C, 0xF0, 0x00,
    0xFF, 0x80, 0x01, 0xFE, 0x00, 0x01, 0xE0, 0x00, 0x00, 0x00, 0x00, 0x00, 0x00, 0x7F, 0x1F, 0xE1,
    0xFC, 0x7F, 0x81, 0xF0, 0x7E, 0x07, 0xC0, 0xF8, 0x1F, 0x03, 0xE0, 0x7C, 0x0F, 0x81, 0xF0, 0x3E,
    0x07, 0xC0, 0xF8, 0x1F, 0x03, 0xE0, 0x7C, 0x0F, 0x81, 0xF0, 0x3E, 0x07, 0xC0, 0xF8, 0x1F, 0x83,
    0xE0, 0x7E, 0x1F, 0x81, 0xF8, 0x7E, 0x03, 0xFF, 0xF8, 0x0F, 0xFB, 0xF8, 0x1F, 0xCF, 0xF0, 0x00,
    0x00, 0x00, 0x00, 0x00, 0x00, 0x00, 0x1F, 0x00, 0x00, 0x1F, 0xC0, 0x00, 0x0C, 0x70, 0x00, 0x06,
    0x18, 0x00, 0x03, 0x1C, 0x00, 0x01, 0xFC, 0x00, 0x00, 0x7C, 0x00, 0x00, 0x00, 0x00, 0x00, 0x00,
    0x00, 0x3F, 0xFC, 0x3F, 0xDF, 0xFE, 0x1F, 0xF1, 0xFC, 0x03, 0xC0, 0xFC, 0x00, 0xC0, 0x3E, 0x00,
    0x60, 0x1F, 0x00, 0x30, 0x0F, 0x80, 0x18, 0x07, 0xC0, 0x0C, 0x03, 0xE0, 0x06, 0x01, 0xF0, 0x03,
    0x00, 0xF8, 0x01, 0x80, 0x7C, 0x00, 0xC0, 0x3E, 0x00, 0x60, 0x1F, 0x00, 0x30, 0x0F, 0x80, 0x18,
    0x07, 0xC0, 0x0C, 0x03, 0xE0, 0x06, 0x01, 0xF0, 0x03, 0x00, 0xF8, 0x03, 0x80, 0x7C, 0x01, 0xC0,
    0x3F, 0x01, 0xE0, 0x0F, 0xE1, 0xE0, 0x03, 0xFF, 0xE0, 0x00, 0x7F, 0xE0, 0x00, 0x00, 0x00, 0x00,
    0x00, 0x00, 0x00, 0x03, 0xE0, 0x00, 0x1F, 0xC0, 0x00, 0x63, 0x80, 0x01, 0x8E, 0x00, 0x06, 0x38,
    0x00, 0x1F, 0xC0, 0x00, 0x3E, 0x00, 0x00, 0x00, 0x00, 0x00, 0x00, 0x07, 0xF1, 0xFE, 0x1F, 0xC7,
    0xF8, 0x1F, 0x07, 0xE0, 0x7C, 0x0F, 0x81, 0xF0, 0x3E, 0x07, 0xC0, 0xF8, 0x1F, 0x03, 0xE0, 0x7C,
    0x0F, 0x81, 0xF0, 0x3E, 0x07, 0xC0, 0xF8, 0x1F, 0x03, 0xE0, 0x7C, 0x0F, 0x81, 0xF8, 0x3E, 0x07,
    0xE1, 0xF8, 0x1F, 0x87, 0xE0, 0x3F, 0xFF, 0x80, 0xFF, 0xBF, 0x81, 0xFC, 0xFF, 0x00, 0x00, 0x00,
    0x00, 0x1E, 0x78, 0x00, 0x1F, 0x3C, 0x00, 0x0F, 0x3C, 0x00, 0x0F, 0x3C, 0x00, 0x07, 0x1C, 0x00,
    0x07, 0x1C, 0x00, 0x00, 0x00, 0x00, 0x00, 0x00, 0x00, 0xFF, 0xF0, 0xFF, 0x7F, 0xF8, 0x7F, 0xC7,
    0xF0, 0x0F, 0x03, 0xF0, 0x03, 0x00, 0xF8, 0x01, 0x80, 0x7C, 0x00, 0xC0, 0x3E, 0x00, 0x60, 0x1F,
    0x00, 0x30, 0x0F, 0x80, 0x18, 0x07, 0xC0, 0x0C, 0x03, 0xE0, 0x06, 0x01, 0xF0, 0x03, 0x00, 0xF8,
    0x01, 0x80, 0x7C, 0x00, 0xC0, 0x3E, 0x00, 0x60, 0x1F, 0x00, 0x30, 0x0F, 0x80, 0x18, 0x07, 0xC0,
    0x0C, 0x03, 0xE0, 0x0E, 0x01, 0xF0, 0x07, 0x00, 0xFC, 0x07, 0x80, 0x3F, 0x87, 0x80, 0x0F, 0xFF,
    0x80, 0x01, 0xFF, 0x80, 0x00, 0x00, 0x00, 0x00, 0x00, 0xF1, 0xE0, 0x03, 0xCF, 0x80, 0x1E, 0x3C,
    0x00, 0x71, 0xE0, 0x03, 0x8F, 0x00, 0x0C, 0x38, 0x00, 0x00, 0x00, 0x00, 0x00, 0x00, 0x7F, 0x1F,
    0xE1, 0xFC, 0x7F, 0x81, 0xF0, 0x7E, 0x07, 0xC0, 0xF8, 0x1F, 0x03, 0xE0, 0x7C, 0x0F, 0x81, 0xF0,
    0x3E, 0x07, 0xC0, 0xF8, 0x1F, 0x03, 0xE0, 0x7C, 0x0F, 0x81, 0xF0, 0x3E, 0x07, 0xC0, 0xF8, 0x1F,
    0x83, 0xE0, 0x7E, 0x1F, 0x81, 0xF8, 0x7E, 0x03, 0xFF, 0xF8, 0x0F, 0xFB, 0xF8, 0x1F, 0xCF, 0xF0,
    0x00, 0x00, 0x00, 0x7F, 0xF0, 0xFF, 0xBF, 0xFC, 0x7F, 0xC7, 0xF0, 0x0F, 0x01, 0xF0, 0x03, 0x80,
    0xF8, 0x01, 0xC0, 0x7C, 0x00, 0xE0, 0x3E, 0x00, 0x70, 0x1F, 0x00, 0x38, 0x0F, 0x80, 0x1C, 0x07,
    0xC0, 0x0E, 0x03, 0xE0, 0x07, 0x01, 0xF0, 0x03, 0x80, 0xF8, 0x01, 0xC0, 0x7C, 0x00, 0xE0, 0x3E,
    0x00, 0x70, 0x1F, 0x00, 0x38, 0x0F, 0x80, 0x1C, 0x07, 0xC0, 0x0E, 0x03, 0xF0, 0x07, 0x01, 0xF8,
    0x07, 0x00, 0x7C, 0x03, 0x80, 0x3F, 0x87, 0x80, 0x0F, 0xFF, 0x80, 0x01, 0xFF, 0x80, 0x00, 0x0E,
    0x00, 0x00, 0x0E, 0x00, 0x00, 0x0E, 0x00, 0x00, 0x07, 0x00, 0x00, 0x07, 0x80, 0x00, 0x01, 0xFC,
    0x00, 0x00, 0xFF, 0x00, 0x00, 0x3F, 0x00, 0x7F, 0x1F, 0xE1, 0xFC, 0x7F, 0x81, 0xF0, 0x7E, 0x07,
    0xC0, 0xF8, 0x1F, 0x03, 0xE0, 0x7C, 0x0F, 0x81, 0xF0, 0x3E, 0x07, 0xC0, 0xF8, 0x1F, 0x03, 0xE0,
    0x7C, 0x0F, 0x81, 0xF0, 0x3E, 0x07, 0xC0, 0xF8, 0x1F, 0x83, 0xE0, 0x7E, 0x1F, 0x81, 0xF8, 0x7E,
    0x03, 0xFF, 0xF8, 0x0F, 0xFB, 0xF8, 0x1F, 0xCF, 0xF0, 0x00, 0x70, 0x00, 0x03, 0x80, 0x00, 0x1E,
    0x00, 0x00, 0x70, 0x00, 0x01, 0xE0, 0x00, 0x07, 0xF8, 0x00, 0x1F, 0xE0, 0x00, 0x1F, 0x00, 0x00,
    0x00, 0x78, 0x00, 0x00, 0x00, 0x0F, 0xC0, 0x00, 0x00, 0x01, 0xFE, 0x00, 0x00, 0x00, 0x3D, 0xE0,
    0x00, 0x00, 0x07, 0x87, 0x00, 0x00, 0x00, 0x70, 0x38, 0x00, 0x00, 0x00, 0x00, 0x00, 0x00, 0x00,
    0x00, 0x00, 0x00, 0xFF, 0xE0, 0x30, 0x1F, 0xFF, 0xFE, 0x07, 0x81, 0xFF, 0x3F, 0x80, 0x78, 0x07,
    0xC1, 0xF8, 0x07, 0x80, 0x38, 0x1F, 0x80, 0xFC, 0x03, 0x81, 0xF8, 0x0F, 0xC0, 0x70, 0x0F, 0x80,
    0xFC, 0x07, 0x00, 0xF8, 0x1F, 0xE0, 0x70, 0x0F, 0xC1, 0xFE, 0x06, 0x00, 0xFC, 0x1F, 0xF0, 0xE0,
    0x07, 0xC3, 0xBF, 0x0E, 0x00, 0x7E, 0x39, 0xF0, 0xE0, 0x07, 0xE3, 0x9F, 0x8C, 0x00, 0x3E, 0x30,
    0xF9, 0xC0, 0x03, 0xE7, 0x0F, 0x9C, 0x00, 0x3F, 0x70, 0xFD, 0xC0, 0x01, 0xF6, 0x07, 0xD8, 0x00,
    0x1F, 0xE0, 0x7F, 0x80, 0x01, 0xFE, 0x07, 0xF8, 0x00, 0x1F, 0xE0, 0x3F, 0x80, 0x00, 0xFC, 0x03,
    0xF0, 0x00, 0x0F, 0xC0, 0x3F, 0x00, 0x00, 0xFC, 0x01, 0xF0, 0x00, 0x07, 0x80, 0x1E, 0x00, 0x00,
    0x03, 0xC0, 0x00, 0x00, 0x1F, 0x80, 0x00, 0x00, 0x7F, 0x00, 0x00, 0x03, 0xDE, 0x00, 0x00, 0x1C,
    0x3C, 0x00, 0x00, 0xE0, 0x70, 0x00, 0x00, 0x00, 0x00, 0x00, 0x00, 0x00, 0x00, 0x7F, 0xE1, 0xC3,
    0xFD, 0xFF, 0x87, 0x0F, 0xF1, 0xF8, 0x3C, 0x0F, 0x07, 0xC0, 0xF8, 0x38, 0x1F, 0x83, 0xE0, 0xE0,
    0x3E, 0x1F, 0x83, 0x00, 0xF8, 0x7F, 0x0C, 0x03, 0xE1, 0xFC, 0x70, 0x07, 0xCF, 0xF1, 0x80, 0x1F,
    0x33, 0xE6, 0x00, 0x7C, 0xCF, 0xB8, 0x00, 0xF7, 0x3E, 0xE0, 0x03, 0xF8, 0x7F, 0x00, 0x0F, 0xE1,
    0xFC, 0x00, 0x3F, 0x87, 0xF0, 0x00, 0x7C, 0x0F, 0x80, 0x01, 0xF0, 0x3E, 0x00, 0x07, 0xC0, 0xF8,
    0x00, 0x00, 0x3C, 0x00, 0x00, 0x7E, 0x00, 0x00, 0xFE, 0x00, 0x01, 0xEF, 0x00, 0x03, 0xC3, 0x80,
    0x03, 0x81, 0xC0, 0x00, 0x00, 0x00, 0x00, 0x00, 0x00, 0xFF, 0xE3, 0xFE, 0xFF, 0xE3, 0xFE, 0x3F,
    0x80, 0x7C, 0x1F, 0x80, 0x78, 0x1F, 0x80, 0x70, 0x0F, 0x80, 0x70, 0x0F, 0xC0, 0xE0, 0x07, 0xC0,
    0xE0, 0x07, 0xE1, 0xC0, 0x03, 0xE1, 0xC0, 0x03, 0xF3, 0x80, 0x01, 0xF3, 0x00, 0x01, 0xFF, 0x00,
    0x00, 0xFE, 0x00, 0x00, 0xFE, 0x00, 0x00, 0x7C, 0x00, 0x00, 0x7C, 0x00, 0x00, 0x7C, 0x00, 0x00,
    0x7C, 0x00, 0x00, 0x7C, 0x00, 0x00, 0x7C, 0x00, 0x00, 0xFE, 0x00, 0x07, 0xFF, 0xC0, 0x07, 0xFF,
    0xC0, 0x00, 0xF0, 0x00, 0x1F, 0x80, 0x03, 0xFC, 0x00, 0x7B, 0xC0, 0x07, 0x0E, 0x00, 0xE0, 0x70,
    0x00, 0x00, 0x00, 0x00, 0x00, 0xFF, 0xCF, 0xEF, 0xFC, 0xFE, 0x3F, 0x03, 0xC3, 0xF0, 0x38, 0x1F,
    0x03, 0x81, 0xF0, 0x30, 0x1F, 0x87, 0x00, 0xF8, 0x70, 0x0F, 0x86, 0x00, 0x7C, 0xE0, 0x07, 0xCC,
    0x00, 0x7C, 0xC0, 0x03, 0xFC, 0x00, 0x3F, 0x80, 0x01, 0xF8, 0x00, 0x1F, 0x80, 0x01, 0xF0, 0x00,
    0x0F, 0x00, 0x00, 0xF0, 0x00, 0x0E, 0x00, 0x01, 0xE0, 0x00, 0x3C, 0x00, 0x07, 0xC0, 0x03, 0xF8,
    0x00, 0x7F, 0x00, 0x07, 0x80, 0x00, 0x00, 0x00, 0x00, 0x01, 0xC3, 0x80, 0x03, 0xE7, 0xC0, 0x03,
    0xE7, 0xC0, 0x01, 0xC3, 0x80, 0x00, 0x00, 0x00, 0x00, 0x00, 0x00, 0x00, 0x00, 0x00, 0xFF, 0xE3,
    0xFE, 0xFF, 0xE3, 0xFE, 0x3F, 0x80, 0x7C, 0x1F, 0x80, 0x78, 0x1F, 0x80, 0x70, 0x0F, 0x80, 0x70,
    0x0F, 0xC0, 0xE0, 0x07, 0xC0, 0xE0, 0x07, 0xE1, 0xC0, 0x03, 0xE1, 0xC0, 0x03, 0xF3, 0x80, 0x01,
    0xF3, 0x00, 0x01, 0xFF, 0x00, 0x00, 0xFE, 0x00, 0x00, 0xFE, 0x00, 0x00, 0x7C, 0x00, 0x00, 0x7C,
    0x00, 0x00, 0x7C, 0x00, 0x00, 0x7C, 0x00, 0x00, 0x7C, 0x00, 0x00, 0x7C, 0x00, 0x00, 0xFE, 0x00,
    0x07, 0xFF, 0xC0, 0x07, 0xFF, 0xC0, 0x00, 0x1F, 0x00, 0x03, 0xF0, 0x00, 0x3E, 0x00, 0x07, 0x80,
    0x00, 0xF0, 0x00, 0x0E, 0x00, 0x00, 0x00, 0x00, 0x00, 0x00, 0x7F, 0xFF, 0xE7, 0xFF, 0xFE, 0x78,
    0x0F, 0xE7, 0x00, 0xFC, 0x70, 0x1F, 0xC7, 0x01, 0xF8, 0x70, 0x3F, 0x00, 0x07, 0xF0, 0x00, 0x7E,
    0x00, 0x0F, 0xC0, 0x00, 0xFC, 0x00, 0x1F, 0x80, 0x03, 0xF8, 0x00, 0x3F, 0x00, 0x07, 0xE0, 0x00,
    0x7E, 0x00, 0x0F, 0xC0, 0x01, 0xF8, 0x07, 0x1F, 0x80, 0x73, 0xF0, 0x07, 0x7F, 0x00, 0xF7, 0xE0,
    0x1F, 0xFF, 0xFF, 0xFF, 0xFF, 0xFF, 0x00, 0x3E, 0x00, 0x3F, 0x00, 0x1F, 0x00, 0x1F, 0x00, 0x1E,
    0x00, 0x0E, 0x00, 0x00, 0x00, 0x00, 0x00, 0x3F, 0xFF, 0x1F, 0xFF, 0x8F, 0xFF, 0xCE, 0x07, 0xC7,
    0x07, 0xC1, 0x07, 0xE0, 0x07, 0xE0, 0x03, 0xE0, 0x03, 0xF0, 0x03, 0xF0, 0x01, 0xF0, 0x01, 0xF0,
    0x01, 0xF8, 0x38, 0xF8, 0x1C, 0xF8, 0x0E, 0xFC, 0x0F, 0x7F, 0xFF, 0xFF, 0xFF, 0xC0, 0x00, 0x70,
    0x00, 0x0F, 0x80, 0x00, 0xFC, 0x00, 0x0F, 0xC0, 0x00, 0xF8, 0x00, 0x00, 0x00, 0x00, 0x00, 0x00,
    0x00, 0x00, 0x7F, 0xFF, 0xE7, 0xFF, 0xFE, 0x78, 0x0F, 0xE7, 0x00, 0xFC, 0x70, 0x1F, 0xC7, 0x01,
    0xF8, 0x70, 0x3F, 0x00, 0x07, 0xF0, 0x00, 0x7E, 0x00, 0x0F, 0xC0, 0x00, 0xFC, 0x00, 0x1F, 0x80,
    0x03, 0xF8, 0x00, 0x3F, 0x00, 0x07, 0xE0, 0x00, 0x7E, 0x00, 0x0F, 0xC0, 0x01, 0xF8, 0x07, 0x1F,
    0x80, 0x73, 0xF0, 0x07, 0x7F, 0x00, 0xF7, 0xE0, 0x1F, 0xFF, 0xFF, 0xFF, 0xFF, 0xFF, 0x00, 0xE0,
    0x00, 0xF8, 0x00, 0x7C, 0x00, 0x3E, 0x00, 0x1F, 0x00, 0x00, 0x00, 0x00, 0x00, 0x00, 0x00, 0x3F,
    0xFF, 0x1F, 0xFF, 0x8F, 0xFF, 0xCE, 0x07, 0xC7, 0x07, 0xC1, 0x07, 0xE0, 0x07, 0xE0, 0x03, 0xE0,
    0x03, 0xF0, 0x03, 0xF0, 0x01, 0xF0, 0x01, 0xF0, 0x01, 0xF8, 0x38, 0xF8, 0x1C, 0xF8, 0x0E, 0xFC,
    0x0F, 0x7F, 0xFF, 0xFF, 0xFF, 0xC0, 0x06, 0x03, 0x00, 0x70, 0x70, 0x03, 0x9E, 0x00, 0x1F, 0xC0,
    0x01, 0xFC, 0x00, 0x0F, 0x80, 0x00, 0x00, 0x00, 0x00, 0x00, 0x7F, 0xFF, 0xE7, 0xFF, 0xFE, 0x78,
    0x0F, 0xE7, 0x00, 0xFC, 0x70, 0x1F, 0xC7, 0x01, 0xF8, 0x70, 0x3F, 0x00, 0x07, 0xF0, 0x00, 0x7E,
    0x00, 0x0F, 0xC0, 0x00, 0xFC, 0x00, 0x1F, 0x80, 0x03, 0xF8, 0x00, 0x3F, 0x00, 0x07, 0xE0, 0x00,
    0x7E, 0x00, 0x0F, 0xC0, 0x01, 0xF8, 0x07, 0x1F, 0x80, 0x73, 0xF0, 0x07, 0x7F, 0x00, 0xF7, 0xE0,
    0x1F, 0xFF, 0xFF, 0xFF, 0xFF, 0xFF, 0x0C, 0x06, 0x07, 0x0F, 0x01, 0xCF, 0x00, 0xFF, 0x00, 0x3F,
    0x00, 0x0F, 0x80, 0x00, 0x00, 0x00, 0x00, 0x3F, 0xFF, 0x1F, 0xFF, 0x8F, 0xFF, 0xCE, 0x07, 0xC7,
    0x07, 0xC1, 0x07, 0xE0, 0x07, 0xE0, 0x03, 0xE0, 0x03, 0xF0, 0x03, 0xF0, 0x01, 0xF0, 0x01, 0xF0,
    0x01, 0xF8, 0x38, 0xF8, 0x1C, 0xF8, 0x0E, 0xFC, 0x0F, 0x7F, 0xFF, 0xFF, 0xFF, 0xC0, 0x00, 0xF8,
    0x03, 0xFE, 0x07, 0xDF, 0x0F, 0x8F, 0x0F, 0x8E, 0x1F, 0x80, 0x1F, 0x80, 0x1F, 0x80, 0x1F, 0x80,
    0x1F, 0x80, 0x1F, 0x80, 0x1F, 0x80, 0x1F, 0x80, 0x1F, 0x80, 0x1F, 0x80, 0x1F, 0x80, 0x1F, 0x80,
    0x1F, 0x80, 0x1F, 0x80, 0x1F, 0x80, 0x1F, 0x80, 0x1F, 0x80, 0x1F, 0x80, 0x1F, 0x80, 0xFF, 0xF0,
    0xFF, 0xF0, 0x7F, 0xDF, 0xF7, 0xFD, 0xFE, 0x7F, 0xDF, 0xF7, 0xFD, 0xFE, 0x00, 0x00, 0x7F, 0xFF,
    0xBF, 0xFF, 0xC0, 0x00, 0x00, 0x00, 0x00, 0x1F, 0xFF, 0xF7, 0xFF, 0xFC, 0x00, 0x00, 0x00, 0x00,
    0x00, 0x00, 0x0F, 0xFF, 0xFF, 0xFF, 0xFD, 0xFF, 0xFF, 0xFF, 0xFF, 0x80, 0x00, 0x00, 0x00, 0x00,
    0x7F, 0xFF, 0xFF, 0xFF, 0xEF, 0xFF, 0xFF, 0xFF, 0xFC, 0x00, 0x00, 0x00, 0x00, 0x00, 0x00, 0x71,
    0xF8, 0xFC, 0x7E, 0x3F, 0x1F, 0x8F, 0xC7, 0xE3, 0xF1, 0xF8, 0xFC, 0x7E, 0x3F, 0x1F, 0x8F, 0xC7,
    0xE3, 0xF1, 0xF8, 0xFC, 0x7E, 0x3F, 0x1F, 0x8F, 0xC7, 0xE3, 0xF1, 0xF8, 0xFC, 0x7E, 0x3F, 0x1F,
    0x8F, 0xC7, 0xE3, 0xF1, 0xC0, 0x00, 0x00, 0xFF, 0xFD, 0xFF, 0xF8, 0x00, 0x00, 0x00, 0x0F, 0xFF,
    0xDF, 0xFF, 0x80, 0x02, 0x1C, 0xF1, 0x87, 0x0F, 0x1F, 0x3E, 0x7C, 0x78, 0x00, 0x38, 0xF9, 0xF3,
    0xF3, 0xE3, 0x87, 0x0C, 0x79, 0xC0, 0x00, 0x00, 0x71, 0xF3, 0xE7, 0xE7, 0xC7, 0x0E, 0x38, 0xE3,
    0x80, 0x00, 0x38, 0xF9, 0xF3, 0xE7, 0xCE, 0x1C, 0x1C, 0x1E, 0x1C, 0x00, 0x02, 0x0C, 0x38, 0x73,
    0xC7, 0x8C, 0x18, 0x70, 0xE1, 0xE3, 0xC7, 0xCF, 0x9F, 0x3E, 0x7C, 0xF8, 0xF1, 0xE0, 0x00, 0x00,
    0x38, 0x71, 0xF3, 0xE7, 0xCF, 0x9F, 0xBF, 0x3E, 0x7C, 0x70, 0xE1, 0xC3, 0x86, 0x0C, 0x78, 0xF3,
    0x87, 0x00, 0x00, 0x00, 0x00, 0x00, 0xE1, 0xC7, 0xCF, 0x9F, 0x3E, 0x7E, 0xFC, 0xF9, 0xE1, 0xC3,
    0x87, 0x0E, 0x38, 0x71, 0xC3, 0x8E, 0x1C, 0x00, 0x00, 0x38, 0x71, 0xF3, 0xE7, 0xCF, 0x9F, 0x3E,
    0x7C, 0xF9, 0xC3, 0x87, 0x0E, 0x0E, 0x1C, 0x1E, 0x3C, 0x38, 0x70, 0x00, 0x00, 0x00, 0x00, 0x1E,
    0x00, 0x78, 0x01, 0xE0, 0x07, 0x80, 0x0C, 0x00, 0x30, 0x3C, 0xCF, 0xFF, 0xFF, 0xFF, 0xFF, 0x33,
    0xC1, 0xE0, 0x07, 0x80, 0x1E, 0x00, 0x78, 0x01, 0xE0, 0x07, 0x80, 0x1E, 0x00, 0x78, 0x01, 0xE0,
    0x07, 0x00, 0x0C, 0x00, 0x30, 0x00, 0xC0, 0x03, 0x00, 0x0C, 0x00, 0x30, 0x00, 0xC0, 0x03, 0x00,
    0x0C, 0x00, 0x00, 0x00, 0x1E, 0x00, 0x78, 0x01, 0xE0, 0x03, 0x03, 0xCC, 0xFF, 0xFF, 0xFF, 0xFF,
    0xF3, 0x3C, 0x1E, 0x00, 0x78, 0x01, 0xE0, 0x07, 0x80, 0x0C, 0x00, 0x30, 0x00, 0xC0, 0x03, 0x00,
    0x1E, 0x00, 0x78, 0x01, 0xE0, 0x07, 0x82, 0x0C, 0x1F, 0xFF, 0xFF, 0xFF, 0xFF, 0xFC, 0x0C, 0x00,
    0x30, 0x01, 0xE0, 0x07, 0x80, 0x1E, 0x00, 0x00, 0x03, 0xF0, 0xFF, 0x3F, 0xE7, 0xFC, 0xFF, 0xDF,
    0xFB, 0xFE, 0x7F, 0xC7, 0xF8, 0xFE, 0x02, 0x00, 0x00, 0x18, 0x03, 0xC0, 0x7E, 0x0F, 0xF1, 0xFF,
    0xBF, 0xF7, 0xFC, 0xFE, 0x1F, 0x03, 0x80, 0x00, 0x00, 0x33, 0xEF, 0xFF, 0xF9, 0xE0, 0x30, 0x18,
    0xF8, 0x3E, 0xFC, 0x3E, 0xFC, 0x7E, 0xF8, 0x3E, 0x78, 0x1C, 0x00, 0x00, 0x00, 0x0F, 0x03, 0xC0,
    0xF3, 0xF0, 0x7C, 0x1F, 0x7E, 0x1F, 0x87, 0xEF, 0xC3, 0xF0, 0x7C, 0xF0, 0x3C, 0x0F, 0x80, 0x00,
    0x00, 0x00, 0x01, 0xEF, 0xFF, 0xFD, 0xE0, 0x00, 0x00, 0x7F, 0xB0, 0x18, 0x0C, 0x06, 0x03, 0x01,
    0x80, 0xC0, 0x60, 0x30, 0x18, 0x0C, 0x06, 0x03, 0x01, 0x80, 0xC0, 0x60, 0x30, 0x18, 0x0C, 0x06,
    0x03, 0x01, 0x80, 0xC0, 0x00, 0x00, 0x00, 0x3F, 0xC0, 0x60, 0x30, 0x18, 0x0C, 0x06, 0x03, 0x01,
    0x80, 0xC0, 0x60, 0x30, 0x18, 0x0C, 0x06, 0x03, 0x01, 0x80, 0xC0, 0x60, 0x30, 0x18, 0x0C, 0x06,
    0x03, 0x01, 0x80, 0x00, 0xFF, 0xFF, 0xFF, 0xFF, 0xFF, 0xFF, 0xFF, 0x18, 0x18, 0x18, 0x18, 0x18,
    0x18, 0x18, 0x18, 0x18, 0x18, 0x18, 0x18, 0x18, 0x18, 0x18, 0x18, 0x18, 0x18, 0x18, 0x18, 0x00,
    0xFF, 0xC0, 0xC0, 0xC0, 0xC0, 0xC0, 0xFF, 0x18, 0x18, 0x18, 0x18, 0x18, 0x18, 0x18, 0x18, 0x18,
    0x18, 0x18, 0x18, 0x18, 0x18, 0x18, 0x18, 0x18, 0x18, 0x18, 0x18, 0x00, 0xFF, 0x03, 0x03, 0x03,
    0x03, 0x03, 0xFF, 0x18, 0x18, 0x18, 0x18, 0x18, 0x18, 0x18, 0x18, 0x18, 0x18, 0x18, 0x18, 0x18,
    0x18, 0x18, 0x18, 0x18, 0x18, 0x18, 0x18, 0x00, 0x00, 0x00, 0x00, 0x00, 0x00, 0x07, 0xE0, 0x0E,
    0x00, 0x00, 0x03, 0xFC, 0x03, 0x80, 0x00, 0x01, 0xE7, 0x81, 0xC0, 0x00, 0x00, 0x70, 0xF0, 0x70,
    0x00, 0x00, 0x3C, 0x3C, 0x38, 0x00, 0x00, 0x0F, 0x0F, 0x0E, 0x00, 0x00, 0x03, 0xC3, 0xC7, 0x00,
    0x00, 0x00, 0xF0, 0xF1, 0xC0, 0x00, 0x00, 0x3C, 0x3C, 0xE0, 0x00, 0x00, 0x0F, 0x0F, 0x38, 0x60,
    0x03, 0x83, 0xC3, 0xDC, 0xFF, 0x03, 0xF8, 0x78, 0xE7, 0x79, 0xE1, 0xEF, 0x1E, 0x7B, 0x9E, 0x38,
    0xF1, 0xE3, 0xFC, 0xEF, 0x0F, 0x3C, 0x78, 0x3C, 0x73, 0xC3, 0xCF, 0x1E, 0x00, 0x1C, 0xF0, 0xF7,
    0x83, 0xC0, 0x0E, 0x3C, 0x3D, 0xE0, 0xF0, 0x03, 0x8F, 0x0F, 0x78, 0x3C, 0x00, 0xC3, 0xC3, 0xCE,
    0x0F, 0x00, 0x70, 0xF0, 0xF3, 0xC7, 0x80, 0x18, 0x3C, 0x3C, 0xF1, 0xE0, 0x0E, 0x07, 0x8E, 0x3C,
    0x78, 0x03, 0x00, 0xFF, 0x87, 0xBC, 0x01, 0xC0, 0x1F, 0x80, 0xFE, 0x00, 0x00, 0x00, 0x00, 0x00,
    0x00, 0x00, 0x00, 0x00, 0x00, 0x00, 0x00, 0x00, 0x1F, 0x80, 0x38, 0x00, 0x00, 0x00, 0x00, 0x3F,
    0xC0, 0x38, 0x00, 0x00, 0x00, 0x00, 0x79, 0xE0, 0x70, 0x00, 0x00, 0x00, 0x00, 0x70, 0xF0, 0x70,
    0x00, 0x00, 0x00, 0x00, 0xF0, 0xF0, 0xE0, 0x00, 0x00, 0x00, 0x00, 0xF0, 0xF0, 0xE0, 0x00, 0x00,
    0x00, 0x00, 0xF0, 0xF1, 0xC0, 0x00, 0x00, 0x00, 0x00, 0xF0, 0xF1, 0xC0, 0x00, 0x00, 0x00, 0x00,
    0xF0, 0xF3, 0x80, 0x00, 0x00, 0x00, 0x00, 0xF0, 0xF3, 0x86, 0x00, 0x18, 0x00, 0xE0, 0xF0, 0xF7,
    0x3F, 0xC0, 0xFE, 0x03, 0xF8, 0x78, 0xE7, 0x79, 0xE1, 0xEF, 0x07, 0xBC, 0x79, 0xEE, 0x78, 0xE1,
    0xC7, 0x8F, 0x1E, 0x3F, 0xCE, 0xF0, 0xF3, 0xC3, 0x8F, 0x1E, 0x0F, 0x1C, 0xF0, 0xF3, 0xC3, 0xCF,
    0x1E, 0x00, 0x1C, 0xF0, 0xF3, 0xC3, 0xDE, 0x0F, 0x00, 0x38, 0xF0, 0xF3, 0xC3, 0xDE, 0x0F, 0x00,
    0x38, 0xF0, 0xF3, 0xC3, 0xDE, 0x0F, 0x00, 0x30, 0xF0, 0xF3, 0xC3, 0xCE, 0x0F, 0x00, 0x70, 0xF0,
    0xF3, 0xC3, 0xCF, 0x1E, 0x00, 0x60, 0xF0, 0xF3, 0xC3, 0x8F, 0x1E, 0x00, 0xE0, 0x78, 0xE1, 0xC7,
    0x8F, 0x1E, 0x00, 0xC0, 0x3F, 0xE1, 0xFF, 0x07, 0xBC, 0x01, 0xC0, 0x1F, 0x80, 0xFE, 0x03, 0xF8,
    0x00, 0x00, 0x00, 0x00, 0x00, 0x00, 0x00, 0x3F, 0x3E, 0x3E, 0x7C, 0x78, 0x78, 0x70, 0x70, 0x00,
    0x3F, 0x3F, 0x3E, 0x3E, 0x3E, 0x3E, 0x7C, 0x7C, 0x78, 0x78, 0x78, 0x78, 0x70, 0x70, 0x70, 0x70,
    0x00, 0x00, 0x3F, 0x3F, 0x3F, 0x3E, 0x3E, 0x3E, 0x3E, 0x3E, 0x3E, 0x7C, 0x7C, 0x7C, 0x78, 0x78,
    0x78, 0x78, 0x78, 0x78, 0x70, 0x70, 0x70, 0x70, 0x70, 0x70, 0x00, 0x00, 0x00, 0x7C, 0x7E, 0x3E,
    0x3E, 0x1E, 0x1E, 0x0F, 0x07, 0x00, 0x7C, 0x7C, 0x7E, 0x7E, 0x3E, 0x3E, 0x3E, 0x3E, 0x1E, 0x1E,
    0x1E, 0x1E, 0x0F, 0x0F, 0x07, 0x07, 0x00, 0x00, 0x7C, 0x7C, 0x7C, 0x7E, 0x7E, 0x7E, 0x3E, 0x3E,
    0x3E, 0x3E, 0x3E, 0x3E, 0x1E, 0x1E, 0x1E, 0x1E, 0x1E, 0x1E, 0x0F, 0x0F, 0x0F, 0x07, 0x07, 0x07,
    0x00, 0x00, 0x00, 0x07, 0x00, 0x7C, 0x03, 0xE0, 0x3F, 0x81, 0xDC, 0x1E, 0xF0, 0xE3, 0x8E, 0x1E,
    0x70, 0x77, 0x03, 0xC0, 0x06, 0x0E, 0x1E, 0x3C, 0x7C, 0x78, 0xF8, 0xF8, 0x78, 0x7C, 0x3C, 0x1E,
    0x0E, 0x06, 0xE0, 0x70, 0x78, 0x38, 0x3C, 0x1E, 0x1F, 0x1F, 0x1E, 0x3C, 0x38, 0x78, 0x70, 0xE0,
    0x00, 0x00, 0x00, 0x07, 0xF8, 0x00, 0x1F, 0xFE, 0x00, 0x3E, 0x3E, 0x00, 0x7C, 0x1E, 0x00, 0x78,
    0x1C, 0x00, 0xF8, 0x00, 0x00, 0xF8, 0x00, 0x00, 0xF8, 0x7F, 0xFC, 0xF8, 0xFF, 0xFE, 0xF8, 0x3F,
    0x1E, 0xF8, 0x1E, 0x0E, 0x78, 0x1E, 0x0E, 0x7C, 0x1E, 0x00, 0x3E, 0x1E, 0x00, 0x1F, 0xFF, 0xF8,
    0x07, 0xFF, 0xF8, 0x00, 0x3F, 0x00, 0x00, 0x1E, 0x00, 0x00, 0x1E, 0x00, 0x00, 0x1E, 0x06, 0x00,
    0x1E, 0x07, 0x00, 0x1E, 0x0E, 0x00, 0x7F, 0xFE, 0x00, 0xFF, 0xFE, 0x00, 0x00, 0x00, 0x01, 0x98,
    0x00, 0x19, 0x80, 0x03, 0xF0, 0x03, 0xFF, 0xC0, 0x7F, 0xFE, 0x1F, 0xB3, 0xF3, 0xF3, 0x7F, 0x3E,
    0x66, 0xF7, 0xE6, 0x6E, 0x7E, 0x66, 0x07, 0xC6, 0x60, 0x7C, 0x6C, 0x0F, 0xCC, 0xC0, 0xFC, 0xCC,
    0x07, 0xCC, 0xC0, 0x7E, 0xCC, 0x07, 0xFD, 0x80, 0x7F, 0x98, 0x03, 0xF9, 0x83, 0x3F, 0x98, 0x71,
    0xFF, 0x9F, 0x0F, 0xFF, 0xE0, 0x3F, 0xFC, 0x03, 0x7E, 0x00, 0x33, 0x00, 0x07, 0x60, 0x00, 0x66,
    0x00, 0x00, 0x00, 0x00, 0x0F, 0xF8, 0x03, 0xFF, 0xE0, 0xFC, 0x3F, 0x1F, 0x01, 0xF1, 0xF0, 0x1F,
    0x3E, 0x00, 0xE3, 0xE0, 0x0C, 0x7E, 0x00, 0x07, 0xE0, 0x00, 0x7C, 0xF1, 0xE7, 0xCF, 0xBF, 0x7C,
    0x7F, 0xF7, 0xC3, 0xCF, 0x7C, 0x3C, 0x67, 0xE3, 0xC0, 0x7E, 0x3C, 0x07, 0xE3, 0xC0, 0x7E, 0x3C,
    0x03, 0xF3, 0xC0, 0x3F, 0x3C, 0x31, 0xFF, 0xC7, 0x0F, 0xFF, 0xF0, 0x7F, 0xFE, 0x01, 0xFF, 0x80,
    0x00, 0x00, 0xFF, 0xFF, 0xFF, 0xFF, 0xCF, 0xC1, 0xE3, 0xE0, 0x71, 0xF0, 0x38, 0xF8, 0x1C, 0x7C,
    0x00, 0x3E, 0x00, 0x1F, 0x00, 0x0F, 0x80, 0x07, 0xC0, 0x03, 0xFF, 0xC1, 0xFF, 0xE0, 0xF8, 0x00,
    0x7C, 0x00, 0x3E, 0x00, 0xFF, 0xF8, 0x7F, 0xFC, 0x07, 0xC0, 0x03, 0xE0, 0x01, 0xF0, 0x00, 0xFC,
    0x03, 0xFF, 0xC1, 0xFF, 0xE0, 0x00, 0x00, 0x00, 0xFF, 0x80, 0x7F, 0xF0, 0x3E, 0x7E, 0x1F, 0x0F,
    0x87, 0xC3, 0xE1, 0xE0, 0x70, 0x7C, 0x10, 0x1F, 0x00, 0x07, 0xC0, 0x00, 0xF0, 0x01, 0xFF, 0xF0,
    0x7F, 0xFC, 0x1F, 0xFF, 0x00, 0x7C, 0x01, 0xFF, 0xF0, 0x7F, 0xFC, 0x1F, 0xFF, 0x00, 0x78, 0x00,
    0x1C, 0x00, 0x0F, 0x80, 0x47, 0xFE, 0x73, 0xFF, 0xFD, 0xFF, 0xFF, 0x70, 0x7F, 0x80, 0x00, 0x00,
    0x00, 0x00, 0x00, 0x00, 0x00, 0x00, 0x06, 0x00, 0x00, 0x00, 0x07, 0x00, 0x00, 0x00, 0x03, 0x80,
    0x00, 0x00, 0x01, 0x80, 0x03, 0xF9, 0xFD, 0xFF, 0x01, 0xFD, 0xFF, 0xFF, 0xE0, 0x3F, 0xFF, 0xFF,
    0xF0, 0x1F, 0xC7, 0xF0, 0xF8, 0x0F, 0xC1, 0xF8, 0x7E, 0x07, 0xE0, 0xF8, 0x3F, 0x03, 0xF0, 0x7C,
    0x1F, 0x81, 0xF8, 0x3E, 0x0F, 0xC0, 0xFC, 0x1F, 0x07, 0xE0, 0x7E, 0x0F, 0x83, 0xF0, 0x3F, 0x07,
    0xC1, 0xF8, 0x1F, 0x83, 0xE0, 0xFC, 0x0F, 0xC1, 0xF0, 0x7E, 0x07, 0xE1, 0xF8, 0x3F, 0x03, 0xF0,
    0xFC, 0x1F, 0x81, 0xF8, 0xFF, 0x0F, 0xC3, 0xFF, 0x7F, 0xC7, 0xF9, 0xFF, 0xBF, 0xE3, 0xFC, 0x00,
    0x38, 0x00, 0x00, 0x00, 0x18, 0x00, 0x00, 0x00, 0x1C, 0x00, 0x00, 0x00, 0x0E, 0x00, 0x00, 0x00,
    0x00, 0x00, 0x00, 0x00, 0x7F, 0x80, 0x7F, 0xDF, 0xE0, 0x1F, 0xF1, 0xFC, 0x00, 0xE0, 0x3F, 0x80,
    0x38, 0x0F, 0xE0, 0x0E, 0x03, 0xFC, 0x03, 0x80, 0xFF, 0x80, 0xE0, 0x3B, 0xF0, 0x38, 0x0E, 0xFC,
    0x0E, 0x3F, 0xFF, 0xFF, 0xFF, 0xFF, 0xFF, 0xFC, 0x38, 0x7C, 0x38, 0x0E, 0x1F, 0x8E, 0x3F, 0xFF,
    0xFF, 0xFF, 0xFF, 0xFF, 0xFC, 0x38, 0x1F, 0xB8, 0x0E, 0x03, 0xFE, 0x03, 0x80, 0x7F, 0x80, 0xE0,
    0x0F, 0xE0, 0x38, 0x03, 0xF8, 0x0E, 0x00, 0x7E, 0x03, 0x80, 0x0F, 0x87, 0xFC, 0x03, 0xE1, 0xFF,
    0x00, 0x78, 0x7F, 0xFE, 0x00, 0x03, 0xFF, 0xFC, 0x00, 0x07, 0xE3, 0xF0, 0x00, 0x1F, 0x0F, 0xC0,
    0x00, 0xF8, 0x3E, 0x00, 0x07, 0xC1, 0xF0, 0x00, 0x3E, 0x0F, 0xC0, 0x01, 0xF0, 0x7E, 0x20, 0x0F,
    0x83, 0xE3, 0x80, 0x7C, 0x1F, 0x1C, 0x03, 0xE0, 0xF9, 0xE0, 0x1F, 0x0F, 0x9F, 0x00, 0xF8, 0xFB,
    0xFF, 0x87, 0xFF, 0x9F, 0xF8, 0x3F, 0xF0, 0x3E, 0x01, 0xF0, 0x01, 0xF0, 0x0F, 0x80, 0x0F, 0x80,
    0x7C, 0x00, 0x7C, 0x03, 0xE0, 0x03, 0xE0, 0x1F, 0x00, 0x1F, 0x00, 0xF8, 0x00, 0x78, 0x0F, 0xC0,
    0x03, 0xC1, 0xFF, 0xE0, 0x1F, 0xEF, 0xFF, 0x00, 0x7F, 0x00, 0x00, 0x00, 0x00, 0x7F, 0xFE, 0x00,
    0x00, 0x01, 0xFF, 0xFF, 0x00, 0x00, 0x01, 0xF8, 0xFE, 0x00, 0x00, 0x03, 0xE0, 0xF8, 0x00, 0x00,
    0x0F, 0x83, 0xF0, 0x00, 0x00, 0x3E, 0x0F, 0xC0, 0x00, 0x00, 0xF8, 0x3F, 0x03, 0xFE, 0x03, 0xE0,
    0xFC, 0x1F, 0xFC, 0x0F, 0x83, 0xF0, 0xF0, 0xF8, 0x3E, 0x0F, 0x83, 0xC1, 0xE0, 0xF8, 0x3E, 0x1F,
    0x07, 0x03, 0xE3, 0xF0, 0x7E, 0x00, 0x0F, 0xFF, 0x00, 0xFE, 0x00, 0x3F, 0xFC, 0x03, 0xFE, 0x00,
    0xF9, 0xF8, 0x07, 0xFE, 0x03, 0xE3, 0xE0, 0x0F, 0xFC, 0x0F, 0x8F, 0xC0, 0x0F, 0xF8, 0x3E, 0x1F,
    0x00, 0x07, 0xE0, 0xF8, 0x7E, 0x0C, 0x0F, 0x83, 0xE0, 0xFC, 0x78, 0x1E, 0x0F, 0x81, 0xF1, 0xE0,
    0x78, 0x3E, 0x07, 0xE7, 0xC3, 0xC7, 0xFF, 0x0F, 0xEF, 0xFF, 0x1F, 0xFC, 0x1F, 0x9F, 0xF0, 0x00,
    0x00, 0x00, 0x00, 0x00, 0x7F, 0xF0, 0x3C, 0x0F, 0xFB, 0xFF, 0x81, 0xE0, 0x7F, 0xC7, 0xF0, 0x0F,
    0x00, 0xF8, 0x1F, 0x80, 0xFC, 0x03, 0x80, 0xFC, 0x07, 0xE0, 0x1C, 0x07, 0xE0, 0x3F, 0x01, 0xC0,
    0x1F, 0x01, 0xFC, 0x0E, 0x00, 0xF8, 0x1D, 0xE0, 0x70, 0x07, 0xE0, 0xCF, 0x03, 0x80, 0x3F, 0x06,
    0x7C, 0x38, 0x1F, 0xFF, 0xFF, 0xFF, 0xFE, 0xFF, 0xFF, 0xFF, 0xFF, 0xF7, 0xFF, 0xFF, 0xFF, 0xFF,
    0x00, 0xF8, 0xC3, 0xE7, 0x00, 0x07, 0xCE, 0x0F, 0x38, 0x00, 0x3F, 0x70, 0x79, 0xC0, 0x00, 0xFB,
    0x03, 0xEC, 0x00, 0x07, 0xF8, 0x0F, 0xE0, 0x00, 0x3F, 0xC0, 0x7F, 0x00, 0x01, 0xFC, 0x03, 0xF8,
    0x00, 0x07, 0xE0, 0x1F, 0x80, 0x00, 0x3F, 0x00, 0x7C, 0x00, 0x01, 0xF8, 0x03, 0xE0, 0x00, 0x07,
    0x80, 0x1F, 0x00, 0xFF, 0xFE, 0x07, 0xBF, 0xFF, 0xE1, 0xEF, 0xFF, 0xFC, 0x7B, 0xE0, 0x1F, 0x1E,
    0xF8, 0x03, 0xC7, 0xBE, 0x00, 0xF9, 0xEF, 0x80, 0x3E, 0x7B, 0xE7, 0xCF, 0x9E, 0xF9, 0xF3, 0xE7,
    0xBE, 0x7C, 0xF9, 0xEF, 0x9F, 0x3E, 0x7B, 0xE7, 0xCF, 0x9E, 0xF9, 0xF3, 0xE7, 0xBE, 0x7C, 0x01,
    0xEF, 0x9F, 0x00, 0x7B, 0xE7, 0xC0, 0x3E, 0xF9, 0xF0, 0x0F, 0xBE, 0x7F, 0xFF, 0xCF, 0x9F, 0xFF,
    0xE3, 0xE7, 0xFF, 0xF0, 0x00, 0x00, 0x00, 0x03, 0xFC, 0x00, 0x0F, 0xE0, 0x00, 0x1F, 0x00, 0x00,
    0xF8, 0x00, 0xFF, 0xF8, 0x07, 0xFF, 0xC0, 0x01, 0xF0, 0x00, 0x0F, 0x80, 0x7E, 0x7C, 0x07, 0xFF,
    0xE0, 0x7E, 0x7F, 0x07, 0xE1, 0xF8, 0x3E, 0x07, 0xC1, 0xF0, 0x3E, 0x0F, 0x81, 0xF0, 0xFC, 0x0F,
    0x87, 0xE0, 0x7C, 0x3F, 0x03, 0xE0, 0xF8, 0x1F, 0x07, 0xC0, 0xF8, 0x3E, 0x07, 0xC1, 0xF8, 0x7E,
    0x07, 0xE7, 0xF8, 0x3F, 0xF7, 0xF0, 0x7F, 0x3F, 0x80, 0x00, 0x00, 0x00, 0x00, 0x00, 0x00, 0x00,
    0x1F, 0xFF, 0xE0, 0xFF, 0xFF, 0x00, 0x00, 0x00, 0x00, 0x1F, 0xE0, 0x0F, 0xFE, 0x03, 0xE7, 0xE0,
    0xF8, 0x7C, 0x1F, 0x07, 0x83, 0xC0, 0xE0, 0xF8, 0x18, 0x1F, 0x00, 0x03, 0xE0, 0x01, 0xFF, 0xF0,
    0x3F, 0xFE, 0x01, 0xF0, 0x00, 0x3E, 0x00, 0x1F, 0xFE, 0x03, 0xFF, 0xC0, 0x1F, 0x00, 0x03, 0xE0,
    0x00, 0x7C, 0x00, 0x07, 0xC0, 0x00, 0xF8, 0x04, 0x0F, 0x81, 0x81, 0xF8, 0xF0, 0x1F, 0xFC, 0x00,
    0xFF, 0x00, 0x00, 0x00, 0x7F, 0xF3, 0xFF, 0x3F, 0xFD, 0xFF, 0x87, 0xF0, 0x3F, 0x01, 0xF0, 0x1E,
    0x00, 0xF8, 0x0E, 0x00, 0x7C, 0x0E, 0x00, 0x3E, 0x0E, 0x00, 0x1F, 0x0E, 0x00, 0x0F, 0x8F, 0x00,
    0x07, 0xCF, 0x00, 0x03, 0xFF, 0x80, 0x1F, 0xFF, 0xFF, 0xCF, 0xFF, 0xFF, 0xE0, 0x7F, 0xFC, 0x00,
    0x3F, 0x7E, 0x00, 0x1F, 0x1F, 0x80, 0x0F, 0x87, 0xE0, 0x07, 0xC3, 0xF0, 0x03, 0xE0, 0xFC, 0x01,
    0xF0, 0x7F, 0x00, 0xF8, 0x1F, 0x80, 0x7E, 0x07, 0xE1, 0xFF, 0xC3, 0xFC, 0xFF, 0xF0, 0x7F, 0xFF,
    0xFF, 0xFB, 0xFF, 0xFF, 0xEF, 0x0F, 0xC7, 0xB8, 0x3F, 0x06, 0xE0, 0xFC, 0x1F, 0x83, 0xF0, 0x7E,
    0x0F, 0xC1, 0x80, 0x3F, 0x30, 0x00, 0xFF, 0xC0, 0x03, 0xFE, 0x00, 0x0F, 0xE0, 0x00, 0x7F, 0x00,
    0x07, 0xFC, 0xC0, 0x3F, 0xFF, 0x00, 0xCF, 0xF8, 0x00, 0x3F, 0x00, 0x01, 0xFC, 0x00, 0x3F, 0xF0,
    0x00, 0xFF, 0xC0, 0x02, 0x3F, 0x00, 0x00, 0xFC, 0x00, 0x03, 0xF0, 0x00, 0x7F, 0xF8, 0x01, 0xFF,
    0xE0, 0x00, 0x00, 0x00, 0x00, 0x00, 0x00, 0x07, 0x00, 0x00, 0x00, 0x00, 0x70, 0x00, 0x00, 0x00,
    0x07, 0x80, 0x00, 0x00, 0x00, 0x78, 0x00, 0x00, 0x00, 0xFF, 0xF8, 0x00, 0x00, 0x1F, 0xFF, 0xE0,
    0x00, 0x00, 0xC7, 0xC7, 0x80, 0x00, 0x00, 0x3E, 0x1E, 0x00, 0x00, 0x01, 0xF0, 0xF8, 0x00, 0x00,
    0x1F, 0x07, 0xC0, 0x00, 0x00, 0xF8, 0x1E, 0x00, 0x00, 0x07, 0xC0, 0xF8, 0x00, 0x00, 0x7C, 0x07,
    0xC0, 0x00, 0x03, 0xE0, 0x3E, 0x00, 0x00, 0x1F, 0x01, 0xF0, 0x00, 0x00, 0xF8, 0x0F, 0x80, 0x00,
    0x0F, 0xC0, 0x7C, 0x00, 0x00, 0x7C, 0x07, 0xE3, 0xE0, 0x03, 0xE0, 0x3E, 0x3F, 0xC0, 0x1F, 0x01,
    0xF3, 0xDF, 0x00, 0xF8, 0x0F, 0xBC, 0x78, 0x7F, 0x80, 0xF9, 0xE3, 0xEF, 0xFC, 0x07, 0xCF, 0x1F,
    0x63, 0xE0, 0x7C, 0xF8, 0xF3, 0x1F, 0x87, 0xC7, 0xC7, 0x9F, 0xFF, 0xFC, 0x3F, 0xF8, 0x7E, 0x3F,
    0x81, 0xFF, 0x80, 0x00, 0x00, 0x1F, 0x00, 0x00, 0x00, 0x00, 0xF8, 0x00, 0x00, 0x00, 0x07, 0xC0,
    0x00, 0x00, 0x00, 0x3C, 0x00, 0x00, 0x00, 0x03, 0xE0, 0x00, 0x00, 0x00, 0x1F, 0x00, 0x00, 0x00,
    0x00, 0xF0, 0x00, 0x00, 0x00, 0x00, 0x01, 0xF8, 0x00, 0x3F, 0xC0, 0x07, 0x9E, 0x00, 0xF8, 0xE0,
    0x0F, 0x0E, 0x00, 0xF0, 0xE0, 0x0F, 0x8E, 0x00, 0xF9, 0xE0, 0x0F, 0x9E, 0x00, 0xF9, 0xC0, 0x0F,
    0xFC, 0x00, 0x7F, 0x80, 0x07, 0xF8, 0x00, 0x7F, 0x00, 0x43, 0xF0, 0x06, 0x3F, 0x00, 0xF3, 0xF0,
    0x0F, 0x3F, 0x81, 0xFF, 0xF8, 0x1F, 0xFF, 0xC3, 0xFE, 0x7C, 0x7B, 0xE7, 0xC7, 0x1C, 0x7E, 0xE1,
    0x83, 0xE0, 0x00, 0x3E, 0x00, 0x03, 0xE0, 0x1C, 0x1E, 0x01, 0xC1, 0xE0, 0x3E, 0x1E, 0x01, 0xF3,
    0xC0, 0x1F, 0xFC, 0x00, 0x7F, 0x00, 0x7F, 0xFE, 0x01, 0xFF, 0xFE, 0x01, 0xFC, 0xFC, 0x03, 0xE1,
    0xF8, 0x7F, 0xFF, 0xFB, 0xFF, 0xFF, 0xE7, 0xFF, 0xFF, 0x83, 0xE0, 0xFC, 0x7F, 0xFF, 0xFB, 0xFF,
    0xFF, 0xEF, 0xFF, 0xFF, 0x83, 0xE1, 0xF8, 0x0F, 0x8F, 0xC0, 0x3F, 0xFE, 0x00, 0xFF, 0xC0, 0x03,
    0xE0, 0x00, 0x0F, 0x80, 0x00, 0x3E, 0x00, 0x00, 0xF8, 0x00, 0x03, 0xE0, 0x00, 0x0F, 0x80, 0x00,
    0x3F, 0x00, 0x07, 0xFF, 0x80, 0x1F, 0xFE, 0x00, 0x00, 0x0C, 0x00, 0x00, 0x0C, 0x00, 0x00, 0xFF,
    0xE0, 0x03, 0xFF, 0xF0, 0x07, 0xFD, 0xF8, 0x0F, 0x8C, 0xFC, 0x1F, 0x0C, 0x7C, 0x3F, 0x0C, 0x78,
    0x3E, 0x0C, 0x60, 0x7E, 0x0C, 0x00, 0x7E, 0x0C, 0x00, 0x7E, 0x0C, 0x00, 0x7E, 0x0C, 0x00, 0x7E,
    0x0C, 0x00, 0x7E, 0x0C, 0x00, 0x7E, 0x0F, 0xFF, 0x7E, 0x0F, 0xFE, 0x7E, 0x0C, 0xFC, 0x7E, 0x0C,
    0xF8, 0x3E, 0x0C, 0xF8, 0x3F, 0x0C, 0xF8, 0x1F, 0x0C, 0xF8, 0x1F, 0x8C, 0xF8, 0x0F, 0xFC, 0xF8,
    0x03, 0xFF, 0xF8, 0x00, 0xFF, 0xE0, 0x00, 0x1C, 0x00, 0x00, 0x0C, 0x00, 0x00, 0x0C, 0x00, 0x00,
    0x3C, 0x00, 0x00, 0x3F, 0x00, 0x00, 0x1F, 0x80, 0x00, 0x0F, 0xE0, 0x00, 0x0F, 0xF0, 0x00, 0x06,
    0xF8, 0x00, 0x03, 0x7C, 0x00, 0x03, 0x9F, 0x00, 0x01, 0xCF, 0x80, 0x00, 0xC7, 0xC0, 0x1F, 0xFF,
    0xFF, 0xDF, 0xFF, 0xFF, 0xF0, 0x78, 0x7E, 0x00, 0x38, 0x3F, 0x00, 0x1C, 0x0F, 0x81, 0xFF, 0xFF,
    0xFF, 0xFF, 0xFF, 0xFF, 0x87, 0x00, 0xF8, 0x03, 0x80, 0x7C, 0x03, 0x80, 0x3F, 0x01, 0xC0, 0x1F,
    0x81, 0xE0, 0x0F, 0xE3, 0xFE, 0x1F, 0xFD, 0xFF, 0x0F, 0xFE, 0x00, 0x00, 0x00, 0x1F, 0xE0, 0x03,
    0xFF, 0xC0, 0x3F, 0x0F, 0x01, 0xF0, 0x3C, 0x0F, 0x01, 0xE0, 0x38, 0x0F, 0x80, 0x40, 0x7C, 0x00,
    0x07, 0xE3, 0xFF, 0xFF, 0x9F, 0xFF, 0xFC, 0xFF, 0xFF, 0xE0, 0x7F, 0xF0, 0x07, 0xFF, 0x81, 0xFF,
    0xFF, 0xCF, 0xFF, 0xFE, 0x3F, 0x80, 0x01, 0xF8, 0x00, 0x0F, 0x80, 0x70, 0x7C, 0x03, 0xC3, 0xE0,
    0x1E, 0x0F, 0x01, 0xF0, 0x3C, 0x1F, 0x80, 0xFF, 0xF8, 0x03, 0xFF, 0x00, 0x00, 0x00, 0x00, 0x00,
    0x18, 0x00, 0x01, 0x80, 0x00, 0xFF, 0x80, 0x3F, 0xFE, 0x0F, 0xDB, 0xF1, 0xF9, 0x9F, 0x1F, 0x19,
    0xF3, 0xE1, 0x8E, 0x3E, 0x18, 0xC7, 0xE1, 0x80, 0x7E, 0x18, 0x07, 0xE1, 0x80, 0x7E, 0x18, 0x07,
    0xE1, 0x80, 0x7E, 0x18, 0x07, 0xE1, 0x80, 0x7E, 0x18, 0x07, 0xE1, 0x80, 0x7E, 0x18, 0x03, 0xE1,
    0x80, 0x3F, 0x18, 0x03, 0xF1, 0x83, 0x1F, 0x98, 0x70, 0xFF, 0xBF, 0x07, 0xFF, 0xE0, 0x1F, 0xF8,
    0x00, 0x18, 0x00, 0x01, 0x80, 0x00, 0x18, 0x00, 0x3E, 0x3E, 0x03, 0xE3, 0xE0, 0x3E, 0x3E, 0x03,
    0xE3, 0xE0, 0x3E, 0x3E, 0x03, 0xE3, 0xE0, 0xFF, 0xFF, 0xEF, 0xFF, 0xFE, 0x3E, 0x3F, 0x03, 0xE3,
    0xE0, 0x3E, 0x3E, 0x03, 0xE3, 0xE0, 0x3E, 0x3E, 0x03, 0xE3, 0xE0, 0x3E, 0x3E, 0x03, 0xE3, 0xE0,
    0x3E, 0x3E, 0x03, 0xE3, 0xE0, 0x3E, 0x3E, 0x03, 0xE3, 0xE0, 0x3E, 0x3F, 0x03, 0xE1, 0xFE, 0x3E,
    0x1F, 0xE3, 0xE0, 0xFE, 0x00, 0x00, 0x00, 0x00, 0x00, 0x00, 0xFF, 0x80, 0xFF, 0xF0, 0x78, 0x7E,
    0x3C, 0x0F, 0x8F, 0x03, 0xE3, 0xC0, 0x70, 0xF8, 0x10, 0x3F, 0x00, 0x0F, 0xE0, 0x03, 0xFE, 0x00,
    0x7F, 0xE0, 0x0F, 0xFE, 0x00, 0xFF, 0xC0, 0x0F, 0xF8, 0x00, 0xFE, 0x00, 0x0F, 0xC0, 0x01, 0xF3,
    0xFF, 0x7D, 0xFF, 0xCF, 0x6D, 0xBB, 0x9B, 0x6F, 0xE7, 0xDB, 0xF0, 0xFF, 0xF8, 0x1F, 0xFC, 0x03,
    0x6E, 0x00, 0xDB, 0x80, 0x36, 0xE0, 0x7F, 0xFF, 0xCF, 0xFF, 0xF9, 0xFF, 0xFF, 0x00, 0x00, 0x07,
    0xFF, 0xFC, 0xFF, 0xFF, 0x9F, 0xFF, 0xF3, 0x8F, 0x8E, 0x61, 0xF1, 0xCC, 0x3E, 0x19, 0x87, 0xC3,
    0x00, 0xF8, 0x00, 0x1F, 0x00, 0x03, 0xE0, 0x00, 0x7C, 0x00, 0x0F, 0x80, 0x01, 0xF0, 0x00, 0x3E,
    0x00, 0x07, 0xC0, 0x00, 0xF8, 0x00, 0x1F, 0x00, 0x03, 0xE0, 0x03, 0xFF, 0x80, 0x7F, 0xF0, 0xFF,
    0xFF, 0x7F, 0xFF, 0x81, 0xF8, 0x00, 0x7E, 0x00, 0x3F, 0x00, 0x1F, 0xC3, 0xFF, 0xFC, 0xFF, 0xFE,
    0x03, 0xF0, 0x01, 0xF8, 0x01, 0xF8, 0x07, 0xFC, 0x0F, 0xF8, 0x03, 0xF0, 0x01, 0xF8, 0x00, 0x7E,
    0x00, 0x3F, 0x80, 0x0F, 0xC0, 0x07, 0xF0, 0x01, 0xFC, 0x00, 0x7E, 0x00, 0x3F, 0x80, 0x0F, 0xF0,
    0x01, 0xF8, 0x7F, 0xF0, 0x0F, 0xFE, 0x00, 0x7F, 0x00, 0x07, 0xC0, 0x00, 0xF8, 0x40, 0x1F, 0x38,
    0x03, 0xFF, 0x00, 0x7F, 0x80, 0x1F, 0x80, 0x0F, 0xF3, 0x83, 0xFF, 0xF0, 0x07, 0xF8, 0x01, 0xFC,
    0x00, 0xFF, 0x0F, 0x3F, 0xE3, 0xF6, 0x7C, 0x3E, 0x0F, 0x81, 0xC1, 0xF0, 0x38, 0x3E, 0x07, 0x07,
    0xC0, 0xE0, 0xF8, 0x1C, 0x1F, 0x07, 0x1F, 0xFF, 0xC3, 0xFF, 0xE0, 0x00, 0x00, 0x01, 0xF0, 0x00,
    0x1F, 0xC0, 0x00, 0xEF, 0x00, 0x06, 0x38, 0x00, 0x30, 0xCF, 0x81, 0xFF, 0xFF, 0x0F, 0xFF, 0xFC,
    0x3F, 0xFF, 0xF0, 0x7C, 0x03, 0x80, 0x60, 0x0C, 0x03, 0x00, 0x60, 0x1B, 0x23, 0x00, 0xFB, 0x98,
    0x07, 0xFD, 0xC0, 0x3B, 0xFC, 0x03, 0x99, 0xC0, 0x3C, 0x00, 0x03, 0xF0, 0x00, 0x1B, 0x80, 0x40,
    0x0C, 0x07, 0x00, 0x78, 0x78, 0x03, 0xFF, 0xC0, 0x0F, 0xFC, 0x00, 0x3F, 0xC0, 0x00, 0x00, 0x00,
    0x00, 0x30, 0x00, 0x00, 0xC0, 0x00, 0x03, 0x00, 0x00, 0x0C, 0x00, 0x00, 0x7C, 0x00, 0x1F, 0xFE,
    0x00, 0xFF, 0xFE, 0x07, 0xCC, 0xFC, 0x3E, 0x31, 0xF0, 0xF0, 0xC3, 0xE7, 0xC3, 0x0F, 0x9F, 0x0C,
    0x3E, 0x7C, 0x30, 0x79, 0xE0, 0xC1, 0xF7, 0x83, 0x07, 0xDE, 0x0C, 0x1F, 0x78, 0x30, 0x7D, 0xE0,
    0xC1, 0xF7, 0x83, 0x07, 0xDE, 0x0C, 0x1F, 0x78, 0x30, 0x7D, 0xE0, 0xC1, 0xF7, 0x83, 0x07, 0xC0,
    0x7F, 0xFC, 0x0F, 0xFF, 0xE0, 0x7E, 0x7E, 0x0F, 0xC3, 0xE1, 0xF8, 0x7E, 0x3F, 0x0F, 0xC7, 0xE1,
    0xF8, 0xFC, 0x3F, 0x1F, 0x87, 0xE3, 0xF0, 0xF8, 0x7E, 0x1F, 0x0F, 0xCF, 0xC7, 0xFF, 0xF0, 0xFF,
    0xF0, 0x07, 0xE0, 0x00, 0xFC, 0x00, 0x7F, 0xF8, 0x0F, 0xFF, 0x00, 0x7E, 0x00, 0x0F, 0xC0, 0x01,
    0xF8, 0x00, 0x3F, 0x00, 0x1F, 0xFE, 0x03, 0xFF, 0xC0, 0x00, 0x00, 0x00, 0x06, 0x60, 0x00, 0x33,
    0x00, 0x01, 0x98, 0x00, 0x3F, 0xF0, 0x07, 0xFF, 0xE0, 0x7F, 0x3F, 0x87, 0xD9, 0x9E, 0x3C, 0xCC,
    0xFB, 0xC6, 0x63, 0xDE, 0x33, 0x1E, 0xF1, 0x98, 0xFF, 0x8C, 0xC7, 0x7C, 0x00, 0x03, 0xE0, 0x00,
    0x0F, 0x00, 0x00, 0x78, 0x00, 0x03, 0xC0, 0x00, 0x1F, 0x00, 0x00, 0x78, 0x00, 0x01, 0xE0, 0x00,
    0x07, 0x00, 0x01, 0xFF, 0xFF, 0xDF, 0xFF, 0xFE, 0xFF, 0xFF, 0xF7, 0xFF, 0xFF, 0x80, 0x06, 0x60,
    0x03, 0x30, 0x3F, 0xFC, 0x1F, 0xFF, 0x83, 0xE7, 0xE1, 0xF1, 0xF0, 0xF8, 0x7C, 0x7C, 0x3E, 0x3E,
    0x1F, 0x1F, 0x0F, 0x8F, 0x87, 0x87, 0xC7, 0xC3, 0xFF, 0xC1, 0xFF, 0xC0, 0xFF, 0xF0, 0x7C, 0x3C,
    0x3E, 0x1F, 0x1F, 0x0F, 0x8F, 0x87, 0xC7, 0xC3, 0xF3, 0xE1, 0xF1, 0xF0, 0xF8, 0xF8, 0x7C, 0x7C,
    0x7C, 0xFF, 0xFE, 0x7F, 0xFC, 0x01, 0x98, 0x00, 0xCC, 0x00, 0x66, 0x00, 0x00, 0x00, 0x0F, 0xF8,
    0x1F, 0xFE, 0x3E, 0x3F, 0x7C, 0x1F, 0x7C, 0x1E, 0xFC, 0x1C, 0xFC, 0x00, 0xFC, 0x00, 0xFC, 0x00,
    0xFC, 0x00, 0xFC, 0x00, 0xFC, 0x00, 0xFC, 0x00, 0x7C, 0x02, 0x7E, 0x07, 0x3F, 0x1E, 0x1F, 0xFE,
    0x0F, 0xF8, 0x00, 0x00, 0x00, 0x00, 0x00, 0x00, 0x7F, 0xFE, 0x7F, 0xFE, 0x7F, 0xFE, 0x7F, 0xFE,
    0xFF, 0xFD, 0x80, 0x1B, 0x00, 0x36, 0x00, 0x6C, 0x00, 0xD8, 0x01, 0xB0, 0x03, 0x60, 0x06, 0xC0,
    0x0D, 0x80, 0x1B, 0x00, 0x36, 0x00, 0x6C, 0x00, 0xD8, 0x01, 0xB0, 0x03, 0x60, 0x06, 0xC0, 0x0D,
    0x80, 0x1B, 0x00, 0x36, 0x00, 0x6C, 0x00, 0xDF, 0xFF, 0xBF, 0xFF, 0x7F, 0xFE, 0xFF, 0xFD, 0x80,
    0x1B, 0x00, 0x36, 0x00, 0x6C, 0x00, 0xD8, 0x01, 0xB0, 0x03, 0x60, 0x06, 0xC0, 0x0D, 0x80, 0x1B,
    0x00, 0x36, 0x00, 0x6C, 0x00, 0xD8, 0x01, 0xB0, 0x03, 0x60, 0x06, 0xC0, 0x0D, 0x80, 0x1B, 0x00,
    0x36, 0x00, 0x6C, 0x00, 0xDF, 0xFF, 0xBF, 0xFF, 0x7F, 0xFE, 0xFF, 0xFD, 0x80, 0x1B, 0x00, 0x36,
    0x00, 0x6C, 0x00, 0xD8, 0x01, 0xB0, 0x03, 0x60, 0x06, 0xC0, 0x0D, 0x80, 0x1B, 0x00, 0x36, 0x00,
    0x6C, 0x00, 0xD8, 0x01, 0xB0, 0x03, 0x60, 0x06, 0xC0, 0x0D, 0x80, 0x1B, 0x00, 0x36, 0x00, 0x6C,
    0x00, 0xDF, 0xFF, 0xBF, 0xFF, 0x7F, 0xFE, 0xFF, 0xFD, 0x80, 0x1B, 0x00, 0x36, 0x00, 0x6C, 0x00,
    0xD8, 0x01, 0xB0, 0x03, 0x60, 0x06, 0xC0, 0x0D, 0x80, 0x1B, 0x00, 0x36, 0x00, 0x6C, 0x00, 0xD8,
    0x01, 0xB0, 0x03, 0x60, 0x06, 0xC0, 0x0D, 0x80, 0x1B, 0x00, 0x36, 0x00, 0x6C, 0x00, 0xDF, 0xFF,
    0xBF, 0xFF, 0x7F, 0xFE, 0xFF, 0xFD, 0x80, 0x1B, 0x00, 0x36, 0x00, 0x6C, 0x00, 0xD8, 0x01, 0xB0,
    0x03, 0x60, 0x06, 0xC0, 0x0D, 0x80, 0x1B, 0x00, 0x36, 0x00, 0x6C, 0x00, 0xD8, 0x01, 0xB0, 0x03,
    0x60, 0x06, 0xC0, 0x0D, 0x80, 0x1B, 0x00, 0x36, 0x00, 0x6C, 0x00, 0xDF, 0xFF, 0xBF, 0xFF, 0x7F,
    0xFE, 0xFF, 0xFD, 0x80, 0x1B, 0x00, 0x36, 0x00, 0x6C, 0x00, 0xD8, 0x01, 0xB0, 0x03, 0x60, 0x06,
    0xC0, 0x0D, 0x80, 0x1B, 0x00, 0x36, 0x00, 0x6C, 0x00, 0xD8, 0x01, 0xB0, 0x03, 0x60, 0x06, 0xC0,
    0x0D, 0x80, 0x1B, 0x00, 0x36, 0x00, 0x6C, 0x00, 0xDF, 0xFF, 0xBF, 0xFF, 0x7F, 0xFE, 0xFF, 0xFD,
    0x80, 0x1B, 0x00, 0x36, 0x00, 0x6C, 0x00, 0xD8, 0x01, 0xB0, 0x03, 0x60, 0x06, 0xC0, 0x0D, 0x80,
    0x1B, 0x00, 0x36, 0x00, 0x6C, 0x00, 0xD8, 0x01, 0xB0, 0x03, 0x60, 0x06, 0xC0, 0x0D, 0x80, 0x1B,
    0x00, 0x36, 0x00, 0x6C, 0x00, 0xDF, 0xFF, 0xBF, 0xFF, 0x7F, 0xFE, 0xFF, 0xFD, 0x80, 0x1B, 0x00,
    0x36, 0x00, 0x6C, 0x00, 0xD8, 0x01, 0xB0, 0x03, 0x60, 0x06, 0xC0, 0x0D, 0x80, 0x1B, 0x00, 0x36,
    0x00, 0x6C, 0x00, 0xD8, 0x01, 0xB0, 0x03, 0x60, 0x06, 0xC0, 0x0D, 0x80, 0x1B, 0x00, 0x36, 0x00,
    0x6C, 0x00, 0xDF, 0xFF, 0xBF, 0xFF, 0x7F, 0xFE, 0xFF, 0xFD, 0x80, 0x1B, 0x00, 0x36, 0x00, 0x6C,
    0x00, 0xD8, 0x01, 0xB0, 0x03, 0x60, 0x06, 0xC0, 0x0D, 0x80, 0x1B, 0x00, 0x36, 0x00, 0x6C, 0x00,
    0xD8, 0x01, 0xB0, 0x03, 0x60, 0x06, 0xC0, 0x0D, 0x80, 0x1B, 0x00, 0x36, 0x00, 0x6C, 0x00, 0xDF,
    0xFF, 0xBF, 0xFF, 0x7F, 0xFE, 0xFF, 0xFD, 0x80, 0x1B, 0x00, 0x36, 0x00, 0x6C, 0x00, 0xD8, 0x01,
    0xB0, 0x03, 0x60, 0x06, 0xC0, 0x0D, 0x80, 0x1B, 0x00, 0x36, 0x00, 0x6C, 0x00, 0xD8, 0x01, 0xB0,
    0x03, 0x60, 0x06, 0xC0, 0x0D, 0x80, 0x1B, 0x00, 0x36, 0x00, 0x6C, 0x00, 0xDF, 0xFF, 0xBF, 0xFF,
    0x7F, 0xFE, 0xFF, 0xFD, 0x80, 0x1B, 0x00, 0x36, 0x00, 0x6C, 0x00, 0xD8, 0x01, 0xB0, 0x03, 0x60,
    0x06, 0xC0, 0x0D, 0x80, 0x1B, 0x00, 0x36, 0x00, 0x6C, 0x00, 0xD8, 0x01, 0xB0, 0x03, 0x60, 0x06,
    0xC0, 0x0D, 0x80, 0x1B, 0x00, 0x36, 0x00, 0x6C, 0x00, 0xDF, 0xFF, 0xBF, 0xFF, 0x7F, 0xFE, 0xFF,
    0xFD, 0x80, 0x1B, 0x00, 0x36, 0x00, 0x6C, 0x00, 0xD8, 0x01, 0xB0, 0x03, 0x60, 0x06, 0xC0, 0x0D,
    0x80, 0x1B, 0x00, 0x36, 0x00, 0x6C, 0x00, 0xD8, 0x01, 0xB0, 0x03, 0x60, 0x06, 0xC0, 0x0D, 0x80,
    0x1B, 0x00, 0x36, 0x00, 0x6C, 0x00, 0xDF, 0xFF, 0xBF, 0xFF, 0x7F, 0xFE, 0xFF, 0xFD, 0x80, 0x1B,
    0x00, 0x36, 0x00, 0x6C, 0x00, 0xD8, 0x01, 0xB0, 0x03, 0x60, 0x06, 0xC0, 0x0D, 0x80, 0x1B, 0x00,
    0x36, 0x00, 0x6C, 0x00, 0xD8, 0x01, 0xB0, 0x03, 0x60, 0x06, 0xC0, 0x0D, 0x80, 0x1B, 0x00, 0x36,
    0x00, 0x6C, 0x00, 0xDF, 0xFF, 0xBF, 0xFF, 0x7F, 0xFE, 0xFF, 0xFD, 0x80, 0x1B, 0x00, 0x36, 0x00,
    0x6C, 0x00, 0xD8, 0x01, 0xB0, 0x03, 0x60, 0x06, 0xC0, 0x0D, 0x80, 0x1B, 0x00, 0x36, 0x00, 0x6C,
    0x00, 0xD8, 0x01, 0xB0, 0x03, 0x60, 0x06, 0xC0, 0x0D, 0x80, 0x1B, 0x00, 0x36, 0x00, 0x6C, 0x00,
    0xDF, 0xFF, 0xBF, 0xFF, 0x7F, 0xFE, 0xFF, 0xFD, 0x80, 0x1B, 0x00, 0x36, 0x00, 0x6C, 0x00, 0xD8,
    0x01, 0xB0, 0x03, 0x60, 0x06, 0xC0, 0x0D, 0x80, 0x1B, 0x00, 0x36, 0x00, 0x6C, 0x00, 0xD8, 0x01,
    0xB0, 0x03, 0x60, 0x06, 0xC0, 0x0D, 0x80, 0x1B, 0x00, 0x36, 0x00, 0x6C, 0x00, 0xDF, 0xFF, 0xBF,
    0xFF,
];

pub(crate) static NOTO_SERIF_16_BOLD: BitmapFont = BitmapFont::new(
    &NOTO_SERIF_CODEPOINTS,
    &NOTO_SERIF_16_BOLD_GLYPHS,
    &NOTO_SERIF_16_BOLD_BITMAP,
    45,
);
